timestamp,sample_id,uptime_ms,scenario_id,cpu_utilization,cpu_idle,task_cpu_utilization,total_heap,free_heap,used_heap,heap_utilization,minimum_free_heap,stack_high_water_mark,stack_utilization,task_name,task_priority,task_state,task_execution_time,task_period,task_jitter,task_execution_count,deadline_misses,context_switches,task_switches,scheduler_delay,active_task_count,inference_time,min_inference_time,max_inference_time,average_inference_time,inference_count,inference_frequency,queue_length,queue_capacity,queue_utilization,messages_sent,messages_received,dropped_messages,interrupt_count,interrupt_latency,power_consumption,system_temperature,watchdog_resets,system_resets,heap_churn_bytes,heap_alloc_failures,distance_cm,ultrasonic_timeouts,logged_at
0.0,1,5000.0,1,28.39,71.61,12.78,1048576,858259,190317,18.15,789598,3098,33.3,ai_inference_task,3,RUNNING,18.5,50.0,0.63,20,0,50,40,2.05,6,33.12,29.65,38.15,33.12,5,10.0,13,100,13.0,15,15,0,120,0.212,1443.7,44.5,0,0,,,,,2026-09-19T23:21:33
1.0,2,6000.0,1,22.27,77.73,10.02,1048576,847323,201253,19.19,779537,2962,37.8,ai_inference_task,3,RUNNING,18.5,50.0,0.51,40,0,100,80,3.01,6,34.72,32.28,39.49,34.72,10,10.0,13,100,13.0,30,30,0,240,0.479,1468.1,42.8,0,0,,,,,2026-09-19T23:21:33
2.0,3,7000.0,1,31.57,68.43,14.21,1048576,838656,209920,20.02,771563,3163,31.11,ai_inference_task,3,RUNNING,18.5,50.0,1.59,60,0,150,120,2.34,6,32.48,28.79,37.29,32.48,15,10.0,13,100,13.0,45,45,0,360,0.589,1475.7,44.8,0,0,,,,,2026-09-19T23:21:33
3.0,4,8000.0,1,30.29,69.71,13.63,1048576,820919,227657,21.71,755245,2886,40.34,ai_inference_task,3,RUNNING,18.5,50.0,0.93,80,0,200,160,1.2,6,34.89,31.48,38.03,34.89,20,10.0,7,100,7.0,60,60,0,480,0.293,1420.2,43.4,0,0,,,,,2026-09-19T23:21:34
4.0,5,9000.0,1,28.36,71.64,12.76,1048576,836880,211696,20.19,769929,3063,34.44,ai_inference_task,3,RUNNING,18.5,50.0,1.41,100,0,250,200,1.43,6,33.05,30.52,38.86,33.05,25,10.0,11,100,11.0,75,75,0,600,0.492,1432.7,43.9,0,0,,,,,2026-09-19T23:21:34
5.0,6,10000.0,1,31.9,68.1,14.36,1048576,819568,229008,21.84,754002,2996,36.68,ai_inference_task,3,RUNNING,18.5,50.0,0.55,120,0,300,240,1.79,6,35.42,31.73,40.75,35.42,30,10.0,7,100,7.0,90,90,0,720,0.307,1442.2,46.7,0,0,,,,,2026-09-19T23:21:34
6.0,7,11000.0,1,30.76,69.24,13.84,1048576,840035,208541,19.89,772832,2960,37.87,ai_inference_task,3,RUNNING,18.5,50.0,0.87,140,0,350,280,2.4,6,33.98,30.15,38.36,33.98,35,10.0,7,100,7.0,105,105,0,840,0.305,1516.9,46.5,0,0,,,,,2026-09-19T23:21:35
7.0,8,12000.0,1,25.99,74.01,11.7,1048576,846034,202542,19.32,778351,2837,41.97,ai_inference_task,3,RUNNING,18.5,50.0,1.44,160,0,400,320,2.98,6,34.55,32.37,37.69,34.55,40,10.0,6,100,6.0,120,120,0,960,0.369,1412.7,43.9,0,0,,,,,2026-09-19T23:21:35
8.0,9,13000.0,1,31.96,68.04,14.38,1048576,826544,222032,21.17,760420,2847,41.65,ai_inference_task,3,RUNNING,18.5,50.0,1.31,180,0,450,360,1.67,6,36.3,34.28,41.46,36.3,45,10.0,11,100,11.0,135,135,0,1080,0.456,1422.3,44.2,0,0,,,,,2026-09-19T23:21:35
9.0,10,14000.0,1,26.54,73.46,11.94,1048576,799824,248752,23.72,735838,2881,40.51,ai_inference_task,3,RUNNING,18.5,50.0,1.81,200,0,500,400,1.75,6,33.32,30.32,36.86,33.32,50,10.0,14,100,14.0,150,150,0,1200,0.456,1521.8,42.8,0,0,,,,,2026-09-19T23:21:35
10.0,11,15000.0,1,29.63,70.37,13.33,1048576,825898,222678,21.24,759826,2916,39.34,ai_inference_task,3,RUNNING,18.5,50.0,1.89,220,0,550,440,3.2,6,34.65,32.65,38.62,34.65,55,10.0,5,100,5.0,165,165,0,1320,0.533,1461.5,42.3,0,0,,,,,2026-09-19T23:21:36
11.0,12,16000.0,1,30.78,69.22,13.85,1048576,800256,248320,23.68,736235,3166,31.03,ai_inference_task,3,RUNNING,18.5,50.0,0.69,240,0,600,480,2.19,6,34.43,32.29,39.71,34.43,60,10.0,12,100,12.0,180,180,0,1440,0.42,1453.0,46.4,0,0,,,,,2026-09-19T23:21:36
12.0,13,17000.0,1,26.23,73.77,11.8,1048576,846508,202068,19.27,778787,3002,36.47,ai_inference_task,3,RUNNING,18.5,50.0,1.47,260,0,650,520,2.1,6,35.65,33.25,39.59,35.65,65,10.0,14,100,14.0,195,195,0,1560,0.407,1424.2,43.1,0,0,,,,,2026-09-19T23:21:36
13.0,14,18000.0,1,25.38,74.62,11.42,1048576,822820,225756,21.53,756994,3114,32.76,ai_inference_task,3,RUNNING,18.5,50.0,1.86,280,0,700,560,3.15,6,33.1,30.96,37.99,33.1,70,10.0,7,100,7.0,210,210,0,1680,0.228,1447.6,45.3,0,0,,,,,2026-09-19T23:21:37
14.0,15,19000.0,1,24.14,75.86,10.86,1048576,851508,197068,18.79,783387,2860,41.23,ai_inference_task,3,RUNNING,18.5,50.0,0.79,300,0,750,600,1.24,6,34.86,31.91,40.21,34.86,75,10.0,13,100,13.0,225,225,0,1800,0.372,1484.7,44.3,0,0,,,,,2026-09-19T23:21:37
15.0,16,20000.0,1,29.29,70.71,13.18,1048576,817468,231108,22.04,752070,2842,41.81,ai_inference_task,3,RUNNING,18.5,50.0,0.87,320,0,800,640,1.48,6,32.49,29.68,36.51,32.49,80,10.0,13,100,13.0,240,240,0,1920,0.379,1484.4,43.4,0,0,,,,,2026-09-19T23:21:37
16.0,17,21000.0,1,24.5,75.5,11.03,1048576,801746,246830,23.54,737606,3037,35.32,ai_inference_task,3,RUNNING,18.5,50.0,1.75,340,0,850,680,3.42,6,36.31,33.21,39.46,36.31,85,10.0,14,100,14.0,255,255,0,2040,0.571,1569.7,42.8,0,0,,,,,2026-09-19T23:21:38
17.0,18,22000.0,1,26.86,73.14,12.09,1048576,846385,202191,19.28,778674,3052,34.81,ai_inference_task,3,RUNNING,18.5,50.0,1.68,360,0,900,720,2.14,6,32.29,29.53,38.25,32.29,90,10.0,7,100,7.0,270,270,0,2160,0.369,1591.5,47.0,0,0,,,,,2026-09-19T23:21:38
18.0,19,23000.0,1,27.56,72.44,12.4,1048576,814634,233942,22.31,749463,3141,31.86,ai_inference_task,3,RUNNING,18.5,50.0,1.62,380,0,950,760,1.14,6,33.48,29.54,38.22,33.48,95,10.0,10,100,10.0,285,285,0,2280,0.434,1500.6,46.3,0,0,,,,,2026-09-19T23:21:38
19.0,20,24000.0,1,23.57,76.43,10.61,1048576,799386,249190,23.76,735435,3168,30.96,ai_inference_task,3,RUNNING,18.5,50.0,0.68,400,0,1000,800,3.23,6,32.93,29.74,37.96,32.93,100,10.0,7,100,7.0,300,300,0,2400,0.298,1518.9,45.1,0,0,,,,,2026-09-19T23:21:39
20.0,1,5000.0,1,39.15,60.85,27.4,1048576,823111,225465,21.5,757262,3008,36.27,ai_inference_task,3,RUNNING,18.5,50.0,1.09,20,0,50,40,3.0,6,36.67,34.26,41.82,36.67,5,10.0,7,100,7.0,15,15,0,120,0.32,1500.0,45.0,0,0,,,,,2026-09-19T23:21:39
21.0,2,6000.0,1,43.35,56.65,30.35,1048576,797015,251561,23.99,733253,2838,41.95,ai_inference_task,3,RUNNING,18.5,50.0,1.82,40,0,100,80,3.84,6,32.37,29.94,36.17,32.37,10,10.0,14,100,14.0,30,30,0,240,0.348,1573.7,46.5,0,0,,,,,2026-09-19T23:21:39
22.0,3,7000.0,1,45.44,54.56,31.81,1048576,797721,250855,23.92,733903,2961,37.85,ai_inference_task,3,RUNNING,18.5,50.0,1.91,60,0,150,120,4.68,6,32.04,28.41,35.94,32.04,15,10.0,11,100,11.0,45,45,0,360,0.246,1647.4,47.9,0,0,,,,,2026-09-19T23:21:39
23.0,4,8000.0,1,49.38,50.62,34.57,1048576,814685,233891,22.31,749510,3123,32.44,ai_inference_task,3,RUNNING,18.5,50.0,1.77,80,0,200,160,5.53,6,35.17,32.64,39.64,35.17,20,10.0,14,100,14.0,60,60,0,480,0.369,1721.1,49.4,0,0,,,,,2026-09-19T23:21:40
24.0,5,9000.0,1,51.09,48.91,35.76,1048576,843352,205224,19.57,775883,2930,38.89,ai_inference_task,3,RUNNING,18.5,50.0,1.82,100,0,250,200,6.37,6,34.76,31.9,37.79,34.76,25,10.0,5,100,5.0,75,75,0,600,0.418,1794.7,50.9,0,0,,,,,2026-09-19T23:21:40
25.0,6,10000.0,1,54.98,45.02,38.48,1048576,840439,208137,19.85,773203,2873,40.79,ai_inference_task,3,RUNNING,18.5,50.0,0.87,120,0,300,240,7.21,6,35.98,32.26,41.68,35.98,30,10.0,7,100,7.0,90,90,0,720,0.512,1868.4,52.4,0,0,,,,,2026-09-19T23:21:40
26.0,7,11000.0,1,58.31,41.69,40.81,1048576,801330,247246,23.58,737223,2885,40.38,ai_inference_task,3,RUNNING,18.5,50.0,1.6,140,0,350,280,8.05,6,36.88,33.26,42.52,36.88,35,10.0,5,100,5.0,105,105,0,840,0.572,1942.1,53.8,0,0,,,,,2026-09-19T23:21:41
27.0,8,12000.0,1,60.02,39.98,42.01,1048576,810295,238281,22.72,745471,3157,31.3,ai_inference_task,3,RUNNING,18.5,50.0,1.19,160,0,400,320,8.89,6,36.36,32.64,40.03,36.36,40,10.0,13,100,13.0,120,120,0,960,0.518,2015.8,55.3,0,0,,,,,2026-09-19T23:21:41
28.0,9,13000.0,1,64.5,35.5,45.15,1048576,805452,243124,23.19,741015,2848,41.6,ai_inference_task,3,RUNNING,18.5,50.0,1.3,180,0,450,360,9.74,6,33.4,30.12,37.6,33.4,45,10.0,14,100,14.0,135,135,0,1080,0.246,2089.5,56.8,0,0,,,,,2026-09-19T23:21:41
29.0,10,14000.0,1,67.38,32.62,47.16,1048576,853013,195563,18.65,784771,3040,35.21,ai_inference_task,3,RUNNING,18.5,50.0,1.08,200,0,500,400,10.58,6,35.64,33.01,40.46,35.64,50,10.0,10,100,10.0,150,150,0,1200,0.302,2163.2,58.3,0,0,,,,,2026-09-19T23:21:42
30.0,11,15000.0,1,69.09,30.91,48.36,1048576,814570,234006,22.32,749404,2929,38.9,ai_inference_task,3,RUNNING,18.5,50.0,1.0,220,0,550,440,11.42,6,35.35,32.62,38.56,35.35,55,10.0,11,100,11.0,165,165,0,1320,0.539,2236.8,59.7,0,0,,,,,2026-09-19T23:21:42
31.0,12,16000.0,1,71.99,28.01,50.4,1048576,834516,214060,20.41,767754,3090,33.55,ai_inference_task,3,RUNNING,18.5,50.0,1.85,240,0,600,480,12.26,6,32.64,29.8,38.46,32.64,60,10.0,11,100,11.0,180,180,0,1440,0.32,2310.5,61.2,0,0,,,,,2026-09-19T23:21:42
32.0,13,17000.0,1,75.63,24.37,52.94,1048576,823343,225233,21.48,757475,2961,37.86,ai_inference_task,3,RUNNING,18.5,50.0,1.85,260,0,650,520,13.11,6,34.32,31.44,37.96,34.32,65,10.0,9,100,9.0,195,195,0,1560,0.268,2384.2,62.7,0,0,,,,,2026-09-19T23:21:43
33.0,14,18000.0,1,78.58,21.42,55.0,1048576,808342,240234,22.91,743674,2926,39.01,ai_inference_task,3,RUNNING,18.5,50.0,0.87,280,0,700,560,13.95,6,35.36,32.91,38.96,35.36,70,10.0,5,100,5.0,210,210,0,1680,0.54,2457.9,64.2,0,0,,,,,2026-09-19T23:21:43
34.0,15,19000.0,1,81.3,18.7,56.91,1048576,816022,232554,22.18,750740,3019,35.93,ai_inference_task,3,RUNNING,18.5,50.0,1.66,300,0,750,600,14.79,6,33.22,29.91,36.24,33.22,75,10.0,12,100,12.0,225,225,0,1800,0.37,2531.6,65.6,0,0,,,,,2026-09-19T23:21:43
35.0,16,20000.0,1,84.22,15.78,58.95,1048576,844155,204421,19.5,776622,2891,40.18,ai_inference_task,3,RUNNING,18.5,50.0,1.39,320,0,800,640,15.63,6,34.28,30.68,39.28,34.28,80,10.0,14,100,14.0,240,240,0,1920,0.557,2605.3,67.1,0,0,,,,,2026-09-19T23:21:43
36.0,17,21000.0,1,86.31,13.69,60.42,1048576,825364,223212,21.29,759334,2873,40.77,ai_inference_task,3,RUNNING,18.5,50.0,1.46,340,0,850,680,16.47,6,35.72,32.77,39.5,35.72,85,10.0,7,100,7.0,255,255,0,2040,0.409,2678.9,68.6,0,0,,,,,2026-09-19T23:21:44
37.0,18,22000.0,1,89.52,10.48,62.66,1048576,842738,205838,19.63,775318,3081,33.84,ai_inference_task,3,RUNNING,18.5,50.0,1.56,360,0,900,720,17.32,6,34.7,32.42,38.39,34.7,90,10.0,11,100,11.0,270,270,0,2160,0.363,2752.6,70.1,0,0,,,,,2026-09-19T23:21:44
38.0,19,23000.0,1,92.89,7.11,65.02,1048576,802905,245671,23.43,738672,2986,37.01,ai_inference_task,3,RUNNING,18.5,50.0,0.51,380,0,950,760,18.16,6,35.48,31.77,40.78,35.48,95,10.0,8,100,8.0,285,285,0,2280,0.501,2826.3,71.5,0,0,,,,,2026-09-19T23:21:44
39.0,20,24000.0,1,95.26,4.74,66.68,1048576,825473,223103,21.28,759435,2979,37.24,ai_inference_task,3,RUNNING,18.5,50.0,1.0,400,0,1000,800,19.0,6,33.1,30.66,37.41,33.1,100,10.0,5,100,5.0,300,300,0,2400,0.362,2900.0,73.0,0,0,,,,,2026-09-19T23:21:45
0.0,1,5000.0,1,28.39,71.61,12.78,1048576,858259,190317,18.15,789598,3098,33.3,ai_inference_task,3,RUNNING,18.5,50.0,0.63,20,0,50,40,2.05,6,33.12,29.65,38.15,33.12,5,10.0,13,100,13.0,15,15,0,120,0.212,1443.7,44.5,0,0,,,,,2026-09-19T23:22:35
1.0,2,6000.0,1,22.27,77.73,10.02,1048576,847323,201253,19.19,779537,2962,37.8,ai_inference_task,3,RUNNING,18.5,50.0,0.51,40,0,100,80,3.01,6,34.72,32.28,39.49,34.72,10,10.0,13,100,13.0,30,30,0,240,0.479,1468.1,42.8,0,0,,,,,2026-09-19T23:22:36
2.0,3,7000.0,1,31.57,68.43,14.21,1048576,838656,209920,20.02,771563,3163,31.11,ai_inference_task,3,RUNNING,18.5,50.0,1.59,60,0,150,120,2.34,6,32.48,28.79,37.29,32.48,15,10.0,13,100,13.0,45,45,0,360,0.589,1475.7,44.8,0,0,,,,,2026-09-19T23:22:36
3.0,4,8000.0,1,30.29,69.71,13.63,1048576,820919,227657,21.71,755245,2886,40.34,ai_inference_task,3,RUNNING,18.5,50.0,0.93,80,0,200,160,1.2,6,34.89,31.48,38.03,34.89,20,10.0,7,100,7.0,60,60,0,480,0.293,1420.2,43.4,0,0,,,,,2026-09-19T23:22:36
4.0,5,9000.0,1,28.36,71.64,12.76,1048576,836880,211696,20.19,769929,3063,34.44,ai_inference_task,3,RUNNING,18.5,50.0,1.41,100,0,250,200,1.43,6,33.05,30.52,38.86,33.05,25,10.0,11,100,11.0,75,75,0,600,0.492,1432.7,43.9,0,0,,,,,2026-09-19T23:22:37
5.0,6,10000.0,1,31.9,68.1,14.36,1048576,819568,229008,21.84,754002,2996,36.68,ai_inference_task,3,RUNNING,18.5,50.0,0.55,120,0,300,240,1.79,6,35.42,31.73,40.75,35.42,30,10.0,7,100,7.0,90,90,0,720,0.307,1442.2,46.7,0,0,,,,,2026-09-19T23:22:37
6.0,7,11000.0,1,30.76,69.24,13.84,1048576,840035,208541,19.89,772832,2960,37.87,ai_inference_task,3,RUNNING,18.5,50.0,0.87,140,0,350,280,2.4,6,33.98,30.15,38.36,33.98,35,10.0,7,100,7.0,105,105,0,840,0.305,1516.9,46.5,0,0,,,,,2026-09-19T23:22:37
7.0,8,12000.0,1,25.99,74.01,11.7,1048576,846034,202542,19.32,778351,2837,41.97,ai_inference_task,3,RUNNING,18.5,50.0,1.44,160,0,400,320,2.98,6,34.55,32.37,37.69,34.55,40,10.0,6,100,6.0,120,120,0,960,0.369,1412.7,43.9,0,0,,,,,2026-09-19T23:22:38
8.0,9,13000.0,1,31.96,68.04,14.38,1048576,826544,222032,21.17,760420,2847,41.65,ai_inference_task,3,RUNNING,18.5,50.0,1.31,180,0,450,360,1.67,6,36.3,34.28,41.46,36.3,45,10.0,11,100,11.0,135,135,0,1080,0.456,1422.3,44.2,0,0,,,,,2026-09-19T23:22:38
9.0,10,14000.0,1,26.54,73.46,11.94,1048576,799824,248752,23.72,735838,2881,40.51,ai_inference_task,3,RUNNING,18.5,50.0,1.81,200,0,500,400,1.75,6,33.32,30.32,36.86,33.32,50,10.0,14,100,14.0,150,150,0,1200,0.456,1521.8,42.8,0,0,,,,,2026-09-19T23:22:38
10.0,11,15000.0,1,29.63,70.37,13.33,1048576,825898,222678,21.24,759826,2916,39.34,ai_inference_task,3,RUNNING,18.5,50.0,1.89,220,0,550,440,3.2,6,34.65,32.65,38.62,34.65,55,10.0,5,100,5.0,165,165,0,1320,0.533,1461.5,42.3,0,0,,,,,2026-09-19T23:22:38
11.0,12,16000.0,1,30.78,69.22,13.85,1048576,800256,248320,23.68,736235,3166,31.03,ai_inference_task,3,RUNNING,18.5,50.0,0.69,240,0,600,480,2.19,6,34.43,32.29,39.71,34.43,60,10.0,12,100,12.0,180,180,0,1440,0.42,1453.0,46.4,0,0,,,,,2026-09-19T23:22:39
12.0,13,17000.0,1,26.23,73.77,11.8,1048576,846508,202068,19.27,778787,3002,36.47,ai_inference_task,3,RUNNING,18.5,50.0,1.47,260,0,650,520,2.1,6,35.65,33.25,39.59,35.65,65,10.0,14,100,14.0,195,195,0,1560,0.407,1424.2,43.1,0,0,,,,,2026-09-19T23:22:39
13.0,14,18000.0,1,25.38,74.62,11.42,1048576,822820,225756,21.53,756994,3114,32.76,ai_inference_task,3,RUNNING,18.5,50.0,1.86,280,0,700,560,3.15,6,33.1,30.96,37.99,33.1,70,10.0,7,100,7.0,210,210,0,1680,0.228,1447.6,45.3,0,0,,,,,2026-09-19T23:22:39
14.0,15,19000.0,1,24.14,75.86,10.86,1048576,851508,197068,18.79,783387,2860,41.23,ai_inference_task,3,RUNNING,18.5,50.0,0.79,300,0,750,600,1.24,6,34.86,31.91,40.21,34.86,75,10.0,13,100,13.0,225,225,0,1800,0.372,1484.7,44.3,0,0,,,,,2026-09-19T23:22:40
15.0,16,20000.0,1,29.29,70.71,13.18,1048576,817468,231108,22.04,752070,2842,41.81,ai_inference_task,3,RUNNING,18.5,50.0,0.87,320,0,800,640,1.48,6,32.49,29.68,36.51,32.49,80,10.0,13,100,13.0,240,240,0,1920,0.379,1484.4,43.4,0,0,,,,,2026-09-19T23:22:40
16.0,17,21000.0,1,24.5,75.5,11.03,1048576,801746,246830,23.54,737606,3037,35.32,ai_inference_task,3,RUNNING,18.5,50.0,1.75,340,0,850,680,3.42,6,36.31,33.21,39.46,36.31,85,10.0,14,100,14.0,255,255,0,2040,0.571,1569.7,42.8,0,0,,,,,2026-09-19T23:22:40
17.0,18,22000.0,1,26.86,73.14,12.09,1048576,846385,202191,19.28,778674,3052,34.81,ai_inference_task,3,RUNNING,18.5,50.0,1.68,360,0,900,720,2.14,6,32.29,29.53,38.25,32.29,90,10.0,7,100,7.0,270,270,0,2160,0.369,1591.5,47.0,0,0,,,,,2026-09-19T23:22:41
18.0,19,23000.0,1,27.56,72.44,12.4,1048576,814634,233942,22.31,749463,3141,31.86,ai_inference_task,3,RUNNING,18.5,50.0,1.62,380,0,950,760,1.14,6,33.48,29.54,38.22,33.48,95,10.0,10,100,10.0,285,285,0,2280,0.434,1500.6,46.3,0,0,,,,,2026-09-19T23:22:41
19.0,20,24000.0,1,23.57,76.43,10.61,1048576,799386,249190,23.76,735435,3168,30.96,ai_inference_task,3,RUNNING,18.5,50.0,0.68,400,0,1000,800,3.23,6,32.93,29.74,37.96,32.93,100,10.0,7,100,7.0,300,300,0,2400,0.298,1518.9,45.1,0,0,,,,,2026-09-19T23:22:41
20.0,1,5000.0,1,39.15,60.85,27.4,1048576,823111,225465,21.5,757262,3008,36.27,ai_inference_task,3,RUNNING,18.5,50.0,1.09,20,0,50,40,3.0,6,36.67,34.26,41.82,36.67,5,10.0,7,100,7.0,15,15,0,120,0.32,1500.0,45.0,0,0,,,,,2026-09-19T23:22:42
21.0,2,6000.0,1,43.35,56.65,30.35,1048576,797015,251561,23.99,733253,2838,41.95,ai_inference_task,3,RUNNING,18.5,50.0,1.82,40,0,100,80,3.84,6,32.37,29.94,36.17,32.37,10,10.0,14,100,14.0,30,30,0,240,0.348,1573.7,46.5,0,0,,,,,2026-09-19T23:22:42
22.0,3,7000.0,1,45.44,54.56,31.81,1048576,797721,250855,23.92,733903,2961,37.85,ai_inference_task,3,RUNNING,18.5,50.0,1.91,60,0,150,120,4.68,6,32.04,28.41,35.94,32.04,15,10.0,11,100,11.0,45,45,0,360,0.246,1647.4,47.9,0,0,,,,,2026-09-19T23:22:42
23.0,4,8000.0,1,49.38,50.62,34.57,1048576,814685,233891,22.31,749510,3123,32.44,ai_inference_task,3,RUNNING,18.5,50.0,1.77,80,0,200,160,5.53,6,35.17,32.64,39.64,35.17,20,10.0,14,100,14.0,60,60,0,480,0.369,1721.1,49.4,0,0,,,,,2026-09-19T23:22:42
24.0,5,9000.0,1,51.09,48.91,35.76,1048576,843352,205224,19.57,775883,2930,38.89,ai_inference_task,3,RUNNING,18.5,50.0,1.82,100,0,250,200,6.37,6,34.76,31.9,37.79,34.76,25,10.0,5,100,5.0,75,75,0,600,0.418,1794.7,50.9,0,0,,,,,2026-09-19T23:22:43
25.0,6,10000.0,1,54.98,45.02,38.48,1048576,840439,208137,19.85,773203,2873,40.79,ai_inference_task,3,RUNNING,18.5,50.0,0.87,120,0,300,240,7.21,6,35.98,32.26,41.68,35.98,30,10.0,7,100,7.0,90,90,0,720,0.512,1868.4,52.4,0,0,,,,,2026-09-19T23:22:43
26.0,7,11000.0,1,58.31,41.69,40.81,1048576,801330,247246,23.58,737223,2885,40.38,ai_inference_task,3,RUNNING,18.5,50.0,1.6,140,0,350,280,8.05,6,36.88,33.26,42.52,36.88,35,10.0,5,100,5.0,105,105,0,840,0.572,1942.1,53.8,0,0,,,,,2026-09-19T23:22:43
27.0,8,12000.0,1,60.02,39.98,42.01,1048576,810295,238281,22.72,745471,3157,31.3,ai_inference_task,3,RUNNING,18.5,50.0,1.19,160,0,400,320,8.89,6,36.36,32.64,40.03,36.36,40,10.0,13,100,13.0,120,120,0,960,0.518,2015.8,55.3,0,0,,,,,2026-09-19T23:22:44
28.0,9,13000.0,1,64.5,35.5,45.15,1048576,805452,243124,23.19,741015,2848,41.6,ai_inference_task,3,RUNNING,18.5,50.0,1.3,180,0,450,360,9.74,6,33.4,30.12,37.6,33.4,45,10.0,14,100,14.0,135,135,0,1080,0.246,2089.5,56.8,0,0,,,,,2026-09-19T23:22:44
29.0,10,14000.0,1,67.38,32.62,47.16,1048576,853013,195563,18.65,784771,3040,35.21,ai_inference_task,3,RUNNING,18.5,50.0,1.08,200,0,500,400,10.58,6,35.64,33.01,40.46,35.64,50,10.0,10,100,10.0,150,150,0,1200,0.302,2163.2,58.3,0,0,,,,,2026-09-19T23:22:44
30.0,11,15000.0,1,69.09,30.91,48.36,1048576,814570,234006,22.32,749404,2929,38.9,ai_inference_task,3,RUNNING,18.5,50.0,1.0,220,0,550,440,11.42,6,35.35,32.62,38.56,35.35,55,10.0,11,100,11.0,165,165,0,1320,0.539,2236.8,59.7,0,0,,,,,2026-09-19T23:22:45
31.0,12,16000.0,1,71.99,28.01,50.4,1048576,834516,214060,20.41,767754,3090,33.55,ai_inference_task,3,RUNNING,18.5,50.0,1.85,240,0,600,480,12.26,6,32.64,29.8,38.46,32.64,60,10.0,11,100,11.0,180,180,0,1440,0.32,2310.5,61.2,0,0,,,,,2026-09-19T23:22:45
32.0,13,17000.0,1,75.63,24.37,52.94,1048576,823343,225233,21.48,757475,2961,37.86,ai_inference_task,3,RUNNING,18.5,50.0,1.85,260,0,650,520,13.11,6,34.32,31.44,37.96,34.32,65,10.0,9,100,9.0,195,195,0,1560,0.268,2384.2,62.7,0,0,,,,,2026-09-19T23:22:45
33.0,14,18000.0,1,78.58,21.42,55.0,1048576,808342,240234,22.91,743674,2926,39.01,ai_inference_task,3,RUNNING,18.5,50.0,0.87,280,0,700,560,13.95,6,35.36,32.91,38.96,35.36,70,10.0,5,100,5.0,210,210,0,1680,0.54,2457.9,64.2,0,0,,,,,2026-09-19T23:22:46
34.0,15,19000.0,1,81.3,18.7,56.91,1048576,816022,232554,22.18,750740,3019,35.93,ai_inference_task,3,RUNNING,18.5,50.0,1.66,300,0,750,600,14.79,6,33.22,29.91,36.24,33.22,75,10.0,12,100,12.0,225,225,0,1800,0.37,2531.6,65.6,0,0,,,,,2026-09-19T23:22:46
35.0,16,20000.0,1,84.22,15.78,58.95,1048576,844155,204421,19.5,776622,2891,40.18,ai_inference_task,3,RUNNING,18.5,50.0,1.39,320,0,800,640,15.63,6,34.28,30.68,39.28,34.28,80,10.0,14,100,14.0,240,240,0,1920,0.557,2605.3,67.1,0,0,,,,,2026-09-19T23:22:46
36.0,17,21000.0,1,86.31,13.69,60.42,1048576,825364,223212,21.29,759334,2873,40.77,ai_inference_task,3,RUNNING,18.5,50.0,1.46,340,0,850,680,16.47,6,35.72,32.77,39.5,35.72,85,10.0,7,100,7.0,255,255,0,2040,0.409,2678.9,68.6,0,0,,,,,2026-09-19T23:22:46
37.0,18,22000.0,1,89.52,10.48,62.66,1048576,842738,205838,19.63,775318,3081,33.84,ai_inference_task,3,RUNNING,18.5,50.0,1.56,360,0,900,720,17.32,6,34.7,32.42,38.39,34.7,90,10.0,11,100,11.0,270,270,0,2160,0.363,2752.6,70.1,0,0,,,,,2026-09-19T23:22:47
38.0,19,23000.0,1,92.89,7.11,65.02,1048576,802905,245671,23.43,738672,2986,37.01,ai_inference_task,3,RUNNING,18.5,50.0,0.51,380,0,950,760,18.16,6,35.48,31.77,40.78,35.48,95,10.0,8,100,8.0,285,285,0,2280,0.501,2826.3,71.5,0,0,,,,,2026-09-19T23:22:47
39.0,20,24000.0,1,95.26,4.74,66.68,1048576,825473,223103,21.28,759435,2979,37.24,ai_inference_task,3,RUNNING,18.5,50.0,1.0,400,0,1000,800,19.0,6,33.1,30.66,37.41,33.1,100,10.0,5,100,5.0,300,300,0,2400,0.362,2900.0,73.0,0,0,,,,,2026-09-19T23:22:47
29533,30,29533,1,45.9,54.1,0.6,384252,8710932,4286640616,1115580.5,8706704,1344,67.2,Monitor_Task,1,RUNNING,7,1000,6,30,0,1000,1466,0,11,9,9,9,9.0,35,35.0,9,10,90.0,300,291,716,33,10416,280.7,563.2,0,1,4096,0,-1.0,129,2026-09-19T23:24:05
29533,30,29533,1,45.9,54.1,10.9,384252,8710932,4286640616,1115580.5,8706704,1244,39.3,Ultrasonic_Task,1,BLOCKED,0,200,0,129,0,1000,1466,0,11,9,9,9,9.0,35,35.0,9,10,90.0,300,291,716,33,10416,280.7,563.2,0,1,4096,0,-1.0,129,2026-09-19T23:24:05
30527,31,30527,1,46.0,54.0,28.4,384252,8710932,4286640616,1115580.5,8706704,3639,55.6,AI_Task,2,BLOCKED,9,20,0,1051,0,1000,1517,0,11,9,9,9,9.0,35,35.0,9,10,90.0,310,301,741,33,10416,281.0,563.2,0,1,4096,0,-1.0,134,2026-09-19T23:24:06
30527,31,30527,1,46.0,54.0,3.1,384252,8710932,4286640616,1115580.5,8706704,3368,17.8,MotorControl_Task,3,BLOCKED,4,100,0,301,0,1000,1517,0,11,9,9,9,9.0,35,35.0,9,10,90.0,310,301,741,33,10416,281.0,563.2,0,1,4096,0,-1.0,134,2026-09-19T23:24:06
30527,31,30527,1,46.0,54.0,0.6,384252,8710932,4286640616,1115580.5,8706704,1344,67.2,Monitor_Task,1,RUNNING,1,1000,6,31,0,1000,1517,0,11,9,9,9,9.0,35,35.0,9,10,90.0,310,301,741,33,10416,281.0,563.2,0,1,4096,0,-1.0,134,2026-09-19T23:24:06
30527,31,30527,1,46.0,54.0,10.9,384252,8710932,4286640616,1115580.5,8706704,1244,39.3,Ultrasonic_Task,1,BLOCKED,0,200,0,134,0,1000,1517,0,11,9,9,9,9.0,35,35.0,9,10,90.0,310,301,741,33,10416,281.0,563.2,0,1,4096,0,-1.0,134,2026-09-19T23:24:06
31527,32,31527,1,46.0,54.0,28.4,384252,8710932,4286640616,1115580.5,8706704,3639,55.6,AI_Task,2,BLOCKED,9,20,0,1086,0,1000,1567,0,11,9,9,9,9.0,35,35.0,9,10,90.0,320,311,766,33,10416,280.9,563.2,0,1,4096,0,-1.0,138,2026-09-19T23:24:07
31527,32,31527,1,46.0,54.0,3.1,384252,8710932,4286640616,1115580.5,8706704,3368,17.8,MotorControl_Task,3,BLOCKED,4,100,0,311,0,1000,1567,0,11,9,9,9,9.0,35,35.0,9,10,90.0,320,311,766,33,10416,280.9,563.2,0,1,4096,0,-1.0,138,2026-09-19T23:24:07
31527,32,31527,1,46.0,54.0,0.6,384252,8710932,4286640616,1115580.5,8706704,1344,67.2,Monitor_Task,1,RUNNING,1,1000,0,32,0,1000,1567,0,11,9,9,9,9.0,35,35.0,9,10,90.0,320,311,766,33,10416,280.9,563.2,0,1,4096,0,-1.0,138,2026-09-19T23:24:07
31527,32,31527,1,46.0,54.0,10.9,384252,8710932,4286640616,1115580.5,8706704,1244,39.3,Ultrasonic_Task,1,BLOCKED,0,200,0,138,0,1000,1567,0,11,9,9,9,9.0,35,35.0,9,10,90.0,320,311,766,33,10416,280.9,563.2,0,1,4096,0,-1.0,138,2026-09-19T23:24:07
32533,33,32533,1,46.0,54.0,0.6,384252,8710932,4286640616,1115580.5,8706704,1344,67.2,Monitor_Task,1,RUNNING,7,1000,6,33,0,1000,1618,0,11,9,9,9,9.0,35,35.0,9,10,90.0,330,321,791,33,10416,281.1,563.2,0,1,4096,0,-1.0,143,2026-09-19T23:24:08
32533,33,32533,1,46.0,54.0,11.0,384252,8710932,4286640616,1115580.5,8706704,1244,39.3,Ultrasonic_Task,1,BLOCKED,0,200,0,143,0,1000,1618,0,11,9,9,9,9.0,35,35.0,9,10,90.0,330,321,791,33,10416,281.1,563.2,0,1,4096,0,-1.0,143,2026-09-19T23:24:08
33527,34,33527,1,46.0,54.0,28.4,384252,8710932,4286640616,1115580.5,8706704,3639,55.6,AI_Task,2,BLOCKED,9,20,0,1156,0,1000,1668,0,11,9,9,9,9.0,35,35.0,9,10,90.0,340,331,816,33,10416,281.1,563.2,0,1,4096,0,-1.0,147,2026-09-19T23:24:09
33527,34,33527,1,46.0,54.0,3.1,384252,8710932,4286640616,1115580.5,8706704,3368,17.8,MotorControl_Task,3,BLOCKED,4,100,0,331,0,1000,1668,0,11,9,9,9,9.0,35,35.0,9,10,90.0,340,331,816,33,10416,281.1,563.2,0,1,4096,0,-1.0,147,2026-09-19T23:24:09
33527,34,33527,1,46.0,54.0,0.6,384252,8710932,4286640616,1115580.5,8706704,1344,67.2,Monitor_Task,1,RUNNING,1,1000,6,34,0,1000,1668,0,11,9,9,9,9.0,35,35.0,9,10,90.0,340,331,816,33,10416,281.1,563.2,0,1,4096,0,-1.0,147,2026-09-19T23:24:09
33527,34,33527,1,46.0,54.0,10.9,384252,8710932,4286640616,1115580.5,8706704,1244,39.3,Ultrasonic_Task,1,BLOCKED,0,200,0,147,0,1000,1668,0,11,9,9,9,9.0,35,35.0,9,10,90.0,340,331,816,33,10416,281.1,563.2,0,1,4096,0,-1.0,147,2026-09-19T23:24:09
34528,35,34528,1,46.1,53.9,28.4,384252,8710932,4286640616,1115580.5,8706704,3639,55.6,AI_Task,2,BLOCKED,9,20,0,1191,0,1001,1719,0,11,9,9,9,9.0,35,35.0,9,10,90.0,350,341,841,33,10416,281.3,563.2,0,1,4096,0,-1.0,151,2026-09-19T23:24:10
34528,35,34528,1,46.1,53.9,3.1,384252,8710932,4286640616,1115580.5,8706704,3368,17.8,MotorControl_Task,3,BLOCKED,4,100,0,341,0,1001,1719,0,11,9,9,9,9.0,35,35.0,9,10,90.0,350,341,841,33,10416,281.3,563.2,0,1,4096,0,-1.0,152,2026-09-19T23:24:10
34528,35,34528,1,46.1,53.9,0.6,384252,8710932,4286640616,1115580.5,8706704,1344,67.2,Monitor_Task,1,RUNNING,2,1000,1,35,0,1001,1719,0,11,9,9,9,9.0,35,35.0,9,10,90.0,350,341,841,33,10416,281.3,563.2,0,1,4096,0,-1.0,152,2026-09-19T23:24:10
34528,35,34528,1,46.1,53.9,11.0,384252,8710932,4286640616,1115580.5,8706704,1244,39.3,Ultrasonic_Task,1,BLOCKED,0,200,0,151,0,1001,1719,0,11,9,9,9,9.0,35,35.0,9,10,90.0,350,341,841,33,10416,281.3,563.2,0,1,4096,0,-1.0,152,2026-09-19T23:24:10
35533,36,35533,1,46.1,53.9,3.1,384252,8710932,4286640616,1115580.5,8706704,3368,17.8,MotorControl_Task,3,BLOCKED,4,100,0,351,0,999,1769,0,11,9,9,9,9.0,35,35.0,9,10,90.0,360,351,866,33,10416,281.2,563.2,0,1,4096,0,-1.0,156,2026-09-19T23:24:11
35533,36,35533,1,46.1,53.9,0.6,384252,8710932,4286640616,1115580.5,8706704,1344,67.2,Monitor_Task,1,RUNNING,7,1000,5,36,0,999,1769,0,11,9,9,9,9.0,35,35.0,9,10,90.0,360,351,866,33,10416,281.2,563.2,0,1,4096,0,-1.0,156,2026-09-19T23:24:11
35533,36,35533,1,46.1,53.9,10.9,384252,8710932,4286640616,1115580.5,8706704,1244,39.3,Ultrasonic_Task,1,BLOCKED,0,200,0,156,0,999,1769,0,11,9,9,9,9.0,35,35.0,9,10,90.0,360,351,866,33,10416,281.2,563.2,0,1,4096,0,-1.0,156,2026-09-19T23:24:11
36527,37,36527,1,46.1,53.9,28.4,384252,8710932,4286640616,1115580.5,8706704,3639,55.6,AI_Task,2,BLOCKED,9,20,0,1261,0,1000,1819,0,11,9,9,9,9.0,35,35.0,9,10,90.0,370,361,891,33,10416,281.2,563.2,0,1,4096,0,-1.0,160,2026-09-19T23:24:12
36527,37,36527,1,46.1,53.9,3.1,384252,8710932,4286640616,1115580.5,8706704,3368,17.8,MotorControl_Task,3,BLOCKED,4,100,0,361,0,1000,1819,0,11,9,9,9,9.0,35,35.0,9,10,90.0,370,361,891,33,10416,281.2,563.2,0,1,4096,0,-1.0,160,2026-09-19T23:24:12
36527,37,36527,1,46.1,53.9,0.6,384252,8710932,4286640616,1115580.5,8706704,1344,67.2,Monitor_Task,1,RUNNING,1,1000,6,37,0,1000,1820,0,11,9,9,9,9.0,35,35.0,9,10,90.0,370,361,891,33,10416,281.2,563.2,0,1,4096,0,-1.0,160,2026-09-19T23:24:12
36527,37,36527,1,46.1,53.9,10.9,384252,8710932,4286640616,1115580.5,8706704,1244,39.3,Ultrasonic_Task,1,READY,0,200,0,160,0,1000,1820,0,11,9,9,9,9.0,35,35.0,9,10,90.0,370,361,891,33,10416,281.2,563.2,0,1,4096,0,-1.0,160,2026-09-19T23:24:12
37527,38,37527,1,46.1,53.9,28.5,384252,8710932,4286640616,1115580.5,8706704,3639,55.6,AI_Task,2,BLOCKED,9,20,0,1296,0,1000,1870,0,11,9,9,9,9.0,35,35.0,9,10,90.0,380,371,916,33,10416,281.4,563.2,0,1,4096,0,-1.0,165,2026-09-19T23:24:13
37527,38,37527,1,46.1,53.9,3.1,384252,8710932,4286640616,1115580.5,8706704,3368,17.8,MotorControl_Task,3,BLOCKED,4,100,0,371,0,1000,1870,0,11,9,9,9,9.0,35,35.0,9,10,90.0,380,371,916,33,10416,281.4,563.2,0,1,4096,0,-1.0,165,2026-09-19T23:24:13
37527,38,37527,1,46.1,53.9,0.6,384252,8710932,4286640616,1115580.5,8706704,1344,67.2,Monitor_Task,1,RUNNING,1,1000,0,38,0,1000,1870,0,11,9,9,9,9.0,35,35.0,9,10,90.0,380,371,916,33,10416,281.4,563.2,0,1,4096,0,-1.0,165,2026-09-19T23:24:13
37527,38,37527,1,46.1,53.9,11.0,384252,8710932,4286640616,1115580.5,8706704,1244,39.3,Ultrasonic_Task,1,BLOCKED,0,200,0,165,0,1000,1870,0,11,9,9,9,9.0,35,35.0,9,10,90.0,380,371,916,33,10416,281.4,563.2,0,1,4096,0,-1.0,165,2026-09-19T23:24:13
38533,39,38533,1,46.1,53.9,0.6,384252,8710932,4286640616,1115580.5,8706704,1344,67.2,Monitor_Task,1,RUNNING,7,1000,6,39,0,1000,1920,0,11,9,9,9,9.0,35,35.0,9,10,90.0,390,381,941,33,10416,281.3,563.2,0,1,4096,0,-1.0,169,2026-09-19T23:24:14
38533,39,38533,1,46.1,53.9,10.9,384252,8710932,4286640616,1115580.5,8706704,1244,39.3,Ultrasonic_Task,1,BLOCKED,0,200,0,169,0,1000,1920,0,11,9,9,9,9.0,35,35.0,9,10,90.0,390,381,941,33,10416,281.3,563.2,0,1,4096,0,-1.0,169,2026-09-19T23:24:14
39527,40,39527,1,46.1,53.9,28.5,384252,8710932,4286640616,1115580.5,8706704,3639,55.6,AI_Task,2,BLOCKED,9,20,0,1366,0,1000,1971,0,11,9,9,9,9.0,35,35.0,9,10,90.0,400,391,966,33,10416,281.5,563.2,0,1,4096,0,-1.0,174,2026-09-19T23:24:15
39527,40,39527,1,46.1,53.9,3.1,384252,8710932,4286640616,1115580.5,8706704,3368,17.8,MotorControl_Task,3,BLOCKED,4,100,0,391,0,1000,1971,0,11,9,9,9,9.0,35,35.0,9,10,90.0,400,391,966,33,10416,281.5,563.2,0,1,4096,0,-1.0,174,2026-09-19T23:24:15
39527,40,39527,1,46.1,53.9,0.6,384252,8710932,4286640616,1115580.5,8706704,1344,67.2,Monitor_Task,1,RUNNING,1,1000,6,40,0,1000,1971,0,11,9,9,9,9.0,35,35.0,9,10,90.0,400,391,966,33,10416,281.5,563.2,0,1,4096,0,-1.0,174,2026-09-19T23:24:15
39527,40,39527,1,46.1,53.9,11.0,384252,8710932,4286640616,1115580.5,8706704,1244,39.3,Ultrasonic_Task,1,BLOCKED,0,200,0,174,0,1000,1971,0,11,9,9,9,9.0,35,35.0,9,10,90.0,400,391,966,33,10416,281.5,563.2,0,1,4096,0,-1.0,174,2026-09-19T23:24:15
40527,41,40527,1,46.1,53.9,28.5,384252,8710932,4286640616,1115580.5,8706704,3639,55.6,AI_Task,2,BLOCKED,9,20,0,1401,0,1000,2021,0,11,9,9,9,9.0,35,35.0,9,10,90.0,410,401,991,33,10416,281.4,563.2,0,1,4096,0,-1.0,178,2026-09-19T23:24:16
40527,41,40527,1,46.1,53.9,3.1,384252,8710932,4286640616,1115580.5,8706704,3368,17.8,MotorControl_Task,3,BLOCKED,4,100,0,401,0,1000,2021,0,11,9,9,9,9.0,35,35.0,9,10,90.0,410,401,991,33,10416,281.4,563.2,0,1,4096,0,-1.0,178,2026-09-19T23:24:16
40527,41,40527,1,46.1,53.9,0.6,384252,8710932,4286640616,1115580.5,8706704,1344,67.2,Monitor_Task,1,RUNNING,1,1000,0,41,0,1000,2021,0,11,9,9,9,9.0,35,35.0,9,10,90.0,410,401,991,33,10416,281.4,563.2,0,1,4096,0,-1.0,178,2026-09-19T23:24:16
40527,41,40527,1,46.1,53.9,10.9,384252,8710932,4286640616,1115580.5,8706704,1244,39.3,Ultrasonic_Task,1,BLOCKED,0,200,0,178,0,1000,2021,0,11,9,9,9,9.0,35,35.0,9,10,90.0,410,401,991,33,10416,281.4,563.2,0,1,4096,0,-1.0,178,2026-09-19T23:24:16
41533,42,41533,1,46.2,53.8,28.5,384252,8710932,4286640616,1115580.5,8706704,3639,55.6,AI_Task,2,BLOCKED,9,20,0,1436,0,1000,2072,0,11,9,9,9,9.0,35,35.0,9,10,90.0,420,411,1016,33,10416,281.6,563.3,0,1,4096,0,-1.0,183,2026-09-19T23:24:17
41533,42,41533,1,46.2,53.8,3.1,384252,8710932,4286640616,1115580.5,8706704,3368,17.8,MotorControl_Task,3,BLOCKED,4,100,0,411,0,1000,2072,0,11,9,9,9,9.0,35,35.0,9,10,90.0,420,411,1016,33,10416,281.6,563.3,0,1,4096,0,-1.0,183,2026-09-19T23:24:17
41533,42,41533,1,46.2,53.8,0.6,384252,8710932,4286640616,1115580.5,8706704,1344,67.2,Monitor_Task,1,RUNNING,7,1000,6,42,0,1000,2072,0,11,9,9,9,9.0,35,35.0,9,10,90.0,420,411,1016,33,10416,281.6,563.3,0,1,4096,0,-1.0,183,2026-09-19T23:24:17
41533,42,41533,1,46.2,53.8,11.0,384252,8710932,4286640616,1115580.5,8706704,1244,39.3,Ultrasonic_Task,1,BLOCKED,0,200,0,183,0,1000,2072,0,11,9,9,9,9.0,35,35.0,9,10,90.0,420,411,1016,33,10416,281.6,563.3,0,1,4096,0,-1.0,183,2026-09-19T23:24:17
42527,43,42527,1,46.2,53.8,28.5,384252,8710932,4286640616,1115580.5,8706704,3639,55.6,AI_Task,2,BLOCKED,9,20,0,1471,0,1000,2122,0,11,9,9,9,9.0,35,35.0,9,10,90.0,430,421,1041,33,10416,281.6,563.3,0,1,4096,0,-1.0,187,2026-09-19T23:24:18
42527,43,42527,1,46.2,53.8,3.1,384252,8710932,4286640616,1115580.5,8706704,3368,17.8,MotorControl_Task,3,BLOCKED,4,100,0,421,0,1000,2122,0,11,9,9,9,9.0,35,35.0,9,10,90.0,430,421,1041,33,10416,281.6,563.3,0,1,4096,0,-1.0,187,2026-09-19T23:24:18
42527,43,42527,1,46.2,53.8,0.6,384252,8710932,4286640616,1115580.5,8706704,1344,67.2,Monitor_Task,1,RUNNING,1,1000,6,43,0,1000,2122,0,11,9,9,9,9.0,35,35.0,9,10,90.0,430,421,1041,33,10416,281.6,563.3,0,1,4096,0,-1.0,187,2026-09-19T23:24:18
42527,43,42527,1,46.2,53.8,11.0,384252,8710932,4286640616,1115580.5,8706704,1244,39.3,Ultrasonic_Task,1,BLOCKED,0,200,0,187,0,1000,2122,0,11,9,9,9,9.0,35,35.0,9,10,90.0,430,421,1041,33,10416,281.6,563.3,0,1,4096,0,-1.0,187,2026-09-19T23:24:18
43528,44,43528,1,46.2,53.8,28.5,384252,8710932,4286640616,1115580.5,8706704,3639,55.6,AI_Task,2,BLOCKED,9,20,0,1506,0,1001,2173,0,11,9,9,9,9.0,35,35.0,9,10,90.0,440,431,1066,33,10416,281.7,563.3,0,1,4096,0,-1.0,191,2026-09-19T23:24:19
43528,44,43528,1,46.2,53.8,3.1,384252,8710932,4286640616,1115580.5,8706704,3368,17.8,MotorControl_Task,3,BLOCKED,4,100,0,431,0,1001,2173,0,11,9,9,9,9.0,35,35.0,9,10,90.0,440,431,1066,33,10416,281.7,563.3,0,1,4096,0,-1.0,192,2026-09-19T23:24:19
43528,44,43528,1,46.2,53.8,0.6,384252,8710932,4286640616,1115580.5,8706704,1344,67.2,Monitor_Task,1,RUNNING,2,1000,1,44,0,1001,2173,0,11,9,9,9,9.0,35,35.0,9,10,90.0,440,431,1066,33,10416,281.7,563.3,0,1,4096,0,-1.0,192,2026-09-19T23:24:19
43528,44,43528,1,46.2,53.8,11.0,384252,8710932,4286640616,1115580.5,8706704,1244,39.3,Ultrasonic_Task,1,BLOCKED,0,200,0,191,0,1001,2173,0,11,9,9,9,9.0,35,35.0,9,10,90.0,440,431,1066,33,10416,281.7,563.3,0,1,4096,0,-1.0,192,2026-09-19T23:24:19
44533,45,44533,1,46.2,53.8,28.5,384252,8710932,4286640616,1115580.5,8706704,3639,55.6,AI_Task,2,BLOCKED,9,20,0,1541,0,999,2223,0,11,9,9,9,9.0,35,35.0,9,10,90.0,450,441,1091,33,10416,281.6,563.3,0,1,4096,0,-1.0,196,2026-09-19T23:24:20
44533,45,44533,1,46.2,53.8,3.1,384252,8710932,4286640616,1115580.5,8706704,3368,17.8,MotorControl_Task,3,BLOCKED,4,100,0,441,0,999,2223,0,11,9,9,9,9.0,35,35.0,9,10,90.0,450,441,1091,33,10416,281.6,563.3,0,1,4096,0,-1.0,196,2026-09-19T23:24:20
44533,45,44533,1,46.2,53.8,0.6,384252,8710932,4286640616,1115580.5,8706704,1344,67.2,Monitor_Task,1,RUNNING,7,1000,5,45,0,999,2223,0,11,9,9,9,9.0,35,35.0,9,10,90.0,450,441,1091,33,10416,281.6,563.3,0,1,4096,0,-1.0,196,2026-09-19T23:24:20
44533,45,44533,1,46.2,53.8,11.0,384252,8710932,4286640616,1115580.5,8706704,1244,39.3,Ultrasonic_Task,1,BLOCKED,0,200,0,196,0,999,2223,0,11,9,9,9,9.0,35,35.0,9,10,90.0,450,441,1091,33,10416,281.6,563.3,0,1,4096,0,-1.0,196,2026-09-19T23:24:20
45527,46,45527,1,46.2,53.8,28.5,384252,8710932,4286640616,1115580.5,8706704,3639,55.6,AI_Task,2,BLOCKED,9,20,0,1576,0,1000,2273,0,11,9,9,9,9.0,35,35.0,9,10,90.0,460,451,1116,33,10416,281.6,563.3,0,1,4096,0,-1.0,200,2026-09-19T23:24:21
45527,46,45527,1,46.2,53.8,3.1,384252,8710932,4286640616,1115580.5,8706704,3368,17.8,MotorControl_Task,3,BLOCKED,4,100,0,451,0,1000,2273,0,11,9,9,9,9.0,35,35.0,9,10,90.0,460,451,1116,33,10416,281.6,563.3,0,1,4096,0,-1.0,200,2026-09-19T23:24:21
45527,46,45527,1,46.2,53.8,0.6,384252,8710932,4286640616,1115580.5,8706704,1344,67.2,Monitor_Task,1,RUNNING,1,1000,6,46,0,1000,2274,0,11,9,9,9,9.0,35,35.0,9,10,90.0,460,451,1116,33,10416,281.6,563.3,0,1,4096,0,-1.0,200,2026-09-19T23:24:21
45527,46,45527,1,46.2,53.8,11.0,384252,8710932,4286640616,1115580.5,8706704,1244,39.3,Ultrasonic_Task,1,READY,0,200,0,200,0,1000,2274,0,11,9,9,9,9.0,35,35.0,9,10,90.0,460,451,1116,33,10416,281.6,563.3,0,1,4096,0,-1.0,200,2026-09-19T23:24:21
46527,47,46527,1,46.2,53.8,28.5,384252,8710932,4286640616,1115580.5,8706704,3639,55.6,AI_Task,2,BLOCKED,9,20,0,1611,0,1000,2324,0,11,9,9,9,9.0,35,35.0,9,10,90.0,470,461,1141,33,10416,281.7,563.3,0,1,4096,0,-1.0,205,2026-09-19T23:24:22
46527,47,46527,1,46.2,53.8,3.1,384252,8710932,4286640616,1115580.5,8706704,3368,17.8,MotorControl_Task,3,BLOCKED,4,100,0,461,0,1000,2324,0,11,9,9,9,9.0,35,35.0,9,10,90.0,470,461,1141,33,10416,281.7,563.3,0,1,4096,0,-1.0,205,2026-09-19T23:24:22
46527,47,46527,1,46.2,53.8,0.6,384252,8710932,4286640616,1115580.5,8706704,1344,67.2,Monitor_Task,1,RUNNING,1,1000,0,47,0,1000,2324,0,11,9,9,9,9.0,35,35.0,9,10,90.0,470,461,1141,33,10416,281.7,563.3,0,1,4096,0,-1.0,205,2026-09-19T23:24:22
46527,47,46527,1,46.2,53.8,11.0,384252,8710932,4286640616,1115580.5,8706704,1244,39.3,Ultrasonic_Task,1,BLOCKED,0,200,0,205,0,1000,2324,0,11,9,9,9,9.0,35,35.0,9,10,90.0,470,461,1141,33,10416,281.7,563.3,0,1,4096,0,-1.0,205,2026-09-19T23:24:22
47533,48,47533,1,46.2,53.8,28.5,384252,8710932,4286640616,1115580.5,8706704,3639,55.6,AI_Task,2,BLOCKED,9,20,0,1646,0,1000,2374,0,11,9,9,9,9.0,35,35.0,9,10,90.0,480,471,1166,33,10416,281.7,563.3,0,1,4096,0,-1.0,209,2026-09-19T23:24:23
47533,48,47533,1,46.2,53.8,3.1,384252,8710932,4286640616,1115580.5,8706704,3368,17.8,MotorControl_Task,3,BLOCKED,4,100,0,471,0,1000,2374,0,11,9,9,9,9.0,35,35.0,9,10,90.0,480,471,1166,33,10416,281.7,563.3,0,1,4096,0,-1.0,209,2026-09-19T23:24:23
47533,48,47533,1,46.2,53.8,0.6,384252,8710932,4286640616,1115580.5,8706704,1344,67.2,Monitor_Task,1,RUNNING,7,1000,6,48,0,1000,2374,0,11,9,9,9,9.0,35,35.0,9,10,90.0,480,471,1166,33,10416,281.7,563.3,0,1,4096,0,-1.0,209,2026-09-19T23:24:23
47533,48,47533,1,46.2,53.8,11.0,384252,8710932,4286640616,1115580.5,8706704,1244,39.3,Ultrasonic_Task,1,BLOCKED,0,200,0,209,0,1000,2374,0,11,9,9,9,9.0,35,35.0,9,10,90.0,480,471,1166,33,10416,281.7,563.3,0,1,4096,0,-1.0,209,2026-09-19T23:24:23
48527,49,48527,1,46.2,53.8,28.5,384252,8710932,4286640616,1115580.5,8706704,3639,55.6,AI_Task,2,BLOCKED,9,20,0,1681,0,1000,2425,0,11,9,9,9,9.0,35,35.0,9,10,90.0,490,481,1191,33,10416,281.8,563.3,0,1,4096,0,-1.0,214,2026-09-19T23:24:24
48527,49,48527,1,46.2,53.8,3.1,384252,8710932,4286640616,1115580.5,8706704,3368,17.8,MotorControl_Task,3,BLOCKED,4,100,0,481,0,1000,2425,0,11,9,9,9,9.0,35,35.0,9,10,90.0,490,481,1191,33,10416,281.8,563.3,0,1,4096,0,-1.0,214,2026-09-19T23:24:24
48527,49,48527,1,46.2,53.8,0.6,384252,8710932,4286640616,1115580.5,8706704,1344,67.2,Monitor_Task,1,RUNNING,1,1000,6,49,0,1000,2425,0,11,9,9,9,9.0,35,35.0,9,10,90.0,490,481,1191,33,10416,281.8,563.3,0,1,4096,0,-1.0,214,2026-09-19T23:24:24
48527,49,48527,1,46.2,53.8,11.0,384252,8710932,4286640616,1115580.5,8706704,1244,39.3,Ultrasonic_Task,1,BLOCKED,0,200,0,214,0,1000,2425,0,11,9,9,9,9.0,35,35.0,9,10,90.0,490,481,1191,33,10416,281.8,563.3,0,1,4096,0,-1.0,214,2026-09-19T23:24:24
49527,50,49527,1,46.2,53.8,28.6,384252,8710932,4286640616,1115580.5,8706704,3639,55.6,AI_Task,2,BLOCKED,9,20,0,1716,0,1000,2475,0,11,9,9,9,9.0,35,35.0,9,10,90.0,500,491,1216,33,10416,281.8,563.3,0,1,4096,0,-1.0,218,2026-09-19T23:24:25
49527,50,49527,1,46.2,53.8,3.1,384252,8710932,4286640616,1115580.5,8706704,3368,17.8,MotorControl_Task,3,BLOCKED,4,100,0,491,0,1000,2475,0,11,9,9,9,9.0,35,35.0,9,10,90.0,500,491,1216,33,10416,281.8,563.3,0,1,4096,0,-1.0,218,2026-09-19T23:24:25
49527,50,49527,1,46.2,53.8,0.6,384252,8710932,4286640616,1115580.5,8706704,1344,67.2,Monitor_Task,1,RUNNING,1,1000,0,50,0,1000,2475,0,11,9,9,9,9.0,35,35.0,9,10,90.0,500,491,1216,33,10416,281.8,563.3,0,1,4096,0,-1.0,218,2026-09-19T23:24:25
49527,50,49527,1,46.2,53.8,11.0,384252,8710932,4286640616,1115580.5,8706704,1244,39.3,Ultrasonic_Task,1,BLOCKED,0,200,0,218,0,1000,2475,0,11,9,9,9,9.0,35,35.0,9,10,90.0,500,491,1216,33,10416,281.8,563.3,0,1,4096,0,-1.0,218,2026-09-19T23:24:25
50533,51,50533,1,46.3,53.7,28.6,384252,8710932,4286640616,1115580.5,8706704,3639,55.6,AI_Task,2,BLOCKED,9,20,0,1751,0,1000,2526,0,11,9,9,9,9.0,35,35.0,9,10,90.0,510,501,1241,33,10416,281.9,563.3,0,1,4096,0,-1.0,223,2026-09-19T23:24:26
50533,51,50533,1,46.3,53.7,3.1,384252,8710932,4286640616,1115580.5,8706704,3368,17.8,MotorControl_Task,3,BLOCKED,4,100,0,501,0,1000,2526,0,11,9,9,9,9.0,35,35.0,9,10,90.0,510,501,1241,33,10416,281.9,563.3,0,1,4096,0,-1.0,223,2026-09-19T23:24:26
50533,51,50533,1,46.3,53.7,0.6,384252,8710932,4286640616,1115580.5,8706704,1344,67.2,Monitor_Task,1,RUNNING,7,1000,6,51,0,1000,2526,0,11,9,9,9,9.0,35,35.0,9,10,90.0,510,501,1241,33,10416,281.9,563.3,0,1,4096,0,-1.0,223,2026-09-19T23:24:26
50533,51,50533,1,46.3,53.7,11.0,384252,8710932,4286640616,1115580.5,8706704,1244,39.3,Ultrasonic_Task,1,BLOCKED,0,200,0,223,0,1000,2526,0,11,9,9,9,9.0,35,35.0,9,10,90.0,510,501,1241,33,10416,281.9,563.3,0,1,4096,0,-1.0,223,2026-09-19T23:24:26
51527,52,51527,1,46.3,53.7,28.6,384252,8710932,4286640616,1115580.5,8706704,3639,55.6,AI_Task,2,BLOCKED,9,20,0,1786,0,1000,2576,0,11,9,9,9,9.0,35,35.0,9,10,90.0,520,511,1266,33,10416,281.9,563.3,0,1,4096,0,-1.0,227,2026-09-19T23:24:27
51527,52,51527,1,46.3,53.7,3.1,384252,8710932,4286640616,1115580.5,8706704,3368,17.8,MotorControl_Task,3,BLOCKED,4,100,0,511,0,1000,2576,0,11,9,9,9,9.0,35,35.0,9,10,90.0,520,511,1266,33,10416,281.9,563.3,0,1,4096,0,-1.0,227,2026-09-19T23:24:27
51527,52,51527,1,46.3,53.7,0.6,384252,8710932,4286640616,1115580.5,8706704,1344,67.2,Monitor_Task,1,RUNNING,1,1000,6,52,0,1000,2576,0,11,9,9,9,9.0,35,35.0,9,10,90.0,520,511,1266,33,10416,281.9,563.3,0,1,4096,0,-1.0,227,2026-09-19T23:24:27
51527,52,51527,1,46.3,53.7,11.0,384252,8710932,4286640616,1115580.5,8706704,1244,39.3,Ultrasonic_Task,1,BLOCKED,0,200,0,227,0,1000,2576,0,11,9,9,9,9.0,35,35.0,9,10,90.0,520,511,1266,33,10416,281.9,563.3,0,1,4096,0,-1.0,227,2026-09-19T23:24:27
52528,53,52528,1,46.3,53.7,28.6,384252,8710932,4286640616,1115580.5,8706704,3639,55.6,AI_Task,2,BLOCKED,9,20,0,1821,0,1001,2627,0,11,9,9,9,9.0,35,35.0,9,10,90.0,530,521,1291,33,10416,282.0,563.3,0,1,4096,0,-1.0,231,2026-09-19T23:24:28
52528,53,52528,1,46.3,53.7,3.1,384252,8710932,4286640616,1115580.5,8706704,3368,17.8,MotorControl_Task,3,BLOCKED,4,100,0,521,0,1001,2627,0,11,9,9,9,9.0,35,35.0,9,10,90.0,530,521,1291,33,10416,282.0,563.3,0,1,4096,0,-1.0,232,2026-09-19T23:24:28
52528,53,52528,1,46.3,53.7,0.6,384252,8710932,4286640616,1115580.5,8706704,1344,67.2,Monitor_Task,1,RUNNING,2,1000,1,53,0,1001,2627,0,11,9,9,9,9.0,35,35.0,9,10,90.0,530,521,1291,33,10416,282.0,563.3,0,1,4096,0,-1.0,232,2026-09-19T23:24:28
52528,53,52528,1,46.3,53.7,11.0,384252,8710932,4286640616,1115580.5,8706704,1244,39.3,Ultrasonic_Task,1,BLOCKED,0,200,0,231,0,1001,2627,0,11,9,9,9,9.0,35,35.0,9,10,90.0,530,521,1291,33,10416,282.0,563.3,0,1,4096,0,-1.0,232,2026-09-19T23:24:28
53533,54,53533,1,46.3,53.7,28.6,384252,8710932,4286640616,1115580.5,8706704,3639,55.6,AI_Task,2,BLOCKED,9,20,0,1856,0,999,2677,0,11,9,9,9,9.0,35,35.0,9,10,90.0,540,531,1316,33,10416,281.9,563.3,0,1,4096,0,-1.0,236,2026-09-19T23:24:29
53533,54,53533,1,46.3,53.7,3.1,384252,8710932,4286640616,1115580.5,8706704,3368,17.8,MotorControl_Task,3,BLOCKED,4,100,0,531,0,999,2677,0,11,9,9,9,9.0,35,35.0,9,10,90.0,540,531,1316,33,10416,281.9,563.3,0,1,4096,0,-1.0,236,2026-09-19T23:24:29
53533,54,53533,1,46.3,53.7,0.6,384252,8710932,4286640616,1115580.5,8706704,1344,67.2,Monitor_Task,1,RUNNING,7,1000,5,54,0,999,2677,0,11,9,9,9,9.0,35,35.0,9,10,90.0,540,531,1316,33,10416,281.9,563.3,0,1,4096,0,-1.0,236,2026-09-19T23:24:29
53533,54,53533,1,46.3,53.7,11.0,384252,8710932,4286640616,1115580.5,8706704,1244,39.3,Ultrasonic_Task,1,BLOCKED,0,200,0,236,0,999,2677,0,11,9,9,9,9.0,35,35.0,9,10,90.0,540,531,1316,33,10416,281.9,563.3,0,1,4096,0,-1.0,236,2026-09-19T23:24:29
54527,55,54527,1,46.3,53.7,28.6,384252,8710932,4286640616,1115580.5,8706704,3639,55.6,AI_Task,2,BLOCKED,9,20,0,1891,0,1000,2727,0,11,9,9,9,9.0,35,35.0,9,10,90.0,550,541,1341,33,10416,281.9,563.3,0,1,4096,0,-1.0,240,2026-09-19T23:24:30
54527,55,54527,1,46.3,53.7,3.1,384252,8710932,4286640616,1115580.5,8706704,3368,17.8,MotorControl_Task,3,BLOCKED,4,100,0,541,0,1000,2727,0,11,9,9,9,9.0,35,35.0,9,10,90.0,550,541,1341,33,10416,281.9,563.3,0,1,4096,0,-1.0,240,2026-09-19T23:24:30
54527,55,54527,1,46.3,53.7,0.6,384252,8710932,4286640616,1115580.5,8706704,1344,67.2,Monitor_Task,1,RUNNING,1,1000,6,55,0,1000,2728,0,11,9,9,9,9.0,35,35.0,9,10,90.0,550,541,1341,33,10416,281.9,563.3,0,1,4096,0,-1.0,240,2026-09-19T23:24:30
54527,55,54527,1,46.3,53.7,11.0,384252,8710932,4286640616,1115580.5,8706704,1244,39.3,Ultrasonic_Task,1,READY,0,200,0,240,0,1000,2728,0,11,9,9,9,9.0,35,35.0,9,10,90.0,550,541,1341,33,10416,281.9,563.3,0,1,4096,0,-1.0,240,2026-09-19T23:24:30
55527,56,55527,1,46.3,53.7,28.6,384252,8710932,4286640616,1115580.5,8706704,3639,55.6,AI_Task,2,BLOCKED,9,20,0,1926,0,1000,2778,0,11,9,9,9,9.0,35,35.0,9,10,90.0,560,551,1366,33,10416,282.0,563.3,0,1,4096,0,-1.0,245,2026-09-19T23:24:31
55527,56,55527,1,46.3,53.7,3.1,384252,8710932,4286640616,1115580.5,8706704,3368,17.8,MotorControl_Task,3,BLOCKED,4,100,0,551,0,1000,2778,0,11,9,9,9,9.0,35,35.0,9,10,90.0,560,551,1366,33,10416,282.0,563.3,0,1,4096,0,-1.0,245,2026-09-19T23:24:31
55527,56,55527,1,46.3,53.7,0.6,384252,8710932,4286640616,1115580.5,8706704,1344,67.2,Monitor_Task,1,RUNNING,1,1000,0,56,0,1000,2778,0,11,9,9,9,9.0,35,35.0,9,10,90.0,560,551,1366,33,10416,282.0,563.3,0,1,4096,0,-1.0,245,2026-09-19T23:24:31
55527,56,55527,1,46.3,53.7,11.0,384252,8710932,4286640616,1115580.5,8706704,1244,39.3,Ultrasonic_Task,1,BLOCKED,0,200,0,245,0,1000,2778,0,11,9,9,9,9.0,35,35.0,9,10,90.0,560,551,1366,33,10416,282.0,563.3,0,1,4096,0,-1.0,245,2026-09-19T23:24:31
56533,57,56533,1,46.3,53.7,0.6,384252,8710932,4286640616,1115580.5,8706704,1344,67.2,Monitor_Task,1,RUNNING,7,1000,6,57,0,1000,2828,0,11,9,9,9,9.0,35,35.0,9,10,90.0,570,561,1391,33,10416,281.9,563.3,0,1,4096,0,-1.0,249,2026-09-19T23:24:32
56533,57,56533,1,46.3,53.7,11.0,384252,8710932,4286640616,1115580.5,8706704,1244,39.3,Ultrasonic_Task,1,BLOCKED,0,200,0,249,0,1000,2828,0,11,9,9,9,9.0,35,35.0,9,10,90.0,570,561,1391,33,10416,281.9,563.3,0,1,4096,0,-1.0,249,2026-09-19T23:24:32
57527,58,57527,1,46.3,53.7,28.6,384252,8710932,4286640616,1115580.5,8706704,3639,55.6,AI_Task,2,BLOCKED,9,20,0,1996,0,1000,2879,0,11,9,9,9,9.0,35,35.0,9,10,90.0,580,571,1416,33,10416,282.1,563.3,0,1,4096,0,-1.0,254,2026-09-19T23:24:33
57527,58,57527,1,46.3,53.7,3.1,384252,8710932,4286640616,1115580.5,8706704,3368,17.8,MotorControl_Task,3,BLOCKED,4,100,0,571,0,1000,2879,0,11,9,9,9,9.0,35,35.0,9,10,90.0,580,571,1416,33,10416,282.1,563.3,0,1,4096,0,-1.0,254,2026-09-19T23:24:33
57527,58,57527,1,46.3,53.7,0.6,384252,8710932,4286640616,1115580.5,8706704,1344,67.2,Monitor_Task,1,RUNNING,1,1000,6,58,0,1000,2879,0,11,9,9,9,9.0,35,35.0,9,10,90.0,580,571,1416,33,10416,282.1,563.3,0,1,4096,0,-1.0,254,2026-09-19T23:24:33
57527,58,57527,1,46.3,53.7,11.0,384252,8710932,4286640616,1115580.5,8706704,1244,39.3,Ultrasonic_Task,1,BLOCKED,0,200,0,254,0,1000,2879,0,11,9,9,9,9.0,35,35.0,9,10,90.0,580,571,1416,33,10416,282.1,563.3,0,1,4096,0,-1.0,254,2026-09-19T23:24:33
58527,59,58527,1,46.3,53.7,28.6,384252,8710932,4286640616,1115580.5,8706704,3639,55.6,AI_Task,2,BLOCKED,9,20,0,2031,0,1000,2929,0,11,9,9,9,9.0,35,35.0,9,10,90.0,590,581,1441,33,10416,282.0,563.3,0,1,4096,0,-1.0,258,2026-09-19T23:24:34
58527,59,58527,1,46.3,53.7,3.1,384252,8710932,4286640616,1115580.5,8706704,3368,17.8,MotorControl_Task,3,BLOCKED,4,100,0,581,0,1000,2929,0,11,9,9,9,9.0,35,35.0,9,10,90.0,590,581,1441,33,10416,282.0,563.3,0,1,4096,0,-1.0,258,2026-09-19T23:24:34
58527,59,58527,1,46.3,53.7,0.6,384252,8710932,4286640616,1115580.5,8706704,1344,67.2,Monitor_Task,1,RUNNING,1,1000,0,59,0,1000,2929,0,11,9,9,9,9.0,35,35.0,9,10,90.0,590,581,1441,33,10416,282.0,563.3,0,1,4096,0,-1.0,258,2026-09-19T23:24:34
58527,59,58527,1,46.3,53.7,11.0,384252,8710932,4286640616,1115580.5,8706704,1244,39.3,Ultrasonic_Task,1,BLOCKED,0,200,0,258,0,1000,2929,0,11,9,9,9,9.0,35,35.0,9,10,90.0,590,581,1441,33,10416,282.0,563.3,0,1,4096,0,-1.0,258,2026-09-19T23:24:34
59533,60,59533,1,46.3,53.7,28.6,384252,8710932,4286640616,1115580.5,8706704,3639,55.6,AI_Task,2,BLOCKED,9,20,0,2066,0,1000,2980,0,11,9,9,9,9.0,35,35.0,9,10,90.0,600,591,1466,33,10416,282.1,563.3,0,1,4096,0,-1.0,263,2026-09-19T23:24:35
59533,60,59533,1,46.3,53.7,3.1,384252,8710932,4286640616,1115580.5,8706704,3368,17.8,MotorControl_Task,3,BLOCKED,4,100,0,591,0,1000,2980,0,11,9,9,9,9.0,35,35.0,9,10,90.0,600,591,1466,33,10416,282.1,563.3,0,1,4096,0,-1.0,263,2026-09-19T23:24:35
59533,60,59533,1,46.3,53.7,0.6,384252,8710932,4286640616,1115580.5,8706704,1344,67.2,Monitor_Task,1,RUNNING,7,1000,6,60,0,1000,2980,0,11,9,9,9,9.0,35,35.0,9,10,90.0,600,591,1466,33,10416,282.1,563.3,0,1,4096,0,-1.0,263,2026-09-19T23:24:35
59533,60,59533,1,46.3,53.7,11.0,384252,8710932,4286640616,1115580.5,8706704,1244,39.3,Ultrasonic_Task,1,BLOCKED,0,200,0,263,0,1000,2980,0,11,9,9,9,9.0,35,35.0,9,10,90.0,600,591,1466,33,10416,282.1,563.3,0,1,4096,0,-1.0,263,2026-09-19T23:24:35
60527,61,60527,1,46.3,53.7,28.6,384252,8710932,4286640616,1115580.5,8706704,3639,55.6,AI_Task,2,BLOCKED,9,20,0,2101,0,1000,3030,0,11,9,9,9,9.0,35,35.0,9,10,90.0,610,601,1491,33,10416,282.1,563.3,0,1,4096,0,-1.0,267,2026-09-19T23:24:36
60527,61,60527,1,46.3,53.7,3.1,384252,8710932,4286640616,1115580.5,8706704,3368,17.8,MotorControl_Task,3,BLOCKED,4,100,0,601,0,1000,3030,0,11,9,9,9,9.0,35,35.0,9,10,90.0,610,601,1491,33,10416,282.1,563.3,0,1,4096,0,-1.0,267,2026-09-19T23:24:36
60527,61,60527,1,46.3,53.7,0.6,384252,8710932,4286640616,1115580.5,8706704,1344,67.2,Monitor_Task,1,RUNNING,1,1000,6,61,0,1000,3030,0,11,9,9,9,9.0,35,35.0,9,10,90.0,610,601,1491,33,10416,282.1,563.3,0,1,4096,0,-1.0,267,2026-09-19T23:24:36
60527,61,60527,1,46.3,53.7,11.0,384252,8710932,4286640616,1115580.5,8706704,1244,39.3,Ultrasonic_Task,1,BLOCKED,0,200,0,267,0,1000,3030,0,11,9,9,9,9.0,35,35.0,9,10,90.0,610,601,1491,33,10416,282.1,563.3,0,1,4096,0,-1.0,267,2026-09-19T23:24:36
61528,62,61528,1,46.3,53.7,28.6,384252,8710932,4286640616,1115580.5,8706704,3639,55.6,AI_Task,2,BLOCKED,9,20,0,2136,0,1001,3081,0,11,9,9,9,9.0,35,35.0,9,10,90.0,620,611,1516,33,10416,282.2,563.3,0,1,4096,0,-1.0,271,2026-09-19T23:24:37
61528,62,61528,1,46.3,53.7,3.1,384252,8710932,4286640616,1115580.5,8706704,3368,17.8,MotorControl_Task,3,BLOCKED,4,100,0,611,0,1001,3081,0,11,9,9,9,9.0,35,35.0,9,10,90.0,620,611,1516,33,10416,282.2,563.3,0,1,4096,0,-1.0,272,2026-09-19T23:24:37
61528,62,61528,1,46.3,53.7,0.6,384252,8710932,4286640616,1115580.5,8706704,1344,67.2,Monitor_Task,1,RUNNING,2,1000,1,62,0,1001,3081,0,11,9,9,9,9.0,35,35.0,9,10,90.0,620,611,1516,33,10416,282.2,563.3,0,1,4096,0,-1.0,272,2026-09-19T23:24:37
61528,62,61528,1,46.3,53.7,11.0,384252,8710932,4286640616,1115580.5,8706704,1244,39.3,Ultrasonic_Task,1,BLOCKED,0,200,0,271,0,1001,3081,0,11,9,9,9,9.0,35,35.0,9,10,90.0,620,611,1516,33,10416,282.2,563.3,0,1,4096,0,-1.0,272,2026-09-19T23:24:37
62533,63,62533,1,46.3,53.7,28.6,384252,8710932,4286640616,1115580.5,8706704,3639,55.6,AI_Task,2,BLOCKED,9,20,0,2171,0,999,3131,0,11,9,9,9,9.0,35,35.0,9,10,90.0,630,621,1541,33,10416,282.1,563.4,0,1,4096,0,-1.0,276,2026-09-19T23:24:38
62533,63,62533,1,46.3,53.7,3.1,384252,8710932,4286640616,1115580.5,8706704,3368,17.8,MotorControl_Task,3,BLOCKED,4,100,0,621,0,999,3131,0,11,9,9,9,9.0,35,35.0,9,10,90.0,630,621,1541,33,10416,282.1,563.4,0,1,4096,0,-1.0,276,2026-09-19T23:24:38
62533,63,62533,1,46.3,53.7,0.6,384252,8710932,4286640616,1115580.5,8706704,1344,67.2,Monitor_Task,1,RUNNING,7,1000,5,63,0,999,3131,0,11,9,9,9,9.0,35,35.0,9,10,90.0,630,621,1541,33,10416,282.1,563.4,0,1,4096,0,-1.0,276,2026-09-19T23:24:38
62533,63,62533,1,46.3,53.7,11.0,384252,8710932,4286640616,1115580.5,8706704,1244,39.3,Ultrasonic_Task,1,BLOCKED,0,200,0,276,0,999,3131,0,11,9,9,9,9.0,35,35.0,9,10,90.0,630,621,1541,33,10416,282.1,563.4,0,1,4096,0,-1.0,276,2026-09-19T23:24:38
63527,64,63527,1,46.3,53.7,28.6,384252,8710932,4286640616,1115580.5,8706704,3639,55.6,AI_Task,2,BLOCKED,9,20,0,2206,0,1000,3181,0,11,9,9,9,9.0,35,35.0,9,10,90.0,640,631,1566,33,10416,282.1,563.4,0,1,4096,0,-1.0,280,2026-09-19T23:24:39
63527,64,63527,1,46.3,53.7,3.1,384252,8710932,4286640616,1115580.5,8706704,3368,17.8,MotorControl_Task,3,BLOCKED,4,100,0,631,0,1000,3181,0,11,9,9,9,9.0,35,35.0,9,10,90.0,640,631,1566,33,10416,282.1,563.4,0,1,4096,0,-1.0,280,2026-09-19T23:24:39
63527,64,63527,1,46.3,53.7,0.6,384252,8710932,4286640616,1115580.5,8706704,1344,67.2,Monitor_Task,1,RUNNING,1,1000,6,64,0,1000,3182,0,11,9,9,9,9.0,35,35.0,9,10,90.0,640,631,1566,33,10416,282.1,563.4,0,1,4096,0,-1.0,280,2026-09-19T23:24:39
63527,64,63527,1,46.3,53.7,11.0,384252,8710932,4286640616,1115580.5,8706704,1244,39.3,Ultrasonic_Task,1,READY,0,200,0,280,0,1000,3182,0,11,9,9,9,9.0,35,35.0,9,10,90.0,640,631,1566,33,10416,282.1,563.4,0,1,4096,0,-1.0,280,2026-09-19T23:24:39
64527,65,64527,1,46.3,53.7,28.6,384252,8710932,4286640616,1115580.5,8706704,3639,55.6,AI_Task,2,BLOCKED,9,20,0,2241,0,1000,3232,0,11,9,9,9,9.0,35,35.0,9,10,90.0,650,641,1591,33,10416,282.2,563.4,0,1,4096,0,-1.0,285,2026-09-19T23:24:40
64527,65,64527,1,46.3,53.7,3.1,384252,8710932,4286640616,1115580.5,8706704,3368,17.8,MotorControl_Task,3,BLOCKED,4,100,0,641,0,1000,3232,0,11,9,9,9,9.0,35,35.0,9,10,90.0,650,641,1591,33,10416,282.2,563.4,0,1,4096,0,-1.0,285,2026-09-19T23:24:40
64527,65,64527,1,46.3,53.7,0.6,384252,8710932,4286640616,1115580.5,8706704,1344,67.2,Monitor_Task,1,RUNNING,1,1000,0,65,0,1000,3232,0,11,9,9,9,9.0,35,35.0,9,10,90.0,650,641,1591,33,10416,282.2,563.4,0,1,4096,0,-1.0,285,2026-09-19T23:24:40
64527,65,64527,1,46.3,53.7,11.0,384252,8710932,4286640616,1115580.5,8706704,1244,39.3,Ultrasonic_Task,1,BLOCKED,0,200,0,285,0,1000,3232,0,11,9,9,9,9.0,35,35.0,9,10,90.0,650,641,1591,33,10416,282.2,563.4,0,1,4096,0,-1.0,285,2026-09-19T23:24:40
65533,66,65533,1,46.3,53.7,0.6,384252,8710932,4286640616,1115580.5,8706704,1344,67.2,Monitor_Task,1,RUNNING,7,1000,6,66,0,1000,3282,0,11,9,9,9,9.0,35,35.0,9,10,90.0,660,651,1616,33,10416,282.1,563.4,0,1,4096,0,-1.0,289,2026-09-19T23:24:41
65533,66,65533,1,46.3,53.7,11.0,384252,8710932,4286640616,1115580.5,8706704,1244,39.3,Ultrasonic_Task,1,BLOCKED,0,200,0,289,0,1000,3282,0,11,9,9,9,9.0,35,35.0,9,10,90.0,660,651,1616,33,10416,282.1,563.4,0,1,4096,0,-1.0,289,2026-09-19T23:24:41
66527,67,66527,1,46.4,53.6,28.6,384252,8710932,4286640616,1115580.5,8706704,3639,55.6,AI_Task,2,BLOCKED,9,20,0,2311,0,1000,3333,0,11,9,9,9,9.0,35,35.0,9,10,90.0,670,661,1641,33,10416,282.2,563.4,0,1,4096,0,-1.0,294,2026-09-19T23:24:42
66527,67,66527,1,46.4,53.6,3.1,384252,8710932,4286640616,1115580.5,8706704,3368,17.8,MotorControl_Task,3,BLOCKED,4,100,0,661,0,1000,3333,0,11,9,9,9,9.0,35,35.0,9,10,90.0,670,661,1641,33,10416,282.2,563.4,0,1,4096,0,-1.0,294,2026-09-19T23:24:42
66527,67,66527,1,46.4,53.6,0.6,384252,8710932,4286640616,1115580.5,8706704,1344,67.2,Monitor_Task,1,RUNNING,1,1000,6,67,0,1000,3333,0,11,9,9,9,9.0,35,35.0,9,10,90.0,670,661,1641,33,10416,282.2,563.4,0,1,4096,0,-1.0,294,2026-09-19T23:24:42
66527,67,66527,1,46.4,53.6,11.0,384252,8710932,4286640616,1115580.5,8706704,1244,39.3,Ultrasonic_Task,1,BLOCKED,0,200,0,294,0,1000,3333,0,11,9,9,9,9.0,35,35.0,9,10,90.0,670,661,1641,33,10416,282.2,563.4,0,1,4096,0,-1.0,294,2026-09-19T23:24:42
67527,68,67527,1,46.3,53.7,28.6,384252,8710932,4286640616,1115580.5,8706704,3639,55.6,AI_Task,2,BLOCKED,9,20,0,2346,0,1000,3383,0,11,9,9,9,9.0,35,35.0,9,10,90.0,680,671,1666,33,10416,282.2,563.4,0,1,4096,0,-1.0,298,2026-09-19T23:24:43
67527,68,67527,1,46.3,53.7,3.1,384252,8710932,4286640616,1115580.5,8706704,3368,17.8,MotorControl_Task,3,BLOCKED,4,100,0,671,0,1000,3383,0,11,9,9,9,9.0,35,35.0,9,10,90.0,680,671,1666,33,10416,282.2,563.4,0,1,4096,0,-1.0,298,2026-09-19T23:24:43
67527,68,67527,1,46.3,53.7,0.6,384252,8710932,4286640616,1115580.5,8706704,1344,67.2,Monitor_Task,1,RUNNING,1,1000,0,68,0,1000,3383,0,11,9,9,9,9.0,35,35.0,9,10,90.0,680,671,1666,33,10416,282.2,563.4,0,1,4096,0,-1.0,298,2026-09-19T23:24:43
67527,68,67527,1,46.3,53.7,11.0,384252,8710932,4286640616,1115580.5,8706704,1244,39.3,Ultrasonic_Task,1,BLOCKED,0,200,0,298,0,1000,3383,0,11,9,9,9,9.0,35,35.0,9,10,90.0,680,671,1666,33,10416,282.2,563.4,0,1,4096,0,-1.0,298,2026-09-19T23:24:43
68533,69,68533,1,46.4,53.6,28.6,384252,8710932,4286640616,1115580.5,8706704,3639,55.6,AI_Task,2,BLOCKED,9,20,0,2381,0,1000,3434,0,11,9,9,9,9.0,35,35.0,9,10,90.0,690,681,1691,33,10416,282.3,563.4,0,1,4096,0,-1.0,303,2026-09-19T23:24:44
68533,69,68533,1,46.4,53.6,3.1,384252,8710932,4286640616,1115580.5,8706704,3368,17.8,MotorControl_Task,3,BLOCKED,4,100,0,681,0,1000,3434,0,11,9,9,9,9.0,35,35.0,9,10,90.0,690,681,1691,33,10416,282.3,563.4,0,1,4096,0,-1.0,303,2026-09-19T23:24:44
68533,69,68533,1,46.4,53.6,0.6,384252,8710932,4286640616,1115580.5,8706704,1344,67.2,Monitor_Task,1,RUNNING,7,1000,6,69,0,1000,3434,0,11,9,9,9,9.0,35,35.0,9,10,90.0,690,681,1691,33,10416,282.3,563.4,0,1,4096,0,-1.0,303,2026-09-19T23:24:44
68533,69,68533,1,46.4,53.6,11.0,384252,8710932,4286640616,1115580.5,8706704,1244,39.3,Ultrasonic_Task,1,BLOCKED,0,200,0,303,0,1000,3434,0,11,9,9,9,9.0,35,35.0,9,10,90.0,690,681,1691,33,10416,282.3,563.4,0,1,4096,0,-1.0,303,2026-09-19T23:24:44
69527,70,69527,1,46.4,53.6,28.6,384252,8710932,4286640616,1115580.5,8706704,3639,55.6,AI_Task,2,BLOCKED,9,20,0,2416,0,1000,3484,0,11,9,9,9,9.0,35,35.0,9,10,90.0,700,691,1716,33,10416,282.3,563.4,0,1,4096,0,-1.0,307,2026-09-19T23:24:45
69527,70,69527,1,46.4,53.6,3.1,384252,8710932,4286640616,1115580.5,8706704,3368,17.8,MotorControl_Task,3,BLOCKED,4,100,0,691,0,1000,3484,0,11,9,9,9,9.0,35,35.0,9,10,90.0,700,691,1716,33,10416,282.3,563.4,0,1,4096,0,-1.0,307,2026-09-19T23:24:45
69527,70,69527,1,46.4,53.6,0.6,384252,8710932,4286640616,1115580.5,8706704,1344,67.2,Monitor_Task,1,RUNNING,1,1000,6,70,0,1000,3484,0,11,9,9,9,9.0,35,35.0,9,10,90.0,700,691,1716,33,10416,282.3,563.4,0,1,4096,0,-1.0,307,2026-09-19T23:24:45
69527,70,69527,1,46.4,53.6,11.0,384252,8710932,4286640616,1115580.5,8706704,1244,39.3,Ultrasonic_Task,1,BLOCKED,0,200,0,307,0,1000,3484,0,11,9,9,9,9.0,35,35.0,9,10,90.0,700,691,1716,33,10416,282.3,563.4,0,1,4096,0,-1.0,307,2026-09-19T23:24:45
70528,71,70528,1,46.4,53.6,28.6,384252,8710932,4286640616,1115580.5,8706704,3639,55.6,AI_Task,2,BLOCKED,9,20,0,2451,0,1001,3535,0,11,9,9,9,9.0,35,35.0,9,10,90.0,710,701,1741,33,10416,282.3,563.4,0,1,4096,0,-1.0,311,2026-09-19T23:24:46
70528,71,70528,1,46.4,53.6,3.1,384252,8710932,4286640616,1115580.5,8706704,3368,17.8,MotorControl_Task,3,BLOCKED,4,100,0,701,0,1001,3535,0,11,9,9,9,9.0,35,35.0,9,10,90.0,710,701,1741,33,10416,282.3,563.4,0,1,4096,0,-1.0,312,2026-09-19T23:24:46
70528,71,70528,1,46.4,53.6,0.6,384252,8710932,4286640616,1115580.5,8706704,1344,67.2,Monitor_Task,1,RUNNING,2,1000,1,71,0,1001,3535,0,11,9,9,9,9.0,35,35.0,9,10,90.0,710,701,1741,33,10416,282.3,563.4,0,1,4096,0,-1.0,312,2026-09-19T23:24:46
70528,71,70528,1,46.4,53.6,11.0,384252,8710932,4286640616,1115580.5,8706704,1244,39.3,Ultrasonic_Task,1,BLOCKED,0,200,0,311,0,1001,3535,0,11,9,9,9,9.0,35,35.0,9,10,90.0,710,701,1741,33,10416,282.3,563.4,0,1,4096,0,-1.0,312,2026-09-19T23:24:46
71533,72,71533,1,46.4,53.6,28.6,384252,8710932,4286640616,1115580.5,8706704,3639,55.6,AI_Task,2,BLOCKED,9,20,0,2486,0,999,3585,0,11,9,9,9,9.0,35,35.0,9,10,90.0,720,711,1766,33,10416,282.3,563.4,0,1,4096,0,-1.0,316,2026-09-19T23:24:47
71533,72,71533,1,46.4,53.6,3.1,384252,8710932,4286640616,1115580.5,8706704,3368,17.8,MotorControl_Task,3,BLOCKED,4,100,0,711,0,999,3585,0,11,9,9,9,9.0,35,35.0,9,10,90.0,720,711,1766,33,10416,282.3,563.4,0,1,4096,0,-1.0,316,2026-09-19T23:24:47
71533,72,71533,1,46.4,53.6,0.6,384252,8710932,4286640616,1115580.5,8706704,1344,67.2,Monitor_Task,1,RUNNING,7,1000,5,72,0,999,3585,0,11,9,9,9,9.0,35,35.0,9,10,90.0,720,711,1766,33,10416,282.3,563.4,0,1,4096,0,-1.0,316,2026-09-19T23:24:47
71533,72,71533,1,46.4,53.6,11.0,384252,8710932,4286640616,1115580.5,8706704,1244,39.3,Ultrasonic_Task,1,BLOCKED,0,200,0,316,0,999,3585,0,11,9,9,9,9.0,35,35.0,9,10,90.0,720,711,1766,33,10416,282.3,563.4,0,1,4096,0,-1.0,316,2026-09-19T23:24:47
72527,73,72527,1,46.4,53.6,28.6,384252,8710932,4286640616,1115580.5,8706704,3639,55.6,AI_Task,2,BLOCKED,9,20,0,2521,0,1000,3635,0,11,9,9,9,9.0,35,35.0,9,10,90.0,730,721,1791,33,10416,282.3,563.4,0,1,4096,0,-1.0,320,2026-09-19T23:24:48
72527,73,72527,1,46.4,53.6,3.1,384252,8710932,4286640616,1115580.5,8706704,3368,17.8,MotorControl_Task,3,BLOCKED,4,100,0,721,0,1000,3635,0,11,9,9,9,9.0,35,35.0,9,10,90.0,730,721,1791,33,10416,282.3,563.4,0,1,4096,0,-1.0,320,2026-09-19T23:24:48
72527,73,72527,1,46.4,53.6,0.6,384252,8710932,4286640616,1115580.5,8706704,1344,67.2,Monitor_Task,1,RUNNING,1,1000,6,73,0,1000,3636,0,11,9,9,9,9.0,35,35.0,9,10,90.0,730,721,1791,33,10416,282.3,563.4,0,1,4096,0,-1.0,320,2026-09-19T23:24:48
72527,73,72527,1,46.4,53.6,11.0,384252,8710932,4286640616,1115580.5,8706704,1244,39.3,Ultrasonic_Task,1,READY,0,200,0,320,0,1000,3636,0,11,9,9,9,9.0,35,35.0,9,10,90.0,730,721,1791,33,10416,282.3,563.4,0,1,4096,0,-1.0,320,2026-09-19T23:24:48
73527,74,73527,1,46.4,53.6,28.6,384252,8710932,4286640616,1115580.5,8706704,3639,55.6,AI_Task,2,BLOCKED,9,20,0,2556,0,1000,3686,0,11,9,9,9,9.0,35,35.0,9,10,90.0,740,731,1816,33,10416,282.3,563.4,0,1,4096,0,-1.0,325,2026-09-19T23:24:49
73527,74,73527,1,46.4,53.6,3.1,384252,8710932,4286640616,1115580.5,8706704,3368,17.8,MotorControl_Task,3,BLOCKED,4,100,0,731,0,1000,3686,0,11,9,9,9,9.0,35,35.0,9,10,90.0,740,731,1816,33,10416,282.3,563.4,0,1,4096,0,-1.0,325,2026-09-19T23:24:49
73527,74,73527,1,46.4,53.6,0.6,384252,8710932,4286640616,1115580.5,8706704,1344,67.2,Monitor_Task,1,RUNNING,1,1000,0,74,0,1000,3686,0,11,9,9,9,9.0,35,35.0,9,10,90.0,740,731,1816,33,10416,282.3,563.4,0,1,4096,0,-1.0,325,2026-09-19T23:24:49
73527,74,73527,1,46.4,53.6,11.0,384252,8710932,4286640616,1115580.5,8706704,1244,39.3,Ultrasonic_Task,1,BLOCKED,0,200,0,325,0,1000,3686,0,11,9,9,9,9.0,35,35.0,9,10,90.0,740,731,1816,33,10416,282.3,563.4,0,1,4096,0,-1.0,325,2026-09-19T23:24:49
74533,75,74533,1,46.4,53.6,0.6,384252,8710932,4286640616,1115580.5,8706704,1344,67.2,Monitor_Task,1,RUNNING,7,1000,6,75,0,1000,3736,0,11,9,9,9,9.0,35,35.0,9,10,90.0,750,741,1841,33,10416,282.3,563.4,0,1,4096,0,-1.0,329,2026-09-19T23:24:50
74533,75,74533,1,46.4,53.6,11.0,384252,8710932,4286640616,1115580.5,8706704,1244,39.3,Ultrasonic_Task,1,BLOCKED,0,200,0,329,0,1000,3736,0,11,9,9,9,9.0,35,35.0,9,10,90.0,750,741,1841,33,10416,282.3,563.4,0,1,4096,0,-1.0,329,2026-09-19T23:24:50
75527,76,75527,1,46.4,53.6,28.7,384252,8710932,4286640616,1115580.5,8706704,3639,55.6,AI_Task,2,BLOCKED,9,20,0,2626,0,1000,3787,0,11,9,9,9,9.0,35,35.0,9,10,90.0,760,751,1866,33,10416,282.4,563.4,0,1,4096,0,-1.0,334,2026-09-19T23:24:51
75527,76,75527,1,46.4,53.6,3.1,384252,8710932,4286640616,1115580.5,8706704,3368,17.8,MotorControl_Task,3,BLOCKED,4,100,0,751,0,1000,3787,0,11,9,9,9,9.0,35,35.0,9,10,90.0,760,751,1866,33,10416,282.4,563.4,0,1,4096,0,-1.0,334,2026-09-19T23:24:51
75527,76,75527,1,46.4,53.6,0.6,384252,8710932,4286640616,1115580.5,8706704,1344,67.2,Monitor_Task,1,RUNNING,1,1000,6,76,0,1000,3787,0,11,9,9,9,9.0,35,35.0,9,10,90.0,760,751,1866,33,10416,282.4,563.4,0,1,4096,0,-1.0,334,2026-09-19T23:24:51
75527,76,75527,1,46.4,53.6,11.0,384252,8710932,4286640616,1115580.5,8706704,1244,39.3,Ultrasonic_Task,1,BLOCKED,0,200,0,334,0,1000,3787,0,11,9,9,9,9.0,35,35.0,9,10,90.0,760,751,1866,33,10416,282.4,563.4,0,1,4096,0,-1.0,334,2026-09-19T23:24:51
76527,77,76527,1,46.4,53.6,28.7,384252,8710932,4286640616,1115580.5,8706704,3639,55.6,AI_Task,2,BLOCKED,9,20,0,2661,0,1000,3837,0,11,9,9,9,9.0,35,35.0,9,10,90.0,770,761,1891,33,10416,282.3,563.4,0,1,4096,0,-1.0,338,2026-09-19T23:24:52
76527,77,76527,1,46.4,53.6,3.1,384252,8710932,4286640616,1115580.5,8706704,3368,17.8,MotorControl_Task,3,BLOCKED,4,100,0,761,0,1000,3837,0,11,9,9,9,9.0,35,35.0,9,10,90.0,770,761,1891,33,10416,282.3,563.4,0,1,4096,0,-1.0,338,2026-09-19T23:24:52
76527,77,76527,1,46.4,53.6,0.6,384252,8710932,4286640616,1115580.5,8706704,1344,67.2,Monitor_Task,1,RUNNING,1,1000,0,77,0,1000,3837,0,11,9,9,9,9.0,35,35.0,9,10,90.0,770,761,1891,33,10416,282.3,563.4,0,1,4096,0,-1.0,338,2026-09-19T23:24:52
76527,77,76527,1,46.4,53.6,11.0,384252,8710932,4286640616,1115580.5,8706704,1244,39.3,Ultrasonic_Task,1,BLOCKED,0,200,0,338,0,1000,3837,0,11,9,9,9,9.0,35,35.0,9,10,90.0,770,761,1891,33,10416,282.3,563.4,0,1,4096,0,-1.0,338,2026-09-19T23:24:52
77533,78,77533,1,46.4,53.6,28.7,384252,8710932,4286640616,1115580.5,8706704,3639,55.6,AI_Task,2,BLOCKED,9,20,0,2696,0,1000,3888,0,11,9,9,9,9.0,35,35.0,9,10,90.0,780,771,1916,33,10416,282.4,563.4,0,1,4096,0,-1.0,343,2026-09-19T23:24:53
77533,78,77533,1,46.4,53.6,3.1,384252,8710932,4286640616,1115580.5,8706704,3368,17.8,MotorControl_Task,3,BLOCKED,4,100,0,771,0,1000,3888,0,11,9,9,9,9.0,35,35.0,9,10,90.0,780,771,1916,33,10416,282.4,563.4,0,1,4096,0,-1.0,343,2026-09-19T23:24:53
77533,78,77533,1,46.4,53.6,0.6,384252,8710932,4286640616,1115580.5,8706704,1344,67.2,Monitor_Task,1,RUNNING,7,1000,6,78,0,1000,3888,0,11,9,9,9,9.0,35,35.0,9,10,90.0,780,771,1916,33,10416,282.4,563.4,0,1,4096,0,-1.0,343,2026-09-19T23:24:53
77533,78,77533,1,46.4,53.6,11.0,384252,8710932,4286640616,1115580.5,8706704,1244,39.3,Ultrasonic_Task,1,BLOCKED,0,200,0,343,0,1000,3888,0,11,9,9,9,9.0,35,35.0,9,10,90.0,780,771,1916,33,10416,282.4,563.4,0,1,4096,0,-1.0,343,2026-09-19T23:24:53
78527,79,78527,1,46.4,53.6,28.7,384252,8710932,4286640616,1115580.5,8706704,3639,55.6,AI_Task,2,BLOCKED,9,20,0,2731,0,1000,3938,0,11,9,9,9,9.0,35,35.0,9,10,90.0,790,781,1941,33,10416,282.4,563.4,0,1,4096,0,-1.0,347,2026-09-19T23:24:54
78527,79,78527,1,46.4,53.6,3.1,384252,8710932,4286640616,1115580.5,8706704,3368,17.8,MotorControl_Task,3,BLOCKED,4,100,0,781,0,1000,3938,0,11,9,9,9,9.0,35,35.0,9,10,90.0,790,781,1941,33,10416,282.4,563.4,0,1,4096,0,-1.0,347,2026-09-19T23:24:54
78527,79,78527,1,46.4,53.6,0.6,384252,8710932,4286640616,1115580.5,8706704,1344,67.2,Monitor_Task,1,RUNNING,1,1000,6,79,0,1000,3938,0,11,9,9,9,9.0,35,35.0,9,10,90.0,790,781,1941,33,10416,282.4,563.4,0,1,4096,0,-1.0,347,2026-09-19T23:24:54
78527,79,78527,1,46.4,53.6,11.0,384252,8710932,4286640616,1115580.5,8706704,1244,39.3,Ultrasonic_Task,1,BLOCKED,0,200,0,347,0,1000,3938,0,11,9,9,9,9.0,35,35.0,9,10,90.0,790,781,1941,33,10416,282.4,563.4,0,1,4096,0,-1.0,347,2026-09-19T23:24:54
79528,80,79528,1,46.4,53.6,28.7,384252,8710932,4286640616,1115580.5,8706704,3639,55.6,AI_Task,2,BLOCKED,9,20,0,2766,0,1001,3989,0,11,9,9,9,9.0,35,35.0,9,10,90.0,800,791,1966,33,10416,282.4,563.4,0,1,4096,0,-1.0,351,2026-09-19T23:24:55
79528,80,79528,1,46.4,53.6,3.1,384252,8710932,4286640616,1115580.5,8706704,3368,17.8,MotorControl_Task,3,BLOCKED,4,100,0,791,0,1001,3989,0,11,9,9,9,9.0,35,35.0,9,10,90.0,800,791,1966,33,10416,282.4,563.4,0,1,4096,0,-1.0,352,2026-09-19T23:24:55
79528,80,79528,1,46.4,53.6,0.6,384252,8710932,4286640616,1115580.5,8706704,1344,67.2,Monitor_Task,1,RUNNING,2,1000,1,80,0,1001,3989,0,11,9,9,9,9.0,35,35.0,9,10,90.0,800,791,1966,33,10416,282.4,563.4,0,1,4096,0,-1.0,352,2026-09-19T23:24:55
79528,80,79528,1,46.4,53.6,11.0,384252,8710932,4286640616,1115580.5,8706704,1244,39.3,Ultrasonic_Task,1,BLOCKED,0,200,0,351,0,1001,3989,0,11,9,9,9,9.0,35,35.0,9,10,90.0,800,791,1966,33,10416,282.4,563.4,0,1,4096,0,-1.0,352,2026-09-19T23:24:55
80533,81,80533,1,46.4,53.6,28.7,384252,8710932,4286640616,1115580.5,8706704,3639,55.6,AI_Task,2,BLOCKED,9,20,0,2801,0,999,4039,0,11,9,9,9,9.0,35,35.0,9,10,90.0,810,801,1991,33,10416,282.4,563.4,0,1,4096,0,-1.0,356,2026-09-19T23:24:56
80533,81,80533,1,46.4,53.6,3.1,384252,8710932,4286640616,1115580.5,8706704,3368,17.8,MotorControl_Task,3,BLOCKED,4,100,0,801,0,999,4039,0,11,9,9,9,9.0,35,35.0,9,10,90.0,810,801,1991,33,10416,282.4,563.4,0,1,4096,0,-1.0,356,2026-09-19T23:24:56
80533,81,80533,1,46.4,53.6,0.6,384252,8710932,4286640616,1115580.5,8706704,1344,67.2,Monitor_Task,1,RUNNING,7,1000,5,81,0,999,4039,0,11,9,9,9,9.0,35,35.0,9,10,90.0,810,801,1991,33,10416,282.4,563.4,0,1,4096,0,-1.0,356,2026-09-19T23:24:56
80533,81,80533,1,46.4,53.6,11.0,384252,8710932,4286640616,1115580.5,8706704,1244,39.3,Ultrasonic_Task,1,BLOCKED,0,200,0,356,0,999,4039,0,11,9,9,9,9.0,35,35.0,9,10,90.0,810,801,1991,33,10416,282.4,563.4,0,1,4096,0,-1.0,356,2026-09-19T23:24:56
81527,82,81527,1,46.4,53.6,28.7,384252,8710932,4286640616,1115580.5,8706704,3639,55.6,AI_Task,2,BLOCKED,9,20,0,2836,0,1000,4089,0,11,9,9,9,9.0,35,35.0,9,10,90.0,820,811,2016,33,10416,282.4,563.4,0,1,4096,0,-1.0,360,2026-09-19T23:24:57
81527,82,81527,1,46.4,53.6,3.1,384252,8710932,4286640616,1115580.5,8706704,3368,17.8,MotorControl_Task,3,BLOCKED,4,100,0,811,0,1000,4089,0,11,9,9,9,9.0,35,35.0,9,10,90.0,820,811,2016,33,10416,282.4,563.4,0,1,4096,0,-1.0,360,2026-09-19T23:24:57
81527,82,81527,1,46.4,53.6,0.6,384252,8710932,4286640616,1115580.5,8706704,1344,67.2,Monitor_Task,1,RUNNING,1,1000,6,82,0,1000,4090,0,11,9,9,9,9.0,35,35.0,9,10,90.0,820,811,2016,33,10416,282.4,563.4,0,1,4096,0,-1.0,360,2026-09-19T23:24:57
81527,82,81527,1,46.4,53.6,11.0,384252,8710932,4286640616,1115580.5,8706704,1244,39.3,Ultrasonic_Task,1,READY,0,200,0,360,0,1000,4090,0,11,9,9,9,9.0,35,35.0,9,10,90.0,820,811,2016,33,10416,282.4,563.4,0,1,4096,0,-1.0,360,2026-09-19T23:24:57
82527,83,82527,1,46.4,53.6,28.7,384252,8710932,4286640616,1115580.5,8706704,3639,55.6,AI_Task,2,BLOCKED,9,20,0,2871,0,1000,4140,0,11,9,9,9,9.0,35,35.0,9,10,90.0,830,821,2041,33,10416,282.4,563.4,0,1,4096,0,-1.0,365,2026-09-19T23:24:58
82527,83,82527,1,46.4,53.6,3.1,384252,8710932,4286640616,1115580.5,8706704,3368,17.8,MotorControl_Task,3,BLOCKED,4,100,0,821,0,1000,4140,0,11,9,9,9,9.0,35,35.0,9,10,90.0,830,821,2041,33,10416,282.4,563.4,0,1,4096,0,-1.0,365,2026-09-19T23:24:58
82527,83,82527,1,46.4,53.6,0.6,384252,8710932,4286640616,1115580.5,8706704,1344,67.2,Monitor_Task,1,RUNNING,1,1000,0,83,0,1000,4140,0,11,9,9,9,9.0,35,35.0,9,10,90.0,830,821,2041,33,10416,282.4,563.4,0,1,4096,0,-1.0,365,2026-09-19T23:24:58
82527,83,82527,1,46.4,53.6,11.0,384252,8710932,4286640616,1115580.5,8706704,1244,39.3,Ultrasonic_Task,1,BLOCKED,0,200,0,365,0,1000,4140,0,11,9,9,9,9.0,35,35.0,9,10,90.0,830,821,2041,33,10416,282.4,563.4,0,1,4096,0,-1.0,365,2026-09-19T23:24:58
83533,84,83533,1,46.4,53.6,28.7,384252,8710932,4286640616,1115580.5,8706704,3639,55.6,AI_Task,2,BLOCKED,9,20,0,2906,0,1000,4190,0,11,9,9,9,9.0,35,35.0,9,10,90.0,840,831,2066,33,10416,282.4,563.4,0,1,4096,0,-1.0,369,2026-09-19T23:24:59
83533,84,83533,1,46.4,53.6,3.1,384252,8710932,4286640616,1115580.5,8706704,3368,17.8,MotorControl_Task,3,BLOCKED,4,100,0,831,0,1000,4190,0,11,9,9,9,9.0,35,35.0,9,10,90.0,840,831,2066,33,10416,282.4,563.4,0,1,4096,0,-1.0,369,2026-09-19T23:24:59
83533,84,83533,1,46.4,53.6,0.6,384252,8710932,4286640616,1115580.5,8706704,1344,67.2,Monitor_Task,1,RUNNING,7,1000,6,84,0,1000,4190,0,11,9,9,9,9.0,35,35.0,9,10,90.0,840,831,2066,33,10416,282.4,563.4,0,1,4096,0,-1.0,369,2026-09-19T23:24:59
83533,84,83533,1,46.4,53.6,11.0,384252,8710932,4286640616,1115580.5,8706704,1244,39.3,Ultrasonic_Task,1,BLOCKED,0,200,0,369,0,1000,4190,0,11,9,9,9,9.0,35,35.0,9,10,90.0,840,831,2066,33,10416,282.4,563.4,0,1,4096,0,-1.0,369,2026-09-19T23:24:59
84527,85,84527,1,46.4,53.6,28.7,384252,8710932,4286640616,1115580.5,8706704,3639,55.6,AI_Task,2,BLOCKED,9,20,0,2941,0,1000,4241,0,11,9,9,9,9.0,35,35.0,9,10,90.0,850,841,2091,33,10416,282.5,563.4,0,1,4096,0,-1.0,374,2026-09-19T23:25:00
84527,85,84527,1,46.4,53.6,3.1,384252,8710932,4286640616,1115580.5,8706704,3368,17.8,MotorControl_Task,3,BLOCKED,4,100,0,841,0,1000,4241,0,11,9,9,9,9.0,35,35.0,9,10,90.0,850,841,2091,33,10416,282.5,563.4,0,1,4096,0,-1.0,374,2026-09-19T23:25:00
84527,85,84527,1,46.4,53.6,0.6,384252,8710932,4286640616,1115580.5,8706704,1344,67.2,Monitor_Task,1,RUNNING,1,1000,6,85,0,1000,4241,0,11,9,9,9,9.0,35,35.0,9,10,90.0,850,841,2091,33,10416,282.5,563.4,0,1,4096,0,-1.0,374,2026-09-19T23:25:00
84527,85,84527,1,46.4,53.6,11.0,384252,8710932,4286640616,1115580.5,8706704,1244,39.3,Ultrasonic_Task,1,BLOCKED,0,200,0,374,0,1000,4241,0,11,9,9,9,9.0,35,35.0,9,10,90.0,850,841,2091,33,10416,282.5,563.4,0,1,4096,0,-1.0,374,2026-09-19T23:25:00
85527,86,85527,1,46.4,53.6,0.6,384252,8710932,4286640616,1115580.5,8706704,1344,67.2,Monitor_Task,1,RUNNING,1,1000,0,86,0,1000,4291,0,11,9,9,9,9.0,35,35.0,9,10,90.0,860,851,2116,33,10416,282.4,563.4,0,1,4096,0,-1.0,378,2026-09-19T23:25:01
85527,86,85527,1,46.4,53.6,11.0,384252,8710932,4286640616,1115580.5,8706704,1244,39.3,Ultrasonic_Task,1,BLOCKED,0,200,0,378,0,1000,4291,0,11,9,9,9,9.0,35,35.0,9,10,90.0,860,851,2116,33,10416,282.4,563.4,0,1,4096,0,-1.0,378,2026-09-19T23:25:01
86533,87,86533,1,46.4,53.6,3.1,384252,8710932,4286640616,1115580.5,8706704,3368,17.8,MotorControl_Task,3,BLOCKED,4,100,0,861,0,1000,4342,0,11,9,9,9,9.0,35,35.0,9,10,90.0,870,861,2141,33,10416,282.5,563.4,0,1,4096,0,-1.0,383,2026-09-19T23:25:02
86533,87,86533,1,46.4,53.6,0.6,384252,8710932,4286640616,1115580.5,8706704,1344,67.2,Monitor_Task,1,RUNNING,7,1000,6,87,0,1000,4342,0,11,9,9,9,9.0,35,35.0,9,10,90.0,870,861,2141,33,10416,282.5,563.4,0,1,4096,0,-1.0,383,2026-09-19T23:25:02
86533,87,86533,1,46.4,53.6,11.0,384252,8710932,4286640616,1115580.5,8706704,1244,39.3,Ultrasonic_Task,1,BLOCKED,0,200,0,383,0,1000,4342,0,11,9,9,9,9.0,35,35.0,9,10,90.0,870,861,2141,33,10416,282.5,563.4,0,1,4096,0,-1.0,383,2026-09-19T23:25:02
87527,88,87527,1,46.4,53.6,28.7,384252,8710932,4286640616,1115580.5,8706704,3639,55.6,AI_Task,2,BLOCKED,9,20,0,3046,0,1000,4392,0,11,9,9,9,9.0,35,35.0,9,10,90.0,880,871,2166,33,10416,282.5,563.4,0,1,4096,0,-1.0,387,2026-09-19T23:25:03
87527,88,87527,1,46.4,53.6,3.1,384252,8710932,4286640616,1115580.5,8706704,3368,17.8,MotorControl_Task,3,BLOCKED,4,100,0,871,0,1000,4392,0,11,9,9,9,9.0,35,35.0,9,10,90.0,880,871,2166,33,10416,282.5,563.4,0,1,4096,0,-1.0,387,2026-09-19T23:25:03
87527,88,87527,1,46.4,53.6,0.6,384252,8710932,4286640616,1115580.5,8706704,1344,67.2,Monitor_Task,1,RUNNING,1,1000,6,88,0,1000,4392,0,11,9,9,9,9.0,35,35.0,9,10,90.0,880,871,2166,33,10416,282.5,563.4,0,1,4096,0,-1.0,387,2026-09-19T23:25:03
87527,88,87527,1,46.4,53.6,11.0,384252,8710932,4286640616,1115580.5,8706704,1244,39.3,Ultrasonic_Task,1,BLOCKED,0,200,0,387,0,1000,4392,0,11,9,9,9,9.0,35,35.0,9,10,90.0,880,871,2166,33,10416,282.5,563.4,0,1,4096,0,-1.0,387,2026-09-19T23:25:03
88528,89,88528,1,46.4,53.6,28.7,384252,8710932,4286640616,1115580.5,8706704,3639,55.6,AI_Task,2,BLOCKED,9,20,0,3081,0,1001,4443,0,11,9,9,9,9.0,35,35.0,9,10,90.0,890,881,2191,33,10416,282.5,563.4,0,1,4096,0,-1.0,391,2026-09-19T23:25:04
88528,89,88528,1,46.4,53.6,3.1,384252,8710932,4286640616,1115580.5,8706704,3368,17.8,MotorControl_Task,3,BLOCKED,4,100,0,881,0,1001,4443,0,11,9,9,9,9.0,35,35.0,9,10,90.0,890,881,2191,33,10416,282.5,563.4,0,1,4096,0,-1.0,392,2026-09-19T23:25:04
88528,89,88528,1,46.4,53.6,0.6,384252,8710932,4286640616,1115580.5,8706704,1344,67.2,Monitor_Task,1,RUNNING,2,1000,1,89,0,1001,4443,0,11,9,9,9,9.0,35,35.0,9,10,90.0,890,881,2191,33,10416,282.5,563.4,0,1,4096,0,-1.0,392,2026-09-19T23:25:04
88528,89,88528,1,46.4,53.6,11.0,384252,8710932,4286640616,1115580.5,8706704,1244,39.3,Ultrasonic_Task,1,BLOCKED,0,200,0,391,0,1001,4443,0,11,9,9,9,9.0,35,35.0,9,10,90.0,890,881,2191,33,10416,282.5,563.4,0,1,4096,0,-1.0,392,2026-09-19T23:25:04
89533,90,89533,1,46.4,53.6,28.7,384252,8710932,4286640616,1115580.5,8706704,3639,55.6,AI_Task,2,BLOCKED,9,20,0,3116,0,999,4493,0,11,9,9,9,9.0,35,35.0,9,10,90.0,900,891,2216,33,10416,282.5,563.4,0,1,4096,0,-1.0,396,2026-09-19T23:25:05
89533,90,89533,1,46.4,53.6,3.1,384252,8710932,4286640616,1115580.5,8706704,3368,17.8,MotorControl_Task,3,BLOCKED,4,100,0,891,0,999,4493,0,11,9,9,9,9.0,35,35.0,9,10,90.0,900,891,2216,33,10416,282.5,563.4,0,1,4096,0,-1.0,396,2026-09-19T23:25:05
89533,90,89533,1,46.4,53.6,0.6,384252,8710932,4286640616,1115580.5,8706704,1344,67.2,Monitor_Task,1,RUNNING,7,1000,5,90,0,999,4493,0,11,9,9,9,9.0,35,35.0,9,10,90.0,900,891,2216,33,10416,282.5,563.4,0,1,4096,0,-1.0,396,2026-09-19T23:25:05
89533,90,89533,1,46.4,53.6,11.0,384252,8710932,4286640616,1115580.5,8706704,1244,39.3,Ultrasonic_Task,1,BLOCKED,0,200,0,396,0,999,4493,0,11,9,9,9,9.0,35,35.0,9,10,90.0,900,891,2216,33,10416,282.5,563.4,0,1,4096,0,-1.0,396,2026-09-19T23:25:05
90527,91,90527,1,46.4,53.6,28.7,384252,8710932,4286640616,1115580.5,8706704,3639,55.6,AI_Task,2,BLOCKED,9,20,0,3151,0,1000,4543,0,11,9,9,9,9.0,35,35.0,9,10,90.0,910,901,2241,33,10416,282.5,563.4,0,1,4096,0,-1.0,400,2026-09-19T23:25:06
90527,91,90527,1,46.4,53.6,3.1,384252,8710932,4286640616,1115580.5,8706704,3368,17.8,MotorControl_Task,3,BLOCKED,4,100,0,901,0,1000,4543,0,11,9,9,9,9.0,35,35.0,9,10,90.0,910,901,2241,33,10416,282.5,563.4,0,1,4096,0,-1.0,400,2026-09-19T23:25:06
90527,91,90527,1,46.4,53.6,0.6,384252,8710932,4286640616,1115580.5,8706704,1344,67.2,Monitor_Task,1,RUNNING,1,1000,6,91,0,1000,4544,0,11,9,9,9,9.0,35,35.0,9,10,90.0,910,901,2241,33,10416,282.5,563.4,0,1,4096,0,-1.0,400,2026-09-19T23:25:06
90527,91,90527,1,46.4,53.6,11.0,384252,8710932,4286640616,1115580.5,8706704,1244,39.3,Ultrasonic_Task,1,READY,0,200,0,400,0,1000,4544,0,11,9,9,9,9.0,35,35.0,9,10,90.0,910,901,2241,33,10416,282.5,563.4,0,1,4096,0,-1.0,400,2026-09-19T23:25:06
91527,92,91527,1,46.4,53.6,28.7,384252,8710932,4286640616,1115580.5,8706704,3639,55.6,AI_Task,2,BLOCKED,9,20,0,3186,0,1000,4594,0,11,9,9,9,9.0,35,35.0,9,10,90.0,920,911,2266,33,10416,282.5,563.4,0,1,4096,0,-1.0,405,2026-09-19T23:25:07
91527,92,91527,1,46.4,53.6,3.1,384252,8710932,4286640616,1115580.5,8706704,3368,17.8,MotorControl_Task,3,BLOCKED,4,100,0,911,0,1000,4594,0,11,9,9,9,9.0,35,35.0,9,10,90.0,920,911,2266,33,10416,282.5,563.4,0,1,4096,0,-1.0,405,2026-09-19T23:25:07
91527,92,91527,1,46.4,53.6,0.6,384252,8710932,4286640616,1115580.5,8706704,1344,67.2,Monitor_Task,1,RUNNING,1,1000,0,92,0,1000,4594,0,11,9,9,9,9.0,35,35.0,9,10,90.0,920,911,2266,33,10416,282.5,563.4,0,1,4096,0,-1.0,405,2026-09-19T23:25:07
91527,92,91527,1,46.4,53.6,11.0,384252,8710932,4286640616,1115580.5,8706704,1244,39.3,Ultrasonic_Task,1,BLOCKED,0,200,0,405,0,1000,4594,0,11,9,9,9,9.0,35,35.0,9,10,90.0,920,911,2266,33,10416,282.5,563.4,0,1,4096,0,-1.0,405,2026-09-19T23:25:07
92533,93,92533,1,46.4,53.6,0.6,384252,8710932,4286640616,1115580.5,8706704,1344,67.2,Monitor_Task,1,RUNNING,7,1000,6,93,0,1000,4644,0,11,9,9,9,9.0,35,35.0,9,10,90.0,930,921,2291,33,10416,282.5,563.4,0,1,4096,0,-1.0,409,2026-09-19T23:25:08
92533,93,92533,1,46.4,53.6,11.0,384252,8710932,4286640616,1115580.5,8706704,1244,39.3,Ultrasonic_Task,1,BLOCKED,0,200,0,409,0,1000,4644,0,11,9,9,9,9.0,35,35.0,9,10,90.0,930,921,2291,33,10416,282.5,563.4,0,1,4096,0,-1.0,409,2026-09-19T23:25:08
93527,94,93527,1,46.4,53.6,28.7,384252,8710932,4286640616,1115580.5,8706704,3639,55.6,AI_Task,2,BLOCKED,9,20,0,3256,0,1000,4695,0,11,9,9,9,9.0,35,35.0,9,10,90.0,940,931,2316,33,10416,282.6,563.4,0,1,4096,0,-1.0,414,2026-09-19T23:25:09
93527,94,93527,1,46.4,53.6,3.1,384252,8710932,4286640616,1115580.5,8706704,3368,17.8,MotorControl_Task,3,BLOCKED,4,100,0,931,0,1000,4695,0,11,9,9,9,9.0,35,35.0,9,10,90.0,940,931,2316,33,10416,282.6,563.4,0,1,4096,0,-1.0,414,2026-09-19T23:25:09
93527,94,93527,1,46.4,53.6,0.6,384252,8710932,4286640616,1115580.5,8706704,1344,67.2,Monitor_Task,1,RUNNING,1,1000,6,94,0,1000,4695,0,11,9,9,9,9.0,35,35.0,9,10,90.0,940,931,2316,33,10416,282.6,563.4,0,1,4096,0,-1.0,414,2026-09-19T23:25:09
93527,94,93527,1,46.4,53.6,11.0,384252,8710932,4286640616,1115580.5,8706704,1244,39.3,Ultrasonic_Task,1,BLOCKED,0,200,0,414,0,1000,4695,0,11,9,9,9,9.0,35,35.0,9,10,90.0,940,931,2316,33,10416,282.6,563.4,0,1,4096,0,-1.0,414,2026-09-19T23:25:09
94527,95,94527,1,46.4,53.6,28.7,384252,8710932,4286640616,1115580.5,8706704,3639,55.6,AI_Task,2,BLOCKED,9,20,0,3291,0,1000,4745,0,11,9,9,9,9.0,35,35.0,9,10,90.0,950,941,2341,33,10416,282.5,563.4,0,1,4096,0,-1.0,418,2026-09-19T23:25:10
94527,95,94527,1,46.4,53.6,3.1,384252,8710932,4286640616,1115580.5,8706704,3368,17.8,MotorControl_Task,3,BLOCKED,4,100,0,941,0,1000,4745,0,11,9,9,9,9.0,35,35.0,9,10,90.0,950,941,2341,33,10416,282.5,563.4,0,1,4096,0,-1.0,418,2026-09-19T23:25:10
94527,95,94527,1,46.4,53.6,0.6,384252,8710932,4286640616,1115580.5,8706704,1344,67.2,Monitor_Task,1,RUNNING,1,1000,0,95,0,1000,4745,0,11,9,9,9,9.0,35,35.0,9,10,90.0,950,941,2341,33,10416,282.5,563.4,0,1,4096,0,-1.0,418,2026-09-19T23:25:10
94527,95,94527,1,46.4,53.6,11.0,384252,8710932,4286640616,1115580.5,8706704,1244,39.3,Ultrasonic_Task,1,BLOCKED,0,200,0,418,0,1000,4745,0,11,9,9,9,9.0,35,35.0,9,10,90.0,950,941,2341,33,10416,282.5,563.4,0,1,4096,0,-1.0,418,2026-09-19T23:25:10
95533,96,95533,1,46.4,53.6,28.7,384252,8710932,4286640616,1115580.5,8706704,3639,55.6,AI_Task,2,BLOCKED,9,20,0,3326,0,1000,4796,0,11,9,9,9,9.0,35,35.0,9,10,90.0,960,951,2366,33,10416,282.6,563.4,0,1,4096,0,-1.0,423,2026-09-19T23:25:11
95533,96,95533,1,46.4,53.6,3.1,384252,8710932,4286640616,1115580.5,8706704,3368,17.8,MotorControl_Task,3,BLOCKED,4,100,0,951,0,1000,4796,0,11,9,9,9,9.0,35,35.0,9,10,90.0,960,951,2366,33,10416,282.6,563.4,0,1,4096,0,-1.0,423,2026-09-19T23:25:11
95533,96,95533,1,46.4,53.6,0.6,384252,8710932,4286640616,1115580.5,8706704,1344,67.2,Monitor_Task,1,RUNNING,7,1000,6,96,0,1000,4796,0,11,9,9,9,9.0,35,35.0,9,10,90.0,960,951,2366,33,10416,282.6,563.4,0,1,4096,0,-1.0,423,2026-09-19T23:25:11
95533,96,95533,1,46.4,53.6,11.0,384252,8710932,4286640616,1115580.5,8706704,1244,39.3,Ultrasonic_Task,1,BLOCKED,0,200,0,423,0,1000,4796,0,11,9,9,9,9.0,35,35.0,9,10,90.0,960,951,2366,33,10416,282.6,563.4,0,1,4096,0,-1.0,423,2026-09-19T23:25:11
96527,97,96527,1,46.4,53.6,28.7,384252,8710932,4286640616,1115580.5,8706704,3639,55.6,AI_Task,2,BLOCKED,9,20,0,3361,0,1000,4846,0,11,9,9,9,9.0,35,35.0,9,10,90.0,970,961,2391,33,10416,282.6,563.4,0,1,4096,0,-1.0,427,2026-09-19T23:25:12
96527,97,96527,1,46.4,53.6,3.1,384252,8710932,4286640616,1115580.5,8706704,3368,17.8,MotorControl_Task,3,BLOCKED,4,100,0,961,0,1000,4846,0,11,9,9,9,9.0,35,35.0,9,10,90.0,970,961,2391,33,10416,282.6,563.4,0,1,4096,0,-1.0,427,2026-09-19T23:25:12
96527,97,96527,1,46.4,53.6,0.6,384252,8710932,4286640616,1115580.5,8706704,1344,67.2,Monitor_Task,1,RUNNING,1,1000,6,97,0,1000,4846,0,11,9,9,9,9.0,35,35.0,9,10,90.0,970,961,2391,33,10416,282.6,563.4,0,1,4096,0,-1.0,427,2026-09-19T23:25:12
96527,97,96527,1,46.4,53.6,11.0,384252,8710932,4286640616,1115580.5,8706704,1244,39.3,Ultrasonic_Task,1,BLOCKED,0,200,0,427,0,1000,4846,0,11,9,9,9,9.0,35,35.0,9,10,90.0,970,961,2391,33,10416,282.6,563.4,0,1,4096,0,-1.0,427,2026-09-19T23:25:12
97528,98,97528,1,46.5,53.5,28.7,384252,8710932,4286640616,1115580.5,8706704,3639,55.6,AI_Task,2,BLOCKED,9,20,0,3396,0,1001,4897,0,11,9,9,9,9.0,35,35.0,9,10,90.0,980,971,2416,33,10416,282.6,563.4,0,1,4096,0,-1.0,431,2026-09-19T23:25:13
97528,98,97528,1,46.5,53.5,3.1,384252,8710932,4286640616,1115580.5,8706704,3368,17.8,MotorControl_Task,3,BLOCKED,4,100,0,971,0,1001,4897,0,11,9,9,9,9.0,35,35.0,9,10,90.0,980,971,2416,33,10416,282.6,563.4,0,1,4096,0,-1.0,432,2026-09-19T23:25:13
97528,98,97528,1,46.5,53.5,0.6,384252,8710932,4286640616,1115580.5,8706704,1344,67.2,Monitor_Task,1,RUNNING,2,1000,1,98,0,1001,4897,0,11,9,9,9,9.0,35,35.0,9,10,90.0,980,971,2416,33,10416,282.6,563.4,0,1,4096,0,-1.0,432,2026-09-19T23:25:13
97528,98,97528,1,46.5,53.5,11.0,384252,8710932,4286640616,1115580.5,8706704,1244,39.3,Ultrasonic_Task,1,BLOCKED,0,200,0,431,0,1001,4897,0,11,9,9,9,9.0,35,35.0,9,10,90.0,980,971,2416,33,10416,282.6,563.4,0,1,4096,0,-1.0,432,2026-09-19T23:25:13
98533,99,98533,1,46.4,53.6,28.7,384252,8710932,4286640616,1115580.5,8706704,3639,55.6,AI_Task,2,BLOCKED,9,20,0,3431,0,999,4947,0,11,9,9,9,9.0,35,35.0,9,10,90.0,990,981,2441,33,10416,282.6,563.4,0,1,4096,0,-1.0,436,2026-09-19T23:25:14
98533,99,98533,1,46.4,53.6,3.1,384252,8710932,4286640616,1115580.5,8706704,3368,17.8,MotorControl_Task,3,BLOCKED,4,100,0,981,0,999,4947,0,11,9,9,9,9.0,35,35.0,9,10,90.0,990,981,2441,33,10416,282.6,563.4,0,1,4096,0,-1.0,436,2026-09-19T23:25:14
98533,99,98533,1,46.4,53.6,0.6,384252,8710932,4286640616,1115580.5,8706704,1344,67.2,Monitor_Task,1,RUNNING,7,1000,5,99,0,999,4947,0,11,9,9,9,9.0,35,35.0,9,10,90.0,990,981,2441,33,10416,282.6,563.4,0,1,4096,0,-1.0,436,2026-09-19T23:25:14
98533,99,98533,1,46.4,53.6,11.0,384252,8710932,4286640616,1115580.5,8706704,1244,39.3,Ultrasonic_Task,1,BLOCKED,0,200,0,436,0,999,4947,0,11,9,9,9,9.0,35,35.0,9,10,90.0,990,981,2441,33,10416,282.6,563.4,0,1,4096,0,-1.0,436,2026-09-19T23:25:14
99527,100,99527,1,46.4,53.6,28.7,384252,8710932,4286640616,1115580.5,8706704,3639,55.6,AI_Task,2,BLOCKED,9,20,0,3466,0,1000,4997,0,11,9,9,9,9.0,35,35.0,9,10,90.0,1000,991,2466,33,10416,282.5,563.4,0,1,4096,0,-1.0,440,2026-09-19T23:25:15
99527,100,99527,1,46.4,53.6,3.1,384252,8710932,4286640616,1115580.5,8706704,3368,17.8,MotorControl_Task,3,BLOCKED,4,100,0,991,0,1000,4997,0,11,9,9,9,9.0,35,35.0,9,10,90.0,1000,991,2466,33,10416,282.5,563.4,0,1,4096,0,-1.0,440,2026-09-19T23:25:15
99527,100,99527,1,46.4,53.6,0.6,384252,8710932,4286640616,1115580.5,8706704,1344,67.2,Monitor_Task,1,RUNNING,1,1000,6,100,0,1000,4998,0,11,9,9,9,9.0,35,35.0,9,10,90.0,1000,991,2466,33,10416,282.5,563.4,0,1,4096,0,-1.0,440,2026-09-19T23:25:15
99527,100,99527,1,46.4,53.6,11.0,384252,8710932,4286640616,1115580.5,8706704,1244,39.3,Ultrasonic_Task,1,READY,0,200,0,440,0,1000,4998,0,11,9,9,9,9.0,35,35.0,9,10,90.0,1000,991,2466,33,10416,282.5,563.4,0,1,4096,0,-1.0,440,2026-09-19T23:25:15
100527,101,100527,1,46.5,53.5,28.7,384252,8710932,4286640616,1115580.5,8706704,3639,55.6,AI_Task,2,BLOCKED,9,20,0,3501,0,1000,5048,0,11,9,9,9,9.0,35,35.0,9,10,90.0,1010,1001,2491,33,10416,282.6,563.4,0,1,4096,0,-1.0,445,2026-09-19T23:25:16
100527,101,100527,1,46.5,53.5,3.1,384252,8710932,4286640616,1115580.5,8706704,3368,17.8,MotorControl_Task,3,BLOCKED,4,100,0,1001,0,1000,5048,0,11,9,9,9,9.0,35,35.0,9,10,90.0,1010,1001,2491,33,10416,282.6,563.4,0,1,4096,0,-1.0,445,2026-09-19T23:25:16
100527,101,100527,1,46.5,53.5,0.6,384252,8710932,4286640616,1115580.5,8706704,1344,67.2,Monitor_Task,1,RUNNING,1,1000,0,101,0,1000,5048,0,11,9,9,9,9.0,35,35.0,9,10,90.0,1010,1001,2491,33,10416,282.6,563.4,0,1,4096,0,-1.0,445,2026-09-19T23:25:16
100527,101,100527,1,46.5,53.5,11.0,384252,8710932,4286640616,1115580.5,8706704,1244,39.3,Ultrasonic_Task,1,BLOCKED,0,200,0,445,0,1000,5048,0,11,9,9,9,9.0,35,35.0,9,10,90.0,1010,1001,2491,33,10416,282.6,563.4,0,1,4096,0,-1.0,445,2026-09-19T23:25:16
101533,102,101533,1,46.4,53.6,0.6,384252,8710932,4286640616,1115580.5,8706704,1344,67.2,Monitor_Task,1,RUNNING,7,1000,6,102,0,1000,5098,0,11,9,9,9,9.0,35,35.0,9,10,90.0,1020,1011,2516,33,10416,282.6,563.3,0,1,4096,0,-1.0,449,2026-09-19T23:25:17
101533,102,101533,1,46.4,53.6,11.0,384252,8710932,4286640616,1115580.5,8706704,1244,39.3,Ultrasonic_Task,1,BLOCKED,0,200,0,449,0,1000,5098,0,11,9,9,9,9.0,35,35.0,9,10,90.0,1020,1011,2516,33,10416,282.6,563.3,0,1,4096,0,-1.0,449,2026-09-19T23:25:17
102527,103,102527,1,46.5,53.5,3.1,384252,8710932,4286640616,1115580.5,8706704,3368,17.8,MotorControl_Task,3,BLOCKED,4,100,0,1021,0,1000,5149,0,11,9,9,9,9.0,35,35.0,9,10,90.0,1030,1021,2541,33,10416,282.6,563.3,0,1,4096,0,-1.0,454,2026-09-19T23:25:18
102527,103,102527,1,46.5,53.5,0.6,384252,8710932,4286640616,1115580.5,8706704,1344,67.2,Monitor_Task,1,RUNNING,1,1000,6,103,0,1000,5149,0,11,9,9,9,9.0,35,35.0,9,10,90.0,1030,1021,2541,33,10416,282.6,563.3,0,1,4096,0,-1.0,454,2026-09-19T23:25:18
102527,103,102527,1,46.5,53.5,11.0,384252,8710932,4286640616,1115580.5,8706704,1244,39.3,Ultrasonic_Task,1,BLOCKED,0,200,0,454,0,1000,5149,0,11,9,9,9,9.0,35,35.0,9,10,90.0,1030,1021,2541,33,10416,282.6,563.3,0,1,4096,0,-1.0,454,2026-09-19T23:25:18
103527,104,103527,1,46.5,53.5,28.7,384252,8710932,4286640616,1115580.5,8706704,3639,55.6,AI_Task,2,BLOCKED,9,20,0,3606,0,1000,5199,0,11,9,9,9,9.0,35,35.0,9,10,90.0,1040,1031,2566,33,10416,282.6,563.3,0,1,4096,0,-1.0,458,2026-09-19T23:25:19
103527,104,103527,1,46.5,53.5,3.1,384252,8710932,4286640616,1115580.5,8706704,3368,17.8,MotorControl_Task,3,BLOCKED,4,100,0,1031,0,1000,5199,0,11,9,9,9,9.0,35,35.0,9,10,90.0,1040,1031,2566,33,10416,282.6,563.3,0,1,4096,0,-1.0,458,2026-09-19T23:25:19
103527,104,103527,1,46.5,53.5,0.6,384252,8710932,4286640616,1115580.5,8706704,1344,67.2,Monitor_Task,1,RUNNING,1,1000,0,104,0,1000,5199,0,11,9,9,9,9.0,35,35.0,9,10,90.0,1040,1031,2566,33,10416,282.6,563.3,0,1,4096,0,-1.0,458,2026-09-19T23:25:19
103527,104,103527,1,46.5,53.5,11.0,384252,8710932,4286640616,1115580.5,8706704,1244,39.3,Ultrasonic_Task,1,BLOCKED,0,200,0,458,0,1000,5199,0,11,9,9,9,9.0,35,35.0,9,10,90.0,1040,1031,2566,33,10416,282.6,563.3,0,1,4096,0,-1.0,458,2026-09-19T23:25:19
104533,105,104533,1,46.5,53.5,28.7,384252,8710932,4286640616,1115580.5,8706704,3639,55.6,AI_Task,2,BLOCKED,9,20,0,3641,0,1000,5250,0,11,9,9,9,9.0,35,35.0,9,10,90.0,1050,1041,2591,33,10416,282.6,563.3,0,1,4096,0,-1.0,463,2026-09-19T23:25:20
104533,105,104533,1,46.5,53.5,3.1,384252,8710932,4286640616,1115580.5,8706704,3368,17.8,MotorControl_Task,3,BLOCKED,4,100,0,1041,0,1000,5250,0,11,9,9,9,9.0,35,35.0,9,10,90.0,1050,1041,2591,33,10416,282.6,563.3,0,1,4096,0,-1.0,463,2026-09-19T23:25:20
104533,105,104533,1,46.5,53.5,0.6,384252,8710932,4286640616,1115580.5,8706704,1344,67.2,Monitor_Task,1,RUNNING,7,1000,6,105,0,1000,5250,0,11,9,9,9,9.0,35,35.0,9,10,90.0,1050,1041,2591,33,10416,282.6,563.3,0,1,4096,0,-1.0,463,2026-09-19T23:25:20
104533,105,104533,1,46.5,53.5,11.0,384252,8710932,4286640616,1115580.5,8706704,1244,39.3,Ultrasonic_Task,1,BLOCKED,0,200,0,463,0,1000,5250,0,11,9,9,9,9.0,35,35.0,9,10,90.0,1050,1041,2591,33,10416,282.6,563.3,0,1,4096,0,-1.0,463,2026-09-19T23:25:20
105527,106,105527,1,46.5,53.5,28.7,384252,8710932,4286640616,1115580.5,8706704,3639,55.6,AI_Task,2,BLOCKED,9,20,0,3676,0,1000,5300,0,11,9,9,9,9.0,35,35.0,9,10,90.0,1060,1051,2616,33,10416,282.6,563.3,0,1,4096,0,-1.0,467,2026-09-19T23:25:21
105527,106,105527,1,46.5,53.5,3.1,384252,8710932,4286640616,1115580.5,8706704,3368,17.8,MotorControl_Task,3,BLOCKED,4,100,0,1051,0,1000,5300,0,11,9,9,9,9.0,35,35.0,9,10,90.0,1060,1051,2616,33,10416,282.6,563.3,0,1,4096,0,-1.0,467,2026-09-19T23:25:21
105527,106,105527,1,46.5,53.5,0.6,384252,8710932,4286640616,1115580.5,8706704,1344,67.2,Monitor_Task,1,RUNNING,1,1000,6,106,0,1000,5300,0,11,9,9,9,9.0,35,35.0,9,10,90.0,1060,1051,2616,33,10416,282.6,563.3,0,1,4096,0,-1.0,467,2026-09-19T23:25:21
105527,106,105527,1,46.5,53.5,11.0,384252,8710932,4286640616,1115580.5,8706704,1244,39.3,Ultrasonic_Task,1,BLOCKED,0,200,0,467,0,1000,5300,0,11,9,9,9,9.0,35,35.0,9,10,90.0,1060,1051,2616,33,10416,282.6,563.3,0,1,4096,0,-1.0,467,2026-09-19T23:25:21
106528,107,106528,1,46.5,53.5,28.7,384252,8710932,4286640616,1115580.5,8706704,3639,55.6,AI_Task,2,BLOCKED,9,20,0,3711,0,1001,5351,0,11,9,9,9,9.0,35,35.0,9,10,90.0,1070,1061,2641,33,10416,282.7,563.3,0,1,4096,0,-1.0,471,2026-09-19T23:25:22
106528,107,106528,1,46.5,53.5,3.1,384252,8710932,4286640616,1115580.5,8706704,3368,17.8,MotorControl_Task,3,BLOCKED,4,100,0,1061,0,1001,5351,0,11,9,9,9,9.0,35,35.0,9,10,90.0,1070,1061,2641,33,10416,282.7,563.3,0,1,4096,0,-1.0,472,2026-09-19T23:25:22
106528,107,106528,1,46.5,53.5,0.6,384252,8710932,4286640616,1115580.5,8706704,1344,67.2,Monitor_Task,1,RUNNING,2,1000,1,107,0,1001,5351,0,11,9,9,9,9.0,35,35.0,9,10,90.0,1070,1061,2641,33,10416,282.7,563.3,0,1,4096,0,-1.0,472,2026-09-19T23:25:22
106528,107,106528,1,46.5,53.5,11.0,384252,8710932,4286640616,1115580.5,8706704,1244,39.3,Ultrasonic_Task,1,BLOCKED,0,200,0,471,0,1001,5351,0,11,9,9,9,9.0,35,35.0,9,10,90.0,1070,1061,2641,33,10416,282.7,563.3,0,1,4096,0,-1.0,472,2026-09-19T23:25:22
107533,108,107533,1,46.5,53.5,3.1,384252,8710932,4286640616,1115580.5,8706704,3368,17.8,MotorControl_Task,3,BLOCKED,4,100,0,1071,0,999,5401,0,11,9,9,9,9.0,35,35.0,9,10,90.0,1080,1071,2666,33,10416,282.6,563.3,0,1,4096,0,-1.0,476,2026-09-19T23:25:23
107533,108,107533,1,46.5,53.5,0.6,384252,8710932,4286640616,1115580.5,8706704,1344,67.2,Monitor_Task,1,RUNNING,7,1000,5,108,0,999,5401,0,11,9,9,9,9.0,35,35.0,9,10,90.0,1080,1071,2666,33,10416,282.6,563.3,0,1,4096,0,-1.0,476,2026-09-19T23:25:23
107533,108,107533,1,46.5,53.5,11.0,384252,8710932,4286640616,1115580.5,8706704,1244,39.3,Ultrasonic_Task,1,BLOCKED,0,200,0,476,0,999,5401,0,11,9,9,9,9.0,35,35.0,9,10,90.0,1080,1071,2666,33,10416,282.6,563.3,0,1,4096,0,-1.0,476,2026-09-19T23:25:23
108527,109,108527,1,46.5,53.5,28.7,384252,8710932,4286640616,1115580.5,8706704,3639,55.6,AI_Task,2,BLOCKED,9,20,0,3781,0,1000,5451,0,11,9,9,9,9.0,35,35.0,9,10,90.0,1090,1081,2691,33,10416,282.6,563.3,0,1,4096,0,-1.0,480,2026-09-19T23:25:24
108527,109,108527,1,46.5,53.5,3.1,384252,8710932,4286640616,1115580.5,8706704,3368,17.8,MotorControl_Task,3,BLOCKED,4,100,0,1081,0,1000,5451,0,11,9,9,9,9.0,35,35.0,9,10,90.0,1090,1081,2691,33,10416,282.6,563.3,0,1,4096,0,-1.0,480,2026-09-19T23:25:24
108527,109,108527,1,46.5,53.5,0.6,384252,8710932,4286640616,1115580.5,8706704,1344,67.2,Monitor_Task,1,RUNNING,1,1000,6,109,0,1000,5452,0,11,9,9,9,9.0,35,35.0,9,10,90.0,1090,1081,2691,33,10416,282.6,563.3,0,1,4096,0,-1.0,480,2026-09-19T23:25:24
108527,109,108527,1,46.5,53.5,11.0,384252,8710932,4286640616,1115580.5,8706704,1244,39.3,Ultrasonic_Task,1,READY,0,200,0,480,0,1000,5452,0,11,9,9,9,9.0,35,35.0,9,10,90.0,1090,1081,2691,33,10416,282.6,563.3,0,1,4096,0,-1.0,480,2026-09-19T23:25:24
109527,110,109527,1,46.5,53.5,28.7,384252,8710932,4286640616,1115580.5,8706704,3639,55.6,AI_Task,2,BLOCKED,9,20,0,3816,0,1000,5502,0,11,9,9,9,9.0,35,35.0,9,10,90.0,1100,1091,2716,33,10416,282.7,563.3,0,1,4096,0,-1.0,485,2026-09-19T23:25:25
109527,110,109527,1,46.5,53.5,3.1,384252,8710932,4286640616,1115580.5,8706704,3368,17.8,MotorControl_Task,3,BLOCKED,4,100,0,1091,0,1000,5502,0,11,9,9,9,9.0,35,35.0,9,10,90.0,1100,1091,2716,33,10416,282.7,563.3,0,1,4096,0,-1.0,485,2026-09-19T23:25:25
109527,110,109527,1,46.5,53.5,0.6,384252,8710932,4286640616,1115580.5,8706704,1344,67.2,Monitor_Task,1,RUNNING,1,1000,0,110,0,1000,5502,0,11,9,9,9,9.0,35,35.0,9,10,90.0,1100,1091,2716,33,10416,282.7,563.3,0,1,4096,0,-1.0,485,2026-09-19T23:25:25
109527,110,109527,1,46.5,53.5,11.0,384252,8710932,4286640616,1115580.5,8706704,1244,39.3,Ultrasonic_Task,1,BLOCKED,0,200,0,485,0,1000,5502,0,11,9,9,9,9.0,35,35.0,9,10,90.0,1100,1091,2716,33,10416,282.7,563.3,0,1,4096,0,-1.0,485,2026-09-19T23:25:25
110533,111,110533,1,46.5,53.5,0.6,384252,8710932,4286640616,1115580.5,8706704,1344,67.2,Monitor_Task,1,RUNNING,7,1000,6,111,0,1000,5552,0,11,9,9,9,9.0,35,35.0,9,10,90.0,1110,1101,2741,33,10416,282.6,563.3,0,1,4096,0,-1.0,489,2026-09-19T23:25:26
110533,111,110533,1,46.5,53.5,11.0,384252,8710932,4286640616,1115580.5,8706704,1244,39.3,Ultrasonic_Task,1,BLOCKED,0,200,0,489,0,1000,5552,0,11,9,9,9,9.0,35,35.0,9,10,90.0,1110,1101,2741,33,10416,282.6,563.3,0,1,4096,0,-1.0,489,2026-09-19T23:25:26
111527,112,111527,1,46.5,53.5,28.7,384252,8710932,4286640616,1115580.5,8706704,3639,55.6,AI_Task,2,BLOCKED,9,20,0,3886,0,1000,5603,0,11,9,9,9,9.0,35,35.0,9,10,90.0,1120,1111,2766,33,10416,282.7,563.3,0,1,4096,0,-1.0,494,2026-09-19T23:25:27
111527,112,111527,1,46.5,53.5,3.1,384252,8710932,4286640616,1115580.5,8706704,3368,17.8,MotorControl_Task,3,BLOCKED,4,100,0,1111,0,1000,5603,0,11,9,9,9,9.0,35,35.0,9,10,90.0,1120,1111,2766,33,10416,282.7,563.3,0,1,4096,0,-1.0,494,2026-09-19T23:25:27
111527,112,111527,1,46.5,53.5,0.6,384252,8710932,4286640616,1115580.5,8706704,1344,67.2,Monitor_Task,1,RUNNING,1,1000,6,112,0,1000,5603,0,11,9,9,9,9.0,35,35.0,9,10,90.0,1120,1111,2766,33,10416,282.7,563.3,0,1,4096,0,-1.0,494,2026-09-19T23:25:27
111527,112,111527,1,46.5,53.5,11.0,384252,8710932,4286640616,1115580.5,8706704,1244,39.3,Ultrasonic_Task,1,BLOCKED,0,200,0,494,0,1000,5603,0,11,9,9,9,9.0,35,35.0,9,10,90.0,1120,1111,2766,33,10416,282.7,563.3,0,1,4096,0,-1.0,494,2026-09-19T23:25:27
112527,113,112527,1,46.5,53.5,28.7,384252,8710932,4286640616,1115580.5,8706704,3639,55.6,AI_Task,2,BLOCKED,9,20,0,3921,0,1000,5653,0,11,9,9,9,9.0,35,35.0,9,10,90.0,1130,1121,2791,33,10416,282.6,563.3,0,1,4096,0,-1.0,498,2026-09-19T23:25:28
112527,113,112527,1,46.5,53.5,3.1,384252,8710932,4286640616,1115580.5,8706704,3368,17.8,MotorControl_Task,3,BLOCKED,4,100,0,1121,0,1000,5653,0,11,9,9,9,9.0,35,35.0,9,10,90.0,1130,1121,2791,33,10416,282.6,563.3,0,1,4096,0,-1.0,498,2026-09-19T23:25:28
112527,113,112527,1,46.5,53.5,0.6,384252,8710932,4286640616,1115580.5,8706704,1344,67.2,Monitor_Task,1,RUNNING,1,1000,0,113,0,1000,5653,0,11,9,9,9,9.0,35,35.0,9,10,90.0,1130,1121,2791,33,10416,282.6,563.3,0,1,4096,0,-1.0,498,2026-09-19T23:25:28
112527,113,112527,1,46.5,53.5,11.0,384252,8710932,4286640616,1115580.5,8706704,1244,39.3,Ultrasonic_Task,1,BLOCKED,0,200,0,498,0,1000,5653,0,11,9,9,9,9.0,35,35.0,9,10,90.0,1130,1121,2791,33,10416,282.6,563.3,0,1,4096,0,-1.0,498,2026-09-19T23:25:28
113533,114,113533,1,46.5,53.5,0.6,384252,8710932,4286640616,1115580.5,8706704,1344,67.2,Monitor_Task,1,RUNNING,7,1000,6,114,0,1000,5704,0,11,9,9,9,9.0,35,35.0,9,10,90.0,1140,1131,2816,33,10416,282.7,563.3,0,1,4096,0,-1.0,503,2026-09-19T23:25:29
113533,114,113533,1,46.5,53.5,11.0,384252,8710932,4286640616,1115580.5,8706704,1244,39.3,Ultrasonic_Task,1,BLOCKED,0,200,0,503,0,1000,5704,0,11,9,9,9,9.0,35,35.0,9,10,90.0,1140,1131,2816,33,10416,282.7,563.3,0,1,4096,0,-1.0,503,2026-09-19T23:25:29
114527,115,114527,1,46.5,53.5,28.7,384252,8710932,4286640616,1115580.5,8706704,3639,55.6,AI_Task,2,BLOCKED,9,20,0,3991,0,1000,5754,0,11,9,9,9,9.0,35,35.0,9,10,90.0,1150,1141,2841,33,10416,282.7,563.3,0,1,4096,0,-1.0,507,2026-09-19T23:25:30
114527,115,114527,1,46.5,53.5,3.1,384252,8710932,4286640616,1115580.5,8706704,3368,17.8,MotorControl_Task,3,BLOCKED,4,100,0,1141,0,1000,5754,0,11,9,9,9,9.0,35,35.0,9,10,90.0,1150,1141,2841,33,10416,282.7,563.3,0,1,4096,0,-1.0,507,2026-09-19T23:25:30
114527,115,114527,1,46.5,53.5,0.6,384252,8710932,4286640616,1115580.5,8706704,1344,67.2,Monitor_Task,1,RUNNING,1,1000,6,115,0,1000,5754,0,11,9,9,9,9.0,35,35.0,9,10,90.0,1150,1141,2841,33,10416,282.7,563.3,0,1,4096,0,-1.0,507,2026-09-19T23:25:30
114527,115,114527,1,46.5,53.5,11.0,384252,8710932,4286640616,1115580.5,8706704,1244,39.3,Ultrasonic_Task,1,BLOCKED,0,200,0,507,0,1000,5754,0,11,9,9,9,9.0,35,35.0,9,10,90.0,1150,1141,2841,33,10416,282.7,563.3,0,1,4096,0,-1.0,507,2026-09-19T23:25:30
115528,116,115528,1,46.5,53.5,28.7,384252,8710932,4286640616,1115580.5,8706704,3639,55.6,AI_Task,2,BLOCKED,9,20,0,4026,0,1001,5805,0,11,9,9,9,9.0,35,35.0,9,10,90.0,1160,1151,2866,33,10416,282.7,563.3,0,1,4096,0,-1.0,511,2026-09-19T23:25:31
115528,116,115528,1,46.5,53.5,3.1,384252,8710932,4286640616,1115580.5,8706704,3368,17.8,MotorControl_Task,3,BLOCKED,4,100,0,1151,0,1001,5805,0,11,9,9,9,9.0,35,35.0,9,10,90.0,1160,1151,2866,33,10416,282.7,563.3,0,1,4096,0,-1.0,512,2026-09-19T23:25:31
115528,116,115528,1,46.5,53.5,0.6,384252,8710932,4286640616,1115580.5,8706704,1344,67.2,Monitor_Task,1,RUNNING,2,1000,1,116,0,1001,5805,0,11,9,9,9,9.0,35,35.0,9,10,90.0,1160,1151,2866,33,10416,282.7,563.3,0,1,4096,0,-1.0,512,2026-09-19T23:25:31
115528,116,115528,1,46.5,53.5,11.0,384252,8710932,4286640616,1115580.5,8706704,1244,39.3,Ultrasonic_Task,1,BLOCKED,0,200,0,511,0,1001,5805,0,11,9,9,9,9.0,35,35.0,9,10,90.0,1160,1151,2866,33,10416,282.7,563.3,0,1,4096,0,-1.0,512,2026-09-19T23:25:31
116533,117,116533,1,46.5,53.5,28.7,384252,8710932,4286640616,1115580.5,8706704,3639,55.6,AI_Task,2,BLOCKED,9,20,0,4061,0,999,5855,0,11,9,9,9,9.0,35,35.0,9,10,90.0,1170,1161,2891,33,10416,282.7,563.3,0,1,4096,0,-1.0,516,2026-09-19T23:25:32
116533,117,116533,1,46.5,53.5,3.1,384252,8710932,4286640616,1115580.5,8706704,3368,17.8,MotorControl_Task,3,BLOCKED,4,100,0,1161,0,999,5855,0,11,9,9,9,9.0,35,35.0,9,10,90.0,1170,1161,2891,33,10416,282.7,563.3,0,1,4096,0,-1.0,516,2026-09-19T23:25:32
116533,117,116533,1,46.5,53.5,0.6,384252,8710932,4286640616,1115580.5,8706704,1344,67.2,Monitor_Task,1,RUNNING,7,1000,5,117,0,999,5855,0,11,9,9,9,9.0,35,35.0,9,10,90.0,1170,1161,2891,33,10416,282.7,563.3,0,1,4096,0,-1.0,516,2026-09-19T23:25:32
116533,117,116533,1,46.5,53.5,11.0,384252,8710932,4286640616,1115580.5,8706704,1244,39.3,Ultrasonic_Task,1,BLOCKED,0,200,0,516,0,999,5855,0,11,9,9,9,9.0,35,35.0,9,10,90.0,1170,1161,2891,33,10416,282.7,563.3,0,1,4096,0,-1.0,516,2026-09-19T23:25:32
117527,118,117527,1,46.5,53.5,28.7,384252,8710932,4286640616,1115580.5,8706704,3639,55.6,AI_Task,2,BLOCKED,9,20,0,4096,0,1000,5905,0,11,9,9,9,9.0,35,35.0,9,10,90.0,1180,1171,2916,33,10416,282.7,563.3,0,1,4096,0,-1.0,520,2026-09-19T23:25:33
117527,118,117527,1,46.5,53.5,3.1,384252,8710932,4286640616,1115580.5,8706704,3368,17.8,MotorControl_Task,3,BLOCKED,4,100,0,1171,0,1000,5905,0,11,9,9,9,9.0,35,35.0,9,10,90.0,1180,1171,2916,33,10416,282.7,563.3,0,1,4096,0,-1.0,520,2026-09-19T23:25:33
117527,118,117527,1,46.5,53.5,0.6,384252,8710932,4286640616,1115580.5,8706704,1344,67.2,Monitor_Task,1,RUNNING,1,1000,6,118,0,1000,5906,0,11,9,9,9,9.0,35,35.0,9,10,90.0,1180,1171,2916,33,10416,282.7,563.3,0,1,4096,0,-1.0,520,2026-09-19T23:25:33
117527,118,117527,1,46.5,53.5,11.0,384252,8710932,4286640616,1115580.5,8706704,1244,39.3,Ultrasonic_Task,1,READY,0,200,0,520,0,1000,5906,0,11,9,9,9,9.0,35,35.0,9,10,90.0,1180,1171,2916,33,10416,282.7,563.3,0,1,4096,0,-1.0,520,2026-09-19T23:25:33
118527,119,118527,1,46.5,53.5,28.7,384252,8710932,4286640616,1115580.5,8706704,3639,55.6,AI_Task,2,BLOCKED,9,20,0,4131,0,1000,5956,0,11,9,9,9,9.0,35,35.0,9,10,90.0,1190,1181,2941,33,10416,282.7,563.3,0,1,4096,0,-1.0,525,2026-09-19T23:25:34
118527,119,118527,1,46.5,53.5,3.1,384252,8710932,4286640616,1115580.5,8706704,3368,17.8,MotorControl_Task,3,BLOCKED,4,100,0,1181,0,1000,5956,0,11,9,9,9,9.0,35,35.0,9,10,90.0,1190,1181,2941,33,10416,282.7,563.3,0,1,4096,0,-1.0,525,2026-09-19T23:25:34
118527,119,118527,1,46.5,53.5,0.6,384252,8710932,4286640616,1115580.5,8706704,1344,67.2,Monitor_Task,1,RUNNING,1,1000,0,119,0,1000,5956,0,11,9,9,9,9.0,35,35.0,9,10,90.0,1190,1181,2941,33,10416,282.7,563.3,0,1,4096,0,-1.0,525,2026-09-19T23:25:34
118527,119,118527,1,46.5,53.5,11.0,384252,8710932,4286640616,1115580.5,8706704,1244,39.3,Ultrasonic_Task,1,BLOCKED,0,200,0,525,0,1000,5956,0,11,9,9,9,9.0,35,35.0,9,10,90.0,1190,1181,2941,33,10416,282.7,563.3,0,1,4096,0,-1.0,525,2026-09-19T23:25:34
119533,120,119533,1,46.5,53.5,0.6,384252,8710932,4286640616,1115580.5,8706704,1344,67.2,Monitor_Task,1,RUNNING,7,1000,6,120,0,1000,6006,0,11,9,9,9,9.0,35,35.0,9,10,90.0,1200,1191,2966,33,10416,282.7,563.3,0,1,4096,0,-1.0,529,2026-09-19T23:25:35
119533,120,119533,1,46.5,53.5,11.0,384252,8710932,4286640616,1115580.5,8706704,1244,39.3,Ultrasonic_Task,1,BLOCKED,0,200,0,529,0,1000,6006,0,11,9,9,9,9.0,35,35.0,9,10,90.0,1200,1191,2966,33,10416,282.7,563.3,0,1,4096,0,-1.0,529,2026-09-19T23:25:35
