timestamp,target,actual,predicted,baseline_predicted,error,absolute_error
2026-09-16 03:32:24,latency,39.6343,38.53799733333334,34.4378,1.0963026666666664,1.0963026666666664
2026-09-16 03:32:25,latency,41.5652,39.754939791666665,37.068,1.8102602083333323,1.8102602083333323
2026-09-16 03:32:26,latency,40.1645,37.99844616666667,36.9085,2.1660538333333292,2.1660538333333292
2026-09-16 03:32:27,latency,38.4048,37.993609041666666,35.7256,0.41119095833333574,0.41119095833333574
2026-09-16 03:32:28,latency,46.6066,38.69296575,39.2523,7.913634250000001,7.913634250000001
2026-09-16 03:32:29,latency,28.8026,38.357012125000004,32.0373,-9.554412125000002,9.554412125000002
2026-09-16 03:32:30,latency,33.7824,36.449316125,47.6608,-2.666916125,2.666916125
2026-09-16 03:32:31,latency,36.8259,39.002170625,40.8534,-2.176270625000001,2.176270625000001
2026-09-16 03:32:32,latency,30.963,40.41435175,36.9735,-9.45135175,9.45135175
2026-09-16 03:32:33,latency,39.6344,40.54688054166667,40.3701,-0.9124805416666675,0.9124805416666675
2026-09-16 03:32:34,latency,41.3332,39.986347708333334,39.6343,1.3468522916666643,1.3468522916666643
2026-09-16 03:32:35,latency,28.1844,39.320234541666665,41.5652,-11.135834541666664,11.135834541666664
2026-09-16 03:32:36,latency,39.6906,38.93383125,40.1645,0.7567687500000062,0.7567687500000062
2026-09-16 03:32:37,latency,42.6377,39.465545750000004,38.4048,3.1721542499999984,3.1721542499999984
2026-09-16 03:32:38,latency,44.3473,38.814611541666665,46.6066,5.5326884583333324,5.5326884583333324
2026-09-16 03:32:39,latency,25.9256,39.21853075,28.8026,-13.29293075,13.29293075
2026-09-16 03:32:40,latency,40.4872,38.49143579166667,33.7824,1.995764208333334,1.995764208333334
2026-09-16 03:32:41,latency,34.0608,37.85700820833333,36.8259,-3.796208208333333,3.796208208333333
2026-09-16 03:32:42,latency,41.5426,38.349817375,30.963,3.1927826249999995,3.1927826249999995
2026-09-16 03:32:43,latency,43.6817,37.526131166666666,39.6344,6.155568833333334,6.155568833333334
2026-09-16 03:32:44,latency,51.4726,37.43626141666666,41.3332,14.03633858333334,14.03633858333334
2026-09-16 03:32:45,latency,41.0446,37.023943375,28.1844,4.020656625000001,4.020656625000001
2026-09-16 03:32:46,latency,44.5385,37.73062779166667,39.6906,6.807872208333329,6.807872208333329
2026-09-16 03:32:47,latency,41.277,37.87506245833334,42.6377,3.401937541666662,3.401937541666662
2026-09-16 03:32:48,latency,42.6807,38.154607166666665,44.3473,4.526092833333337,4.526092833333337
2026-09-16 03:32:49,latency,34.6923,35.972783041666666,25.9256,-1.2804830416666633,1.2804830416666633
2026-09-16 03:32:50,latency,31.4152,38.852399125,40.4872,-7.437199124999999,7.437199124999999
2026-09-16 03:32:51,latency,33.8002,39.85548837500001,34.0608,-6.055288375000011,6.055288375000011
2026-09-16 03:32:52,latency,42.847,37.00970683333334,41.5426,5.837293166666662,5.837293166666662
2026-09-16 03:32:53,latency,41.7478,37.82635820833334,43.6817,3.921441791666659,3.921441791666659
2026-09-16 03:32:54,latency,42.9243,38.339423625,51.4726,4.584876375,4.584876375
2026-09-16 03:32:55,latency,47.5171,39.0133195,41.0446,8.503780499999998,8.503780499999998
2026-09-16 03:32:56,latency,31.3498,41.149307291666666,44.5385,-9.799507291666668,9.799507291666668
2026-09-16 03:32:57,latency,37.7315,39.522821875,41.277,-1.7913218750000013,1.7913218750000013
2026-09-16 03:32:58,latency,30.3943,40.220505375,42.6807,-9.826205375,9.826205375
2026-09-16 03:32:59,latency,37.9599,38.42968870833334,34.6923,-0.46978870833333986,0.46978870833333986
2026-09-16 03:33:00,latency,33.2018,38.632579666666665,31.4152,-5.430779666666666,5.430779666666666
2026-09-16 03:33:01,latency,39.3559,36.421678375,33.8002,2.9342216249999993,2.9342216249999993
2026-09-16 03:33:02,latency,27.1143,39.733115625,42.847,-12.618815625000003,12.618815625000003
2026-09-16 03:33:03,latency,31.2656,39.54561041666666,41.7478,-8.280010416666663,8.280010416666663
2026-09-16 03:33:04,latency,34.9947,38.11428704166667,42.9243,-3.1195870416666693,3.1195870416666693
2026-09-16 03:33:05,latency,34.5708,41.290262041666665,47.5171,-6.719462041666667,6.719462041666667
2026-09-16 03:33:06,latency,46.9813,39.474283541666665,31.3498,7.507016458333332,7.507016458333332
2026-09-16 03:33:07,latency,44.0504,40.182266625,37.7315,3.8681333750000064,3.8681333750000064
2026-09-16 03:33:08,latency,35.9071,39.325479916666666,30.3943,-3.418379916666666,3.418379916666666
2026-09-16 03:33:09,latency,33.2315,40.499154125,37.9599,-7.267654125,7.267654125
2026-09-16 03:33:10,latency,44.1908,38.55518883333333,33.2018,5.635611166666671,5.635611166666671
2026-09-16 03:33:11,latency,37.6725,39.237788916666666,39.3559,-1.5652889166666668,1.5652889166666668
2026-09-16 03:33:12,latency,38.871,37.60533937500001,27.1143,1.2656606249999953,1.2656606249999953
2026-09-16 03:33:13,latency,43.5808,36.857818375,31.2656,6.722981625000003,6.722981625000003
2026-09-16 03:33:14,latency,36.1958,38.25431445833333,34.9947,-2.0585144583333346,2.0585144583333346
2026-09-16 03:33:15,latency,40.88,37.563413249999996,34.5708,3.316586750000006,3.316586750000006
2026-09-16 03:33:16,latency,35.6436,37.514527333333334,46.9813,-1.8709273333333343,1.8709273333333343
2026-09-16 03:33:17,latency,29.439,36.479983625,44.0504,-7.040983625000003,7.040983625000003
2026-09-16 03:33:18,latency,30.043,37.288623375,35.9071,-7.245623375000001,7.245623375000001
2026-09-16 03:33:19,latency,41.6864,36.35333133333333,33.2315,5.333068666666669,5.333068666666669
2026-09-16 03:33:20,latency,51.0693,37.15138958333334,44.1908,13.917910416666658,13.917910416666658
2026-09-16 03:33:21,latency,28.8017,38.35569066666667,37.6725,-9.553990666666667,9.553990666666667
2026-09-16 03:33:22,latency,34.9511,37.49380420833334,38.871,-2.5427042083333404,2.5427042083333404
2026-09-16 03:33:23,latency,31.9244,40.16219300000001,43.5808,-8.23779300000001,8.23779300000001
2026-09-16 03:33:24,latency,34.5973,37.204318125,36.1958,-2.6070181250000033,2.6070181250000033
2026-09-16 03:33:25,latency,38.3504,38.493224833333336,40.88,-0.14282483333333573,0.14282483333333573
2026-09-16 03:33:26,latency,42.9001,38.33858433333333,35.6436,4.561515666666672,4.561515666666672
2026-09-16 03:33:27,latency,32.7431,38.16455533333334,29.439,-5.421455333333341,5.421455333333341
2026-09-16 03:33:28,latency,34.1341,36.29242991666666,30.043,-2.1583299166666663,2.1583299166666663
2026-09-16 03:33:29,latency,29.435,37.996106499999996,41.6864,-8.561106499999998,8.561106499999998
2026-09-16 03:33:30,latency,38.2602,39.20841845833333,51.0693,-0.9482184583333293,0.9482184583333293
2026-09-16 03:33:31,latency,30.7017,38.07253845833333,28.8017,-7.370838458333328,7.370838458333328
2026-09-16 03:33:32,latency,40.3176,38.18017933333333,34.9511,2.137420666666671,2.137420666666671
2026-09-16 03:33:33,latency,38.8801,39.120128083333334,31.9244,-0.24002808333333547,0.24002808333333547
2026-09-16 03:33:34,latency,37.4474,36.87271416666666,34.5973,0.5746858333333407,0.5746858333333407
2026-09-16 03:33:35,latency,33.0624,38.840389458333334,38.3504,-5.777989458333337,5.777989458333337
2026-09-16 03:33:36,latency,33.784,37.63099504166667,42.9001,-3.8469950416666734,3.8469950416666734
2026-09-16 03:33:37,latency,39.6421,38.08798175,32.7431,1.554118250000002,1.554118250000002
2026-09-16 03:33:38,latency,30.1657,36.80755958333333,34.1341,-6.6418595833333285,6.6418595833333285
2026-09-16 03:33:39,latency,34.6598,37.63457562499999,29.435,-2.9747756249999924,2.9747756249999924
2026-09-16 03:33:40,latency,27.8865,37.388496874999994,38.2602,-9.501996874999993,9.501996874999993
2026-09-16 03:33:41,latency,25.7846,36.98871179166667,30.7017,-11.204111791666666,11.204111791666666
2026-09-16 03:33:42,latency,45.5916,37.21021020833333,40.3176,8.38138979166667,8.38138979166667
2026-09-16 03:33:43,latency,39.7519,37.65284916666666,38.8801,2.0990508333333366,2.0990508333333366
2026-09-16 03:33:44,latency,29.6444,35.199308125,37.4474,-5.554908125000001,5.554908125000001
2026-09-16 03:33:45,latency,41.3847,36.5137685,33.0624,4.870931500000005,4.870931500000005
2026-09-16 03:33:46,latency,28.4329,36.15905920833333,33.784,-7.726159208333332,7.726159208333332
2026-09-16 03:33:47,latency,42.3428,37.372520208333334,39.6421,4.970279791666663,4.970279791666663
2026-09-16 03:33:48,latency,33.9128,37.92627645833335,30.1657,-4.013476458333351,4.013476458333351
2026-09-16 03:33:49,latency,40.8616,35.884432125,34.6598,4.977167875000006,4.977167875000006
2026-09-16 03:33:50,latency,25.1187,37.20591754166668,27.8865,-12.087217541666678,12.087217541666678
2026-09-16 03:33:51,latency,31.7716,32.81464441666667,25.7846,-1.0430444166666675,1.0430444166666675
2026-09-16 03:33:52,latency,41.1036,35.14052391666665,45.5916,5.963076083333348,5.963076083333348
2026-09-16 03:33:53,latency,34.128,36.21669595833333,39.7519,-2.088695958333332,2.088695958333332
2026-09-16 03:33:54,latency,33.4298,35.54163541666667,29.6444,-2.111835416666672,2.111835416666672
2026-09-16 03:33:55,latency,29.0359,35.91217458333333,41.3847,-6.8762745833333305,6.8762745833333305
2026-09-16 03:33:56,latency,32.5254,35.56299475,28.4329,-3.037594750000004,3.037594750000004
2026-09-16 03:33:57,latency,40.9174,35.44158458333334,42.3428,5.475815416666663,5.475815416666663
2026-09-16 03:33:58,latency,31.8287,35.07086270833333,33.9128,-3.2421627083333284,3.2421627083333284
2026-09-16 03:33:59,latency,34.4613,36.15732141666667,40.8616,-1.6960214166666674,1.6960214166666674
2026-09-16 03:34:00,latency,33.4929,35.49440124999998,25.1187,-2.0015012499999827,2.0015012499999827
2026-09-16 03:34:01,latency,32.3312,34.47769395833333,31.7716,-2.1464939583333305,2.1464939583333305
2026-09-16 03:34:02,latency,32.4277,35.87067579166667,41.1036,-3.442975791666669,3.442975791666669
2026-09-16 03:34:03,latency,24.5307,34.54429733333333,34.128,-10.013597333333333,10.013597333333333
2026-09-16 03:34:04,latency,40.6047,34.819019041666664,33.4298,5.785680958333337,5.785680958333337
2026-09-16 03:34:05,latency,32.7559,35.949183,29.0359,-3.193283000000001,3.193283000000001
2026-09-16 03:34:06,latency,33.1342,36.798984708333336,32.5254,-3.664784708333336,3.664784708333336
2026-09-16 03:34:07,latency,29.8151,35.21945829166667,40.9174,-5.404358291666668,5.404358291666668
2026-09-16 03:34:08,latency,40.5727,35.605358208333335,31.8287,4.967341791666662,4.967341791666662
2026-09-16 03:34:09,latency,27.5373,36.07779895833333,34.4613,-8.540498958333334,8.540498958333334
2026-09-16 03:34:10,latency,52.9916,34.953075874999996,33.4929,18.038524125000002,18.038524125000002
2026-09-16 03:34:11,latency,40.7195,35.26742245833334,32.3312,5.452077541666654,5.452077541666654
2026-09-16 03:34:12,latency,28.6614,35.251704000000004,32.4277,-6.590304000000003,6.590304000000003
2026-09-16 03:34:13,latency,30.5748,33.718713083333334,24.5307,-3.1439130833333344,3.1439130833333344
2026-09-16 03:34:14,latency,38.8248,34.56011537500001,40.6047,4.264684624999994,4.264684624999994
2026-09-16 03:34:15,latency,27.1262,34.410727458333334,32.7559,-7.284527458333333,7.284527458333333
2026-09-16 03:34:16,latency,25.8565,34.60243775,33.1342,-8.74593775,8.74593775
2026-09-16 03:34:17,latency,27.4068,33.99639125,29.8151,-6.589591250000002,6.589591250000002
2026-09-16 03:34:18,latency,32.6843,36.555556583333335,40.5727,-3.8712565833333343,3.8712565833333343
2026-09-16 03:34:19,latency,44.7093,35.496325416666664,27.5373,9.212974583333335,9.212974583333335
2026-09-16 03:34:20,latency,42.4822,37.43712104166666,52.9916,5.045078958333342,5.045078958333342
2026-09-16 03:34:21,latency,30.2039,36.84761366666667,40.7195,-6.643713666666667,6.643713666666667
2026-09-16 03:34:22,latency,32.8389,36.403978625,28.6614,-3.565078624999998,3.565078624999998
2026-09-16 03:34:23,latency,42.5907,34.85177283333333,30.5748,7.73892716666667,7.73892716666667
2026-09-16 03:34:24,latency,29.6017,36.87585120833334,38.8248,-7.274151208333336,7.274151208333336
2026-09-16 03:34:25,latency,44.547,35.54583862499999,27.1262,9.00116137500001,9.00116137500001
2026-09-16 03:34:26,latency,45.3356,33.588681666666666,25.8565,11.746918333333333,11.746918333333333
2026-09-16 03:34:27,latency,38.2084,33.236149958333336,27.4068,4.972250041666662,4.972250041666662
2026-09-16 03:34:28,latency,38.8711,33.877227958333336,32.6843,4.993872041666663,4.993872041666663
2026-09-16 03:34:29,latency,39.364,34.79740808333332,44.7093,4.566591916666674,4.566591916666674
2026-09-16 03:34:30,latency,31.0166,34.563449875,42.4822,-3.546849875000003,3.546849875000003
2026-09-16 03:34:31,latency,30.7025,34.389830125,30.2039,-3.6873301250000026,3.6873301250000026
2026-09-16 03:34:32,latency,32.914,35.115357,32.8389,-2.2013570000000016,2.2013570000000016
2026-09-16 03:34:33,latency,35.7804,35.823477125000004,42.5907,-0.04307712500000349,0.04307712500000349
2026-09-16 03:34:34,latency,42.854,35.449111374999994,29.6017,7.404888625000005,7.404888625000005
2026-09-16 03:34:35,latency,42.1892,34.11987195833333,44.547,8.069328041666672,8.069328041666672
2026-09-16 03:34:36,latency,41.2833,35.60120904166667,45.3356,5.682090958333326,5.682090958333326
2026-09-16 03:34:37,latency,37.9346,37.657743124999996,38.2084,0.2768568750000071,0.2768568750000071
2026-09-16 03:34:38,latency,39.6599,37.350296291666666,38.8711,2.3096037083333343,2.3096037083333343
2026-09-16 03:34:39,latency,47.179,38.638784333333334,39.364,8.540215666666668,8.540215666666668
2026-09-16 03:34:40,latency,48.7335,36.816247374999996,31.0166,11.917252625000003,11.917252625000003
2026-09-16 03:34:41,latency,43.1033,35.376400625,30.7025,7.726899374999995,7.726899374999995
2026-09-16 03:34:42,latency,43.6497,36.69505,32.914,6.954650000000001,6.954650000000001
2026-09-16 03:34:43,latency,44.3267,37.250979125,35.7804,7.075720875000002,7.075720875000002
2026-09-16 03:34:44,latency,26.8821,35.890856291666665,42.854,-9.008756291666664,9.008756291666664
2026-09-16 03:34:45,latency,43.2348,36.764358416666674,42.1892,6.470441583333326,6.470441583333326
2026-09-16 03:34:46,latency,33.0647,38.07596054166667,41.2833,-5.011260541666665,5.011260541666665
2026-09-16 03:34:47,latency,31.8941,37.84980083333334,37.9346,-5.9557008333333386,5.9557008333333386
2026-09-16 03:34:48,latency,34.8428,38.59969125,39.6599,-3.7568912500000025,3.7568912500000025
2026-09-16 03:34:49,latency,34.6074,38.90554966666668,47.179,-4.298149666666681,4.298149666666681
2026-09-16 03:34:50,latency,39.1689,39.081565125000004,48.7335,0.08733487499999626,0.08733487499999626
2026-09-16 03:34:51,latency,37.5545,40.17133275,43.1033,-2.6168327500000004,2.6168327500000004
2026-09-16 03:34:52,latency,45.6115,40.63943354166667,43.6497,4.97206645833333,4.97206645833333
2026-09-16 03:34:53,latency,37.3891,40.49924525,44.3267,-3.110145250000002,3.110145250000002
2026-09-16 03:34:54,latency,42.6546,40.53372270833334,26.8821,2.120877291666659,2.120877291666659
2026-09-16 03:34:55,latency,52.2881,40.29055416666667,43.2348,11.997545833333326,11.997545833333326
2026-09-16 03:34:56,latency,47.5351,39.276647708333336,33.0647,8.258452291666664,8.258452291666664
2026-09-16 03:34:57,latency,44.9816,38.680161000000005,31.8941,6.301438999999995,6.301438999999995
2026-09-16 03:34:58,latency,47.6656,37.882250791666664,34.8428,9.783349208333334,9.783349208333334
2026-09-16 03:34:59,latency,35.2154,38.28642325,34.6074,-3.071023249999996,3.071023249999996
2026-09-16 03:35:00,latency,30.8146,39.251454583333334,39.1689,-8.436854583333336,8.436854583333336
2026-09-16 03:35:01,latency,46.2302,38.88798229166667,37.5545,7.342217708333337,7.342217708333337
2026-09-16 03:35:02,latency,54.5542,38.967625833333344,45.6115,15.586574166666658,15.586574166666658
2026-09-16 03:35:03,latency,44.7801,39.268069,37.3891,5.512031,5.512031
2026-09-16 03:35:04,latency,46.3253,40.080629625,42.6546,6.244670374999998,6.244670374999998
2026-09-16 03:35:05,latency,51.975,41.681059041666664,52.2881,10.293940958333337,10.293940958333337
2026-09-16 03:35:06,latency,49.1459,40.701338416666665,47.5351,8.444561583333332,8.444561583333332
2026-09-16 03:35:07,latency,39.3442,41.04520083333333,44.9816,-1.7010008333333317,1.7010008333333317
2026-09-16 03:35:08,latency,40.0285,42.31578629166667,47.6656,-2.2872862916666676,2.2872862916666676
2026-09-16 03:35:09,latency,40.8674,41.59502525,35.2154,-0.7276252499999956,0.7276252499999956
2026-09-16 03:35:10,latency,36.8007,39.38443645833333,30.8146,-2.583736458333334,2.583736458333334
2026-09-16 03:35:11,latency,41.4649,39.460782583333334,46.2302,2.0041174166666664,2.0041174166666664
2026-09-16 03:35:12,latency,44.7901,42.24366204166667,54.5542,2.5464379583333354,2.5464379583333354
2026-09-16 03:35:13,latency,52.9287,41.1877,44.7801,11.741,11.741
2026-09-16 03:35:14,latency,44.1207,41.002630124999996,46.3253,3.1180698750000033,3.1180698750000033
2026-09-16 03:35:15,latency,49.0243,44.23739258333334,51.975,4.786907416666658,4.786907416666658
2026-09-16 03:35:16,latency,45.2946,43.989258416666665,49.1459,1.3053415833333375,1.3053415833333375
2026-09-16 03:35:17,latency,40.1523,45.399002374999995,39.3442,-5.246702374999998,5.246702374999998
2026-09-16 03:35:18,latency,46.9997,43.216113416666666,40.0285,3.7835865833333315,3.7835865833333315
2026-09-16 03:35:19,latency,46.8348,44.757567416666674,40.8674,2.077232583333327,2.077232583333327
2026-09-16 03:35:20,latency,52.1847,44.607129916666665,36.8007,7.577570083333335,7.577570083333335
2026-09-16 03:35:21,latency,37.8194,44.910863750000004,41.4649,-7.091463750000003,7.091463750000003
2026-09-16 03:35:22,latency,44.4284,43.77258104166667,44.7901,0.6558189583333345,0.6558189583333345
2026-09-16 03:35:23,latency,49.6833,45.74104291666666,52.9287,3.9422570833333452,3.9422570833333452
2026-09-16 03:35:24,latency,42.4868,44.51527075,44.1207,-2.0284707499999968,2.0284707499999968
2026-09-16 03:35:25,latency,54.1356,44.77342125,49.0243,9.362178749999998,9.362178749999998
2026-09-16 03:35:26,latency,44.6331,44.83093975,45.2946,-0.19783974999999998,0.19783974999999998
2026-09-16 03:35:27,latency,45.6951,44.32293045833333,40.1523,1.3721695416666648,1.3721695416666648
2026-09-16 03:35:28,latency,62.852,44.921206416666664,46.9997,17.930793583333333,17.930793583333333
2026-09-16 03:35:29,latency,49.4376,45.82971141666667,46.8348,3.6078885833333345,3.6078885833333345
2026-09-16 03:35:30,latency,60.9795,46.89215595833333,52.1847,14.087344041666668,14.087344041666668
2026-09-16 03:35:31,latency,50.8565,44.34336745833333,37.8194,6.513132541666664,6.513132541666664
2026-09-16 03:35:32,latency,47.0235,43.913766625,44.4284,3.1097333749999976,3.1097333749999976
2026-09-16 03:35:33,latency,48.4074,44.990497000000005,49.6833,3.416902999999998,3.416902999999998
2026-09-16 03:35:34,latency,51.4544,46.34317158333334,42.4868,5.111228416666663,5.111228416666663
2026-09-16 03:35:35,latency,53.5512,45.931042166666664,54.1356,7.620157833333337,7.620157833333337
2026-09-16 03:35:36,latency,50.4207,46.15484658333333,44.6331,4.2658534166666655,4.2658534166666655
2026-09-16 03:35:37,latency,36.4484,45.00736,45.6951,-8.558959999999999,8.558959999999999
2026-09-16 03:35:38,latency,57.0211,48.73633441666667,62.852,8.284765583333325,8.284765583333325
2026-09-16 03:35:39,latency,42.9069,47.15575187500001,49.4376,-4.248851875000007,4.248851875000007
2026-09-16 03:35:40,latency,53.3159,50.862437666666665,60.9795,2.4534623333333343,2.4534623333333343
2026-09-16 03:35:41,latency,57.5672,49.61443495833333,50.8565,7.952765041666673,7.952765041666673
2026-09-16 03:35:42,latency,42.3414,49.218961125,47.0235,-6.877561125,6.877561125
2026-09-16 03:35:43,latency,37.9529,48.640175125000006,48.4074,-10.687275125000006,10.687275125000006
2026-09-16 03:35:44,latency,47.9432,47.662057499999996,51.4544,0.2811425000000014,0.2811425000000014
2026-09-16 03:35:45,latency,52.3061,50.663820333333334,53.5512,1.642279666666667,1.642279666666667
2026-09-16 03:35:46,latency,58.5752,49.85729220833333,50.4207,8.717907791666676,8.717907791666676
2026-09-16 03:35:47,latency,47.3102,47.783173000000005,36.4484,-0.4729730000000032,0.4729730000000032
2026-09-16 03:35:48,latency,49.7614,48.29887941666667,57.0211,1.4625205833333297,1.4625205833333297
2026-09-16 03:35:49,latency,49.1164,49.543480125,42.9069,-0.42708012500000336,0.42708012500000336
2026-09-16 03:35:50,latency,67.2242,48.914443166666665,53.3159,18.30975683333333,18.30975683333333
2026-09-16 03:35:51,latency,39.5684,49.01638416666667,57.5672,-9.447984166666672,9.447984166666672
2026-09-16 03:35:52,latency,53.9427,48.638800958333334,42.3414,5.303899041666668,5.303899041666668
2026-09-16 03:35:53,latency,41.9937,47.30457625,37.9529,-5.31087625,5.31087625
2026-09-16 03:35:54,latency,51.1087,49.711131458333334,47.9432,1.397568541666665,1.397568541666665
2026-09-16 03:35:55,latency,58.5475,51.52156170833334,52.3061,7.025938291666662,7.025938291666662
2026-09-16 03:35:56,latency,49.9654,50.73819300000001,58.5752,-0.7727930000000072,0.7727930000000072
2026-09-16 03:35:57,latency,60.1876,50.61124116666667,47.3102,9.57635883333333,9.57635883333333
2026-09-16 03:35:58,latency,51.7057,50.07686291666667,49.7614,1.6288370833333303,1.6288370833333303
2026-09-16 03:35:59,latency,53.8306,49.850470375,49.1164,3.9801296249999965,3.9801296249999965
2026-09-16 03:36:00,latency,62.1381,51.26046620833332,67.2242,10.877633791666682,10.877633791666682
2026-09-16 03:36:01,latency,52.3634,52.23157495833334,39.5684,0.13182504166665865,0.13182504166665865
2026-09-16 03:36:02,latency,56.9495,50.18082462500001,53.9427,6.768675374999994,6.768675374999994
2026-09-16 03:36:03,latency,57.332,49.43433108333333,41.9937,7.897668916666667,7.897668916666667
2026-09-16 03:36:04,latency,58.9392,49.429313125,51.1087,9.509886875,9.509886875
2026-09-16 03:36:05,latency,63.3251,49.63293020833333,58.5475,13.692169791666672,13.692169791666672
2026-09-16 03:36:06,latency,61.7874,51.00476558333334,49.9654,10.78263441666666,10.78263441666666
2026-09-16 03:36:07,latency,60.1426,50.616672,60.1876,9.525928,9.525928
2026-09-16 03:36:08,latency,52.5428,52.6640155,51.7057,-0.12121549999999814,0.12121549999999814
2026-09-16 03:36:09,latency,52.5219,52.29067466666666,53.8306,0.2312253333333416,0.2312253333333416
2026-09-16 03:36:10,latency,69.0089,54.715305166666674,62.1381,14.293594833333323,14.293594833333323
2026-09-16 03:36:11,latency,50.0631,52.53917895833333,52.3634,-2.476078958333332,2.476078958333332
2026-09-16 03:36:12,latency,51.4387,52.33560391666667,56.9495,-0.8969039166666732,0.8969039166666732
2026-09-16 03:36:13,latency,57.8013,53.8209725,57.332,3.9803274999999942,3.9803274999999942
2026-09-16 03:36:14,latency,68.1075,53.981607374999996,58.9392,14.125892625000006,14.125892625000006
2026-09-16 03:36:15,latency,58.6915,55.02160225,63.3251,3.669897749999997,3.669897749999997
2026-09-16 03:36:16,latency,62.037,55.07398404166667,61.7874,6.9630159583333295,6.9630159583333295
2026-09-16 03:36:17,latency,65.2048,56.154153666666666,60.1426,9.05064633333334,9.05064633333334
2026-09-16 03:36:18,latency,47.4237,55.789067458333335,52.5428,-8.365367458333338,8.365367458333338
2026-09-16 03:36:19,latency,71.2806,55.26312683333334,52.5219,16.01747316666667,16.01747316666667
2026-09-16 03:36:20,latency,57.9159,57.01180274999999,69.0089,0.9040972500000137,0.9040972500000137
2026-09-16 03:36:21,latency,55.0563,57.436823583333336,50.0631,-2.3805235833333356,2.3805235833333356
2026-09-16 03:36:22,latency,61.1908,55.41016808333333,51.4387,5.780631916666671,5.780631916666671
2026-09-16 03:36:23,latency,67.4227,56.19847595833333,57.8013,11.224224041666673,11.224224041666673
2026-09-16 03:36:24,latency,57.3068,55.98756112499999,68.1075,1.3192388750000106,1.3192388750000106
2026-09-16 03:36:25,latency,71.0213,58.05211679166666,58.6915,12.969183208333334,12.969183208333334
2026-09-16 03:36:26,latency,55.3662,57.40297141666667,62.037,-2.0367714166666673,2.0367714166666673
2026-09-16 03:36:27,latency,60.2651,59.42824258333334,65.2048,0.8368574166666534,0.8368574166666534
2026-09-16 03:36:28,latency,52.1218,57.37563383333333,47.4237,-5.253833833333331,5.253833833333331
2026-09-16 03:36:29,latency,61.8111,59.40983479166669,71.2806,2.4012652083333137,2.4012652083333137
2026-09-16 03:36:30,latency,63.0218,58.95608716666667,57.9159,4.065712833333329,4.065712833333329
2026-09-16 03:36:31,latency,51.2914,58.751495041666665,55.0563,-7.460095041666662,7.460095041666662
2026-09-16 03:36:32,latency,57.4522,59.652193875,61.1908,-2.199993875000004,2.199993875000004
2026-09-16 03:36:33,latency,68.8895,60.128553375,67.4227,8.760946624999995,8.760946624999995
2026-09-16 03:36:34,latency,67.927,60.391998750000006,57.3068,7.5350012500000005,7.5350012500000005
2026-09-16 03:36:35,latency,66.4359,59.588793041666676,71.0213,6.8471069583333275,6.8471069583333275
2026-09-16 03:36:36,latency,58.8244,58.8490095,55.3662,-0.024609500000003948,0.024609500000003948
2026-09-16 03:36:37,latency,60.797,59.50897158333333,60.2651,1.2880284166666698,1.2880284166666698
2026-09-16 03:36:38,latency,66.1525,60.149556125000004,52.1218,6.002943875,6.002943875
2026-09-16 03:36:39,latency,77.2094,59.901295958333336,61.8111,17.308104041666667,17.308104041666667
2026-09-16 03:36:40,latency,73.8874,59.797861041666664,63.0218,14.089538958333335,14.089538958333335
2026-09-16 03:36:41,latency,64.6017,58.74846037500001,51.2914,5.853239624999986,5.853239624999986
2026-09-16 03:36:42,latency,64.8848,59.31952054166666,57.4522,5.565279458333336,5.565279458333336
2026-09-16 03:36:43,latency,64.2718,60.64558879166666,68.8895,3.6262112083333378,3.6262112083333378
2026-09-16 03:36:44,latency,57.4715,60.599866250000005,67.927,-3.1283662500000062,3.1283662500000062
2026-09-16 03:36:45,latency,74.4291,61.57057208333334,66.4359,12.858527916666667,12.858527916666667
2026-09-16 03:36:46,latency,64.3309,61.21585795833333,58.8244,3.115042041666669,3.115042041666669
2026-09-16 03:36:47,latency,56.4479,60.30142195833333,60.797,-3.8535219583333316,3.8535219583333316
2026-09-16 03:36:48,latency,70.9835,61.30719483333334,66.1525,9.676305166666666,9.676305166666666
2026-09-16 03:36:49,latency,59.395,64.11115016666666,77.2094,-4.716150166666658,4.716150166666658
2026-09-16 03:36:50,latency,53.5145,62.69191258333333,73.8874,-9.177412583333329,9.177412583333329
2026-09-16 03:36:51,latency,58.5433,66.45693374999999,64.6017,-7.913633749999988,7.913633749999988
2026-09-16 03:36:52,latency,59.5043,64.68403425,64.8848,-5.179734249999996,5.179734249999996
2026-09-16 03:36:53,latency,64.1208,63.758623625,64.2718,0.3621763750000042,0.3621763750000042
2026-09-16 03:36:54,latency,62.1524,64.06208104166666,57.4715,-1.9096810416666585,1.9096810416666585
2026-09-16 03:36:55,latency,67.1858,63.61064091666668,74.4291,3.575159083333318,3.575159083333318
2026-09-16 03:36:56,latency,75.8952,64.05514720833334,64.3309,11.840052791666665,11.840052791666665
2026-09-16 03:36:57,latency,80.1537,63.350941999999996,56.4479,16.802758000000004,16.802758000000004
2026-09-16 03:36:58,latency,59.9736,65.15631312500001,70.9835,-5.182713125000014,5.182713125000014
2026-09-16 03:36:59,latency,66.3548,64.57946716666667,59.395,1.775332833333323,1.775332833333323
2026-09-16 03:37:00,latency,62.2292,64.72263845833334,53.5145,-2.493438458333337,2.493438458333337
2026-09-16 03:37:01,latency,74.6842,64.20281483333333,58.5433,10.48138516666667,10.48138516666667
2026-09-16 03:37:02,latency,65.0656,64.11930929166667,59.5043,0.9462907083333363,0.9462907083333363
2026-09-16 03:37:03,latency,74.5581,64.73657458333334,64.1208,9.82152541666666,9.82152541666666
2026-09-16 03:37:04,latency,85.323,63.471978666666665,62.1524,21.85102133333333,21.85102133333333
2026-09-16 03:37:05,latency,77.6428,63.73650266666667,67.1858,13.906297333333328,13.906297333333328
2026-09-16 03:37:06,latency,65.1065,64.910324625,75.8952,0.1961753749999957,0.1961753749999957
2026-09-16 03:37:07,latency,83.4289,67.00186295833332,80.1537,16.42703704166668,16.42703704166668
2026-09-16 03:37:08,latency,60.5422,65.50103416666666,59.9736,-4.958834166666655,4.958834166666655
2026-09-16 03:37:09,latency,75.8867,64.817446875,66.3548,11.069253125000003,11.069253125000003
2026-09-16 03:37:10,latency,70.9277,65.37812554166666,62.2292,5.549574458333339,5.549574458333339
2026-09-16 03:37:11,latency,68.7426,64.78850087500001,74.6842,3.954099124999985,3.954099124999985
2026-09-16 03:37:12,latency,72.6043,66.10159262500001,65.0656,6.502707374999986,6.502707374999986
2026-09-16 03:37:13,latency,83.9665,64.93214758333333,74.5581,19.034352416666664,19.034352416666664
2026-09-16 03:37:14,latency,75.3151,69.10693708333332,85.323,6.20816291666668,6.20816291666668
2026-09-16 03:37:15,latency,71.8497,68.19533758333333,77.6428,3.6543624166666717,3.6543624166666717
2026-09-16 03:37:16,latency,75.8546,68.97046516666667,65.1065,6.884134833333334,6.884134833333334
2026-09-16 03:37:17,latency,61.8995,70.94619395833332,83.4289,-9.046693958333321,9.046693958333321
2026-09-16 03:37:18,latency,66.4179,68.577338875,60.5422,-2.159438874999992,2.159438874999992
2026-09-16 03:37:19,latency,69.1578,70.37649204166667,75.8867,-1.2186920416666709,1.2186920416666709
2026-09-16 03:37:20,latency,80.9565,69.888069875,70.9277,11.068430125000006,11.068430125000006
2026-09-16 03:37:21,latency,81.7391,70.21269254166667,68.7426,11.526407458333324,11.526407458333324
2026-09-16 03:37:22,latency,76.6931,70.36282266666666,72.6043,6.330277333333342,6.330277333333342
2026-09-16 03:37:23,latency,73.4852,73.03123649999999,83.9665,0.4539635000000146,0.4539635000000146
2026-09-16 03:37:24,latency,68.2586,73.84830754166667,75.3151,-5.5897075416666695,5.5897075416666695
2026-09-16 03:37:25,latency,75.6205,72.37439941666666,71.8497,3.2461005833333445,3.2461005833333445
2026-09-16 03:37:26,latency,74.2297,73.01901733333334,75.8546,1.2106826666666564,1.2106826666666564
2026-09-16 03:37:27,latency,77.6417,70.13005483333333,61.8995,7.511645166666668,7.511645166666668
2026-09-16 03:37:28,latency,83.6236,70.010091125,66.4179,13.613508874999994,13.613508874999994
2026-09-16 03:37:29,latency,74.8815,70.16215295833332,69.1578,4.71934704166668,4.71934704166668
2026-09-16 03:37:30,latency,73.6048,72.87513091666668,80.9565,0.7296690833333201,0.7296690833333201
2026-09-16 03:37:31,latency,75.1921,72.30109704166665,81.7391,2.8910029583333454,2.8910029583333454
2026-09-16 03:37:32,latency,86.0187,74.12232945833334,76.6931,11.896370541666656,11.896370541666656
2026-09-16 03:37:33,latency,82.3292,72.903006375,73.4852,9.426193624999996,9.426193624999996
2026-09-16 03:37:34,latency,73.7253,73.65272979166667,68.2586,0.07257020833333172,0.07257020833333172
2026-09-16 03:37:35,latency,80.2104,73.44437616666667,75.6205,6.766023833333335,6.766023833333335
2026-09-16 03:37:36,latency,79.5816,72.67305170833333,74.2297,6.908548291666662,6.908548291666662
2026-09-16 03:37:37,latency,74.389,72.47252595833334,77.6417,1.9164740416666604,1.9164740416666604
2026-09-16 03:37:38,latency,78.1517,75.04581283333333,83.6236,3.105887166666676,3.105887166666676
2026-09-16 03:37:39,latency,73.8749,74.929204125,74.8815,-1.0543041250000016,1.0543041250000016
2026-09-16 03:37:40,latency,77.919,75.32282870833333,73.6048,2.596171291666664,2.596171291666664
2026-09-16 03:37:41,latency,68.1027,74.58002804166667,75.1921,-6.4773280416666665,6.4773280416666665
2026-09-16 03:37:42,latency,81.5307,75.02544258333333,86.0187,6.505257416666666,6.505257416666666
2026-09-16 03:37:43,latency,75.326,76.527630875,82.3292,-1.2016308750000064,1.2016308750000064
2026-09-16 03:37:44,latency,77.2128,76.26629316666667,73.7253,0.9465068333333306,0.9465068333333306
2026-09-16 03:37:45,latency,73.872,75.54934762500001,80.2104,-1.6773476250000101,1.6773476250000101
2026-09-16 03:37:46,latency,76.3865,74.25498062499999,79.5816,2.1315193750000105,2.1315193750000105
2026-09-16 03:37:47,latency,84.4391,77.92929216666667,74.389,6.509807833333326,6.509807833333326
2026-09-16 03:37:48,latency,88.955,76.33880950000001,78.1517,12.616190499999988,12.616190499999988
2026-09-16 03:37:49,latency,81.8457,76.9446255,73.8749,4.901074499999993,4.901074499999993
2026-09-16 03:37:50,latency,73.2601,75.972495,77.919,-2.7123950000000008,2.7123950000000008
2026-09-16 03:37:51,latency,87.3064,73.81312658333334,68.1027,13.493273416666653,13.493273416666653
2026-09-16 03:37:52,latency,89.1884,76.12033904166665,81.5307,13.068060958333348,13.068060958333348
2026-09-16 03:37:53,latency,88.5646,76.72559758333333,75.326,11.839002416666673,11.839002416666673
2026-09-16 03:37:54,latency,90.2905,76.14554416666667,77.2128,14.144955833333327,14.144955833333327
2026-09-16 03:37:55,latency,77.8008,77.55899008333333,73.872,0.24180991666666785,0.24180991666666785
2026-09-16 03:37:56,latency,85.1469,75.83000808333333,76.3865,9.316891916666677,9.316891916666677
2026-09-16 03:37:57,latency,95.1669,77.10573837499999,84.4391,18.06116162500001,18.06116162500001
2026-09-16 03:37:58,latency,88.0126,78.33894383333333,88.955,9.673656166666674,9.673656166666674
2026-09-16 03:37:59,latency,73.6187,77.91467708333333,81.8457,-4.295977083333327,4.295977083333327
2026-09-16 03:38:00,latency,88.2265,78.85826270833333,73.2601,9.368237291666674,9.368237291666674
2026-09-16 03:38:01,latency,74.4988,79.377876375,87.3064,-4.879076374999997,4.879076374999997
2026-09-16 03:38:02,latency,90.7837,80.64592475,89.1884,10.13777524999999,10.13777524999999
2026-09-16 03:38:03,latency,84.6794,81.819226,88.5646,2.8601740000000007,2.8601740000000007
2026-09-16 03:38:04,latency,84.9453,81.132431875,90.2905,3.8128681250000085,3.8128681250000085
2026-09-16 03:38:05,latency,85.0129,80.19817375,77.8008,4.814726250000007,4.814726250000007
2026-09-16 03:38:06,latency,101.3042,79.44601816666668,85.1469,21.85818183333332,21.85818183333332
2026-09-16 03:38:07,latency,85.8215,82.65933804166667,95.1669,3.1621619583333285,3.1621619583333285
2026-09-16 03:38:08,latency,95.3244,82.97588675,88.0126,12.348513249999996,12.348513249999996
2026-09-16 03:38:09,latency,84.2691,79.71525770833334,73.6187,4.553842291666655,4.553842291666655
2026-09-16 03:38:10,latency,101.7306,82.25839283333335,88.2265,19.47220716666665,19.47220716666665
2026-09-16 03:38:11,latency,78.3743,80.718521125,74.4988,-2.34422112499999,2.34422112499999
2026-09-16 03:38:12,latency,83.9826,83.21992133333333,90.7837,0.7626786666666732,0.7626786666666732
2026-09-16 03:38:13,latency,100.4006,82.74772925,84.6794,17.65287074999999,17.65287074999999
2026-09-16 03:38:14,latency,83.6076,82.27866350000001,84.9453,1.3289364999999975,1.3289364999999975
2026-09-16 03:38:15,latency,83.8882,82.85878245833334,85.0129,1.0294175416666604,1.0294175416666604
2026-09-16 03:38:16,latency,99.6423,86.76986183333331,101.3042,12.872438166666697,12.872438166666697
2026-09-16 03:38:17,latency,96.0838,86.33368216666666,85.8215,9.750117833333334,9.750117833333334
2026-09-16 03:38:18,latency,95.0695,88.61912741666667,95.3244,6.450372583333333,6.450372583333333
2026-09-16 03:38:19,latency,92.3875,88.122703375,84.2691,4.2647966250000025,4.2647966250000025
2026-09-16 03:38:20,latency,83.5001,90.71505891666666,101.7306,-7.21495891666666,7.21495891666666
2026-09-16 03:38:21,latency,101.5916,87.08443650000001,78.3743,14.50716349999999,14.50716349999999
2026-09-16 03:38:22,latency,98.0504,86.57730433333334,83.9826,11.473095666666651,11.473095666666651
2026-09-16 03:38:23,latency,77.1547,88.03629941666665,100.4006,-10.881599416666646,10.881599416666646
2026-09-16 03:38:24,latency,91.5013,85.57752270833333,83.6076,5.923777291666667,5.923777291666667
2026-09-16 03:38:25,latency,97.7491,86.96014466666666,83.8882,10.788955333333334,10.788955333333334
2026-09-16 03:38:26,latency,86.3321,90.442401625,99.6423,-4.110301625000005,4.110301625000005
2026-09-16 03:38:27,latency,85.2929,88.25080987499999,96.0838,-2.9579098749999844,2.9579098749999844
2026-09-16 03:38:28,latency,90.221,90.33216633333335,95.0695,-0.11116633333334391,0.11116633333334391
2026-09-16 03:38:29,latency,89.8588,89.335724625,92.3875,0.5230753750000048,0.5230753750000048
2026-09-16 03:38:30,latency,90.3903,89.509952125,83.5001,0.8803478749999982,0.8803478749999982
2026-09-16 03:38:31,latency,97.6241,91.7272,101.5916,5.896900000000002,5.896900000000002
2026-09-16 03:38:32,latency,95.896,92.87768325,98.0504,3.0183167499999968,3.0183167499999968
2026-09-16 03:38:33,latency,92.5905,89.76634879166667,77.1547,2.8241512083333333,2.8241512083333333
2026-09-16 03:38:34,latency,98.5116,90.144620625,91.5013,8.366979375,8.366979375
2026-09-16 03:38:35,latency,90.6597,92.19999354166667,97.7491,-1.5402935416666708,1.5402935416666708
2026-09-16 03:38:36,latency,96.7255,92.28889116666666,86.3321,4.436608833333338,4.436608833333338
2026-09-16 03:38:37,latency,100.6588,90.63151929166666,85.2929,10.027280708333336,10.027280708333336
2026-09-16 03:38:38,latency,91.764,89.48843562500001,90.221,2.2755643749999876,2.2755643749999876
2026-09-16 03:38:39,latency,93.8139,90.93738695833333,89.8588,2.8765130416666693,2.8765130416666693
2026-09-16 03:38:40,latency,100.6091,89.12808604166666,90.3903,11.481013958333335,11.481013958333335
2026-09-16 03:38:41,latency,106.5848,91.95536237499999,97.6241,14.629437625000008,14.629437625000008
2026-09-16 03:38:42,latency,102.7179,91.76077329166667,95.896,10.957126708333334,10.957126708333334
2026-09-16 03:38:43,latency,87.8572,91.494747,92.5905,-3.637546999999998,3.637546999999998
2026-09-16 03:38:44,latency,99.7626,93.76801183333335,98.5116,5.994588166666659,5.994588166666659
2026-09-16 03:38:45,latency,101.5138,93.029898375,90.6597,8.483901625000001,8.483901625000001
2026-09-16 03:38:46,latency,98.9803,93.15676195833333,96.7255,5.823538041666666,5.823538041666666
2026-09-16 03:38:47,latency,100.5046,93.74658825,100.6588,6.758011749999994,6.758011749999994
2026-09-16 03:38:48,latency,91.882,93.038034125,91.764,-1.1560341249999908,1.1560341249999908
2026-09-16 03:38:49,latency,94.4074,92.06534033333334,93.8139,2.342059666666657,2.342059666666657
2026-09-16 03:38:50,latency,108.9611,95.05919845833333,100.6091,13.901901541666675,13.901901541666675
2026-09-16 03:38:51,latency,110.3416,94.679495625,106.5848,15.662104374999998,15.662104374999998
2026-09-16 03:38:52,latency,89.2615,95.36850762499999,102.7179,-6.107007624999994,6.107007624999994
2026-09-16 03:38:53,latency,103.2885,91.82852658333334,87.8572,11.459973416666656,11.459973416666656
2026-09-16 03:38:54,latency,99.699,95.011232875,99.7626,4.6877671249999935,4.6877671249999935
2026-09-16 03:38:55,latency,101.6479,95.93502066666667,101.5138,5.712879333333333,5.712879333333333
2026-09-16 03:38:56,latency,100.9745,95.33973933333334,98.9803,5.634760666666665,5.634760666666665
2026-09-16 03:38:57,latency,107.313,97.35728175,100.5046,9.955718250000004,9.955718250000004
2026-09-16 03:38:58,latency,109.537,96.60526720833334,91.882,12.931732791666661,12.931732791666661
2026-09-16 03:38:59,latency,111.2422,96.49064924999999,94.4074,14.751550750000007,14.751550750000007
2026-09-16 03:39:00,latency,104.6188,98.55154291666666,108.9611,6.067257083333331,6.067257083333331
2026-09-16 03:39:01,latency,97.5096,99.57614008333333,110.3416,-2.0665400833333223,2.0665400833333223
2026-09-16 03:39:02,latency,104.6066,95.6928065,89.2615,8.913793499999997,8.913793499999997
2026-09-16 03:39:03,latency,117.0991,98.76667904166666,103.2885,18.332420958333344,18.332420958333344
2026-09-16 03:39:04,latency,105.0351,97.96573699999999,99.699,7.06936300000001,7.06936300000001
2026-09-16 03:39:05,latency,114.8853,100.07228325000001,101.6479,14.813016749999989,14.813016749999989
2026-09-16 03:39:06,latency,100.992,100.14147662500001,100.9745,0.8505233749999945,0.8505233749999945
2026-09-16 03:39:07,latency,105.6097,101.20176266666667,107.313,4.4079373333333365,4.4079373333333365
2026-09-16 03:39:08,latency,98.3665,100.96083958333334,109.537,-2.594339583333337,2.594339583333337
2026-09-16 03:39:09,latency,107.1488,103.33841766666666,111.2422,3.8103823333333366,3.8103823333333366
2026-09-16 03:39:10,latency,111.0481,102.19504233333333,104.6188,8.853057666666672,8.853057666666672
2026-09-16 03:39:11,latency,108.878,103.56115375,97.5096,5.3168462499999976,5.3168462499999976
2026-09-16 03:39:12,latency,94.9221,100.69345937499999,104.6066,-5.771359374999989,5.771359374999989
2026-09-16 03:39:13,latency,111.8297,106.06226804166667,117.0991,5.767431958333333,5.767431958333333
2026-09-16 03:39:14,latency,104.4708,101.97132216666667,105.0351,2.49947783333333,2.49947783333333
2026-09-16 03:39:15,latency,109.0041,105.59295104166667,114.8853,3.411148958333328,3.411148958333328
2026-09-16 03:39:16,latency,103.3431,104.37049595833334,100.992,-1.0273959583333294,1.0273959583333294
2026-09-16 03:39:17,latency,104.3467,104.063383875,105.6097,0.2833161249999989,0.2833161249999989
2026-09-16 03:39:18,latency,106.9343,104.36079425000001,98.3665,2.573505749999981,2.573505749999981
2026-09-16 03:39:19,latency,119.9951,104.08731695833333,107.1488,15.907783041666661,15.907783041666661
2026-09-16 03:39:20,latency,115.2998,106.15721558333334,111.0481,9.142584416666665,9.142584416666665
2026-09-16 03:39:21,latency,106.7601,104.89474341666667,108.878,1.8653565833333232,1.8653565833333232
2026-09-16 03:39:22,latency,116.701,103.39488475,94.9221,13.30611524999999,13.30611524999999
2026-09-16 03:39:23,latency,113.3177,105.64255845833334,111.8297,7.675141541666662,7.675141541666662
2026-09-16 03:39:24,latency,115.3893,105.84230554166666,104.4708,9.546994458333344,9.546994458333344
2026-09-16 03:39:25,latency,108.5533,106.09644258333333,109.0041,2.456857416666665,2.456857416666665
2026-09-16 03:39:26,latency,111.7333,107.02092191666668,103.3431,4.71237808333332,4.71237808333332
2026-09-16 03:39:27,latency,104.1095,105.8385615,104.3467,-1.7290615000000003,1.7290615000000003
2026-09-16 03:39:28,latency,105.3459,105.41407345833333,106.9343,-0.06817345833333377,0.06817345833333377
2026-09-16 03:39:29,latency,105.2753,108.07005820833332,119.9951,-2.7947582083333202,2.7947582083333202
2026-09-16 03:39:30,latency,113.3537,107.942192125,115.2998,5.411507874999998,5.411507874999998
2026-09-16 03:39:31,latency,121.8033,108.89400158333332,106.7601,12.909298416666672,12.909298416666672
2026-09-16 03:39:32,latency,99.1613,110.16318783333332,116.701,-11.001887833333328,11.001887833333328
2026-09-16 03:39:33,latency,116.2,107.41706175,113.3177,8.78293825,8.78293825
2026-09-16 03:39:34,latency,113.3649,109.10079291666668,115.3893,4.264107083333329,4.264107083333329
2026-09-16 03:39:35,latency,105.4805,108.07553549999999,108.5533,-2.5950354999999803,2.5950354999999803
2026-09-16 03:39:36,latency,99.1888,108.3164775,111.7333,-9.127677500000004,9.127677500000004
2026-09-16 03:39:37,latency,112.4357,108.321284875,104.1095,4.114415124999994,4.114415124999994
2026-09-16 03:39:38,latency,109.0714,108.58103466666667,105.3459,0.49036533333332954,0.49036533333332954
2026-09-16 03:39:39,latency,110.6208,108.90850029166667,105.2753,1.7122997083333331,1.7122997083333331
2026-09-16 03:39:40,latency,115.4162,108.96761141666667,113.3537,6.448588583333333,6.448588583333333
2026-09-16 03:39:41,latency,108.3135,109.48400929166665,121.8033,-1.1705092916666473,1.1705092916666473
2026-09-16 03:39:42,latency,119.0238,108.36081408333332,99.1613,10.66298591666667,10.66298591666667
2026-09-16 03:39:43,latency,109.5638,110.19855608333333,116.2,-0.634756083333329,0.634756083333329
2026-09-16 03:39:44,latency,98.6353,109.196064125,113.3649,-10.560764125000006,10.560764125000006
2026-09-16 03:39:45,latency,119.9205,109.65254975,105.4805,10.267950249999998,10.267950249999998
2026-09-16 03:39:46,latency,119.8393,109.30134975,99.1888,10.537950249999994,10.537950249999994
2026-09-16 03:39:47,latency,106.0988,109.14673645833332,112.4357,-3.047936458333325,3.047936458333325
2026-09-16 03:39:48,latency,104.257,109.55027125,109.0714,-5.293271249999989,5.293271249999989
2026-09-16 03:39:49,latency,118.2856,109.71953145833334,110.6208,8.566068541666667,8.566068541666667
2026-09-16 03:39:50,latency,104.5695,108.77625358333334,115.4162,-4.206753583333338,4.206753583333338
2026-09-16 03:39:51,latency,107.2726,110.89407254166667,108.3135,-3.6214725416666766,3.6214725416666766
2026-09-16 03:39:52,latency,111.2863,110.92709012499999,119.0238,0.3592098750000048,0.3592098750000048
2026-09-16 03:39:53,latency,110.4557,110.19033783333333,109.5638,0.26536216666666235,0.26536216666666235
2026-09-16 03:39:54,latency,102.6106,109.03918745833333,98.6353,-6.428587458333325,6.428587458333325
2026-09-16 03:39:55,latency,110.1807,110.28961254166667,119.9205,-0.10891254166666897,0.10891254166666897
2026-09-16 03:39:56,latency,95.7772,111.16770808333334,119.8393,-15.390508083333344,15.390508083333344
2026-09-16 03:39:57,latency,107.9938,110.87436170833332,106.0988,-2.8805617083333317,2.8805617083333317
2026-09-16 03:39:58,latency,112.7399,110.55442754166667,104.257,2.1854724583333365,2.1854724583333365
2026-09-16 03:39:59,latency,101.6593,111.50630629166668,118.2856,-9.847006291666673,9.847006291666673
2026-09-16 03:40:00,latency,99.27,109.53593754166667,104.5695,-10.265937541666673,10.265937541666673
2026-09-16 03:40:01,latency,113.2135,109.605288625,107.2726,3.6082113749999962,3.6082113749999962
2026-09-16 03:40:02,latency,104.0364,108.69479070833333,111.2863,-4.658390708333329,4.658390708333329
2026-09-16 03:40:03,latency,112.0051,109.36768891666667,110.4557,2.6374110833333333,2.6374110833333333
2026-09-16 03:40:04,latency,99.723,108.617006375,102.6106,-8.894006375000004,8.894006375000004
2026-09-16 03:40:05,latency,117.5591,107.98570145833334,110.1807,9.573398541666663,9.573398541666663
2026-09-16 03:40:06,latency,112.9981,107.64283429166666,95.7772,5.355265708333334,5.355265708333334
2026-09-16 03:40:07,latency,109.2448,108.60915270833333,107.9938,0.6356472916666718,0.6356472916666718
2026-09-16 03:40:08,latency,108.5955,108.71947183333334,112.7399,-0.12397183333334283,0.12397183333334283
2026-09-16 03:40:09,latency,100.3234,106.73477425,101.6593,-6.411374249999994,6.411374249999994
2026-09-16 03:40:10,latency,95.9925,106.24534125,99.27,-10.252841249999989,10.252841249999989
2026-09-16 03:40:11,latency,112.3924,107.76327829166667,113.2135,4.629121708333329,4.629121708333329
2026-09-16 03:40:12,latency,102.2009,106.75407941666667,104.0364,-4.553179416666666,4.553179416666666
2026-09-16 03:40:13,latency,105.2731,107.75256375,112.0051,-2.4794637499999936,2.4794637499999936
2026-09-16 03:40:14,latency,99.9288,105.43305504166666,99.723,-5.504255041666667,5.504255041666667
2026-09-16 03:40:15,latency,104.4845,108.73276833333334,117.5591,-4.248268333333343,4.248268333333343
2026-09-16 03:40:16,latency,101.7917,106.237004625,112.9981,-4.4453046249999915,4.4453046249999915
2026-09-16 03:40:17,latency,103.5694,107.126636875,109.2448,-3.557236875000001,3.557236875000001
2026-09-16 03:40:18,latency,118.6511,107.28484179166666,108.5955,11.366258208333335,11.366258208333335
2026-09-16 03:40:19,latency,106.4585,105.80185891666667,100.3234,0.6566410833333265,0.6566410833333265
2026-09-16 03:40:20,latency,114.4614,105.89731004166669,95.9925,8.564089958333312,8.564089958333312
2026-09-16 03:40:21,latency,98.8298,107.42368866666666,112.3924,-8.593888666666658,8.593888666666658
2026-09-16 03:40:22,latency,96.6885,106.041088875,102.2009,-9.352588874999995,9.352588874999995
2026-09-16 03:40:23,latency,111.1797,105.78277891666667,105.2731,5.396921083333325,5.396921083333325
2026-09-16 03:40:24,latency,103.0027,104.92147841666666,99.9288,-1.9187784166666546,1.9187784166666546
2026-09-16 03:40:25,latency,108.172,104.72486504166666,104.4845,3.4471349583333364,3.4471349583333364
2026-09-16 03:40:26,latency,106.4259,106.25385045833333,101.7917,0.17204954166666653,0.17204954166666653
2026-09-16 03:40:27,latency,111.3705,104.55775775000001,103.5694,6.8127422499999994,6.8127422499999994
2026-09-16 03:40:28,latency,107.8459,106.18775866666665,118.6511,1.6581413333333472,1.6581413333333472
2026-09-16 03:40:29,latency,110.9611,106.91406520833334,106.4585,4.047034791666661,4.047034791666661
2026-09-16 03:40:30,latency,101.154,107.68931966666666,114.4614,-6.535319666666666,6.535319666666666
2026-09-16 03:40:31,latency,100.304,102.96705658333333,98.8298,-2.6630565833333293,2.6630565833333293
2026-09-16 03:40:32,latency,103.552,106.77728241666668,96.6885,-3.2252824166666727,3.2252824166666727
2026-09-16 03:40:33,latency,91.2727,107.14482754166666,111.1797,-15.872127541666657,15.872127541666657
2026-09-16 03:40:34,latency,109.3442,106.274326,103.0027,3.0698739999999987,3.0698739999999987
2026-09-16 03:40:35,latency,105.223,104.95759408333333,108.172,0.2654059166666656,0.2654059166666656
2026-09-16 03:40:36,latency,109.8581,103.846996125,106.4259,6.011103874999989,6.011103874999989
2026-09-16 03:40:37,latency,106.648,105.54647895833334,111.3705,1.1015210416666577,1.1015210416666577
2026-09-16 03:40:38,latency,114.1808,104.974279625,107.8459,9.20652037500001,9.20652037500001
2026-09-16 03:40:39,latency,106.3172,105.493481625,110.9611,0.8237183749999986,0.8237183749999986
2026-09-16 03:40:40,latency,106.632,106.50543379166666,101.154,0.12656620833334387,0.12656620833334387
2026-09-16 03:40:41,latency,104.4607,105.85751708333333,100.304,-1.3968170833333318,1.3968170833333318
2026-09-16 03:40:42,latency,106.4194,104.72479845833334,103.552,1.6946015416666569,1.6946015416666569
2026-09-16 03:40:43,latency,106.5356,102.62018620833334,91.2727,3.9154137916666656,3.9154137916666656
2026-09-16 03:40:44,latency,112.8958,105.14087616666667,109.3442,7.754923833333322,7.754923833333322
2026-09-16 03:40:45,latency,107.306,105.01465491666667,105.223,2.2913450833333258,2.2913450833333258
2026-09-16 03:40:46,latency,111.9442,103.83527391666667,109.8581,8.10892608333333,8.10892608333333
2026-09-16 03:40:47,latency,99.5342,105.3934285,106.648,-5.8592285,5.8592285
2026-09-16 03:40:48,latency,113.1978,107.54841166666667,114.1808,5.649388333333334,5.649388333333334
2026-09-16 03:40:49,latency,106.0822,106.40397691666666,106.3172,-0.3217769166666642,0.3217769166666642
2026-09-16 03:40:50,latency,115.2202,105.35217762500001,106.632,9.868022374999995,9.868022374999995
2026-09-16 03:40:51,latency,122.0518,107.17143325,104.4607,14.880366749999993,14.880366749999993
2026-09-16 03:40:52,latency,109.4319,105.76518395833332,106.4194,3.6667160416666746,3.6667160416666746
2026-09-16 03:40:53,latency,111.9631,105.06545904166667,106.5356,6.8976409583333265,6.8976409583333265
2026-09-16 03:40:54,latency,102.5476,106.60591058333333,112.8958,-4.0583105833333235,4.0583105833333235
2026-09-16 03:40:55,latency,116.7078,105.44214741666666,107.306,11.265652583333349,11.265652583333349
2026-09-16 03:40:56,latency,99.8181,105.69395120833333,111.9442,-5.87585120833333,5.87585120833333
2026-09-16 03:40:57,latency,100.4309,105.31758895833333,99.5342,-4.8866889583333375,4.8866889583333375
2026-09-16 03:40:58,latency,121.2261,107.05747754166667,113.1978,14.168622458333331,14.168622458333331
2026-09-16 03:40:59,latency,113.6985,106.284383625,106.0822,7.414116374999992,7.414116374999992
2026-09-16 03:41:00,latency,109.2868,108.28023504166667,115.2202,1.0065649583333283,1.0065649583333283
2026-09-16 03:41:01,latency,102.1489,110.17452208333333,122.0518,-8.025622083333332,8.025622083333332
2026-09-16 03:41:02,latency,110.118,108.17598883333334,109.4319,1.94201116666666,1.94201116666666
2026-09-16 03:41:03,latency,114.2613,109.92640979166666,111.9631,4.3348902083333485,4.3348902083333485
2026-09-16 03:41:04,latency,118.2235,108.172860625,102.5476,10.050639375000003,10.050639375000003
2026-09-16 03:41:05,latency,112.6608,110.84478120833333,116.7078,1.8160187916666644,1.8160187916666644
2026-09-16 03:41:06,latency,98.7917,108.22060804166667,99.8181,-9.42890804166666,9.42890804166666
2026-09-16 03:41:07,latency,102.5473,107.62125437499999,100.4309,-5.073954374999985,5.073954374999985
2026-09-16 03:41:08,latency,106.139,109.20953895833333,121.2261,-3.07053895833333,3.07053895833333
2026-09-16 03:41:09,latency,106.6677,109.77068466666667,113.6985,-3.1029846666666714,3.1029846666666714
2026-09-16 03:41:10,latency,120.0063,108.8719035,109.2868,11.134396499999994,11.134396499999994
2026-09-16 03:41:11,latency,108.1384,108.86052558333333,102.1489,-0.7221255833333231,0.7221255833333231
2026-09-16 03:41:12,latency,106.284,108.292923375,110.118,-2.008923374999995,2.008923374999995
2026-09-16 03:41:13,latency,107.035,110.84767941666667,114.2613,-3.8126794166666684,3.8126794166666684
2026-09-16 03:41:14,latency,117.5453,111.29335641666667,118.2235,6.251943583333329,6.251943583333329
2026-09-16 03:41:15,latency,118.9761,110.51179191666667,112.6608,8.464308083333336,8.464308083333336
2026-09-16 03:41:16,latency,118.7211,108.37995666666667,98.7917,10.341143333333335,10.341143333333335
2026-09-16 03:41:17,latency,111.4104,109.099922125,102.5473,2.3104778749999895,2.3104778749999895
2026-09-16 03:41:18,latency,120.1342,109.17057233333333,106.139,10.963627666666682,10.963627666666682
2026-09-16 03:41:19,latency,110.1486,108.86057554166666,106.6677,1.2880244583333393,1.2880244583333393
2026-09-16 03:41:20,latency,109.5366,110.189571125,120.0063,-0.6529711249999934,0.6529711249999934
2026-09-16 03:41:21,latency,123.0767,107.70592125,108.1384,15.37077875,15.37077875
2026-09-16 03:41:22,latency,108.733,109.54725379166668,106.284,-0.8142537916666726,0.8142537916666726
2026-09-16 03:41:23,latency,114.2613,109.04743583333332,107.035,5.213864166666681,5.213864166666681
2026-09-16 03:41:24,latency,108.7183,110.427683875,117.5453,-1.7093838750000003,1.7093838750000003
2026-09-16 03:41:25,latency,111.6503,112.54950770833334,118.9761,-0.8992077083333356,0.8992077083333356
2026-09-16 03:41:26,latency,109.1962,110.78055808333335,118.7211,-1.584358083333342,1.584358083333342
2026-09-16 03:41:27,latency,110.9223,112.22782716666666,111.4104,-1.30552716666665,1.30552716666665
2026-09-16 03:41:28,latency,114.79,112.84800137500001,120.1342,1.9419986249999965,1.9419986249999965
2026-09-16 03:41:29,latency,116.3395,111.34206791666666,110.1486,4.9974320833333365,4.9974320833333365
2026-09-16 03:41:30,latency,110.4741,110.70232025,109.5366,-0.22822024999999257,0.22822024999999257
2026-09-16 03:41:31,latency,121.5465,114.40406908333334,123.0767,7.142430916666655,7.142430916666655
2026-09-16 03:41:32,latency,103.1587,112.321493,108.733,-9.162793000000008,9.162793000000008
2026-09-16 03:41:33,latency,111.6092,110.69095929166667,114.2613,0.9182407083333288,0.9182407083333288
2026-09-16 03:41:34,latency,112.7054,111.95950308333333,108.7183,0.7458969166666662,0.7458969166666662
2026-09-16 03:41:35,latency,117.2835,110.75392170833334,111.6503,6.529578291666667,6.529578291666667
2026-09-16 03:41:36,latency,105.8542,111.52160883333333,109.1962,-5.667408833333326,5.667408833333326
2026-09-16 03:41:37,latency,107.1601,111.79434987500001,110.9223,-4.634249875000009,4.634249875000009
2026-09-16 03:41:38,latency,115.4573,111.34571137500001,114.79,4.111588624999996,4.111588624999996
2026-09-16 03:41:39,latency,108.6016,112.80962141666667,116.3395,-4.208021416666668,4.208021416666668
2026-09-16 03:41:40,latency,99.8817,112.93694987500001,110.4741,-13.055249875000015,13.055249875000015
2026-09-16 03:41:41,latency,119.7247,114.39016162499999,121.5465,5.334538375000008,5.334538375000008
2026-09-16 03:41:42,latency,114.3878,110.55348225,103.1587,3.8343177499999967,3.8343177499999967
2026-09-16 03:41:43,latency,127.8723,113.25475304166667,111.6092,14.617546958333321,14.617546958333321
2026-09-16 03:41:44,latency,123.3548,112.27297195833333,112.7054,11.081828041666668,11.081828041666668
2026-09-16 03:41:45,latency,119.2441,111.9416125,117.2835,7.302487499999998,7.302487499999998
2026-09-16 03:41:46,latency,113.7109,112.57924087500001,105.8542,1.1316591249999846,1.1316591249999846
2026-09-16 03:41:47,latency,119.1168,112.42278783333333,107.1601,6.694012166666667,6.694012166666667
2026-09-16 03:41:48,latency,113.3471,112.32082558333333,115.4573,1.0262744166666664,1.0262744166666664
2026-09-16 03:41:49,latency,102.3255,112.23054120833334,108.6016,-9.90504120833333,9.90504120833333
2026-09-16 03:41:50,latency,113.6568,109.71843679166666,99.8817,3.9383632083333424,3.9383632083333424
2026-09-16 03:41:51,latency,102.7265,110.94322225,119.7247,-8.216722250000004,8.216722250000004
2026-09-16 03:41:52,latency,107.4194,111.19469791666667,114.3878,-3.7752979166666734,3.7752979166666734
2026-09-16 03:41:53,latency,112.9622,112.77860279166664,127.8723,0.18359720833335302,0.18359720833335302
2026-09-16 03:41:54,latency,122.8227,114.51535704166666,123.3548,8.307342958333336,8.307342958333336
2026-09-16 03:41:55,latency,128.2793,113.272285125,119.2441,15.00701487500001,15.00701487500001
2026-09-16 03:41:56,latency,107.9983,116.40507383333333,113.7109,-8.406773833333332,8.406773833333332
2026-09-16 03:41:57,latency,111.3324,112.87096720833333,119.1168,-1.538567208333319,1.538567208333319
2026-09-16 03:41:58,latency,103.0089,114.74277095833332,113.3471,-11.733870958333327,11.733870958333327
2026-09-16 03:41:59,latency,121.9198,112.87383591666668,102.3255,9.045964083333317,9.045964083333317
2026-09-16 03:42:00,latency,105.952,111.15767666666667,113.6568,-5.205676666666676,5.205676666666676
2026-09-16 03:42:01,latency,129.7378,111.99797179166667,102.7265,17.73982820833332,17.73982820833332
2026-09-16 03:42:02,latency,114.8093,111.374527125,107.4194,3.434772874999993,3.434772874999993
2026-09-16 03:42:03,latency,119.0952,110.12573991666666,112.9622,8.969460083333345,8.969460083333345
2026-09-16 03:42:04,latency,112.6677,112.01667158333333,122.8227,0.6510284166666622,0.6510284166666622
2026-09-16 03:42:05,latency,113.5799,114.847108375,128.2793,-1.2672083750000098,1.2672083750000098
2026-09-16 03:42:06,latency,118.0089,111.66884145833333,107.9983,6.340058541666664,6.340058541666664
2026-09-16 03:42:07,latency,117.7857,114.37904795833333,111.3324,3.406652041666675,3.406652041666675
2026-09-16 03:42:08,latency,104.747,113.60084416666666,103.0089,-8.853844166666661,8.853844166666661
2026-09-16 03:42:09,latency,122.6523,114.73567741666666,121.9198,7.916622583333336,7.916622583333336
2026-09-16 03:42:10,latency,109.708,113.594494625,105.952,-3.8864946249999974,3.8864946249999974
2026-09-16 03:42:11,latency,125.2745,112.63780095833333,129.7378,12.636699041666674,12.636699041666674
2026-09-16 03:42:12,latency,105.4559,113.18073445833333,114.8093,-7.7248344583333335,7.7248344583333335
2026-09-16 03:42:13,latency,111.1632,113.03014729166667,119.0952,-1.866947291666662,1.866947291666662
2026-09-16 03:42:14,latency,110.3709,114.66666566666666,112.6677,-4.295765666666654,4.295765666666654
2026-09-16 03:42:15,latency,117.0364,113.970714375,113.5799,3.0656856250000004,3.0656856250000004
2026-09-16 03:42:16,latency,122.0652,113.09838470833333,118.0089,8.966815291666677,8.966815291666677
2026-09-16 03:42:17,latency,106.0167,112.45861216666667,117.7857,-6.441912166666668,6.441912166666668
2026-09-16 03:42:18,latency,103.6827,112.86059566666665,104.747,-9.177895666666657,9.177895666666657
2026-09-16 03:42:19,latency,114.7406,113.69465975,122.6523,1.045940250000001,1.045940250000001
2026-09-16 03:42:20,latency,104.5336,113.06176091666666,109.708,-8.52816091666665,8.52816091666665
2026-09-16 03:42:21,latency,106.9182,116.13755900000001,125.2745,-9.219359000000011,9.219359000000011
2026-09-16 03:42:22,latency,106.7897,114.218020375,105.4559,-7.428320374999998,7.428320374999998
2026-09-16 03:42:23,latency,130.4695,114.72112520833333,111.1632,15.748374791666677,15.748374791666677
2026-09-16 03:42:24,latency,112.6371,114.69690408333334,110.3709,-2.059804083333333,2.059804083333333
2026-09-16 03:42:25,latency,119.2167,112.98048558333333,117.0364,6.2362144166666695,6.2362144166666695
2026-09-16 03:42:26,latency,112.6969,116.09572470833334,122.0652,-3.3988247083333363,3.3988247083333363
2026-09-16 03:42:27,latency,122.727,112.733384625,106.0167,9.993615375000005,9.993615375000005
2026-09-16 03:42:28,latency,102.5212,113.58649024999998,103.6827,-11.06529024999999,11.06529024999999
2026-09-16 03:42:29,latency,114.1683,113.04613954166666,114.7406,1.1221604583333402,1.1221604583333402
2026-09-16 03:42:30,latency,104.8327,112.17337320833335,104.5336,-7.340673208333342,7.340673208333342
2026-09-16 03:42:31,latency,117.5182,111.79275479166667,106.9182,5.725445208333326,5.725445208333326
2026-09-16 03:42:32,latency,111.4151,110.6932255,106.7897,0.7218744999999984,0.7218744999999984
2026-09-16 03:42:33,latency,116.8232,108.49396770833334,130.4695,8.329232291666656,8.329232291666656
2026-09-16 03:42:34,latency,127.8532,111.99397570833334,112.6371,15.859224291666663,15.859224291666663
2026-09-16 03:42:35,latency,117.218,113.69582175000001,119.2167,3.522178249999996,3.522178249999996
2026-09-16 03:42:36,latency,106.3709,114.05490379166666,112.6969,-7.684003791666655,7.684003791666655
2026-09-16 03:42:37,latency,120.334,114.70501920833334,122.727,5.628980791666663,5.628980791666663
2026-09-16 03:42:38,latency,103.0754,113.37285995833332,102.5212,-10.29745995833332,10.29745995833332
2026-09-16 03:42:39,latency,104.0351,111.67392375,114.1683,-7.63882375,7.63882375
2026-09-16 03:42:40,latency,106.9632,111.36058125000001,104.8327,-4.397381250000009,4.397381250000009
2026-09-16 03:42:41,latency,114.4107,112.12478766666666,117.5182,2.285912333333343,2.285912333333343
2026-09-16 03:42:42,latency,109.3293,113.38332416666667,111.4151,-4.0540241666666645,4.0540241666666645
2026-09-16 03:42:43,latency,112.9732,111.62085279166666,116.8232,1.3523472083333417,1.3523472083333417
2026-09-16 03:42:44,latency,112.1426,114.54927429166666,127.8532,-2.4066742916666612,2.4066742916666612
2026-09-16 03:42:45,latency,118.7792,112.76966300000001,117.218,6.009536999999995,6.009536999999995
2026-09-16 03:42:46,latency,102.3321,112.36793545833335,106.3709,-10.035835458333352,10.035835458333352
2026-09-16 03:42:47,latency,100.0002,114.13025145833333,120.334,-14.130051458333327,14.130051458333327
2026-09-16 03:42:48,latency,104.0113,113.50115279166667,103.0754,-9.489852791666664,9.489852791666664
2026-09-16 03:42:49,latency,117.4383,111.20046191666667,104.0351,6.23783808333333,6.23783808333333
2026-09-16 03:42:50,latency,114.2823,111.210316875,106.9632,3.0719831250000027,3.0719831250000027
2026-09-16 03:42:51,latency,103.522,110.34256645833334,114.4107,-6.820566458333332,6.820566458333332
2026-09-16 03:42:52,latency,112.0911,112.28788854166667,109.3293,-0.19678854166667747,0.19678854166667747
2026-09-16 03:42:53,latency,113.6369,110.08970145833334,112.9732,3.54719854166666,3.54719854166666
2026-09-16 03:42:54,latency,116.2859,111.20922308333334,112.1426,5.076676916666656,5.076676916666656
2026-09-16 03:42:55,latency,116.6808,112.73286025,118.7792,3.9479397500000033,3.9479397500000033
2026-09-16 03:42:56,latency,105.2759,110.74079766666667,102.3321,-5.464897666666673,5.464897666666673
2026-09-16 03:42:57,latency,111.9668,110.45005333333334,100.0002,1.5167466666666627,1.5167466666666627
2026-09-16 03:42:58,latency,102.5063,110.39478683333334,104.0113,-7.888486833333346,7.888486833333346
2026-09-16 03:42:59,latency,122.3878,110.418911875,117.4383,11.968888124999992,11.968888124999992
2026-09-16 03:43:00,latency,98.9511,111.38222529166667,114.2823,-12.431125291666675,12.431125291666675
2026-09-16 03:43:01,latency,108.7333,108.48459433333333,103.522,0.24870566666666605,0.24870566666666605
2026-09-16 03:43:02,latency,109.6876,109.32831895833333,112.0911,0.3592810416666765,0.3592810416666765
2026-09-16 03:43:03,latency,111.635,109.90884104166666,113.6369,1.7261589583333432,1.7261589583333432
2026-09-16 03:43:04,latency,113.9559,110.44862741666667,116.2859,3.5072725833333322,3.5072725833333322
2026-09-16 03:43:05,latency,107.7414,109.20938345833335,116.6808,-1.4679834583333502,1.4679834583333502
2026-09-16 03:43:06,latency,108.3836,109.94563754166666,105.2759,-1.5620375416666548,1.5620375416666548
2026-09-16 03:43:07,latency,104.839,109.24632666666668,111.9668,-4.407326666666677,4.407326666666677
2026-09-16 03:43:08,latency,106.815,110.01521833333332,102.5063,-3.200218333333325,3.200218333333325
2026-09-16 03:43:09,latency,103.5373,112.71850591666666,122.3878,-9.181205916666656,9.181205916666656
2026-09-16 03:43:10,latency,107.7557,109.02671041666666,98.9511,-1.2710104166666554,1.2710104166666554
2026-09-16 03:43:11,latency,111.5396,109.144562875,108.7333,2.3950371249999876,2.3950371249999876
2026-09-16 03:43:12,latency,105.1395,110.146359125,109.6876,-5.006859125000005,5.006859125000005
2026-09-16 03:43:13,latency,106.0015,108.66510516666668,111.635,-2.6636051666666845,2.6636051666666845
2026-09-16 03:43:14,latency,111.3485,108.87314233333333,113.9559,2.4753576666666675,2.4753576666666675
2026-09-16 03:43:15,latency,97.5357,109.155539875,107.7414,-11.619839874999997,11.619839874999997
2026-09-16 03:43:16,latency,96.2533,109.62896266666667,108.3836,-13.37566266666667,13.37566266666667
2026-09-16 03:43:17,latency,100.0931,110.39479004166667,104.839,-10.30169004166666,10.30169004166666
2026-09-16 03:43:18,latency,103.274,109.04693195833333,106.815,-5.772931958333331,5.772931958333331
2026-09-16 03:43:19,latency,104.5068,107.81697466666667,103.5373,-3.3101746666666685,3.3101746666666685
2026-09-16 03:43:20,latency,98.981,108.61438545833335,107.7557,-9.63338545833335,9.63338545833335
2026-09-16 03:43:21,latency,101.401,108.75473866666665,111.5396,-7.353738666666658,7.353738666666658
2026-09-16 03:43:22,latency,97.2527,108.08479200000001,105.1395,-10.832092000000003,10.832092000000003
2026-09-16 03:43:23,latency,103.4224,107.94198641666667,106.0015,-4.5195864166666695,4.5195864166666695
2026-09-16 03:43:24,latency,104.5208,108.27613395833333,111.3485,-3.7553339583333383,3.7553339583333383
2026-09-16 03:43:25,latency,93.0301,106.43011233333333,97.5357,-13.400012333333322,13.400012333333322
2026-09-16 03:43:26,latency,110.0072,105.16012020833332,96.2533,4.847079791666673,4.847079791666673
2026-09-16 03:43:27,latency,105.2709,105.64270216666667,100.0931,-0.37180216666666865,0.37180216666666865
2026-09-16 03:43:28,latency,113.7338,104.69031404166667,103.274,9.043485958333335,9.043485958333335
2026-09-16 03:43:29,latency,102.9535,105.06651066666666,104.5068,-2.1130106666666535,2.1130106666666535
2026-09-16 03:43:30,latency,110.6421,103.89926395833334,98.981,6.7428360416666635,6.7428360416666635
2026-09-16 03:43:31,latency,102.9279,105.00120670833333,101.401,-2.073306708333334,2.073306708333334
2026-09-16 03:43:32,latency,96.8402,102.75559979166667,97.2527,-5.9153997916666725,5.9153997916666725
2026-09-16 03:43:33,latency,95.7991,104.104207875,103.4224,-8.305107875000004,8.305107875000004
2026-09-16 03:43:34,latency,113.8084,103.00460016666666,104.5208,10.803799833333343,10.803799833333343
2026-09-16 03:43:35,latency,115.3793,101.44374691666667,93.0301,13.935553083333332,13.935553083333332
2026-09-16 03:43:36,latency,107.4198,101.68775370833333,110.0072,5.732046291666663,5.732046291666663
2026-09-16 03:43:37,latency,109.2771,102.13895329166667,105.2709,7.138146708333338,7.138146708333338
2026-09-16 03:43:38,latency,108.1447,105.08419945833333,113.7338,3.06050054166667,3.06050054166667
2026-09-16 03:43:39,latency,104.8679,104.482161375,102.9535,0.3857386250000019,0.3857386250000019
2026-09-16 03:43:40,latency,100.0685,104.14861641666667,110.6421,-4.0801164166666695,4.0801164166666695
2026-09-16 03:43:41,latency,101.9743,104.41398566666666,102.9279,-2.439685666666662,2.439685666666662
2026-09-16 03:43:42,latency,98.0817,102.53976641666667,96.8402,-4.458066416666668,4.458066416666668
2026-09-16 03:43:43,latency,97.1988,102.37840791666666,95.7991,-5.179607916666654,5.179607916666654
2026-09-16 03:43:44,latency,109.7492,102.48221087499999,113.8084,7.266989125000009,7.266989125000009
2026-09-16 03:43:45,latency,105.0774,103.77501329166667,115.3793,1.30238670833333,1.30238670833333
2026-09-16 03:43:46,latency,101.922,103.04800266666666,107.4198,-1.1260026666666647,1.1260026666666647
2026-09-16 03:43:47,latency,105.1502,103.298763875,109.2771,1.8514361249999922,1.8514361249999922
2026-09-16 03:43:48,latency,114.425,104.06374070833333,108.1447,10.36125929166667,10.36125929166667
2026-09-16 03:43:49,latency,92.9225,105.00332966666667,104.8679,-12.080829666666673,12.080829666666673
2026-09-16 03:43:50,latency,99.2417,105.27288704166666,100.0685,-6.031187041666669,6.031187041666669
2026-09-16 03:43:51,latency,105.4919,105.560210125,101.9743,-0.06831012499999645,0.06831012499999645
2026-09-16 03:43:52,latency,98.7968,102.50838066666667,98.0817,-3.711580666666663,3.711580666666663
2026-09-16 03:43:53,latency,106.2855,103.11354933333334,97.1988,3.1719506666666604,3.1719506666666604
2026-09-16 03:43:54,latency,98.5002,105.64566158333334,109.7492,-7.145461583333329,7.145461583333329
2026-09-16 03:43:55,latency,96.9879,105.29159141666666,105.0774,-8.303691416666666,8.303691416666666
2026-09-16 03:43:56,latency,103.1709,105.23698808333333,101.922,-2.0660880833333266,2.0660880833333266
2026-09-16 03:43:57,latency,114.1252,102.81349399999999,105.1502,11.311706000000015,11.311706000000015
2026-09-16 03:43:58,latency,104.8546,104.93347974999999,114.425,-0.07887974999998448,0.07887974999998448
2026-09-16 03:43:59,latency,105.4062,103.30069375000001,92.9225,2.1055062499999906,2.1055062499999906
2026-09-16 03:44:00,latency,96.9447,103.73456424999999,99.2417,-6.789864249999994,6.789864249999994
2026-09-16 03:44:01,latency,112.3497,102.99690275,105.4919,9.352797249999995,9.352797249999995
2026-09-16 03:44:02,latency,102.1799,103.55873841666667,98.7968,-1.3788384166666674,1.3788384166666674
2026-09-16 03:44:03,latency,114.0446,103.99532316666667,106.2855,10.049276833333337,10.049276833333337
2026-09-16 03:44:04,latency,108.1526,103.38935133333334,98.5002,4.763248666666669,4.763248666666669
2026-09-16 03:44:05,latency,108.1819,102.64919816666666,96.9879,5.532701833333334,5.532701833333334
2026-09-16 03:44:06,latency,105.1529,101.69885220833334,103.1709,3.4540477916666674,3.4540477916666674
2026-09-16 03:44:07,latency,114.9633,103.622652375,114.1252,11.340647625000003,11.340647625000003
2026-09-16 03:44:08,latency,102.1107,102.24220441666667,104.8546,-0.13150441666667234,0.13150441666667234
2026-09-16 03:44:09,latency,106.946,102.05304041666666,105.4062,4.892959583333337,4.892959583333337
2026-09-16 03:44:10,latency,98.4723,103.08559566666668,96.9447,-4.613295666666673,4.613295666666673
2026-09-16 03:44:11,latency,97.4939,104.09384720833333,112.3497,-6.599947208333333,6.599947208333333
2026-09-16 03:44:12,latency,102.6753,104.32335987500001,102.1799,-1.6480598750000155,1.6480598750000155
2026-09-16 03:44:13,latency,93.5513,104.93900029166667,114.0446,-11.387700291666675,11.387700291666675
2026-09-16 03:44:14,latency,105.7894,104.18214391666667,108.1526,1.6072560833333256,1.6072560833333256
2026-09-16 03:44:15,latency,102.118,102.34830408333333,108.1819,-0.23030408333333696,0.23030408333333696
2026-09-16 03:44:16,latency,91.4082,104.35940504166666,105.1529,-12.951205041666668,12.951205041666668
2026-09-16 03:44:17,latency,106.5869,106.53296666666667,114.9633,0.05393333333333317,0.05393333333333317
2026-09-16 03:44:18,latency,107.1947,104.70679945833332,102.1107,2.4879005416666757,2.4879005416666757
2026-09-16 03:44:19,latency,98.0501,103.71114966666666,106.946,-5.661049666666656,5.661049666666656
2026-09-16 03:44:20,latency,116.6282,105.41047525,98.4723,11.217724750000002,11.217724750000002
2026-09-16 03:44:21,latency,109.678,103.360895875,97.4939,6.317104125,6.317104125
2026-09-16 03:44:22,latency,94.4284,105.895192125,102.6753,-11.466792124999998,11.466792124999998
2026-09-16 03:44:23,latency,109.1127,102.57400725,93.5513,6.53869275000001,6.53869275000001
2026-09-16 03:44:24,latency,96.9246,103.223853625,105.7894,-6.299253625000006,6.299253625000006
2026-09-16 03:44:25,latency,104.1775,105.51844933333334,102.118,-1.3409493333333415,1.3409493333333415
2026-09-16 03:44:26,latency,110.0159,102.15544824999999,91.4082,7.86045175000001,7.86045175000001
2026-09-16 03:44:27,latency,104.3432,103.112515125,106.5869,1.2306848749999943,1.2306848749999943
2026-09-16 03:44:28,latency,111.6953,103.47392308333333,107.1947,8.22137691666667,8.22137691666667
2026-09-16 03:44:29,latency,109.2715,103.72244545833334,98.0501,5.5490545416666635,5.5490545416666635
2026-09-16 03:44:30,latency,109.8089,104.26892316666667,116.6282,5.539976833333327,5.539976833333327
2026-09-16 03:44:31,latency,118.0883,103.92744179166667,109.678,14.160858208333337,14.160858208333337
2026-09-16 03:44:32,latency,115.9805,102.79085775,94.4284,13.189642250000006,13.189642250000006
2026-09-16 03:44:33,latency,103.5917,105.87261533333333,109.1127,-2.2809153333333256,2.2809153333333256
2026-09-16 03:44:34,latency,101.8026,103.902028875,96.9246,-2.099428875000001,2.099428875000001
2026-09-16 03:44:35,latency,101.075,102.889873375,104.1775,-1.8148733749999906,1.8148733749999906
2026-09-16 03:44:36,latency,105.7853,103.06865216666667,110.0159,2.71664783333334,2.71664783333334
2026-09-16 03:44:37,latency,109.566,101.887754625,104.3432,7.678245375000003,7.678245375000003
2026-09-16 03:44:38,latency,112.594,103.80095383333334,111.6953,8.793046166666656,8.793046166666656
2026-09-16 03:44:39,latency,106.6966,103.39352083333334,109.2715,3.303079166666663,3.303079166666663
2026-09-16 03:44:40,latency,118.6883,103.85538383333332,109.8089,14.832916166666678,14.832916166666678
2026-09-16 03:44:41,latency,113.0118,105.71748433333335,118.0883,7.294315666666648,7.294315666666648
2026-09-16 03:44:42,latency,103.4457,107.94017812500002,115.9805,-4.494478125000015,4.494478125000015
2026-09-16 03:44:43,latency,103.8271,109.21308058333334,103.5917,-5.385980583333335,5.385980583333335
2026-09-16 03:44:44,latency,100.2637,106.22932770833333,101.8026,-5.965627708333329,5.965627708333329
2026-09-16 03:44:45,latency,107.3974,106.97404841666668,101.075,0.42335158333332856,0.42335158333332856
2026-09-16 03:44:46,latency,99.6574,105.90099358333335,105.7853,-6.24359358333335,6.24359358333335
2026-09-16 03:44:47,latency,96.7058,106.17352120833334,109.566,-9.467721208333344,9.467721208333344
2026-09-16 03:44:48,latency,99.3676,106.38186491666667,112.594,-7.014264916666676,7.014264916666676
2026-09-16 03:44:49,latency,104.3025,106.17930737500001,106.6966,-1.8768073750000127,1.8768073750000127
2026-09-16 03:44:50,latency,115.9082,108.10293883333333,118.6883,7.805261166666668,7.805261166666668
2026-09-16 03:44:51,latency,100.5968,108.21186495833332,113.0118,-7.6150649583333205,7.6150649583333205
2026-09-16 03:44:52,latency,105.0481,108.70324375,103.4457,-3.6551437499999935,3.6551437499999935
2026-09-16 03:44:53,latency,109.7509,108.695990875,103.8271,1.0549091249999947,1.0549091249999947
2026-09-16 03:44:54,latency,105.9507,106.28383204166667,100.2637,-0.33313204166667276,0.33313204166667276
2026-09-16 03:44:55,latency,105.9426,107.27289504166667,107.3974,-1.3302950416666732,1.3302950416666732
2026-09-16 03:44:56,latency,94.3635,105.44939149999999,99.6574,-11.085891499999988,11.085891499999988
2026-09-16 03:44:57,latency,105.607,104.90558549999999,96.7058,0.7014145000000127,0.7014145000000127
2026-09-16 03:44:58,latency,95.4789,105.59676275,99.3676,-10.11786275,10.11786275
2026-09-16 03:44:59,latency,96.0342,105.3382845,104.3025,-9.304084500000002,9.304084500000002
2026-09-16 03:45:00,latency,100.5405,105.895583625,115.9082,-5.355083625000006,5.355083625000006
2026-09-16 03:45:01,latency,102.6172,104.877446,100.5968,-2.2602460000000093,2.2602460000000093
2026-09-16 03:45:02,latency,99.2725,105.03268908333334,105.0481,-5.760189083333344,5.760189083333344
2026-09-16 03:45:03,latency,96.2834,105.981935625,109.7509,-9.698535625000005,9.698535625000005
2026-09-16 03:45:04,latency,96.5544,106.88518733333333,105.9507,-10.330787333333333,10.330787333333333
2026-09-16 03:45:05,latency,86.3952,104.953524125,105.9426,-18.558324125,18.558324125
2026-09-16 03:45:06,latency,88.3536,103.551744875,94.3635,-15.198144874999997,15.198144874999997
2026-09-16 03:45:07,latency,101.5918,104.14660679166667,105.607,-2.554806791666664,2.554806791666664
2026-09-16 03:45:08,latency,108.1039,103.24740579166665,95.4789,4.856494208333345,4.856494208333345
2026-09-16 03:45:09,latency,94.1768,103.11185458333333,96.0342,-8.935054583333326,8.935054583333326
2026-09-16 03:45:10,latency,96.7761,101.79537033333332,100.5405,-5.019270333333324,5.019270333333324
2026-09-16 03:45:11,latency,100.3722,101.09519445833332,102.6172,-0.7229944583333179,0.7229944583333179
2026-09-16 03:45:12,latency,97.0958,102.64921724999999,99.2725,-5.553417249999995,5.553417249999995
2026-09-16 03:45:13,latency,96.5018,100.13458641666666,96.2834,-3.6327864166666615,3.6327864166666615
2026-09-16 03:45:14,latency,101.2361,100.95895645833333,96.5544,0.27714354166666055,0.27714354166666055
2026-09-16 03:45:15,latency,92.7375,98.16874754166668,86.3952,-5.431247541666679,5.431247541666679
2026-09-16 03:45:16,latency,98.9119,97.33456799999999,88.3536,1.5773320000000126,1.5773320000000126
2026-09-16 03:45:17,latency,98.4492,98.53160150000001,101.5918,-0.08240150000000313,0.08240150000000313
2026-09-16 03:45:18,latency,90.1837,100.683301875,108.1039,-10.499601874999996,10.499601874999996
2026-09-16 03:45:19,latency,98.0797,98.576184,94.1768,-0.49648399999999526,0.49648399999999526
2026-09-16 03:45:20,latency,102.6992,97.85304816666667,96.7761,4.846151833333337,4.846151833333337
2026-09-16 03:45:21,latency,93.591,97.63910445833334,100.3722,-4.048104458333341,4.048104458333341
2026-09-16 03:45:22,latency,107.7497,99.30864841666666,97.0958,8.441051583333348,8.441051583333348
2026-09-16 03:45:23,latency,102.8493,98.23100558333334,96.5018,4.618294416666657,4.618294416666657
2026-09-16 03:45:24,latency,101.0667,98.13276045833332,101.2361,2.9339395416666747,2.9339395416666747
2026-09-16 03:45:25,latency,102.7463,95.110096,92.7375,7.636204000000006,7.636204000000006
2026-09-16 03:45:26,latency,89.9402,96.94392570833334,98.9119,-7.003725708333334,7.003725708333334
2026-09-16 03:45:27,latency,95.9768,95.86354166666668,98.4492,0.11325833333332014,0.11325833333332014
2026-09-16 03:45:28,latency,101.8236,96.33226766666667,90.1837,5.491332333333332,5.491332333333332
2026-09-16 03:45:29,latency,98.9844,96.70879495833334,98.0797,2.275605041666651,2.275605041666651
2026-09-16 03:45:30,latency,113.278,96.62933358333335,102.6992,16.648666416666657,16.648666416666657
2026-09-16 03:45:31,latency,100.4354,96.66524312499999,93.591,3.770156875000012,3.770156875000012
2026-09-16 03:45:32,latency,114.5306,97.122953375,107.7497,17.407646625000012,17.407646625000012
2026-09-16 03:45:33,latency,93.1484,97.61002391666666,102.8493,-4.461623916666667,4.461623916666667
2026-09-16 03:45:34,latency,105.2986,96.31969920833333,101.0667,8.97890079166666,8.97890079166666
2026-09-16 03:45:35,latency,91.4228,99.08727029166667,102.7463,-7.6644702916666745,7.6644702916666745
2026-09-16 03:45:36,latency,92.2263,98.36175508333334,89.9402,-6.1354550833333406,6.1354550833333406
2026-09-16 03:45:37,latency,115.5019,97.04626179166667,95.9768,18.45563820833334,18.45563820833334
2026-09-16 03:45:38,latency,109.7596,98.55653941666667,101.8236,11.20306058333334,11.20306058333334
2026-09-16 03:45:39,latency,104.8196,97.70512133333332,98.9844,7.11447866666667,7.11447866666667
2026-09-16 03:45:40,latency,98.8663,99.88454295833334,113.278,-1.0182429583333459,1.0182429583333459
2026-09-16 03:45:41,latency,101.1028,98.42980183333333,100.4354,2.672998166666673,2.672998166666673
2026-09-16 03:45:42,latency,93.9347,105.01279891666668,114.5306,-11.078098916666676,11.078098916666676
2026-09-16 03:45:43,latency,111.4438,97.89880045833333,93.1484,13.54499954166667,13.54499954166667
2026-09-16 03:45:44,latency,109.6233,100.60451066666666,105.2986,9.018789333333345,9.018789333333345
2026-09-16 03:45:45,latency,100.3667,97.33188820833334,91.4228,3.0348117916666553,3.0348117916666553
2026-09-16 03:45:46,latency,108.7383,98.052858125,92.2263,10.685441874999995,10.685441874999995
2026-09-16 03:45:47,latency,104.7664,97.25785741666668,115.5019,7.508542583333323,7.508542583333323
2026-09-16 03:45:48,latency,107.7275,102.819210875,109.7596,4.90828912500001,4.90828912500001
2026-09-16 03:45:49,latency,104.6792,101.73379524999999,104.8196,2.9454047500000087,2.9454047500000087
2026-09-16 03:45:50,latency,101.7816,102.03850141666666,98.8663,-0.2569014166666648,0.2569014166666648
2026-09-16 03:45:51,latency,103.3577,102.41940729166667,101.1028,0.9382927083333215,0.9382927083333215
2026-09-16 03:45:52,latency,103.842,99.488267375,93.9347,4.353732624999992,4.353732624999992
2026-09-16 03:45:53,latency,98.3358,103.13991104166666,111.4438,-4.804111041666658,4.804111041666658
2026-09-16 03:45:54,latency,108.7151,103.30980466666666,109.6233,5.405295333333342,5.405295333333342
2026-09-16 03:45:55,latency,101.9588,102.861617875,100.3667,-0.9028178749999967,0.9028178749999967
2026-09-16 03:45:56,latency,105.6652,102.63340649999999,108.7383,3.0317935000000062,3.0317935000000062
2026-09-16 03:45:57,latency,109.5084,102.98385387500001,104.7664,6.524546124999986,6.524546124999986
2026-09-16 03:45:58,latency,114.4404,104.20777679166667,107.7275,10.232623208333322,10.232623208333322
2026-09-16 03:45:59,latency,117.4513,102.63499424999999,104.6792,14.816305750000012,14.816305750000012
2026-09-16 03:46:00,latency,99.5,105.092786,101.7816,-5.592786000000004,5.592786000000004
2026-09-16 03:46:01,latency,102.6287,103.37808616666666,103.3577,-0.7493861666666675,0.7493861666666675
2026-09-16 03:46:02,latency,104.3786,101.573759,103.842,2.8048410000000104,2.8048410000000104
2026-09-16 03:46:03,latency,107.0907,104.90532966666667,98.3358,2.1853703333333243,2.1853703333333243
2026-09-16 03:46:04,latency,101.326,104.20938379166668,108.7151,-2.883383791666688,2.883383791666688
2026-09-16 03:46:05,latency,104.7295,103.37621966666666,101.9588,1.3532803333333447,1.3532803333333447
2026-09-16 03:46:06,latency,110.6027,102.65346295833334,105.6652,7.949237041666663,7.949237041666663
2026-09-16 03:46:07,latency,105.4432,103.04278199999999,109.5084,2.400418000000016,2.400418000000016
2026-09-16 03:46:08,latency,115.0788,104.98277295833333,114.4404,10.096027041666673,10.096027041666673
2026-09-16 03:46:09,latency,114.0905,106.09617733333333,117.4513,7.994322666666676,7.994322666666676
2026-09-16 03:46:10,latency,117.9949,103.00109408333333,99.5,14.993805916666673,14.993805916666673
2026-09-16 03:46:11,latency,99.2883,105.81949066666667,102.6287,-6.53119066666666,6.53119066666666
2026-09-16 03:46:12,latency,105.316,106.930188375,104.3786,-1.6141883749999977,1.6141883749999977
2026-09-16 03:46:13,latency,114.6659,103.65982170833333,107.0907,11.006078291666668,11.006078291666668
2026-09-16 03:46:14,latency,107.5065,104.36864670833333,101.326,3.137853291666673,3.137853291666673
2026-09-16 03:46:15,latency,124.2354,105.03742345833334,104.7295,19.197976541666662,19.197976541666662
2026-09-16 03:46:16,latency,106.1148,105.721469125,110.6027,0.39333087500000374,0.39333087500000374
2026-09-16 03:46:17,latency,116.3026,104.38950866666667,105.4432,11.913091333333327,11.913091333333327
2026-09-16 03:46:18,latency,97.1196,108.13044158333334,115.0788,-11.010841583333331,11.010841583333331
2026-09-16 03:46:19,latency,106.7712,107.517134375,114.0905,-0.7459343750000045,0.7459343750000045
2026-09-16 03:46:20,latency,111.8667,107.28878025,117.9949,4.577919749999992,4.577919749999992
2026-09-16 03:46:21,latency,121.6423,103.93014258333334,99.2883,17.71215741666667,17.71215741666667
2026-09-16 03:46:22,latency,106.0193,108.36547604166667,105.316,-2.3461760416666664,2.3461760416666664
2026-09-16 03:46:23,latency,111.8246,107.95864708333333,114.6659,3.8659529166666715,3.8659529166666715
2026-09-16 03:46:24,latency,106.5858,107.55683595833334,107.5065,-0.9710359583333315,0.9710359583333315
2026-09-16 03:46:25,latency,117.5141,108.74261808333333,124.2354,8.771481916666673,8.771481916666673
2026-09-16 03:46:26,latency,114.0752,107.38009579166668,106.1148,6.695104208333319,6.695104208333319
2026-09-16 03:46:27,latency,112.9148,110.69808504166667,116.3026,2.216714958333327,2.216714958333327
2026-09-16 03:46:28,latency,116.1165,107.86439329166669,97.1196,8.252106708333315,8.252106708333315
2026-09-16 03:46:29,latency,108.8764,107.13501604166666,106.7712,1.7413839583333441,1.7413839583333441
2026-09-16 03:46:30,latency,117.5022,108.91270758333333,111.8667,8.589492416666673,8.589492416666673
2026-09-16 03:46:31,latency,119.377,111.37409279166668,121.6423,8.002907208333312,8.002907208333312
2026-09-16 03:46:32,latency,108.2419,110.3685545,106.0193,-2.126654500000001,2.126654500000001
2026-09-16 03:46:33,latency,104.9371,108.27152041666668,111.8246,-3.334420416666674,3.334420416666674
2026-09-16 03:46:34,latency,108.3291,110.58483970833333,106.5858,-2.255739708333337,2.255739708333337
2026-09-16 03:46:35,latency,106.9672,110.81555029166667,117.5141,-3.8483502916666623,3.8483502916666623
2026-09-16 03:46:36,latency,120.6971,111.01751025,114.0752,9.679589750000005,9.679589750000005
2026-09-16 03:46:37,latency,103.193,109.48064779166667,112.9148,-6.2876477916666715,6.2876477916666715
2026-09-16 03:46:38,latency,120.3574,110.72790516666666,116.1165,9.62949483333334,9.62949483333334
2026-09-16 03:46:39,latency,113.8999,110.83343995833334,108.8764,3.0664600416666588,3.0664600416666588
2026-09-16 03:46:40,latency,115.2291,112.65043545833333,117.5022,2.5786645416666687,2.5786645416666687
2026-09-16 03:46:41,latency,113.3027,113.05865104166666,119.377,0.2440489583333374,0.2440489583333374
2026-09-16 03:46:42,latency,115.2366,112.559421875,108.2419,2.6771781249999975,2.6771781249999975
2026-09-16 03:46:43,latency,101.1093,111.45328091666667,104.9371,-10.343980916666666,10.343980916666666
2026-09-16 03:46:44,latency,127.7798,111.76360745833333,108.3291,16.01619254166667,16.01619254166667
2026-09-16 03:46:45,latency,109.8266,110.90063537500001,106.9672,-1.0740353750000082,1.0740353750000082
2026-09-16 03:46:46,latency,115.5461,112.71860354166667,120.6971,2.8274964583333286,2.8274964583333286
2026-09-16 03:46:47,latency,116.4888,107.649639125,103.193,8.839160875000005,8.839160875000005
2026-09-16 03:46:48,latency,117.0373,112.40722016666666,120.3574,4.63007983333334,4.63007983333334
2026-09-16 03:46:49,latency,121.8119,111.36239170833333,113.8999,10.44950829166666,10.44950829166666
2026-09-16 03:46:50,latency,116.6286,112.66065566666667,115.2291,3.9679443333333353,3.9679443333333353
2026-09-16 03:46:51,latency,124.5139,111.55029966666667,113.3027,12.963600333333332,12.963600333333332
2026-09-16 03:46:52,latency,117.6424,112.49280225,115.2366,5.149597749999998,5.149597749999998
2026-09-16 03:46:53,latency,104.9991,111.65688591666668,101.1093,-6.657785916666683,6.657785916666683
2026-09-16 03:46:54,latency,106.4601,113.51574270833332,127.7798,-7.055642708333323,7.055642708333323
2026-09-16 03:46:55,latency,112.4369,114.928471125,109.8266,-2.491571125000007,2.491571125000007
2026-09-16 03:46:56,latency,115.5488,111.58509091666666,115.5461,3.9637090833333417,3.9637090833333417
2026-09-16 03:46:57,latency,115.3132,112.64136329166666,116.4888,2.6718367083333305,2.6718367083333305
2026-09-16 03:46:58,latency,103.1271,113.02279083333333,117.0373,-9.895690833333333,9.895690833333333
2026-09-16 03:46:59,latency,112.6551,115.37134820833333,121.8119,-2.716248208333326,2.716248208333326
2026-09-16 03:47:00,latency,115.6156,111.998312625,116.6286,3.6172873750000036,3.6172873750000036
2026-09-16 03:47:01,latency,120.5638,115.70676604166667,124.5139,4.857033958333332,4.857033958333332
2026-09-16 03:47:02,latency,111.9962,114.05790916666666,117.6424,-2.0617091666666596,2.0617091666666596
2026-09-16 03:47:03,latency,110.8129,114.02976,104.9991,-3.216859999999997,3.216859999999997
2026-09-16 03:47:04,latency,111.9922,113.12903666666666,106.4601,-1.1368366666666674,1.1368366666666674
2026-09-16 03:47:05,latency,108.1073,114.64781045833332,112.4369,-6.54051045833333,6.54051045833333
2026-09-16 03:47:06,latency,116.4529,112.900376625,115.5488,3.5525233749999927,3.5525233749999927
2026-09-16 03:47:07,latency,99.5808,112.631022125,115.3132,-13.050222125000005,13.050222125000005
2026-09-16 03:47:08,latency,94.1613,112.718701,103.1271,-18.557401,18.557401
2026-09-16 03:47:09,latency,120.4359,114.22471941666667,112.6551,6.211180583333331,6.211180583333331
2026-09-16 03:47:10,latency,107.1538,112.00564354166667,115.6156,-4.851843541666668,4.851843541666668
2026-09-16 03:47:11,latency,104.7545,113.83496804166667,120.5638,-9.080468041666677,9.080468041666677
2026-09-16 03:47:12,latency,99.4643,113.37482904166667,111.9962,-13.910529041666678,13.910529041666678
2026-09-16 03:47:13,latency,99.0618,114.20909400000001,110.8129,-15.147294000000002,15.147294000000002
2026-09-16 03:47:14,latency,114.6931,113.70819208333333,111.9922,0.9849079166666712,0.9849079166666712
2026-09-16 03:47:15,latency,113.1788,112.50158145833333,108.1073,0.6772185416666616,0.6772185416666616
2026-09-16 03:47:16,latency,108.414,113.98777670833333,116.4529,-5.573776708333327,5.573776708333327
2026-09-16 03:47:17,latency,104.7328,109.89996666666667,99.5808,-5.167166666666674,5.167166666666674
2026-09-16 03:47:18,latency,104.1337,106.67892841666665,94.1613,-2.545228416666646,2.545228416666646
2026-09-16 03:47:19,latency,116.5956,108.80375566666667,120.4359,7.79184433333333,7.79184433333333
2026-09-16 03:47:20,latency,106.191,110.94808575,107.1538,-4.757085750000002,4.757085750000002
2026-09-16 03:47:21,latency,109.076,110.04327791666665,104.7545,-0.9672779166666601,0.9672779166666601
2026-09-16 03:47:22,latency,97.9976,107.221436375,99.4643,-9.22383637499999,9.22383637499999
2026-09-16 03:47:23,latency,101.0192,106.20380612500001,99.0618,-5.184606125000016,5.184606125000016
2026-09-16 03:47:24,latency,113.2958,110.96707033333334,114.6931,2.3287296666666606,2.3287296666666606
2026-09-16 03:47:25,latency,97.3773,108.38194754166666,113.1788,-11.004647541666657,11.004647541666657
2026-09-16 03:47:26,latency,123.5781,108.23515954166666,108.414,15.342940458333345,15.342940458333345
2026-09-16 03:47:27,latency,105.866,107.89429858333332,104.7328,-2.0282985833333242,2.0282985833333242
2026-09-16 03:47:28,latency,99.9856,107.71717541666668,104.1337,-7.731575416666672,7.731575416666672
2026-09-16 03:47:29,latency,121.277,108.90655245833334,116.5956,12.370447541666664,12.370447541666664
2026-09-16 03:47:30,latency,106.7117,108.24430091666667,106.191,-1.5326009166666807,1.5326009166666807
2026-09-16 03:47:31,latency,113.0665,106.23092604166666,109.076,6.835573958333342,6.835573958333342
2026-09-16 03:47:32,latency,109.4124,106.39207541666667,97.9976,3.020324583333334,3.020324583333334
2026-09-16 03:47:33,latency,95.096,106.28236708333333,101.0192,-11.186367083333323,11.186367083333323
2026-09-16 03:47:34,latency,106.3064,108.77737766666667,113.2958,-2.47097766666667,2.47097766666667
2026-09-16 03:47:35,latency,115.7127,103.34094645833335,97.3773,12.37175354166665,12.37175354166665
2026-09-16 03:47:36,latency,105.4851,100.75182229166666,123.5781,4.733277708333347,4.733277708333347
2026-09-16 03:47:37,latency,118.7953,105.55384879166667,105.866,13.24145120833333,13.24145120833333
2026-09-16 03:47:38,latency,109.6032,104.89934770833334,99.9856,4.703852291666664,4.703852291666664
2026-09-16 03:47:39,latency,104.2744,108.76386554166666,121.277,-4.489465541666661,4.489465541666661
2026-09-16 03:47:40,latency,101.1974,105.78952362499999,106.7117,-4.592123624999985,4.592123624999985
2026-09-16 03:47:41,latency,99.728,109.10443358333333,113.0665,-9.376433583333338,9.376433583333338
2026-09-16 03:47:42,latency,109.534,108.42457504166667,109.4124,1.109424958333335,1.109424958333335
2026-09-16 03:47:43,latency,110.841,105.5060965,95.096,5.334903499999996,5.334903499999996
2026-09-16 03:47:44,latency,103.96,107.72590925,106.3064,-3.765909250000007,3.765909250000007
2026-09-16 03:47:45,latency,106.2809,107.29220416666666,115.7127,-1.0113041666666618,1.0113041666666618
2026-09-16 03:47:46,latency,97.2625,108.48884491666666,105.4851,-11.226344916666662,11.226344916666662
2026-09-16 03:47:47,latency,120.3933,107.52600404166667,118.7953,12.86729595833333,12.86729595833333
2026-09-16 03:47:48,latency,107.5551,108.9820275,109.6032,-1.426927500000005,1.426927500000005
2026-09-16 03:47:49,latency,101.697,108.44747704166667,104.2744,-6.75047704166667,6.75047704166667
2026-09-16 03:47:50,latency,108.7677,107.33108266666667,101.1974,1.4366173333333307,1.4366173333333307
2026-09-16 03:47:51,latency,115.4919,105.92006674999999,99.728,9.571833250000012,9.571833250000012
2026-09-16 03:47:52,latency,109.5582,107.84097283333334,109.534,1.7172271666666603,1.7172271666666603
2026-09-16 03:47:53,latency,106.9417,107.26071916666666,110.841,-0.3190191666666635,0.3190191666666635
2026-09-16 03:47:54,latency,108.1019,106.138100375,103.96,1.9637996250000072,1.9637996250000072
2026-09-16 03:47:55,latency,97.4234,108.16869895833334,106.2809,-10.745298958333336,10.745298958333336
2026-09-16 03:47:56,latency,103.1434,105.82944400000001,97.2625,-2.6860440000000096,2.6860440000000096
2026-09-16 03:47:57,latency,110.1424,108.45303912499999,120.3933,1.6893608750000055,1.6893608750000055
2026-09-16 03:47:58,latency,106.4866,107.20901729166667,107.5551,-0.7224172916666731,0.7224172916666731
2026-09-16 03:47:59,latency,107.2835,106.687239125,101.697,0.5962608749999987,0.5962608749999987
2026-09-16 03:48:00,latency,110.3239,106.70896400000001,108.7677,3.614935999999986,3.614935999999986
2026-09-16 03:48:01,latency,106.7956,107.90225758333332,115.4919,-1.1066575833333303,1.1066575833333303
2026-09-16 03:48:02,latency,105.8411,107.47520433333334,109.5582,-1.6341043333333403,1.6341043333333403
2026-09-16 03:48:03,latency,104.5052,107.1580285,106.9417,-2.6528284999999983,2.6528284999999983
2026-09-16 03:48:04,latency,104.6473,107.52166633333333,108.1019,-2.8743663333333274,2.8743663333333274
2026-09-16 03:48:05,latency,100.9446,106.83293183333333,97.4234,-5.888331833333339,5.888331833333339
2026-09-16 03:48:06,latency,110.0712,106.28393508333333,103.1434,3.787264916666672,3.787264916666672
2026-09-16 03:48:07,latency,120.4633,105.75514508333333,110.1424,14.708154916666672,14.708154916666672
2026-09-16 03:48:08,latency,117.7383,105.27287841666666,106.4866,12.465421583333338,12.465421583333338
2026-09-16 03:48:09,latency,106.9214,104.26079920833334,107.2835,2.660600791666667,2.660600791666667
2026-09-16 03:48:10,latency,110.2582,106.44852041666667,110.3239,3.8096795833333346,3.8096795833333346
2026-09-16 03:48:11,latency,105.0818,107.65252824999999,106.7956,-2.5707282499999877,2.5707282499999877
2026-09-16 03:48:12,latency,110.3791,107.68381866666667,105.8411,2.6952813333333268,2.6952813333333268
2026-09-16 03:48:13,latency,130.5123,107.526015875,104.5052,22.98628412500001,22.98628412500001
2026-09-16 03:48:14,latency,113.675,107.35445316666667,104.6473,6.320546833333324,6.320546833333324
2026-09-16 03:48:15,latency,108.904,105.16890504166666,100.9446,3.7350949583333346,3.7350949583333346
2026-09-16 03:48:16,latency,117.1954,107.393909875,110.0712,9.801490125,9.801490125
2026-09-16 03:48:17,latency,116.9461,107.03557425,120.4633,9.910525750000005,9.910525750000005
2026-09-16 03:48:18,latency,122.8363,110.04675449999999,117.7383,12.789545500000003,12.789545500000003
2026-09-16 03:48:19,latency,111.2681,108.27747345833333,106.9214,2.9906265416666713,2.9906265416666713
2026-09-16 03:48:20,latency,116.24,106.88915908333334,110.2582,9.350840916666655,9.350840916666655
2026-09-16 03:48:21,latency,110.7081,108.283043375,105.0818,2.4250566249999963,2.4250566249999963
2026-09-16 03:48:22,latency,122.5727,107.57253708333333,110.3791,15.000162916666667,15.000162916666667
2026-09-16 03:48:23,latency,118.2265,107.90081649999999,130.5123,10.325683500000011,10.325683500000011
2026-09-16 03:48:24,latency,130.3258,107.85682633333333,113.675,22.468973666666656,22.468973666666656
2026-09-16 03:48:25,latency,114.0622,110.41679583333332,108.904,3.6454041666666797,3.6454041666666797
2026-09-16 03:48:26,latency,111.002,111.62881308333334,117.1954,-0.6268130833333458,0.6268130833333458
2026-09-16 03:48:27,latency,110.09,110.15906766666667,116.9461,-0.06906766666666897,0.06906766666666897
2026-09-16 03:48:28,latency,114.927,113.93364837499999,122.8363,0.9933516250000167,0.9933516250000167
2026-09-16 03:48:29,latency,108.0019,113.1582755,111.2681,-5.156375499999996,5.156375499999996
2026-09-16 03:48:30,latency,97.4232,111.19916712499999,116.24,-13.775967124999994,13.775967124999994
2026-09-16 03:48:31,latency,111.0108,111.85045029166668,110.7081,-0.8396502916666719,0.8396502916666719
2026-09-16 03:48:32,latency,121.7975,114.53544016666666,122.5727,7.262059833333339,7.262059833333339
2026-09-16 03:48:33,latency,113.0985,114.56178654166666,118.2265,-1.4632865416666618,1.4632865416666618
2026-09-16 03:48:34,latency,108.5104,118.19112345833331,130.3258,-9.680723458333304,9.680723458333304
2026-09-16 03:48:35,latency,106.9628,115.70200675000001,114.0622,-8.739206750000008,8.739206750000008
2026-09-16 03:48:36,latency,104.7427,115.67573412499999,111.002,-10.933034124999992,10.933034124999992
2026-09-16 03:48:37,latency,106.7537,115.68916458333334,110.09,-8.935464583333342,8.935464583333342
2026-09-16 03:48:38,latency,108.5493,114.07666520833334,114.927,-5.527365208333336,5.527365208333336
2026-09-16 03:48:39,latency,99.4292,114.20670466666668,108.0019,-14.777504666666687,14.777504666666687
2026-09-16 03:48:40,latency,123.0552,110.21391041666665,97.4232,12.84128958333335,12.84128958333335
2026-09-16 03:48:41,latency,99.1656,113.22388070833334,111.0108,-14.058280708333342,14.058280708333342
2026-09-16 03:48:42,latency,99.1252,112.97889095833334,121.7975,-13.853690958333331,13.853690958333331
2026-09-16 03:48:43,latency,109.5675,114.079645625,113.0985,-4.512145625000002,4.512145625000002
2026-09-16 03:48:44,latency,94.0621,113.48531779166667,108.5104,-19.423217791666673,19.423217791666673
2026-09-16 03:48:45,latency,101.4864,114.04611679166666,106.9628,-12.55971679166666,12.55971679166666
2026-09-16 03:48:46,latency,106.555,112.353444,104.7427,-5.798443999999989,5.798443999999989
2026-09-16 03:48:47,latency,118.35,110.14210895833332,106.7537,8.20789104166667,8.20789104166667
2026-09-16 03:48:48,latency,113.0737,110.54567983333334,108.5493,2.528020166666664,2.528020166666664
2026-09-16 03:48:49,latency,112.4506,109.00040970833332,99.4292,3.4501902916666722,3.4501902916666722
2026-09-16 03:48:50,latency,110.9477,110.67203154166666,123.0552,0.2756684583333424,0.2756684583333424
2026-09-16 03:48:51,latency,105.7247,108.33169466666666,99.1656,-2.6069946666666652,2.6069946666666652
2026-09-16 03:48:52,latency,117.9875,108.05210316666667,99.1252,9.935396833333328,9.935396833333328
2026-09-16 03:48:53,latency,113.127,107.33456366666667,109.5675,5.7924363333333275,5.7924363333333275
2026-09-16 03:48:54,latency,116.6415,104.29654370833335,94.0621,12.344956291666648,12.344956291666648
2026-09-16 03:48:55,latency,109.7951,105.59700666666667,101.4864,4.198093333333333,4.198093333333333
2026-09-16 03:48:56,latency,111.1197,105.85310141666668,106.555,5.2665985833333195,5.2665985833333195
2026-09-16 03:48:57,latency,104.183,105.74418387499998,118.35,-1.5611838749999691,1.5611838749999691
2026-09-16 03:48:58,latency,105.3914,108.18046970833333,113.0737,-2.7890697083333293,2.7890697083333293
2026-09-16 03:48:59,latency,112.6196,106.135672,112.4506,6.483928000000006,6.483928000000006
2026-09-16 03:49:00,latency,105.5244,106.764432625,110.9477,-1.2400326249999978,1.2400326249999978
2026-09-16 03:49:01,latency,109.6101,109.46454429166667,105.7247,0.1455557083333332,0.1455557083333332
2026-09-16 03:49:02,latency,114.7205,110.38477195833335,117.9875,4.3357280416666555,4.3357280416666555
2026-09-16 03:49:03,latency,105.9169,107.94096325,113.127,-2.0240632499999975,2.0240632499999975
2026-09-16 03:49:04,latency,110.2926,109.69061566666666,116.6415,0.6019843333333341,0.6019843333333341
2026-09-16 03:49:05,latency,106.9053,108.19021095833334,109.7951,-1.2849109583333416,1.2849109583333416
2026-09-16 03:49:06,latency,98.7203,108.39185624999999,111.1197,-9.671556249999995,9.671556249999995
2026-09-16 03:49:07,latency,107.28,109.709315625,104.183,-2.429315625000001,2.429315625000001
2026-09-16 03:49:08,latency,104.2129,108.68090958333335,105.3914,-4.468009583333341,4.468009583333341
2026-09-16 03:49:09,latency,125.9033,109.29581258333334,112.6196,16.607487416666658,16.607487416666658
2026-09-16 03:49:10,latency,119.1385,109.61132629166667,105.5244,9.527173708333322,9.527173708333322
2026-09-16 03:49:11,latency,108.732,107.55124608333334,109.6101,1.18075391666666,1.18075391666666
2026-09-16 03:49:12,latency,117.2876,108.82612583333334,114.7205,8.461474166666662,8.461474166666662
2026-09-16 03:49:13,latency,114.9346,110.07208079166666,105.9169,4.862519208333339,4.862519208333339
2026-09-16 03:49:14,latency,105.5448,108.60286616666666,110.2926,-3.058066166666663,3.058066166666663
2026-09-16 03:49:15,latency,119.2244,109.986306875,106.9053,9.238093125000006,9.238093125000006
2026-09-16 03:49:16,latency,113.6727,108.64489395833331,98.7203,5.027806041666693,5.027806041666693
2026-09-16 03:49:17,latency,109.9012,109.96535529166667,107.28,-0.06415529166666545,0.06415529166666545
2026-09-16 03:49:18,latency,101.3734,109.552789125,104.2129,-8.179389125,8.179389125
2026-09-16 03:49:19,latency,105.848,107.57220895833333,125.9033,-1.7242089583333353,1.7242089583333353
2026-09-16 03:49:20,latency,100.88,112.21366016666666,119.1385,-11.333660166666661,11.333660166666661
2026-09-16 03:49:21,latency,101.8549,110.19329433333333,108.732,-8.338394333333326,8.338394333333326
2026-09-16 03:49:22,latency,96.176,111.12700125,117.2876,-14.951001250000004,14.951001250000004
2026-09-16 03:49:23,latency,111.148,110.74678741666666,114.9346,0.4012125833333329,0.4012125833333329
2026-09-16 03:49:24,latency,107.0835,110.70458395833333,105.5448,-3.6210839583333296,3.6210839583333296
2026-09-16 03:49:25,latency,111.7878,112.21720520833334,119.2244,-0.4294052083333355,0.4294052083333355
2026-09-16 03:49:26,latency,117.3104,109.440787375,113.6727,7.869612625000002,7.869612625000002
2026-09-16 03:49:27,latency,95.8072,110.55804895833333,109.9012,-14.750848958333336,14.750848958333336
2026-09-16 03:49:28,latency,107.9595,108.38568254166667,101.3734,-0.4261825416666625,0.4261825416666625
2026-09-16 03:49:29,latency,105.0466,110.36211879166666,105.848,-5.315518791666662,5.315518791666662
2026-09-16 03:49:30,latency,115.8135,109.36998695833331,100.88,6.443513041666691,6.443513041666691
2026-09-16 03:49:31,latency,107.4345,108.485158125,101.8549,-1.0506581249999982,1.0506581249999982
2026-09-16 03:49:32,latency,110.1118,104.71355700000001,96.176,5.398242999999994,5.398242999999994
2026-09-16 03:49:33,latency,108.1509,107.45418875,111.148,0.6967112499999928,0.6967112499999928
2026-09-16 03:49:34,latency,106.0106,107.149676375,107.0835,-1.139076375000002,1.139076375000002
2026-09-16 03:49:35,latency,113.5082,106.30121379166667,111.7878,7.206986208333333,7.206986208333333
2026-09-16 03:49:36,latency,98.933,111.49597708333333,117.3104,-12.562977083333323,12.562977083333323
2026-09-16 03:49:37,latency,110.0837,106.49317729166667,95.8072,3.5905227083333244,3.5905227083333244
2026-09-16 03:49:38,latency,111.0047,108.994123375,107.9595,2.010576624999999,2.010576624999999
2026-09-16 03:49:39,latency,108.4964,107.68141362499999,105.0466,0.8149863750000037,0.8149863750000037
2026-09-16 03:49:40,latency,111.5563,108.76629791666667,115.8135,2.79000208333332,2.79000208333332
2026-09-16 03:49:41,latency,105.9462,107.92990529166667,107.4345,-1.9837052916666664,1.9837052916666664
2026-09-16 03:49:42,latency,103.9331,106.12223779166666,110.1118,-2.189137791666667,2.189137791666667
2026-09-16 03:49:43,latency,108.6955,106.03986325,108.1509,2.6556367499999993,2.6556367499999993
2026-09-16 03:49:44,latency,95.5935,107.261962125,106.0106,-11.66846212499999,11.66846212499999
2026-09-16 03:49:45,latency,117.1773,107.81214966666667,113.5082,9.365150333333332,9.365150333333332
2026-09-16 03:49:46,latency,103.0251,104.87022287500001,98.933,-1.8451228750000155,1.8451228750000155
2026-09-16 03:49:47,latency,104.6832,106.1740655,110.0837,-1.4908654999999982,1.4908654999999982
2026-09-16 03:49:48,latency,100.6112,107.098929875,111.0047,-6.487729874999999,6.487729874999999
2026-09-16 03:49:49,latency,107.8289,105.21611508333334,108.4964,2.6127849166666692,2.6127849166666692
2026-09-16 03:49:50,latency,108.9552,107.83548229166666,111.5563,1.11971770833334,1.11971770833334
2026-09-16 03:49:51,latency,120.8082,107.22625745833334,105.9462,13.581942541666663,13.581942541666663
2026-09-16 03:49:52,latency,108.0997,107.97831049999999,103.9331,0.12138950000000648,0.12138950000000648
2026-09-16 03:49:53,latency,107.9274,106.20836245833333,108.6955,1.7190375416666797,1.7190375416666797
2026-09-16 03:49:54,latency,108.4302,105.92467795833335,95.5935,2.5055220416666515,2.5055220416666515
2026-09-16 03:49:55,latency,94.7829,107.79471208333332,117.1773,-13.011812083333325,13.011812083333325
2026-09-16 03:49:56,latency,120.3595,107.50596508333334,103.0251,12.85353491666666,12.85353491666666
2026-09-16 03:49:57,latency,104.2081,107.41249395833333,104.6832,-3.204393958333327,3.204393958333327
2026-09-16 03:49:58,latency,107.366,106.852655625,100.6112,0.5133443750000026,0.5133443750000026
2026-09-16 03:49:59,latency,101.4759,106.83770579166668,107.8289,-5.361805791666683,5.361805791666683
2026-09-16 03:50:00,latency,100.6835,106.10079233333333,108.9552,-5.417292333333336,5.417292333333336
2026-09-16 03:50:01,latency,112.5088,106.722747125,120.8082,5.786052874999996,5.786052874999996
2026-09-16 03:50:02,latency,90.9072,107.52438079166667,108.0997,-16.61718079166667,16.61718079166667
2026-09-16 03:50:03,latency,110.7245,107.70608495833334,107.9274,3.018415041666671,3.018415041666671
2026-09-16 03:50:04,latency,106.8549,108.33526679166667,108.4302,-1.4803667916666683,1.4803667916666683
2026-09-16 03:50:05,latency,107.6097,106.72467983333334,94.7829,0.8850201666666635,0.8850201666666635
2026-09-16 03:50:06,latency,112.2146,107.55832129166666,120.3595,4.656278708333346,4.656278708333346
2026-09-16 03:50:07,latency,97.5883,109.14923529166667,104.2081,-11.560935291666667,11.560935291666667
2026-09-16 03:50:08,latency,112.0078,105.92828375,107.366,6.0795162499999975,6.0795162499999975
2026-09-16 03:50:09,latency,105.3474,106.27073941666666,101.4759,-0.9233394166666642,0.9233394166666642
2026-09-16 03:50:10,latency,106.4525,105.40879658333333,100.6835,1.0437034166666734,1.0437034166666734
2026-09-16 03:50:11,latency,110.3994,108.13127395833332,112.5088,2.268126041666676,2.268126041666676
2026-09-16 03:50:12,latency,98.2967,103.25258004166668,90.9072,-4.955880041666674,4.955880041666674
2026-09-16 03:50:13,latency,97.5328,105.64668950000001,110.7245,-8.113889500000013,8.113889500000013
2026-09-16 03:50:14,latency,97.0267,105.464328375,106.8549,-8.437628374999989,8.437628374999989
2026-09-16 03:50:15,latency,103.2796,104.53861575,107.6097,-1.2590157500000032,1.2590157500000032
2026-09-16 03:50:16,latency,95.2534,104.88719483333334,112.2146,-9.63379483333334,9.63379483333334
2026-09-16 03:50:17,latency,108.3483,101.66213450000001,97.5883,6.686165499999987,6.686165499999987
2026-09-16 03:50:18,latency,93.1388,106.48929570833334,112.0078,-13.35049570833334,13.35049570833334
2026-09-16 03:50:19,latency,93.1966,106.63798745833333,105.3474,-13.441387458333324,13.441387458333324
2026-09-16 03:50:20,latency,106.9638,107.24540383333333,106.4525,-0.28160383333332106,0.28160383333332106
2026-09-16 03:50:21,latency,108.2462,106.106828,110.3994,2.1393720000000087,2.1393720000000087
2026-09-16 03:50:22,latency,106.3967,103.68667195833333,98.2967,2.7100280416666607,2.7100280416666607
2026-09-16 03:50:23,latency,98.1993,103.66226029166667,97.5328,-5.4629602916666755,5.4629602916666755
2026-09-16 03:50:24,latency,96.6139,103.91991466666667,97.0267,-7.30601466666667,7.30601466666667
2026-09-16 03:50:25,latency,104.7315,103.49305816666667,103.2796,1.2384418333333258,1.2384418333333258
2026-09-16 03:50:26,latency,100.2862,102.2633175,95.2534,-1.9771175000000056,1.9771175000000056
2026-09-16 03:50:27,latency,93.9526,103.15214316666666,108.3483,-9.199543166666658,9.199543166666658
2026-09-16 03:50:28,latency,110.0116,100.96198316666667,93.1388,9.049616833333332,9.049616833333332
2026-09-16 03:50:29,latency,90.6389,100.863905875,93.1966,-10.225005874999994,10.225005874999994
2026-09-16 03:50:30,latency,94.2662,103.72813566666667,106.9638,-9.461935666666676,9.461935666666676
2026-09-16 03:50:31,latency,96.3084,101.16209641666667,108.2462,-4.853696416666665,4.853696416666665
2026-09-16 03:50:32,latency,107.7999,103.89732554166666,106.3967,3.9025744583333335,3.9025744583333335
2026-09-16 03:50:33,latency,91.1973,101.58614233333333,98.1993,-10.38884233333333,10.38884233333333
2026-09-16 03:50:34,latency,97.3556,103.00829454166667,96.6139,-5.652694541666676,5.652694541666676
2026-09-16 03:50:35,latency,97.7868,100.81748491666667,104.7315,-3.0306849166666723,3.0306849166666723
2026-09-16 03:50:36,latency,103.7535,100.2748445,100.2862,3.478655500000002,3.478655500000002
2026-09-16 03:50:37,latency,98.6718,101.54071179166667,93.9526,-2.8689117916666618,2.8689117916666618
2026-09-16 03:50:38,latency,91.3907,101.31063883333334,110.0116,-9.919938833333347,9.919938833333347
2026-09-16 03:50:39,latency,88.7486,98.49313175,90.6389,-9.744531750000007,9.744531750000007
2026-09-16 03:50:40,latency,84.7325,99.89839079166666,94.2662,-15.165890791666655,15.165890791666655
2026-09-16 03:50:41,latency,91.8839,99.14013754166668,96.3084,-7.256237541666678,7.256237541666678
2026-09-16 03:50:42,latency,81.1616,100.182755625,107.7999,-19.02115562499999,19.02115562499999
2026-09-16 03:50:43,latency,98.8697,96.32861766666667,91.1973,2.5410823333333212,2.5410823333333212
2026-09-16 03:50:44,latency,91.2511,100.00643841666667,97.3556,-8.755338416666675,8.755338416666675
2026-09-16 03:50:45,latency,93.9667,98.46204408333334,97.7868,-4.495344083333336,4.495344083333336
2026-09-16 03:50:46,latency,89.9534,99.44121854166667,103.7535,-9.48781854166667,9.48781854166667
2026-09-16 03:50:47,latency,90.6919,99.71162541666668,98.6718,-9.019725416666674,9.019725416666674
2026-09-16 03:50:48,latency,99.3042,97.057053625,91.3907,2.247146375,2.247146375
2026-09-16 03:50:49,latency,94.0517,97.30689541666666,88.7486,-3.255195416666666,3.255195416666666
2026-09-16 03:50:50,latency,80.8466,96.13560175,84.7325,-15.289001750000011,15.289001750000011
2026-09-16 03:50:51,latency,96.6046,95.85030033333334,91.8839,0.7542996666666681,0.7542996666666681
2026-09-16 03:50:52,latency,92.9748,92.193043125,81.1616,0.7817568749999992,0.7817568749999992
2026-09-16 03:50:53,latency,90.8614,94.31664662499999,98.8697,-3.4552466249999867,3.4552466249999867
2026-09-16 03:50:54,latency,101.6328,94.367082125,91.2511,7.265717875000007,7.265717875000007
2026-09-16 03:50:55,latency,107.7297,93.95204579166666,93.9667,13.777654208333331,13.777654208333331
2026-09-16 03:50:56,latency,99.7076,93.870109125,89.9534,5.837490875,5.837490875
2026-09-16 03:50:57,latency,93.6178,93.92268266666667,90.6919,-0.3048826666666713,0.3048826666666713
2026-09-16 03:50:58,latency,106.2164,94.2662895,99.3042,11.950110499999994,11.950110499999994
2026-09-16 03:50:59,latency,97.6324,92.9150355,94.0517,4.717364500000002,4.717364500000002
2026-09-16 03:51:00,latency,95.0416,90.00192120833333,80.8466,5.039678791666674,5.039678791666674
2026-09-16 03:51:01,latency,84.5223,91.05692741666667,96.6046,-6.534627416666666,6.534627416666666
2026-09-16 03:51:02,latency,71.5835,89.22682783333333,92.9748,-17.64332783333333,17.64332783333333
2026-09-16 03:51:03,latency,101.6662,92.01509795833334,90.8614,9.651102041666661,9.651102041666661
2026-09-16 03:51:04,latency,111.8842,93.06018304166666,101.6328,18.824016958333345,18.824016958333345
2026-09-16 03:51:05,latency,101.624,94.72053879166666,107.7297,6.90346120833334,6.90346120833334
2026-09-16 03:51:06,latency,96.6937,93.79952016666667,99.7076,2.8941798333333395,2.8941798333333395
2026-09-16 03:51:07,latency,91.5278,94.37085429166667,93.6178,-2.8430542916666752,2.8430542916666752
2026-09-16 03:51:08,latency,106.2941,95.83280454166666,106.2164,10.461295458333339,10.461295458333339
2026-09-16 03:51:09,latency,113.6581,95.27466695833334,97.6324,18.383433041666663,18.383433041666663
2026-09-16 03:51:10,latency,99.6942,95.19856408333334,95.0416,4.495635916666657,4.495635916666657
2026-09-16 03:51:11,latency,103.7301,93.17014308333333,84.5223,10.559956916666664,10.559956916666664
2026-09-16 03:51:12,latency,109.212,87.81451595833333,71.5835,21.397484041666672,21.397484041666672
2026-09-16 03:51:13,latency,109.5415,92.64169741666667,101.6662,16.899802583333326,16.899802583333326
2026-09-16 03:51:14,latency,112.88,94.27998533333333,111.8842,18.600014666666667,18.600014666666667
2026-09-16 03:51:15,latency,105.2399,96.070735375,101.624,9.169164625000008,9.169164625000008
2026-09-16 03:51:16,latency,101.0998,95.15654579166667,96.6937,5.943254208333329,5.943254208333329
2026-09-16 03:51:17,latency,97.833,93.140191625,91.5278,4.6928083749999985,4.6928083749999985
2026-09-16 03:51:18,latency,89.2443,98.79857733333334,106.2941,-9.554277333333346,9.554277333333346
2026-09-16 03:51:19,latency,110.0134,102.00485391666666,113.6581,8.008546083333343,8.008546083333343
2026-09-16 03:51:20,latency,99.3361,97.23876758333333,99.6942,2.0973324166666742,2.0973324166666742
2026-09-16 03:51:21,latency,103.6419,96.98850816666666,103.7301,6.653391833333345,6.653391833333345
2026-09-16 03:51:22,latency,97.6756,101.09356983333335,109.212,-3.417969833333345,3.417969833333345
2026-09-16 03:51:23,latency,108.8039,102.65143358333334,109.5415,6.152466416666655,6.152466416666655
2026-09-16 03:51:24,latency,105.388,103.34407545833334,112.88,2.0439245416666694,2.0439245416666694
2026-09-16 03:51:25,latency,99.3759,101.46057895833334,105.2399,-2.084678958333342,2.084678958333342
2026-09-16 03:51:26,latency,109.9095,103.72608158333334,101.0998,6.183418416666655,6.183418416666655
2026-09-16 03:51:27,latency,100.1696,102.47438754166667,97.833,-2.30478754166667,2.30478754166667
2026-09-16 03:51:28,latency,105.685,98.68226266666666,89.2443,7.002737333333343,7.002737333333343
2026-09-16 03:51:29,latency,117.5326,100.49776695833334,110.0134,17.03483304166666,17.03483304166666
2026-09-16 03:51:30,latency,98.0722,100.24139820833334,99.3361,-2.1691982083333414,2.1691982083333414
2026-09-16 03:51:31,latency,105.1378,100.31382525000001,103.6419,4.823974749999991,4.823974749999991
2026-09-16 03:51:32,latency,105.4372,102.63926429166666,97.6756,2.797935708333341,2.797935708333341
2026-09-16 03:51:33,latency,111.8731,103.46368641666668,108.8039,8.409413583333318,8.409413583333318
2026-09-16 03:51:34,latency,95.9997,103.052584,105.388,-7.052883999999992,7.052883999999992
2026-09-16 03:51:35,latency,106.9524,102.07373566666666,99.3759,4.878664333333333,4.878664333333333
2026-09-16 03:51:36,latency,100.8703,104.27629395833333,109.9095,-3.405993958333326,3.405993958333326
2026-09-16 03:51:37,latency,88.7434,104.05309245833334,100.1696,-15.309692458333345,15.309692458333345
2026-09-16 03:51:38,latency,86.8402,102.73724945833334,105.685,-15.897049458333342,15.897049458333342
2026-09-16 03:51:39,latency,85.1659,104.23210241666666,117.5326,-19.06620241666667,19.06620241666667
2026-09-16 03:51:40,latency,95.838,102.04485724999999,98.0722,-6.206857249999999,6.206857249999999
2026-09-16 03:51:41,latency,98.334,103.05188241666667,105.1378,-4.717882416666669,4.717882416666669
2026-09-16 03:51:42,latency,91.4637,102.87065920833334,105.4372,-11.406959208333333,11.406959208333333
2026-09-16 03:51:43,latency,80.2635,105.03880416666665,111.8731,-24.775304166666658,24.775304166666658
2026-09-16 03:51:44,latency,91.2773,101.4038015,95.9997,-10.126501500000003,10.126501500000003
2026-09-16 03:51:45,latency,95.4131,102.03788875,106.9524,-6.624788749999993,6.624788749999993
2026-09-16 03:51:46,latency,99.8165,104.58469466666666,100.8703,-4.768194666666659,4.768194666666659
2026-09-16 03:51:47,latency,93.5385,100.28883266666666,88.7434,-6.750332666666665,6.750332666666665
2026-09-16 03:51:48,latency,91.7771,97.90140987499998,86.8402,-6.12430987499998,6.12430987499998
2026-09-16 03:51:49,latency,90.4981,95.91580804166665,85.1659,-5.417708041666657,5.417708041666657
2026-09-16 03:51:50,latency,100.3736,97.97165958333333,95.838,2.401940416666662,2.401940416666662
2026-09-16 03:51:51,latency,90.6048,98.11290637500001,98.334,-7.508106375000011,7.508106375000011
2026-09-16 03:51:52,latency,84.2162,97.14761016666667,91.4637,-12.931410166666666,12.931410166666666
2026-09-16 03:51:53,latency,99.0951,93.01584066666666,80.2635,6.07925933333334,6.07925933333334
2026-09-16 03:51:54,latency,99.2905,94.847561625,91.2773,4.442938374999997,4.442938374999997
2026-09-16 03:51:55,latency,98.0529,96.959300375,95.4131,1.093599624999996,1.093599624999996
2026-09-16 03:51:56,latency,95.1352,95.95326033333333,99.8165,-0.8180603333333352,0.8180603333333352
2026-09-16 03:51:57,latency,95.6614,95.94703133333333,93.5385,-0.2856313333333276,0.2856313333333276
2026-09-16 03:51:58,latency,102.5812,94.29250370833334,91.7771,8.288696291666653,8.288696291666653
2026-09-16 03:51:59,latency,87.3716,94.28935987499999,90.4981,-6.917759874999987,6.917759874999987
2026-09-16 03:52:00,latency,93.3636,96.02316858333333,100.3736,-2.659568583333325,2.659568583333325
2026-09-16 03:52:01,latency,108.332,96.00524783333333,90.6048,12.326752166666665,12.326752166666665
2026-09-16 03:52:02,latency,91.5082,92.78649233333334,84.2162,-1.27829233333334,1.27829233333334
2026-09-16 03:52:03,latency,91.9922,93.53591766666666,99.0951,-1.5437176666666659,1.5437176666666659
2026-09-16 03:52:04,latency,103.0763,93.59450770833332,99.2905,9.481792291666679,9.481792291666679
2026-09-16 03:52:05,latency,80.3476,92.88865208333333,98.0529,-12.541052083333327,12.541052083333327
2026-09-16 03:52:06,latency,99.6181,92.026231375,95.1352,7.591868625000004,7.591868625000004
2026-09-16 03:52:07,latency,108.9935,92.45140791666667,95.6614,16.54209208333333,16.54209208333333
2026-09-16 03:52:08,latency,96.374,95.48289479166667,102.5812,0.8911052083333288,0.8911052083333288
2026-09-16 03:52:09,latency,92.0846,92.20604995833334,87.3716,-0.12144995833334349,0.12144995833334349
2026-09-16 03:52:10,latency,90.691,92.16619216666668,93.3636,-1.4751921666666732,1.4751921666666732
2026-09-16 03:52:11,latency,106.5613,95.11115287499997,108.332,11.45014712500003,11.45014712500003
2026-09-16 03:52:12,latency,103.8978,94.655043625,91.5082,9.242756374999999,9.242756374999999
2026-09-16 03:52:13,latency,102.0818,95.55787508333333,91.9922,6.523924916666672,6.523924916666672
2026-09-16 03:52:14,latency,88.5185,96.29796254166666,103.0763,-7.7794625416666605,7.7794625416666605
2026-09-16 03:52:15,latency,96.4918,94.29757933333332,80.3476,2.1942206666666806,2.1942206666666806
2026-09-16 03:52:16,latency,96.3524,95.05231058333334,99.6181,1.3000894166666654,1.3000894166666654
2026-09-16 03:52:17,latency,101.1661,94.76213725,108.9935,6.403962750000005,6.403962750000005
2026-09-16 03:52:18,latency,93.3327,97.327901125,96.374,-3.995201124999994,3.995201124999994
2026-09-16 03:52:19,latency,103.9314,96.849624875,92.0846,7.081775124999993,7.081775124999993
2026-09-16 03:52:20,latency,99.5746,94.225734125,90.691,5.348865875000001,5.348865875000001
2026-09-16 03:52:21,latency,95.3017,96.30068475,106.5613,-0.9989847500000053,0.9989847500000053
2026-09-16 03:52:22,latency,97.0534,97.47620758333333,103.8978,-0.4228075833333378,0.4228075833333378
2026-09-16 03:52:23,latency,85.0745,96.0314655,102.0818,-10.956965499999995,10.956965499999995
2026-09-16 03:52:24,latency,86.2977,95.48391654166667,88.5185,-9.186216541666667,9.186216541666667
2026-09-16 03:52:25,latency,99.6392,96.29898883333333,96.4918,3.340211166666677,3.340211166666677
2026-09-16 03:52:26,latency,86.6985,97.31342808333333,96.3524,-10.61492808333334,10.61492808333334
2026-09-16 03:52:27,latency,80.5029,96.81711083333333,101.1661,-16.314210833333334,16.314210833333334
2026-09-16 03:52:28,latency,93.638,97.28279441666668,93.3327,-3.64479441666667,3.64479441666667
2026-09-16 03:52:29,latency,89.845,97.87284916666667,103.9314,-8.02784916666667,8.02784916666667
2026-09-16 03:52:30,latency,87.7973,96.02360716666666,99.5746,-8.226307166666658,8.226307166666658
2026-09-16 03:52:31,latency,84.5354,97.88259829166667,95.3017,-13.347198291666672,13.347198291666672
2026-09-16 03:52:32,latency,90.5144,96.31360866666667,97.0534,-5.799208666666672,5.799208666666672
2026-09-16 03:52:33,latency,91.2846,96.26840504166665,85.0745,-4.983805041666656,4.983805041666656
2026-09-16 03:52:34,latency,103.8212,93.165000875,86.2977,10.656199125,10.656199125
2026-09-16 03:52:35,latency,109.99,96.79543204166667,99.6392,13.194567958333323,13.194567958333323
2026-09-16 03:52:36,latency,84.1227,94.86915699999999,86.6985,-10.746456999999992,10.746456999999992
2026-09-16 03:52:37,latency,99.6567,91.86030404166665,80.5029,7.796395958333349,7.796395958333349
2026-09-16 03:52:38,latency,95.4904,92.98734966666667,93.638,2.50305033333332,2.50305033333332
2026-09-16 03:52:39,latency,100.0115,93.50749716666667,89.845,6.504002833333331,6.504002833333331
2026-09-16 03:52:40,latency,87.7062,94.38941025,87.7973,-6.683210250000002,6.683210250000002
2026-09-16 03:52:41,latency,83.4346,91.713592625,84.5354,-8.278992625,8.278992625
2026-09-16 03:52:42,latency,88.227,91.74222716666667,90.5144,-3.515227166666662,3.515227166666662
2026-09-16 03:52:43,latency,98.5241,91.96826825,91.2846,6.55583175000001,6.55583175000001
2026-09-16 03:52:44,latency,95.5608,93.72423420833334,103.8212,1.8365657916666578,1.8365657916666578
2026-09-16 03:52:45,latency,96.1243,94.20640408333333,109.99,1.91789591666668,1.91789591666668
2026-09-16 03:52:46,latency,97.2897,93.27177599999999,84.1227,4.017924000000008,4.017924000000008
2026-09-16 03:52:47,latency,87.5155,93.240934,99.6567,-5.725433999999993,5.725433999999993
2026-09-16 03:52:48,latency,86.4285,93.916698375,95.4904,-7.488198374999996,7.488198374999996
2026-09-16 03:52:49,latency,93.8755,93.57134541666666,100.0115,0.304154583333343,0.304154583333343
2026-09-16 03:52:50,latency,93.2361,92.24956424999999,87.7062,0.9865357500000016,0.9865357500000016
2026-09-16 03:52:51,latency,94.5036,89.35831200000001,83.4346,5.145287999999994,5.145287999999994
2026-09-16 03:52:52,latency,97.3227,90.12385766666667,88.227,7.198842333333332,7.198842333333332
2026-09-16 03:52:53,latency,89.1808,91.83485404166667,98.5241,-2.6540540416666687,2.6540540416666687
2026-09-16 03:52:54,latency,99.4688,91.910409625,95.5608,7.558390375000002,7.558390375000002
2026-09-16 03:52:55,latency,100.8723,90.95264816666666,96.1243,9.919651833333333,9.919651833333333
2026-09-16 03:52:56,latency,104.0906,92.622289375,97.2897,11.468310625,11.468310625
2026-09-16 03:52:57,latency,93.3743,93.29565512500001,87.5155,0.07864487499999484,0.07864487499999484
2026-09-16 03:52:58,latency,84.5715,93.08532295833334,86.4285,-8.513822958333336,8.513822958333336
2026-09-16 03:52:59,latency,95.0584,92.769209375,93.8755,2.2891906250000034,2.2891906250000034
2026-09-16 03:53:00,latency,87.5372,93.03083829166665,93.2361,-5.493638291666656,5.493638291666656
2026-09-16 03:53:01,latency,99.5374,93.51360550000001,94.5036,6.023794499999994,6.023794499999994
2026-09-16 03:53:02,latency,93.1948,93.64880470833333,97.3227,-0.4540047083333292,0.4540047083333292
2026-09-16 03:53:03,latency,93.8244,93.87368695833334,89.1808,-0.04928695833334018,0.04928695833334018
2026-09-16 03:53:04,latency,94.9673,93.95168308333334,99.4688,1.0156169166666587,1.0156169166666587
2026-09-16 03:53:05,latency,93.9365,94.25971262499999,100.8723,-0.3232126249999965,0.3232126249999965
2026-09-16 03:53:06,latency,90.0744,94.72442929166667,104.0906,-4.6500292916666695,4.6500292916666695
2026-09-16 03:53:07,latency,102.5418,94.996753625,93.3743,7.545046374999998,7.545046374999998
2026-09-16 03:53:08,latency,89.1333,93.8890655,84.5715,-4.755765499999995,4.755765499999995
2026-09-16 03:53:09,latency,92.6511,94.26469654166667,95.0584,-1.6135965416666664,1.6135965416666664
2026-09-16 03:53:10,latency,90.1904,92.14971370833332,87.5372,-1.959313708333326,1.959313708333326
2026-09-16 03:53:11,latency,96.1786,95.72972854166667,99.5374,0.4488714583333291,0.4488714583333291
2026-09-16 03:53:12,latency,85.2305,94.2310645,93.1948,-9.000564499999996,9.000564499999996
2026-09-16 03:53:13,latency,89.926,93.20643783333333,93.8244,-3.2804378333333233,3.2804378333333233
2026-09-16 03:53:14,latency,98.5546,92.60486704166667,94.9673,5.949732958333328,5.949732958333328
2026-09-16 03:53:15,latency,92.7557,93.44840720833332,93.9365,-0.6927072083333172,0.6927072083333172
2026-09-16 03:53:16,latency,88.13,93.033002625,90.0744,-4.903002624999999,4.903002624999999
2026-09-16 03:53:17,latency,90.0978,93.98165620833333,102.5418,-3.8838562083333272,3.8838562083333272
2026-09-16 03:53:18,latency,99.0555,92.90571583333333,89.1333,6.149784166666663,6.149784166666663
2026-09-16 03:53:19,latency,94.1989,93.28922283333334,92.6511,0.9096771666666541,0.9096771666666541
2026-09-16 03:53:20,latency,81.1468,94.39842004166667,90.1904,-13.25162004166667,13.25162004166667
2026-09-16 03:53:21,latency,102.6466,93.42850404166667,96.1786,9.218095958333336,9.218095958333336
2026-09-16 03:53:22,latency,87.7558,91.79002954166667,85.2305,-4.034229541666676,4.034229541666676
2026-09-16 03:53:23,latency,94.8936,93.8217285,89.926,1.0718715000000003,1.0718715000000003
2026-09-16 03:53:24,latency,103.5482,93.95926337499999,98.5546,9.588936625000002,9.588936625000002
2026-09-16 03:53:25,latency,91.0008,92.58441,92.7557,-1.5836100000000073,1.5836100000000073
2026-09-16 03:53:26,latency,89.145,92.23631041666665,88.13,-3.0913104166666585,3.0913104166666585
2026-09-16 03:53:27,latency,85.7071,92.05698479166668,90.0978,-6.349884791666682,6.349884791666682
2026-09-16 03:53:28,latency,82.6714,92.75491891666667,99.0555,-10.083518916666662,10.083518916666662
2026-09-16 03:53:29,latency,100.0044,91.54772954166665,94.1989,8.456670458333349,8.456670458333349
2026-09-16 03:53:30,latency,90.7823,90.80238458333334,81.1468,-0.020084583333328965,0.020084583333328965
2026-09-16 03:53:31,latency,96.1485,93.28191366666667,102.6466,2.8665863333333306,2.8665863333333306
2026-09-16 03:53:32,latency,94.6582,92.27513049999999,87.7558,2.383069500000005,2.383069500000005
2026-09-16 03:53:33,latency,87.7182,92.26245816666668,94.8936,-4.54425816666668,4.54425816666668
2026-09-16 03:53:34,latency,103.1503,94.28574154166665,103.5482,8.864558458333349,8.864558458333349
2026-09-16 03:53:35,latency,98.1234,92.93507325,91.0008,5.188326750000002,5.188326750000002
2026-09-16 03:53:36,latency,84.7677,92.85892204166666,89.145,-8.091222041666654,8.091222041666654
2026-09-16 03:53:37,latency,89.141,91.57477291666666,85.7071,-2.433772916666655,2.433772916666655
2026-09-16 03:53:38,latency,101.1185,91.81781270833334,82.6714,9.300687291666662,9.300687291666662
2026-09-16 03:53:39,latency,96.1697,92.48815866666668,100.0044,3.6815413333333282,3.6815413333333282
2026-09-16 03:53:40,latency,95.5581,91.87176604166667,90.7823,3.6863339583333214,3.6863339583333214
2026-09-16 03:53:41,latency,88.919,92.139866,96.1485,-3.220866000000001,3.220866000000001
2026-09-16 03:53:42,latency,98.1629,90.46596579166666,94.6582,7.696934208333332,7.696934208333332
2026-09-16 03:53:43,latency,94.6344,92.27469375,87.7182,2.359706250000002,2.359706250000002
2026-09-16 03:53:44,latency,94.6422,93.48216754166667,103.1503,1.1600324583333332,1.1600324583333332
2026-09-16 03:53:45,latency,86.9001,92.47616495833334,98.1234,-5.5760649583333475,5.5760649583333475
2026-09-16 03:53:46,latency,100.226,91.21743604166667,84.7677,9.008563958333326,9.008563958333326
2026-09-16 03:53:47,latency,86.1718,91.73660720833334,89.141,-5.564807208333335,5.564807208333335
2026-09-16 03:53:48,latency,97.0441,93.562602375,101.1185,3.481497625000003,3.481497625000003
2026-09-16 03:53:49,latency,98.7974,94.13364845833334,96.1697,4.663751541666656,4.663751541666656
2026-09-16 03:53:50,latency,108.7419,92.78324283333333,95.5581,15.958657166666669,15.958657166666669
2026-09-16 03:53:51,latency,84.6347,92.52700591666667,88.919,-7.892305916666672,7.892305916666672
2026-09-16 03:53:52,latency,97.5939,93.55416116666666,98.1629,4.039738833333345,4.039738833333345
2026-09-16 03:53:53,latency,81.4366,92.15272295833333,94.6344,-10.71612295833333,10.71612295833333
2026-09-16 03:53:54,latency,83.4231,91.75496670833334,94.6422,-8.331866708333337,8.331866708333337
2026-09-16 03:53:55,latency,113.3616,93.71296633333333,86.9001,19.64863366666667,19.64863366666667
2026-09-16 03:53:56,latency,86.1467,93.49483945833333,100.226,-7.3481394583333355,7.3481394583333355
2026-09-16 03:53:57,latency,97.82,90.97281254166667,86.1718,6.847187458333323,6.847187458333323
2026-09-16 03:53:58,latency,98.8718,94.62723112500001,97.0441,4.244568874999985,4.244568874999985
2026-09-16 03:53:59,latency,87.5682,93.09661933333334,98.7974,-5.528419333333332,5.528419333333332
2026-09-16 03:54:00,latency,94.5555,95.49881862499998,108.7419,-0.9433186249999892,0.9433186249999892
2026-09-16 03:54:01,latency,93.5518,95.33011499999999,84.6347,-1.778314999999992,1.778314999999992
2026-09-16 03:54:02,latency,102.239,94.13240862500001,97.5939,8.106591374999994,8.106591374999994
2026-09-16 03:54:03,latency,86.0328,94.01649562499999,81.4366,-7.983695624999996,7.983695624999996
2026-09-16 03:54:04,latency,98.961,92.58194216666668,83.4231,6.37905783333332,6.37905783333332
2026-09-16 03:54:05,latency,91.8613,89.33920070833332,113.3616,2.5220992916666773,2.5220992916666773
2026-09-16 03:54:06,latency,87.9154,91.95865091666666,86.1467,-4.043250916666651,4.043250916666651
2026-09-16 03:54:07,latency,101.5056,94.44122354166666,97.82,7.064376458333342,7.064376458333342
2026-09-16 03:54:08,latency,86.5698,94.14839479166666,98.8718,-7.57859479166666,7.57859479166666
2026-09-16 03:54:09,latency,95.08,92.06578608333334,87.5682,3.0142139166666624,3.0142139166666624
2026-09-16 03:54:10,latency,94.9588,93.80238979166666,94.5555,1.156410208333341,1.156410208333341
2026-09-16 03:54:11,latency,96.1615,93.632957,93.5518,2.528542999999999,2.528542999999999
2026-09-16 03:54:12,latency,95.0519,95.62733550000002,102.239,-0.5754355000000118,0.5754355000000118
2026-09-16 03:54:13,latency,103.896,91.27443491666666,86.0328,12.621565083333337,12.621565083333337
2026-09-16 03:54:14,latency,96.729,92.86938070833332,98.961,3.859619291666675,3.859619291666675
2026-09-16 03:54:15,latency,95.7541,95.34365820833334,91.8613,0.4104417916666563,0.4104417916666563
2026-09-16 03:54:16,latency,113.5552,93.38539545833333,87.9154,20.169804541666664,20.169804541666664
2026-09-16 03:54:17,latency,110.2658,94.09520804166667,101.5056,16.170591958333333,16.170591958333333
2026-09-16 03:54:18,latency,88.8125,92.725066125,86.5698,-3.912566124999998,3.912566124999998
2026-09-16 03:54:19,latency,87.6897,93.07064066666666,95.08,-5.38094066666666,5.38094066666666
2026-09-16 03:54:20,latency,100.3769,91.267168,94.9588,9.109732000000008,9.109732000000008
2026-09-16 03:54:21,latency,92.1583,92.91945108333334,96.1615,-0.7611510833333455,0.7611510833333455
2026-09-16 03:54:22,latency,85.2971,92.49001166666667,95.0519,-7.192911666666674,7.192911666666674
2026-09-16 03:54:23,latency,90.2338,95.89820604166667,103.896,-5.664406041666666,5.664406041666666
2026-09-16 03:54:24,latency,100.3773,95.19962583333333,96.729,5.177674166666677,5.177674166666677
2026-09-16 03:54:25,latency,102.4825,94.05169979166666,95.7541,8.430800208333338,8.430800208333338
2026-09-16 03:54:26,latency,98.3548,98.10615458333332,113.5552,0.24864541666667606,0.24864541666667606
2026-09-16 03:54:27,latency,103.6623,99.019062125,110.2658,4.643237874999997,4.643237874999997
2026-09-16 03:54:28,latency,100.3268,95.761967875,88.8125,4.5648321250000095,4.5648321250000095
2026-09-16 03:54:29,latency,89.0029,95.03670566666666,87.6897,-6.033805666666666,6.033805666666666
2026-09-16 03:54:30,latency,98.192,95.72701770833334,100.3769,2.464982291666658,2.464982291666658
2026-09-16 03:54:31,latency,83.589,97.00483491666667,92.1583,-13.415834916666668,13.415834916666668
2026-09-16 03:54:32,latency,92.3503,94.62897629166667,85.2971,-2.2786762916666703,2.2786762916666703
2026-09-16 03:54:33,latency,104.7455,94.302266125,90.2338,10.443233875000004,10.443233875000004
2026-09-16 03:54:34,latency,86.7227,95.24449908333334,100.3773,-8.521799083333335,8.521799083333335
2026-09-16 03:54:35,latency,90.9955,95.81570258333333,102.4825,-4.820202583333327,4.820202583333327
2026-09-16 03:54:36,latency,97.7915,95.60524045833333,98.3548,2.186259541666672,2.186259541666672
2026-09-16 03:54:37,latency,92.3772,98.02226020833334,103.6623,-5.645060208333334,5.645060208333334
2026-09-16 03:54:38,latency,93.7902,97.397599625,100.3268,-3.6073996249999993,3.6073996249999993
2026-09-16 03:54:39,latency,88.5284,95.75173366666665,89.0029,-7.2233336666666474,7.2233336666666474
2026-09-16 03:54:40,latency,91.435,96.56142458333332,98.192,-5.126424583333318,5.126424583333318
2026-09-16 03:54:41,latency,105.1598,96.30929879166666,83.589,8.850501208333341,8.850501208333341
2026-09-16 03:54:42,latency,91.8674,95.4390625,92.3503,-3.571662500000002,3.571662500000002
2026-09-16 03:54:43,latency,99.4479,95.478876,104.7455,3.9690240000000045,3.9690240000000045
2026-09-16 03:54:44,latency,91.4073,94.14865316666668,86.7227,-2.74135316666667,2.74135316666667
2026-09-16 03:54:45,latency,92.3974,95.30807075000001,90.9955,-2.9106707500000084,2.9106707500000084
2026-09-16 03:54:46,latency,94.5127,93.58458616666667,97.7915,0.9281138333333274,0.9281138333333274
2026-09-16 03:54:47,latency,78.9858,93.97391279166666,92.3772,-14.988112791666666,14.988112791666666
2026-09-16 03:54:48,latency,89.7332,94.79755216666666,93.7902,-5.064352166666666,5.064352166666666
2026-09-16 03:54:49,latency,89.622,93.02570170833334,88.5284,-3.403701708333344,3.403701708333344
2026-09-16 03:54:50,latency,101.1216,93.65961837500001,91.435,7.461981624999993,7.461981624999993
2026-09-16 03:54:51,latency,71.3288,95.93379366666667,105.1598,-24.604993666666672,24.604993666666672
2026-09-16 03:54:52,latency,88.2618,96.83552800000001,91.8674,-8.573728000000017,8.573728000000017
2026-09-16 03:54:53,latency,93.0842,94.59821395833333,99.4479,-1.5140139583333365,1.5140139583333365
2026-09-16 03:54:54,latency,81.0911,94.22986333333334,91.4073,-13.138763333333344,13.138763333333344
2026-09-16 03:54:55,latency,90.5634,95.54599737500001,92.3974,-4.982597375000012,4.982597375000012
2026-09-16 03:54:56,latency,89.5839,93.22162754166666,94.5127,-3.6377275416666635,3.6377275416666635
2026-09-16 03:54:57,latency,92.5311,91.65212404166665,78.9858,0.8789759583333421,0.8789759583333421
2026-09-16 03:54:58,latency,94.2496,92.61303120833333,89.7332,1.6365687916666758,1.6365687916666758
2026-09-16 03:54:59,latency,92.6811,93.22290816666667,89.622,-0.5418081666666694,0.5418081666666694
2026-09-16 03:55:00,latency,88.0475,92.52770395833332,101.1216,-4.48020395833332,4.48020395833332
2026-09-16 03:55:01,latency,84.9715,89.27143858333334,71.3288,-4.299938583333329,4.299938583333329
2026-09-16 03:55:02,latency,92.9611,89.735435625,88.2618,3.225664375000008,3.225664375000008
2026-09-16 03:55:03,latency,97.6376,89.02193749999999,93.0842,8.615662500000013,8.615662500000013
2026-09-16 03:55:04,latency,89.025,89.36349729166666,81.0911,-0.33849729166665554,0.33849729166665554
2026-09-16 03:55:05,latency,97.3679,89.76430425,90.5634,7.603595750000011,7.603595750000011
2026-09-16 03:55:06,latency,108.9062,89.765067625,89.5839,19.141132374999998,19.141132374999998
2026-09-16 03:55:07,latency,99.9265,89.14705441666666,92.5311,10.779445583333342,10.779445583333342
2026-09-16 03:55:08,latency,99.6881,88.90013179166667,94.2496,10.78796820833334,10.78796820833334
2026-09-16 03:55:09,latency,102.2048,88.67895862499999,92.6811,13.525841375000013,13.525841375000013
2026-09-16 03:55:10,latency,75.9448,91.77083425000001,88.0475,-15.826034250000006,15.826034250000006
2026-09-16 03:55:11,latency,96.6527,87.914068,84.9715,8.738631999999996,8.738631999999996
2026-09-16 03:55:12,latency,87.4193,90.42351291666667,92.9611,-3.00421291666666,3.00421291666666
2026-09-16 03:55:13,latency,99.7708,90.046943,97.6376,9.723856999999995,9.723856999999995
2026-09-16 03:55:14,latency,93.5362,89.81908141666668,89.025,3.717118583333317,3.717118583333317
2026-09-16 03:55:15,latency,99.2813,90.69816725000001,97.3679,8.58313274999999,8.58313274999999
2026-09-16 03:55:16,latency,78.6038,92.02264733333331,108.9062,-13.418847333333304,13.418847333333304
2026-09-16 03:55:17,latency,96.4839,92.89453629166667,99.9265,3.5893637083333374,3.5893637083333374
2026-09-16 03:55:18,latency,88.6891,93.44066145833334,99.6881,-4.751561458333342,4.751561458333342
2026-09-16 03:55:19,latency,95.6859,94.46850616666667,102.2048,1.2173938333333325,1.2173938333333325
2026-09-16 03:55:20,latency,90.4846,94.5071475,75.9448,-4.022547500000002,4.022547500000002
2026-09-16 03:55:21,latency,92.427,93.94232375,96.6527,-1.5153237499999932,1.5153237499999932
2026-09-16 03:55:22,latency,95.1408,93.11506504166667,87.4193,2.025734958333331,2.025734958333331
2026-09-16 03:55:23,latency,99.1955,93.41315408333332,99.7708,5.782345916666671,5.782345916666671
2026-09-16 03:55:24,latency,88.9455,92.62679770833333,93.5362,-3.6812977083333323,3.6812977083333323
2026-09-16 03:55:25,latency,92.5092,92.80586941666667,99.2813,-0.2966694166666599,0.2966694166666599
2026-09-16 03:55:26,latency,98.3873,93.41357195833335,78.6038,4.9737280416666465,4.9737280416666465
2026-09-16 03:55:27,latency,91.0556,92.07365966666667,96.4839,-1.018059666666673,1.018059666666673
2026-09-16 03:55:28,latency,96.6179,92.485341875,88.6891,4.132558125000003,4.132558125000003
2026-09-16 03:55:29,latency,93.7566,91.51257458333335,95.6859,2.244025416666659,2.244025416666659
2026-09-16 03:55:30,latency,95.5855,94.28674225,90.4846,1.298757749999993,1.298757749999993
2026-09-16 03:55:31,latency,84.1392,92.59163566666668,92.427,-8.452435666666673,8.452435666666673
2026-09-16 03:55:32,latency,87.4011,93.04935487499999,95.1408,-5.648254874999992,5.648254874999992
2026-09-16 03:55:33,latency,103.6322,93.23055116666666,99.1955,10.40164883333334,10.40164883333334
2026-09-16 03:55:34,latency,87.4456,93.54566558333333,88.9455,-6.100065583333333,6.100065583333333
2026-09-16 03:55:35,latency,100.1396,93.44622050000001,92.5092,6.693379499999992,6.693379499999992
2026-09-16 03:55:36,latency,91.5661,93.22014495833332,98.3873,-1.6540449583333157,1.6540449583333157
2026-09-16 03:55:37,latency,94.1065,93.43909316666667,91.0556,0.667406833333331,0.667406833333331
2026-09-16 03:55:38,latency,100.7573,93.27610983333334,96.6179,7.481190166666664,7.481190166666664
2026-09-16 03:55:39,latency,95.8829,91.39384758333334,93.7566,4.4890524166666665,4.4890524166666665
2026-09-16 03:55:40,latency,96.4312,92.38622091666666,95.5855,4.044979083333345,4.044979083333345
2026-09-16 03:55:41,latency,93.7261,91.08481233333333,84.1392,2.6412876666666705,2.6412876666666705
2026-09-16 03:55:42,latency,104.8992,92.95282341666666,87.4011,11.946376583333333,11.946376583333333
2026-09-16 03:55:43,latency,87.2507,93.01597595833334,103.6322,-5.765275958333348,5.765275958333348
2026-09-16 03:55:44,latency,82.6603,92.048598625,87.4456,-9.38829862499999,9.38829862499999
2026-09-16 03:55:45,latency,105.9033,95.01650083333334,100.1396,10.886799166666663,10.886799166666663
2026-09-16 03:55:46,latency,97.9612,94.06070991666667,91.5661,3.900490083333338,3.900490083333338
2026-09-16 03:55:47,latency,93.6919,92.06898541666666,94.1065,1.6229145833333405,1.6229145833333405
2026-09-16 03:55:48,latency,86.1844,95.82523666666667,100.7573,-9.640836666666672,9.640836666666672
2026-09-16 03:55:49,latency,88.293,92.97754220833333,95.8829,-4.684542208333326,4.684542208333326
2026-09-16 03:55:50,latency,97.1793,92.69903058333334,96.4312,4.480269416666658,4.480269416666658
2026-09-16 03:55:51,latency,92.2657,95.081274625,93.7261,-2.8155746250000107,2.8155746250000107
2026-09-16 03:55:52,latency,85.832,94.90695441666666,104.8992,-9.074954416666671,9.074954416666671
2026-09-16 03:55:53,latency,101.1116,92.59630895833332,87.2507,8.515291041666671,8.515291041666671
2026-09-16 03:55:54,latency,89.6838,93.59754175,82.6603,-3.91374175,3.91374175
2026-09-16 03:55:55,latency,96.634,93.06271308333332,105.9033,3.571286916666679,3.571286916666679
2026-09-16 03:55:56,latency,90.1742,92.97958937500002,97.9612,-2.8053893750000185,2.8053893750000185
2026-09-16 03:55:57,latency,88.6937,93.41594241666667,93.6919,-4.72224241666666,4.72224241666666
2026-09-16 03:55:58,latency,101.8719,93.13947424999999,86.1844,8.732425750000004,8.732425750000004
2026-09-16 03:55:59,latency,92.1251,93.76304854166668,88.293,-1.637948541666674,1.637948541666674
2026-09-16 03:56:00,latency,90.334,93.60887516666666,97.1793,-3.2748751666666607,3.2748751666666607
2026-09-16 03:56:01,latency,103.0956,94.01755483333332,92.2657,9.078045166666683,9.078045166666683
2026-09-16 03:56:02,latency,85.3417,92.78105170833332,85.832,-7.439351708333319,7.439351708333319
2026-09-16 03:56:03,latency,89.7031,93.240107,101.1116,-3.5370069999999885,3.5370069999999885
2026-09-16 03:56:04,latency,88.7933,92.30335741666667,89.6838,-3.510057416666669,3.510057416666669
2026-09-16 03:56:05,latency,93.7128,93.80204183333333,96.634,-0.08924183333333247,0.08924183333333247
2026-09-16 03:56:06,latency,91.1016,93.05362154166667,90.1742,-1.9520215416666673,1.9520215416666673
2026-09-16 03:56:07,latency,96.2241,94.547745125,88.6937,1.6763548750000012,1.6763548750000012
2026-09-16 03:56:08,latency,97.0055,93.25248874999998,101.8719,3.7530112500000143,3.7530112500000143
2026-09-16 03:56:09,latency,102.9532,94.36912066666667,92.1251,8.584079333333321,8.584079333333321
2026-09-16 03:56:10,latency,91.8359,94.14799179166667,90.334,-2.312091791666674,2.312091791666674
2026-09-16 03:56:11,latency,90.6975,94.1236775,103.0956,-3.4261774999999943,3.4261774999999943
2026-09-16 03:56:12,latency,92.4925,91.443334625,85.3417,1.0491653750000012,1.0491653750000012
2026-09-16 03:56:13,latency,94.5128,91.68663341666667,89.7031,2.8261665833333325,2.8261665833333325
2026-09-16 03:56:14,latency,102.5041,92.707740625,88.7933,9.796359374999994,9.796359374999994
2026-09-16 03:56:15,latency,91.4923,90.17107283333334,93.7128,1.3212271666666595,1.3212271666666595
2026-09-16 03:56:16,latency,87.4307,92.14085875,91.1016,-4.710158750000005,4.710158750000005
2026-09-16 03:56:17,latency,99.7867,92.57034566666667,96.2241,7.216354333333328,7.216354333333328
2026-09-16 03:56:18,latency,89.356,92.076562625,97.0055,-2.7205626249999995,2.7205626249999995
2026-09-16 03:56:19,latency,95.2369,94.24130754166666,102.9532,0.9955924583333484,0.9955924583333484
2026-09-16 03:56:20,latency,89.8144,95.215485125,91.8359,-5.4010851249999945,5.4010851249999945
2026-09-16 03:56:21,latency,89.7306,94.49740875,90.6975,-4.76680875000001,4.76680875000001
2026-09-16 03:56:22,latency,96.5307,94.08428045833334,92.4925,2.446419541666657,2.446419541666657
2026-09-16 03:56:23,latency,96.7449,92.46243970833333,94.5128,4.282460291666666,4.282460291666666
2026-09-16 03:56:24,latency,89.3751,95.08726429166666,102.5041,-5.712164291666653,5.712164291666653
2026-09-16 03:56:25,latency,86.8301,94.62733208333333,91.4923,-7.797232083333327,7.797232083333327
2026-09-16 03:56:26,latency,92.6173,92.4892715,87.4307,0.1280284999999992,0.1280284999999992
2026-09-16 03:56:27,latency,107.4029,94.61563404166667,99.7867,12.787265958333336,12.787265958333336
2026-09-16 03:56:28,latency,93.2172,93.20699275,89.356,0.010207250000007662,0.010207250000007662
2026-09-16 03:56:29,latency,82.1675,94.0228285,95.2369,-11.855328499999999,11.855328499999999
2026-09-16 03:56:30,latency,90.7612,92.94956054166667,89.8144,-2.1883605416666683,2.1883605416666683
2026-09-16 03:56:31,latency,106.7667,92.09105079166666,89.7306,14.67564920833334,14.67564920833334
2026-09-16 03:56:32,latency,92.0918,93.40431075,96.5307,-1.312510749999987,1.312510749999987
2026-09-16 03:56:33,latency,95.4496,94.61438795833334,96.7449,0.8352120416666651,0.8352120416666651
2026-09-16 03:56:34,latency,88.0943,94.25212629166667,89.3751,-6.157826291666666,6.157826291666666
2026-09-16 03:56:35,latency,100.3897,93.88685616666666,86.8301,6.502843833333344,6.502843833333344
2026-09-16 03:56:36,latency,94.1026,92.865887,92.6173,1.2367129999999946,1.2367129999999946
2026-09-16 03:56:37,latency,99.0209,94.71382504166667,107.4029,4.307074958333331,4.307074958333331
2026-09-16 03:56:38,latency,106.1442,93.28936708333333,93.2172,12.854832916666666,12.854832916666666
2026-09-16 03:56:39,latency,88.8296,92.16576091666667,82.1675,-3.336160916666671,3.336160916666671
2026-09-16 03:56:40,latency,93.6771,92.92932091666667,90.7612,0.7477790833333273,0.7477790833333273
2026-09-16 03:56:41,latency,95.776,94.09466745833333,106.7667,1.681332541666663,1.681332541666663
2026-09-16 03:56:42,latency,92.8233,92.99286866666667,92.0918,-0.16956866666666315,0.16956866666666315
2026-09-16 03:56:43,latency,99.5883,92.26582691666667,95.4496,7.322473083333335,7.322473083333335
2026-09-16 03:56:44,latency,99.8002,91.742951125,88.0943,8.057248874999999,8.057248874999999
2026-09-16 03:56:45,latency,86.628,93.855003875,100.3897,-7.227003874999994,7.227003874999994
2026-09-16 03:56:46,latency,96.5903,93.44745516666666,94.1026,3.142844833333342,3.142844833333342
2026-09-16 03:56:47,latency,96.4727,92.89908633333333,99.0209,3.573613666666674,3.573613666666674
2026-09-16 03:56:48,latency,90.6686,94.67481870833333,106.1442,-4.006218708333336,4.006218708333336
2026-09-16 03:56:49,latency,103.4574,93.070528,88.8296,10.386872000000011,10.386872000000011
2026-09-16 03:56:50,latency,89.8675,93.53371054166666,93.6771,-3.6662105416666577,3.6662105416666577
2026-09-16 03:56:51,latency,78.1768,93.22637866666666,95.776,-15.049578666666662,15.049578666666662
2026-09-16 03:56:52,latency,95.8938,96.675374,92.8233,-0.7815740000000062,0.7815740000000062
2026-09-16 03:56:53,latency,88.7352,95.13646225,99.5883,-6.401262249999988,6.401262249999988
2026-09-16 03:56:54,latency,86.277,95.34592075,99.8002,-9.068920750000004,9.068920750000004
2026-09-16 03:56:55,latency,100.2262,94.14133075000001,86.628,6.084869249999997,6.084869249999997
2026-09-16 03:56:56,latency,96.4026,95.07662829166667,96.5903,1.3259717083333413,1.3259717083333413
2026-09-16 03:56:57,latency,92.9766,92.81873525,96.4727,0.15786475000000166,0.15786475000000166
2026-09-16 03:56:58,latency,95.5794,94.93531533333334,90.6686,0.6440846666666715,0.6440846666666715
2026-09-16 03:56:59,latency,107.9728,96.18374458333335,103.4574,11.789055416666656,11.789055416666656
2026-09-16 03:57:00,latency,96.3902,94.22291404166667,89.8675,2.1672859583333235,2.1672859583333235
2026-09-16 03:57:01,latency,91.3222,93.14171633333332,78.1768,-1.8195163333333255,1.8195163333333255
2026-09-16 03:57:02,latency,88.6045,92.91747829166667,95.8938,-4.312978291666667,4.312978291666667
2026-09-16 03:57:03,latency,96.2005,93.53995745833333,88.7352,2.660542541666672,2.660542541666672
2026-09-16 03:57:04,latency,93.2918,93.723657875,86.277,-0.4318578750000057,0.4318578750000057
2026-09-16 03:57:05,latency,92.4422,92.04569729166667,100.2262,0.3965027083333297,0.3965027083333297
2026-09-16 03:57:06,latency,90.3489,94.05358175,96.4026,-3.704681750000006,3.704681750000006
2026-09-16 03:57:07,latency,86.5754,92.79206341666666,92.9766,-6.216663416666663,6.216663416666663
2026-09-16 03:57:08,latency,90.5978,92.322787875,95.5794,-1.7249878749999965,1.7249878749999965
2026-09-16 03:57:09,latency,91.3209,96.408562,107.9728,-5.087662000000009,5.087662000000009
2026-09-16 03:57:10,latency,98.612,93.92058595833333,96.3902,4.691414041666661,4.691414041666661
2026-09-16 03:57:11,latency,94.0275,94.740657375,91.3222,-0.7131573749999944,0.7131573749999944
2026-09-16 03:57:12,latency,95.1368,94.07684975,88.6045,1.05995025,1.05995025
2026-09-16 03:57:13,latency,84.0052,92.56902225,96.2005,-8.563822250000001,8.563822250000001
2026-09-16 03:57:14,latency,91.0412,93.84014379166666,93.2918,-2.798943791666659,2.798943791666659
2026-09-16 03:57:15,latency,87.9133,94.17466783333333,92.4422,-6.261367833333324,6.261367833333324
2026-09-16 03:57:16,latency,107.385,94.1866915,90.3489,13.19830850000001,13.19830850000001
2026-09-16 03:57:17,latency,100.2383,91.98095445833333,86.5754,8.257345541666666,8.257345541666666
2026-09-16 03:57:18,latency,91.4171,91.59731691666667,90.5978,-0.18021691666666584,0.18021691666666584
2026-09-16 03:57:19,latency,99.6078,93.09648104166666,91.3209,6.511318958333334,6.511318958333334
2026-09-16 03:57:20,latency,89.6197,92.85371645833332,98.612,-3.234016458333329,3.234016458333329
2026-09-16 03:57:21,latency,104.147,92.78676729166666,94.0275,11.360232708333342,11.360232708333342
2026-09-16 03:57:22,latency,92.3258,92.92132074999999,95.1368,-0.5955207499999915,0.5955207499999915
2026-09-16 03:57:23,latency,89.8492,90.83137462500001,84.0052,-0.9821746250000132,0.9821746250000132
2026-09-16 03:57:24,latency,86.2518,93.44163833333334,91.0412,-7.189838333333341,7.189838333333341
2026-09-16 03:57:25,latency,90.0338,91.98813200000001,87.9133,-1.954332000000008,1.954332000000008
2026-09-16 03:57:26,latency,97.4634,92.94207537499999,107.385,4.521324625000005,4.521324625000005
2026-09-16 03:57:27,latency,87.4586,94.46260091666667,100.2383,-7.004000916666669,7.004000916666669
2026-09-16 03:57:28,latency,90.9585,92.80172458333334,91.4171,-1.8432245833333383,1.8432245833333383
2026-09-16 03:57:29,latency,83.2684,93.506778,99.6078,-10.238377999999997,10.238377999999997
2026-09-16 03:57:30,latency,98.8412,92.75530058333332,89.6197,6.0858994166666776,6.0858994166666776
2026-09-16 03:57:31,latency,98.7278,95.36583908333334,104.147,3.3619609166666606,3.3619609166666606
2026-09-16 03:57:32,latency,98.0147,94.71085175,92.3258,3.3038482500000015,3.3038482500000015
2026-09-16 03:57:33,latency,96.4732,92.873920375,89.8492,3.5992796250000083,3.5992796250000083
2026-09-16 03:57:34,latency,96.7465,91.63260854166667,86.2518,5.1138914583333275,5.1138914583333275
2026-09-16 03:57:35,latency,95.6292,92.16395133333333,90.0338,3.4652486666666675,3.4652486666666675
2026-09-16 03:57:36,latency,95.6176,93.30051449999999,97.4634,2.3170855000000046,2.3170855000000046
2026-09-16 03:57:37,latency,102.1524,92.87290804166668,87.4586,9.279491958333324,9.279491958333324
2026-09-16 03:57:38,latency,90.2174,92.00328508333334,90.9585,-1.7858850833333406,1.7858850833333406
2026-09-16 03:57:39,latency,90.6586,91.012153875,83.2684,-0.3535538749999887,0.3535538749999887
2026-09-16 03:57:40,latency,98.697,93.37928691666667,98.8412,5.317713083333331,5.317713083333331
2026-09-16 03:57:41,latency,95.1652,92.77459370833334,98.7278,2.390606291666657,2.390606291666657
2026-09-16 03:57:42,latency,94.7115,94.04023945833333,98.0147,0.671260541666669,0.671260541666669
2026-09-16 03:57:43,latency,86.9727,93.17849783333334,96.4732,-6.205797833333335,6.205797833333335
2026-09-16 03:57:44,latency,96.3734,94.28167758333333,96.7465,2.09172241666667,2.09172241666667
2026-09-16 03:57:45,latency,87.4416,93.9341235,95.6292,-6.492523500000004,6.492523500000004
2026-09-16 03:57:46,latency,102.8692,93.30396995833333,95.6176,9.56523004166668,9.56523004166668
2026-09-16 03:57:47,latency,91.476,94.89339720833334,102.1524,-3.417397208333341,3.417397208333341
2026-09-16 03:57:48,latency,95.4537,93.489207375,90.2174,1.9644926249999912,1.9644926249999912
2026-09-16 03:57:49,latency,86.5474,94.27723054166668,90.6586,-7.729830541666686,7.729830541666686
2026-09-16 03:57:50,latency,104.9161,94.024780375,98.697,10.891319624999994,10.891319624999994
2026-09-16 03:57:51,latency,83.4747,92.4568165,95.1652,-8.982116500000004,8.982116500000004
2026-09-16 03:57:52,latency,98.7183,92.22647008333334,94.7115,6.49182991666666,6.49182991666666
2026-09-16 03:57:53,latency,94.4216,92.23531845833334,86.9727,2.1862815416666592,2.1862815416666592
2026-09-16 03:57:54,latency,95.1993,94.80359595833333,96.3734,0.3957040416666615,0.3957040416666615
2026-09-16 03:57:55,latency,97.0912,92.88577137499999,87.4416,4.20542862500001,4.20542862500001
2026-09-16 03:57:56,latency,88.8394,94.68162533333334,102.8692,-5.842225333333346,5.842225333333346
2026-09-16 03:57:57,latency,101.1347,95.44423058333334,91.476,5.690469416666659,5.690469416666659
2026-09-16 03:57:58,latency,85.0931,92.856887875,95.4537,-7.763787874999991,7.763787874999991
2026-09-16 03:57:59,latency,78.7602,92.02039675,86.5474,-13.260196750000006,13.260196750000006
2026-09-16 03:58:00,latency,99.6293,96.00195316666667,104.9161,3.627346833333334,3.627346833333334
2026-09-16 03:58:01,latency,88.3802,92.67466183333333,83.4747,-4.2944618333333295,4.2944618333333295
2026-09-16 03:58:02,latency,91.065,94.69493083333333,98.7183,-3.629930833333333,3.629930833333333
2026-09-16 03:58:03,latency,100.078,94.06346183333333,94.4216,6.014538166666668,6.014538166666668
2026-09-16 03:58:04,latency,92.8964,92.16853087499999,95.1993,0.7278691250000122,0.7278691250000122
2026-09-16 03:58:05,latency,76.9602,93.798198875,97.0912,-16.837998874999997,16.837998874999997
2026-09-16 03:58:06,latency,100.7798,93.16911562499999,88.8394,7.610684375000005,7.610684375000005
2026-09-16 03:58:07,latency,102.8116,94.33856491666667,101.1347,8.473035083333329,8.473035083333329
2026-09-16 03:58:08,latency,85.8481,91.34923120833334,85.0931,-5.501131208333334,5.501131208333334
2026-09-16 03:58:09,latency,111.9348,91.57936866666665,78.7602,20.355431333333343,20.355431333333343
2026-09-16 03:58:10,latency,95.5138,92.92844029166667,99.6293,2.5853597083333284,2.5853597083333284
2026-09-16 03:58:11,latency,91.364,93.11000166666666,88.3802,-1.7460016666666576,1.7460016666666576
2026-09-16 03:58:12,latency,104.4103,91.74061433333333,91.065,12.66968566666668,12.66968566666668
2026-09-16 03:58:13,latency,79.7867,92.857653625,100.078,-13.070953625000001,13.070953625000001
2026-09-16 03:58:14,latency,90.5299,92.91429816666667,92.8964,-2.3843981666666707,2.3843981666666707
2026-09-16 03:58:15,latency,93.6061,91.55996787499998,76.9602,2.046132125000014,2.046132125000014
2026-09-16 03:58:16,latency,99.5024,91.51965249999999,100.7798,7.982747500000002,7.982747500000002
2026-09-16 03:58:17,latency,100.7793,94.45066945833334,102.8116,6.328630541666669,6.328630541666669
2026-09-16 03:58:18,latency,94.8865,91.89607866666667,85.8481,2.9904213333333303,2.9904213333333303
2026-09-16 03:58:19,latency,91.6999,87.43257608333333,111.9348,4.267323916666669,4.267323916666669
2026-09-16 03:58:20,latency,106.32,93.75946433333334,95.5138,12.560535666666652,12.560535666666652
2026-09-16 03:58:21,latency,93.5413,95.12556625,91.364,-1.5842662499999989,1.5842662499999989
2026-09-16 03:58:22,latency,89.8875,95.87977016666667,104.4103,-5.992270166666671,5.992270166666671
2026-09-16 03:58:23,latency,79.2588,91.691296,79.7867,-12.432496,12.432496
2026-09-16 03:58:24,latency,102.7831,93.46684875,90.5299,9.316251250000008,9.316251250000008
2026-09-16 03:58:25,latency,95.0511,91.59286791666666,93.6061,3.4582320833333426,3.4582320833333426
2026-09-16 03:58:26,latency,115.2831,92.44138162499999,99.5024,22.841718375000013,22.841718375000013
2026-09-16 03:58:27,latency,86.4129,94.46765150000002,100.7793,-8.054751500000023,8.054751500000023
2026-09-16 03:58:28,latency,103.0348,94.72295729166666,94.8865,8.311842708333344,8.311842708333344
2026-09-16 03:58:29,latency,86.8961,94.32175941666667,91.6999,-7.425659416666662,7.425659416666662
2026-09-16 03:58:30,latency,102.7811,95.28370854166666,106.32,7.49739145833334,7.49739145833334
2026-09-16 03:58:31,latency,90.8491,96.260450375,93.5413,-5.411350374999998,5.411350374999998
2026-09-16 03:58:32,latency,105.8846,95.13151816666667,89.8875,10.75308183333334,10.75308183333334
2026-09-16 03:58:33,latency,94.5999,92.79498279166667,79.2588,1.804917208333336,1.804917208333336
2026-09-16 03:58:34,latency,103.5609,93.57177291666667,102.7831,9.98912708333333,9.98912708333333
2026-09-16 03:58:35,latency,98.4964,95.13441354166667,95.0511,3.3619864583333197,3.3619864583333197
2026-09-16 03:58:36,latency,87.4945,92.98275479166668,115.2831,-5.488254791666677,5.488254791666677
2026-09-16 03:58:37,latency,94.0519,96.32401958333332,86.4129,-2.272119583333321,2.272119583333321
2026-09-16 03:58:38,latency,102.0287,96.20151562500001,103.0348,5.827184374999987,5.827184374999987
2026-09-16 03:58:39,latency,89.8377,94.66728045833334,86.8961,-4.829580458333339,4.829580458333339
2026-09-16 03:58:40,latency,104.2766,95.27602170833333,102.7811,9.00057829166667,9.00057829166667
2026-09-16 03:58:41,latency,84.8302,96.47942395833334,90.8491,-11.649223958333337,11.649223958333337
2026-09-16 03:58:42,latency,98.6352,96.44367987500002,105.8846,2.1915201249999825,2.1915201249999825
2026-09-16 03:58:43,latency,92.9157,97.80573183333334,94.5999,-4.890031833333339,4.890031833333339
2026-09-16 03:58:44,latency,106.9129,97.3063135,103.5609,9.606586499999992,9.606586499999992
2026-09-16 03:58:45,latency,84.9978,97.39667545833333,98.4964,-12.398875458333336,12.398875458333336
2026-09-16 03:58:46,latency,94.8927,94.85770370833333,87.4945,0.03499629166667262,0.03499629166667262
2026-09-16 03:58:47,latency,100.7307,95.79365250000001,94.0519,4.937047499999991,4.937047499999991
2026-09-16 03:58:48,latency,98.5524,96.08478795833334,102.0287,2.467612041666669,2.467612041666669
2026-09-16 03:58:49,latency,86.0617,96.73190745833332,89.8377,-10.670207458333323,10.670207458333323
2026-09-16 03:58:50,latency,86.983,96.16999395833334,104.2766,-9.186993958333332,9.186993958333332
2026-09-16 03:58:51,latency,90.9652,93.67072470833334,84.8302,-2.7055247083333427,2.7055247083333427
2026-09-16 03:58:52,latency,86.3426,96.923750875,98.6352,-10.581150874999992,10.581150874999992
2026-09-16 03:58:53,latency,99.7274,96.86903933333333,92.9157,2.8583606666666697,2.8583606666666697
2026-09-16 03:58:54,latency,90.8189,98.663060875,106.9129,-7.844160875,7.844160875
2026-09-16 03:58:55,latency,101.4687,94.69881,84.9978,6.769890000000004,6.769890000000004
2026-09-16 03:58:56,latency,100.0863,95.03537787500001,94.8927,5.050922124999985,5.050922124999985
2026-09-16 03:58:57,latency,92.4398,95.69214195833334,100.7307,-3.252341958333332,3.252341958333332
2026-09-16 03:58:58,latency,88.2012,94.829930625,98.5524,-6.628730625000003,6.628730625000003
2026-09-16 03:58:59,latency,93.9427,95.622648375,86.0617,-1.679948374999995,1.679948374999995
2026-09-16 03:59:00,latency,90.9642,93.76562579166668,86.983,-2.8014257916666736,2.8014257916666736
2026-09-16 03:59:01,latency,100.4208,93.63645079166666,90.9652,6.784349208333339,6.784349208333339
2026-09-16 03:59:02,latency,107.2829,93.096355625,86.3426,14.186544374999997,14.186544374999997
2026-09-16 03:59:03,latency,93.7468,94.60752095833334,99.7274,-0.8607209583333457,0.8607209583333457
2026-09-16 03:59:04,latency,81.345,93.40613008333334,90.8189,-12.061130083333339,12.061130083333339
2026-09-16 03:59:05,latency,93.5312,94.60992129166667,101.4687,-1.0787212916666675,1.0787212916666675
2026-09-16 03:59:06,latency,77.5942,94.78425166666666,100.0863,-17.190051666666662,17.190051666666662
2026-09-16 03:59:07,latency,97.776,96.57143883333335,92.4398,1.2045611666666503,1.2045611666666503
2026-09-16 03:59:08,latency,87.4234,93.44640475,88.2012,-6.023004749999998,6.023004749999998
2026-09-16 03:59:09,latency,88.1167,94.169601375,93.9427,-6.052901375000005,6.052901375000005
2026-09-16 03:59:10,latency,88.9875,94.07968029166668,90.9642,-5.092180291666679,5.092180291666679
2026-09-16 03:59:11,latency,92.8487,94.97888804166666,100.4208,-2.1301880416666705,2.1301880416666705
2026-09-16 03:59:12,latency,81.5806,94.57261654166666,107.2829,-12.992016541666658,12.992016541666658
2026-09-16 03:59:13,latency,83.3291,95.53135620833332,93.7468,-12.202256208333324,12.202256208333324
2026-09-16 03:59:14,latency,89.8106,91.80438187499999,81.345,-1.9937818749999963,1.9937818749999963
2026-09-16 03:59:15,latency,93.3867,93.45801554166667,93.5312,-0.07131554166666376,0.07131554166666376
2026-09-16 03:59:16,latency,72.9991,92.94795649999998,77.5942,-19.948856499999977,19.948856499999977
2026-09-16 03:59:17,latency,95.7938,94.82204758333333,97.776,0.9717524166666749,0.9717524166666749
2026-09-16 03:59:18,latency,96.6468,91.86165279166667,87.4234,4.785147208333328,4.785147208333328
2026-09-16 03:59:19,latency,103.167,91.45582241666666,88.1167,11.711177583333338,11.711177583333338
2026-09-16 03:59:20,latency,97.609,92.12517570833333,88.9875,5.483824291666664,5.483824291666664
2026-09-16 03:59:21,latency,108.0441,91.06228629166667,92.8487,16.981813708333334,16.981813708333334
2026-09-16 03:59:22,latency,84.7943,90.56819845833333,81.5806,-5.773898458333321,5.773898458333321
2026-09-16 03:59:23,latency,93.808,89.72955045833334,83.3291,4.0784495416666715,4.0784495416666715
2026-09-16 03:59:24,latency,104.1806,91.05084858333333,89.8106,13.129751416666664,13.129751416666664
2026-09-16 03:59:25,latency,77.073,89.14156945833334,93.3867,-12.068569458333343,12.068569458333343
2026-09-16 03:59:26,latency,95.8932,88.388188375,72.9991,7.5050116249999945,7.5050116249999945
2026-09-16 03:59:27,latency,102.2586,89.397844875,95.7938,12.860755124999997,12.860755124999997
2026-09-16 03:59:28,latency,90.5543,90.45260145833333,96.6468,0.10169854166666425,0.10169854166666425
2026-09-16 03:59:29,latency,94.1825,90.64176908333333,103.167,3.540730916666675,3.540730916666675
2026-09-16 03:59:30,latency,92.2462,92.10415654166667,97.609,0.1420434583333332,0.1420434583333332
2026-09-16 03:59:31,latency,92.7401,94.00891020833333,108.0441,-1.2688102083333348,1.2688102083333348
2026-09-16 03:59:32,latency,90.8482,91.77813729166667,84.7943,-0.9299372916666613,0.9299372916666613
2026-09-16 03:59:33,latency,82.9078,91.92959908333334,93.808,-9.021799083333349,9.021799083333349
2026-09-16 03:59:34,latency,98.2572,94.39913083333333,104.1806,3.8580691666666667,3.8580691666666667
2026-09-16 03:59:35,latency,94.1372,91.68762854166664,77.073,2.4495714583333665,2.4495714583333665
2026-09-16 03:59:36,latency,95.8365,92.39814237499999,95.8932,3.438357625000009,3.438357625000009
2026-09-16 03:59:37,latency,107.365,91.27129849999999,102.2586,16.09370150000001,16.09370150000001
2026-09-16 03:59:38,latency,104.9345,93.01008233333333,90.5543,11.92441766666667,11.92441766666667
2026-09-16 03:59:39,latency,92.8211,91.68768320833334,94.1825,1.1334167916666615,1.1334167916666615
2026-09-16 03:59:40,latency,84.5978,92.70785295833333,92.2462,-8.110052958333327,8.110052958333327
2026-09-16 03:59:41,latency,104.763,92.74845758333333,92.7401,12.014542416666671,12.014542416666671
2026-09-16 03:59:42,latency,96.5491,93.38271354166667,90.8482,3.1663864583333208,3.1663864583333208
2026-09-16 03:59:43,latency,101.6402,91.82710795833333,82.9078,9.813092041666664,9.813092041666664
2026-09-16 03:59:44,latency,93.0666,94.730938125,98.2572,-1.6643381250000004,1.6643381250000004
2026-09-16 03:59:45,latency,92.6619,92.55814933333335,94.1372,0.10375066666665589,0.10375066666665589
2026-09-16 03:59:46,latency,93.7976,93.460808625,95.8365,0.3367913750000042,0.3367913750000042
2026-09-16 03:59:47,latency,96.6916,96.18388449999999,107.365,0.5077155000000033,0.5077155000000033
2026-09-16 03:59:48,latency,85.7906,97.371500125,104.9345,-11.580900125,11.580900125
2026-09-16 03:59:49,latency,81.0324,96.17014545833334,92.8211,-15.137745458333342,15.137745458333342
2026-09-16 03:59:50,latency,86.0104,94.023617625,84.5978,-8.013217624999996,8.013217624999996
2026-09-16 03:59:51,latency,94.4341,95.63357175,104.763,-1.1994717500000007,1.1994717500000007
2026-09-16 03:59:52,latency,82.0628,94.70188779166666,96.5491,-12.639087791666668,12.639087791666668
2026-09-16 03:59:53,latency,90.6326,95.992678125,101.6402,-5.360078125000001,5.360078125000001
2026-09-16 03:59:54,latency,92.4122,94.03924929166666,93.0666,-1.6270492916666655,1.6270492916666655
2026-09-16 03:59:55,latency,106.8136,95.37119608333333,92.6619,11.442403916666663,11.442403916666663
2026-09-16 03:59:56,latency,106.4289,94.08162766666668,93.7976,12.347272333333322,12.347272333333322
2026-09-16 03:59:57,latency,95.9096,93.80581033333333,96.6916,2.103789666666671,2.103789666666671
2026-09-16 03:59:58,latency,100.4959,91.99898933333333,85.7906,8.496910666666679,8.496910666666679
2026-09-16 03:59:59,latency,93.8113,92.74489291666666,81.0324,1.0664070833333454,1.0664070833333454
2026-09-16 04:00:00,latency,93.4645,92.62262466666667,86.0104,0.8418753333333342,0.8418753333333342
2026-09-16 04:00:01,latency,96.3972,92.467280125,94.4341,3.929919874999996,3.929919874999996
2026-09-16 04:00:02,latency,86.9643,91.89698916666666,82.0628,-4.932689166666663,4.932689166666663
2026-09-16 04:00:03,latency,105.4588,91.75862958333333,90.6326,13.700170416666666,13.700170416666666
2026-09-16 04:00:04,latency,101.6136,92.48826970833333,92.4122,9.125330291666671,9.125330291666671
2026-09-16 04:00:05,latency,95.9286,92.80110724999999,106.8136,3.127492750000016,3.127492750000016
2026-09-16 04:00:06,latency,100.6406,94.96002308333333,106.4289,5.680576916666681,5.680576916666681
2026-09-16 04:00:07,latency,103.2516,94.12292225,95.9096,9.128677749999994,9.128677749999994
2026-09-16 04:00:08,latency,93.7038,95.131931125,100.4959,-1.428131124999993,1.428131124999993
2026-09-16 04:00:09,latency,89.0135,96.64167666666667,93.8113,-7.6281766666666755,7.6281766666666755
2026-09-16 04:00:10,latency,91.9364,94.04474516666667,93.4645,-2.108345166666666,2.108345166666666
2026-09-16 04:00:11,latency,109.3224,94.29852737499999,96.3972,15.02387262500001,15.02387262500001
2026-09-16 04:00:12,latency,89.3568,92.36512037499999,86.9643,-3.0083203749999825,3.0083203749999825
2026-09-16 04:00:13,latency,87.1127,94.815268375,105.4588,-7.7025683749999985,7.7025683749999985
2026-09-16 04:00:14,latency,97.4177,95.09669583333333,101.6136,2.3210041666666683,2.3210041666666683
2026-09-16 04:00:15,latency,97.6939,93.658831125,95.9286,4.035068874999993,4.035068874999993
2026-09-16 04:00:16,latency,100.3546,94.77789762500001,100.6406,5.576702374999996,5.576702374999996
2026-09-16 04:00:17,latency,92.1626,96.60452383333333,103.2516,-4.441923833333334,4.441923833333334
2026-09-16 04:00:18,latency,101.3034,95.62358766666667,93.7038,5.679812333333331,5.679812333333331
2026-09-16 04:00:19,latency,97.9545,95.028421125,89.0135,2.9260788750000017,2.9260788750000017
2026-09-16 04:00:20,latency,98.8145,95.91593304166668,91.9364,2.898566958333319,2.898566958333319
2026-09-16 04:00:21,latency,89.3621,97.99104774999999,109.3224,-8.628947749999995,8.628947749999995
2026-09-16 04:00:22,latency,94.8953,94.96750320833334,89.3568,-0.0722032083333346,0.0722032083333346
2026-09-16 04:00:23,latency,89.9769,94.95030983333334,87.1127,-4.973409833333335,4.973409833333335
2026-09-16 04:00:24,latency,99.8853,95.84034887499999,97.4177,4.044951125000011,4.044951125000011
2026-09-16 04:00:25,latency,94.7096,94.456184,97.6939,0.2534160000000014,0.2534160000000014
2026-09-16 04:00:26,latency,95.826,95.90844008333333,100.3546,-0.08244008333333852,0.08244008333333852
2026-09-16 04:00:27,latency,91.1235,95.86825045833334,92.1626,-4.744750458333328,4.744750458333328
2026-09-16 04:00:28,latency,94.2985,95.11929220833333,101.3034,-0.8207922083333301,0.8207922083333301
2026-09-16 04:00:29,latency,92.0096,94.937586875,97.9545,-2.9279868749999878,2.9279868749999878
2026-09-16 04:00:30,latency,87.2251,96.43424445833332,98.8145,-9.209144458333327,9.209144458333327
2026-09-16 04:00:31,latency,98.3691,95.77804149999999,89.3621,2.591058500000017,2.591058500000017
2026-09-16 04:00:32,latency,101.2382,96.192452375,94.8953,5.045747625000004,5.045747625000004
2026-09-16 04:00:33,latency,80.2085,94.59016854166667,89.9769,-14.38166854166667,14.38166854166667
2026-09-16 04:00:34,latency,97.7562,95.466104375,99.8853,2.2900956250000064,2.2900956250000064
2026-09-16 04:00:35,latency,101.4742,96.07163133333333,94.7096,5.402568666666667,5.402568666666667
2026-09-16 04:00:36,latency,98.2344,94.92138716666666,95.826,3.3130128333333317,3.3130128333333317
2026-09-16 04:00:37,latency,93.0851,94.45733329166667,91.1235,-1.3722332916666744,1.3722332916666744
2026-09-16 04:00:38,latency,98.091,94.94054520833333,94.2985,3.150454791666661,3.150454791666661
2026-09-16 04:00:39,latency,106.2084,95.09235316666667,92.0096,11.116046833333328,11.116046833333328
2026-09-16 04:00:40,latency,90.1636,92.90485804166666,87.2251,-2.7412580416666543,2.7412580416666543
2026-09-16 04:00:41,latency,90.7974,94.90285800000001,98.3691,-4.105458000000013,4.105458000000013
2026-09-16 04:00:42,latency,91.7948,93.93058300000001,101.2382,-2.1357830000000178,2.1357830000000178
2026-09-16 04:00:43,latency,91.808,92.85300766666667,80.2085,-1.0450076666666632,1.0450076666666632
2026-09-16 04:00:44,latency,78.5594,93.17075070833334,97.7562,-14.611350708333347,14.611350708333347
2026-09-16 04:00:45,latency,87.6836,94.52754408333332,101.4742,-6.8439440833333265,6.8439440833333265
2026-09-16 04:00:46,latency,98.4249,93.13746654166665,98.2344,5.287433458333339,5.287433458333339
2026-09-16 04:00:47,latency,93.4296,94.737319375,93.0851,-1.307719375000005,1.307719375000005
2026-09-16 04:00:48,latency,80.5601,92.07039091666667,98.091,-11.510290916666662,11.510290916666662
2026-09-16 04:00:49,latency,88.5499,96.25263166666666,106.2084,-7.702731666666665,7.702731666666665
2026-09-16 04:00:50,latency,91.9547,96.02725087500001,90.1636,-4.072550875000005,4.072550875000005
2026-09-16 04:00:51,latency,99.2315,94.883526625,90.7974,4.347973374999995,4.347973374999995
2026-09-16 04:00:52,latency,90.3137,95.53758145833332,91.7948,-5.223881458333324,5.223881458333324
2026-09-16 04:00:53,latency,91.234,95.11053225,91.808,-3.876532250000011,3.876532250000011
2026-09-16 04:00:54,latency,89.8412,92.44933879166666,78.5594,-2.6081387916666614,2.6081387916666614
2026-09-16 04:00:55,latency,96.8239,91.00904745833333,87.6836,5.814852541666667,5.814852541666667
2026-09-16 04:00:56,latency,98.2887,93.70946504166666,98.4249,4.579234958333345,4.579234958333345
2026-09-16 04:00:57,latency,86.2759,92.49643704166667,93.4296,-6.220537041666674,6.220537041666674
2026-09-16 04:00:58,latency,101.1276,91.22945458333334,80.5601,9.898145416666665,9.898145416666665
2026-09-16 04:00:59,latency,90.7256,92.26769725,88.5499,-1.5420972499999976,1.5420972499999976
2026-09-16 04:01:00,latency,89.4711,92.544169125,91.9547,-3.0730691249999893,3.0730691249999893
2026-09-16 04:01:01,latency,88.9344,92.62973858333334,99.2315,-3.6953385833333385,3.6953385833333385
2026-09-16 04:01:02,latency,98.2501,93.42405733333334,90.3137,4.826042666666666,4.826042666666666
2026-09-16 04:01:03,latency,93.8999,93.18933745833333,91.234,0.7105625416666754,0.7105625416666754
2026-09-16 04:01:04,latency,96.9302,94.26330633333333,89.8412,2.6668936666666667,2.6668936666666667
2026-09-16 04:01:05,latency,100.8425,91.83987108333332,96.8239,9.00262891666668,9.00262891666668
2026-09-16 04:01:06,latency,102.9027,92.81185741666667,98.2887,10.090842583333327,10.090842583333327
2026-09-16 04:01:07,latency,90.3829,91.19518620833333,86.2759,-0.8122862083333189,0.8122862083333189
2026-09-16 04:01:08,latency,90.5351,92.154075875,101.1276,-1.6189758750000038,1.6189758750000038
2026-09-16 04:01:09,latency,89.5957,92.52672329166667,90.7256,-2.9310232916666763,2.9310232916666763
2026-09-16 04:01:10,latency,86.9817,91.60143491666668,89.4711,-4.619734916666673,4.619734916666673
2026-09-16 04:01:11,latency,90.961,91.15157504166666,88.9344,-0.19057504166666206,0.19057504166666206
2026-09-16 04:01:12,latency,102.3593,91.51698495833334,98.2501,10.842315041666666,10.842315041666666
2026-09-16 04:01:13,latency,94.0328,91.32097016666667,93.8999,2.7118298333333257,2.7118298333333257
2026-09-16 04:01:14,latency,89.2042,92.43584129166666,96.9302,-3.231641291666662,3.231641291666662
2026-09-16 04:01:15,latency,99.8019,94.93359183333334,100.8425,4.868308166666665,4.868308166666665
2026-09-16 04:01:16,latency,94.5431,95.119982,102.9027,-0.5768819999999977,0.5768819999999977
2026-09-16 04:01:17,latency,88.5237,93.80374095833334,90.3829,-5.2800409583333305,5.2800409583333305
2026-09-16 04:01:18,latency,101.5314,93.76017620833333,90.5351,7.771223791666671,7.771223791666671
2026-09-16 04:01:19,latency,94.2759,93.70206641666667,89.5957,0.5738335833333252,0.5738335833333252
2026-09-16 04:01:20,latency,84.008,93.80586062500001,86.9817,-9.797860625000013,9.797860625000013
2026-09-16 04:01:21,latency,91.4623,92.570743,90.961,-1.108442999999994,1.108442999999994
2026-09-16 04:01:22,latency,86.7756,94.2007585,102.3593,-7.425158500000009,7.425158500000009
2026-09-16 04:01:23,latency,102.6254,93.12227870833333,94.0328,9.503121291666673,9.503121291666673
2026-09-16 04:01:24,latency,97.2129,93.53626808333334,89.2042,3.676631916666665,3.676631916666665
2026-09-16 04:01:25,latency,99.539,94.31046841666667,99.8019,5.228531583333336,5.228531583333336
2026-09-16 04:01:26,latency,102.3991,93.04213566666667,94.5431,9.356964333333337,9.356964333333337
2026-09-16 04:01:27,latency,83.4434,92.76575100000001,88.5237,-9.322351000000012,9.322351000000012
2026-09-16 04:01:28,latency,92.6361,94.503515125,101.5314,-1.867415125000008,1.867415125000008
2026-09-16 04:01:29,latency,81.1353,93.7553885,94.2759,-12.620088499999994,12.620088499999994
2026-09-16 04:01:30,latency,96.2987,92.98031945833333,84.008,3.31838054166667,3.31838054166667
2026-09-16 04:01:31,latency,90.4838,94.38363541666666,91.4623,-3.8998354166666616,3.8998354166666616
2026-09-16 04:01:32,latency,103.3382,92.12443066666667,86.7756,11.213769333333332,11.213769333333332
2026-09-16 04:01:33,latency,93.3465,94.06772904166667,102.6254,-0.7212290416666605,0.7212290416666605
2026-09-16 04:01:34,latency,97.6512,93.66206645833334,97.2129,3.9891335416666607,3.9891335416666607
2026-09-16 04:01:35,latency,96.758,92.95014908333333,99.539,3.8078509166666663,3.8078509166666663
2026-09-16 04:01:36,latency,96.1984,94.83955520833334,102.3991,1.3588447916666695,1.3588447916666695
2026-09-16 04:01:37,latency,89.4107,92.13268508333334,83.4434,-2.7219850833333368,2.7219850833333368
2026-09-16 04:01:38,latency,94.1351,93.03526541666666,92.6361,1.0998345833333332,1.0998345833333332
2026-09-16 04:01:39,latency,93.0175,90.8524755,81.1353,2.1650245000000012,2.1650245000000012
2026-09-16 04:01:40,latency,89.7688,92.88619241666666,96.2987,-3.117392416666661,3.117392416666661
2026-09-16 04:01:41,latency,88.7453,93.24664358333334,90.4838,-4.5013435833333375,4.5013435833333375
2026-09-16 04:01:42,latency,93.9594,92.59676991666667,103.3382,1.362630083333329,1.362630083333329
2026-09-16 04:01:43,latency,94.0261,92.485421125,93.3465,1.5406788749999976,1.5406788749999976
2026-09-16 04:01:44,latency,97.4468,93.85112895833333,97.6512,3.5956710416666624,3.5956710416666624
2026-09-16 04:01:45,latency,92.795,93.223248125,96.758,-0.4282481249999961,0.4282481249999961
2026-09-16 04:01:46,latency,85.6513,94.34747754166668,96.1984,-8.696177541666671,8.696177541666671
2026-09-16 04:01:47,latency,97.7193,94.32375675,89.4107,3.395543250000003,3.395543250000003
2026-09-16 04:01:48,latency,79.0348,92.80318841666666,94.1351,-13.768388416666653,13.768388416666653
2026-09-16 04:01:49,latency,88.53,92.568203,93.0175,-4.038202999999996,4.038202999999996
2026-09-16 04:01:50,latency,95.3607,93.27111566666667,89.7688,2.0895843333333204,2.0895843333333204
2026-09-16 04:01:51,latency,79.0275,92.80088283333333,88.7453,-13.77338283333333,13.77338283333333
2026-09-16 04:01:52,latency,95.5608,92.57590254166666,93.9594,2.984897458333336,2.984897458333336
2026-09-16 04:01:53,latency,96.6635,91.77230825,94.0261,4.891191750000004,4.891191750000004
2026-09-16 04:01:54,latency,82.5673,92.28313591666665,97.4468,-9.715835916666649,9.715835916666649
2026-09-16 04:01:55,latency,103.2273,93.2110535,92.795,10.016246499999994,10.016246499999994
2026-09-16 04:01:56,latency,84.1569,91.61510950000002,85.6513,-7.458209500000024,7.458209500000024
2026-09-16 04:01:57,latency,75.6321,93.99058508333334,97.7193,-18.35848508333335,18.35848508333335
2026-09-16 04:01:58,latency,83.9293,90.33846375,79.0348,-6.409163750000005,6.409163750000005
2026-09-16 04:01:59,latency,95.1805,90.983434625,88.53,4.197065374999994,4.197065374999994
2026-09-16 04:02:00,latency,90.2829,93.72129520833333,95.3607,-3.4383952083333327,3.4383952083333327
2026-09-16 04:02:01,latency,92.1594,90.49672620833333,79.0275,1.662673791666677,1.662673791666677
2026-09-16 04:02:02,latency,97.0716,92.10671904166666,95.5608,4.964880958333339,4.964880958333339
2026-09-16 04:02:03,latency,90.2417,91.854787125,96.6635,-1.613087125000007,1.613087125000007
2026-09-16 04:02:04,latency,99.7161,88.24875658333335,82.5673,11.467343416666651,11.467343416666651
2026-09-16 04:02:05,latency,97.852,91.45095266666667,103.2273,6.401047333333338,6.401047333333338
2026-09-16 04:02:06,latency,88.3079,87.54240695833333,84.1569,0.765493041666673,0.765493041666673
2026-09-16 04:02:07,latency,88.2626,88.76985574999999,75.6321,-0.5072557499999846,0.5072557499999846
2026-09-16 04:02:08,latency,95.5885,87.67366404166667,83.9293,7.914835958333327,7.914835958333327
2026-09-16 04:02:09,latency,88.2868,90.96534983333333,95.1805,-2.678549833333335,2.678549833333335
2026-09-16 04:02:10,latency,106.1776,90.153649,90.2829,16.023950999999997,16.023950999999997
2026-09-16 04:02:11,latency,95.2412,89.577477875,92.1594,5.663722125000007,5.663722125000007
2026-09-16 04:02:12,latency,104.8866,91.2473925,97.0716,13.639207499999998,13.639207499999998
2026-09-16 04:02:13,latency,100.7615,90.88351433333332,90.2417,9.877985666666675,9.877985666666675
2026-09-16 04:02:14,latency,90.3753,91.50506866666666,99.7161,-1.1297686666666635,1.1297686666666635
2026-09-16 04:02:15,latency,101.7189,91.81225308333333,97.852,9.906646916666674,9.906646916666674
2026-09-16 04:02:16,latency,94.475,90.06998116666666,88.3079,4.4050188333333296,4.4050188333333296
2026-09-16 04:02:17,latency,106.0415,92.54471487500001,88.2626,13.496785124999988,13.496785124999988
2026-09-16 04:02:18,latency,87.3867,90.34793037499999,95.5885,-2.9612303749999853,2.9612303749999853
2026-09-16 04:02:19,latency,91.3288,90.42506979166667,88.2868,0.9037302083333287,0.9037302083333287
2026-09-16 04:02:20,latency,92.3948,92.01229879166667,106.1776,0.38250120833333767,0.38250120833333767
2026-09-16 04:02:21,latency,102.013,91.49453291666667,95.2412,10.518467083333334,10.518467083333334
2026-09-16 04:02:22,latency,98.2492,95.50090225,104.8866,2.748297750000006,2.748297750000006
2026-09-16 04:02:23,latency,80.9564,94.00660729166665,100.7615,-13.050207291666652,13.050207291666652
2026-09-16 04:02:24,latency,81.3333,95.22352741666666,90.3753,-13.890227416666661,13.890227416666661
2026-09-16 04:02:25,latency,95.8593,95.11972608333333,101.7189,0.7395739166666715,0.7395739166666715
2026-09-16 04:02:26,latency,95.2944,94.85335975,94.475,0.44104025000000036,0.44104025000000036
2026-09-16 04:02:27,latency,99.7658,96.578831375,106.0415,3.1869686250000058,3.1869686250000058
2026-09-16 04:02:28,latency,86.9841,92.81559287500001,87.3867,-5.831492875000009,5.831492875000009
2026-09-16 04:02:29,latency,93.9417,95.533637375,91.3288,-1.5919373750000005,1.5919373750000005
2026-09-16 04:02:30,latency,94.1853,95.41049704166667,92.3948,-1.225197041666675,1.225197041666675
2026-09-16 04:02:31,latency,106.1045,96.138971125,102.013,9.965528875000004,9.965528875000004
2026-09-16 04:02:32,latency,91.2041,95.64861158333333,98.2492,-4.4445115833333375,4.4445115833333375
2026-09-16 04:02:33,latency,114.0495,94.46091129166666,80.9564,19.588588708333333,19.588588708333333
2026-09-16 04:02:34,latency,85.4457,93.25077504166667,81.3333,-7.805075041666669,7.805075041666669
2026-09-16 04:02:35,latency,94.2927,93.20961916666667,95.8593,1.0830808333333266,1.0830808333333266
2026-09-16 04:02:36,latency,96.7569,93.14459479166666,95.2944,3.612305208333339,3.612305208333339
2026-09-16 04:02:37,latency,83.6639,95.540041875,99.7658,-11.876141875000002,11.876141875000002
2026-09-16 04:02:38,latency,95.8541,91.777126375,86.9841,4.076973625000008,4.076973625000008
2026-09-16 04:02:39,latency,99.9333,94.69082708333333,93.9417,5.242472916666671,5.242472916666671
2026-09-16 04:02:40,latency,93.9636,95.118928875,94.1853,-1.155328874999995,1.155328874999995
2026-09-16 04:02:41,latency,96.4547,95.99488545833333,106.1045,0.4598145416666739,0.4598145416666739
2026-09-16 04:02:42,latency,89.12,96.659059125,91.2041,-7.539059124999994,7.539059124999994
2026-09-16 04:02:43,latency,102.3391,94.11405145833334,114.0495,8.225048541666666,8.225048541666666
2026-09-16 04:02:44,latency,101.5918,95.0535085,85.4457,6.5382915,6.5382915
2026-09-16 04:02:45,latency,103.0067,94.83404883333333,94.2927,8.172651166666668,8.172651166666668
2026-09-16 04:02:46,latency,94.3014,94.61973429166667,96.7569,-0.31833429166667315,0.31833429166667315
2026-09-16 04:02:47,latency,88.9662,93.394039875,83.6639,-4.427839875000004,4.427839875000004
2026-09-16 04:02:48,latency,90.6851,93.77676158333334,95.8541,-3.091661583333334,3.091661583333334
2026-09-16 04:02:49,latency,92.2639,94.19424633333334,99.9333,-1.9303463333333326,1.9303463333333326
2026-09-16 04:02:50,latency,103.2819,93.85992858333333,93.9636,9.421971416666665,9.421971416666665
2026-09-16 04:02:51,latency,97.0001,94.67116954166667,96.4547,2.328930458333332,2.328930458333332
2026-09-16 04:02:52,latency,97.9235,92.97231295833333,89.12,4.951187041666671,4.951187041666671
2026-09-16 04:02:53,latency,90.5295,96.77957104166667,102.3391,-6.250071041666672,6.250071041666672
2026-09-16 04:02:54,latency,107.8304,95.40779033333334,101.5918,12.42260966666666,12.42260966666666
2026-09-16 04:02:55,latency,92.5414,96.19125475,103.0067,-3.649854750000003,3.649854750000003
2026-09-16 04:02:56,latency,94.7145,95.98279933333333,94.3014,-1.2682993333333314,1.2682993333333314
2026-09-16 04:02:57,latency,104.7855,95.0809395,88.9662,9.7045605,9.7045605
2026-09-16 04:02:58,latency,87.2634,96.6068405,90.6851,-9.3434405,9.3434405
2026-09-16 04:02:59,latency,96.7124,94.16514741666667,92.2639,2.547252583333332,2.547252583333332
2026-09-16 04:03:00,latency,80.4685,96.719557625,103.2819,-16.251057624999987,16.251057624999987
2026-09-16 04:03:01,latency,81.4742,95.10435120833334,97.0001,-13.630151208333345,13.630151208333345
2026-09-16 04:03:02,latency,94.9179,95.54235150000001,97.9235,-0.6244515000000064,0.6244515000000064
2026-09-16 04:03:03,latency,91.5279,95.12143166666667,90.5295,-3.5935316666666637,3.5935316666666637
2026-09-16 04:03:04,latency,95.3437,97.99211275,107.8304,-2.6484127500000056,2.6484127500000056
2026-09-16 04:03:05,latency,89.2064,96.79864004166667,92.5414,-7.59224004166667,7.59224004166667
2026-09-16 04:03:06,latency,97.0256,95.40487779166666,94.7145,1.6207222083333335,1.6207222083333335
2026-09-16 04:03:07,latency,97.6513,97.18714320833334,104.7855,0.46415679166666735,0.46415679166666735
2026-09-16 04:03:08,latency,97.5013,94.02864991666667,87.2634,3.4726500833333347,3.4726500833333347
2026-09-16 04:03:09,latency,98.7539,95.94352129166667,96.7124,2.8103787083333316,2.8103787083333316
2026-09-16 04:03:10,latency,96.8089,93.85227291666666,80.4685,2.9566270833333306,2.9566270833333306
2026-09-16 04:03:11,latency,98.1912,92.802548125,81.4742,5.388651874999994,5.388651874999994
2026-09-16 04:03:12,latency,85.773,93.29587370833333,94.9179,-7.522873708333336,7.522873708333336
2026-09-16 04:03:13,latency,91.3372,94.59914354166666,91.5279,-3.2619435416666676,3.2619435416666676
2026-09-16 04:03:14,latency,96.394,91.97368329166666,95.3437,4.4203167083333454,4.4203167083333454
2026-09-16 04:03:15,latency,92.4099,91.260873625,89.2064,1.1490263749999912,1.1490263749999912
2026-09-16 04:03:16,latency,99.0934,93.6592565,97.0256,5.434143500000005,5.434143500000005
2026-09-16 04:03:17,latency,102.268,93.10704041666666,97.6513,9.160959583333337,9.160959583333337
2026-09-16 04:03:18,latency,100.4341,93.9361915,97.5013,6.497908499999994,6.497908499999994
2026-09-16 04:03:19,latency,82.9537,94.05162508333333,98.7539,-11.097925083333337,11.097925083333337
2026-09-16 04:03:20,latency,88.0332,94.19998895833332,96.8089,-6.166788958333328,6.166788958333328
2026-09-16 04:03:21,latency,88.9042,94.412941125,98.1912,-5.508741125,5.508741125
2026-09-16 04:03:22,latency,105.2425,91.09903845833333,85.773,14.143461541666682,14.143461541666682
2026-09-16 04:03:23,latency,101.9691,94.01525958333333,91.3372,7.953840416666665,7.953840416666665
2026-09-16 04:03:24,latency,88.8253,95.0840155,96.394,-6.258715500000008,6.258715500000008
2026-09-16 04:03:25,latency,80.851,93.69971404166667,92.4099,-12.848714041666668,12.848714041666668
2026-09-16 04:03:26,latency,94.4837,93.887635375,99.0934,0.5960646249999968,0.5960646249999968
2026-09-16 04:03:27,latency,98.9155,95.292550625,102.268,3.6229493749999904,3.6229493749999904
2026-09-16 04:03:28,latency,88.2654,94.97700379166668,100.4341,-6.7116037916666755,6.7116037916666755
2026-09-16 04:03:29,latency,83.3445,93.18692966666667,82.9537,-9.842429666666675,9.842429666666675
2026-09-16 04:03:30,latency,99.5151,94.05511041666666,88.0332,5.459989583333339,5.459989583333339
2026-09-16 04:03:31,latency,78.0022,94.5518295,88.9042,-16.549629499999995,16.549629499999995
2026-09-16 04:03:32,latency,96.8914,95.52811554166668,105.2425,1.3632844583333252,1.3632844583333252
2026-09-16 04:03:33,latency,91.6488,97.07691508333333,101.9691,-5.4281150833333385,5.4281150833333385
2026-09-16 04:03:34,latency,87.996,92.508558875,88.8253,-4.5125588750000105,4.5125588750000105
2026-09-16 04:03:35,latency,101.6401,91.903767875,80.851,9.736332125000004,9.736332125000004
2026-09-16 04:03:36,latency,100.1274,92.63928145833333,94.4837,7.488118541666665,7.488118541666665
2026-09-16 04:03:37,latency,107.4965,95.09892858333333,98.9155,12.397571416666665,12.397571416666665
2026-09-16 04:03:38,latency,96.4424,93.72259075000001,88.2654,2.7198092499999973,2.7198092499999973
2026-09-16 04:03:39,latency,85.0626,91.70405370833333,83.3445,-6.64145370833333,6.64145370833333
2026-09-16 04:03:40,latency,81.3494,92.58452266666667,99.5151,-11.235122666666669,11.235122666666669
2026-09-16 04:03:41,latency,86.1958,92.89257320833333,78.0022,-6.696773208333326,6.696773208333326
2026-09-16 04:03:42,latency,106.9052,93.261444875,96.8914,13.643755124999998,13.643755124999998
2026-09-16 04:03:43,latency,84.5773,92.17114995833333,91.6488,-7.593849958333337,7.593849958333337
2026-09-16 04:03:44,latency,82.3911,92.13559675,87.996,-9.74449675000001,9.74449675000001
2026-09-16 04:03:45,latency,73.3744,92.08683725,101.6401,-18.712437250000008,18.712437250000008
2026-09-16 04:03:46,latency,96.7038,93.80514008333333,100.1274,2.8986599166666736,2.8986599166666736
2026-09-16 04:03:47,latency,89.525,95.262284,107.4965,-5.737283999999988,5.737283999999988
2026-09-16 04:03:48,latency,98.7068,92.86779158333334,96.4424,5.839008416666658,5.839008416666658
2026-09-16 04:03:49,latency,95.8613,93.35582341666667,85.0626,2.5054765833333335,2.5054765833333335
2026-09-16 04:03:50,latency,96.1279,92.89597654166667,81.3494,3.231923458333327,3.231923458333327
2026-09-16 04:03:51,latency,89.23,92.595256875,86.1958,-3.365256875,3.365256875
2026-09-16 04:03:52,latency,96.3411,90.67387149999998,106.9052,5.6672285000000215,5.6672285000000215
2026-09-16 04:03:53,latency,97.2518,90.09393995833332,84.5773,7.15786004166668,7.15786004166668
2026-09-16 04:03:54,latency,88.9076,91.00793954166666,82.3911,-2.1003395416666564,2.1003395416666564
2026-09-16 04:03:55,latency,90.6638,87.24963279166666,73.3744,3.414167208333339,3.414167208333339
2026-09-16 04:03:56,latency,106.3086,91.98040945833334,96.7038,14.328190541666658,14.328190541666658
2026-09-16 04:03:57,latency,93.3089,89.97427437500001,89.525,3.334625624999987,3.334625624999987
2026-09-16 04:03:58,latency,90.2512,88.86411254166666,98.7068,1.3870874583333404,1.3870874583333404
2026-09-16 04:03:59,latency,89.4531,91.441231,95.8613,-1.9881309999999957,1.9881309999999957
2026-09-16 04:04:00,latency,92.2322,91.77747483333333,96.1279,0.45472516666667673,0.45472516666667673
2026-09-16 04:04:01,latency,104.3289,93.06886845833334,89.23,11.260031541666663,11.260031541666663
2026-09-16 04:04:02,latency,98.0725,92.38930037499999,96.3411,5.6831996250000145,5.6831996250000145
2026-09-16 04:04:03,latency,84.0619,92.40048204166666,97.2518,-8.338582041666669,8.338582041666669
2026-09-16 04:04:04,latency,94.1564,93.358444625,88.9076,0.7979553750000008,0.7979553750000008
2026-09-16 04:04:05,latency,96.8094,91.40344933333333,90.6638,5.405950666666669,5.405950666666669
2026-09-16 04:04:06,latency,102.7813,94.35905716666667,106.3086,8.422242833333328,8.422242833333328
2026-09-16 04:04:07,latency,90.3369,91.50713670833333,93.3089,-1.1702367083333343,1.1702367083333343
2026-09-16 04:04:08,latency,91.4477,91.56032175,90.2512,-0.11262175000000241,0.11262175000000241
2026-09-16 04:04:09,latency,89.0281,92.348223875,89.4531,-3.3201238750000073,3.3201238750000073
2026-09-16 04:04:10,latency,97.8457,91.751642875,92.2322,6.094057124999992,6.094057124999992
2026-09-16 04:04:11,latency,99.8387,93.81357225,104.3289,6.025127749999996,6.025127749999996
2026-09-16 04:04:12,latency,104.8517,92.68954166666667,98.0725,12.162158333333323,12.162158333333323
2026-09-16 04:04:13,latency,93.045,90.273219625,84.0619,2.771780375000006,2.771780375000006
2026-09-16 04:04:14,latency,90.4351,91.28980970833334,94.1564,-0.8547097083333313,0.8547097083333313
2026-09-16 04:04:15,latency,102.8302,94.166804,96.8094,8.663396000000006,8.663396000000006
2026-09-16 04:04:16,latency,98.5953,95.878732,102.7813,2.716567999999995,2.716567999999995
2026-09-16 04:04:17,latency,92.2464,94.13657779166667,90.3369,-1.890177791666673,1.890177791666673
2026-09-16 04:04:18,latency,89.642,94.46901545833333,91.4477,-4.827015458333335,4.827015458333335
2026-09-16 04:04:19,latency,98.1885,94.92742887499999,89.0281,3.261071125000015,3.261071125000015
2026-09-16 04:04:20,latency,88.6406,94.62980654166665,97.8457,-5.989206541666647,5.989206541666647
2026-09-16 04:04:21,latency,93.313,94.38523579166666,99.8387,-1.0722357916666567,1.0722357916666567
2026-09-16 04:04:22,latency,90.1159,97.9709805,104.8517,-7.8550805,7.8550805
2026-09-16 04:04:23,latency,99.7491,94.89125704166666,93.045,4.857842958333336,4.857842958333336
2026-09-16 04:04:24,latency,92.8179,96.30364608333333,90.4351,-3.485746083333339,3.485746083333339
2026-09-16 04:04:25,latency,94.0653,96.46594766666666,102.8302,-2.4006476666666714,2.4006476666666714
2026-09-16 04:04:26,latency,92.4942,95.12191945833332,98.5953,-2.627719458333317,2.627719458333317
2026-09-16 04:04:27,latency,89.8659,95.83143433333333,92.2464,-5.965534333333338,5.965534333333338
2026-09-16 04:04:28,latency,93.3385,96.92329816666665,89.642,-3.5847981666666584,3.5847981666666584
2026-09-16 04:04:29,latency,128.8746,95.69087320833334,98.1885,33.18372679166664,33.18372679166664
2026-09-16 04:04:30,latency,109.4998,94.27483208333334,88.6406,15.224967916666657,15.224967916666657
2026-09-16 04:04:31,latency,112.4173,94.39866945833333,93.313,18.018630541666667,18.018630541666667
2026-09-16 04:04:32,latency,97.5898,93.22644041666666,90.1159,4.3633595833333345,4.3633595833333345
2026-09-16 04:04:33,latency,112.8755,94.26492675,99.7491,18.61057325,18.61057325
2026-09-16 04:04:34,latency,110.1914,95.15936029166666,92.8179,15.032039708333343,15.032039708333343
2026-09-16 04:04:35,latency,103.2102,95.08082583333332,94.0653,8.129374166666679,8.129374166666679
2026-09-16 04:04:36,latency,109.156,93.37039137500001,92.4942,15.785608624999995,15.785608624999995
2026-09-16 04:04:37,latency,102.1605,94.31451454166667,89.8659,7.845985458333331,7.845985458333331
2026-09-16 04:04:38,latency,118.6322,92.83933883333333,93.3385,25.79286116666667,25.79286116666667
2026-09-16 04:04:39,latency,105.014,99.14000829166663,128.8746,5.873991708333364,5.873991708333364
2026-09-16 04:04:40,latency,95.9706,102.00607704166666,109.4998,-6.0354770416666526,6.0354770416666526
2026-09-16 04:04:41,latency,114.6818,102.07953004166666,112.4173,12.602269958333338,12.602269958333338
2026-09-16 04:04:42,latency,103.9243,100.423810375,97.5898,3.500489625,3.500489625
2026-09-16 04:04:43,latency,102.3431,104.3832865,112.8755,-2.04018649999999,2.04018649999999
2026-09-16 04:04:44,latency,97.6053,104.26588333333333,110.1914,-6.660583333333335,6.660583333333335
2026-09-16 04:04:45,latency,106.3968,103.16646879166667,103.2102,3.2303312083333253,3.2303312083333253
2026-09-16 04:04:46,latency,108.6781,101.72367120833334,109.156,6.954428791666658,6.954428791666658
2026-09-16 04:04:47,latency,101.8661,101.704013125,102.1605,0.16208687499999996,0.16208687499999996
2026-09-16 04:04:48,latency,124.2582,106.42266699999999,118.6322,17.835533000000012,17.835533000000012
2026-09-16 04:04:49,latency,106.2839,103.3566475,105.014,2.9272525000000087,2.9272525000000087
2026-09-16 04:04:50,latency,100.1754,102.09135333333333,95.9706,-1.9159533333333343,1.9159533333333343
2026-09-16 04:04:51,latency,107.408,104.72511174999998,114.6818,2.682888250000019,2.682888250000019
2026-09-16 04:04:52,latency,105.3053,104.709295875,103.9243,0.5960041250000074,0.5960041250000074
2026-09-16 04:04:53,latency,102.89,104.09219295833334,102.3431,-1.2021929583333417,1.2021929583333417
2026-09-16 04:04:54,latency,100.6726,103.95632720833333,97.6053,-3.2837272083333318,3.2837272083333318
2026-09-16 04:04:55,latency,105.5298,103.36561229166666,106.3968,2.16418770833333,2.16418770833333
2026-09-16 04:04:56,latency,114.7603,105.36980654166666,108.6781,9.390493458333339,9.390493458333339
2026-09-16 04:04:57,latency,111.4286,105.86643454166666,101.8661,5.5621654583333395,5.5621654583333395
2026-09-16 04:04:58,latency,116.9853,107.11212549999999,124.2582,9.873174500000005,9.873174500000005
2026-09-16 04:04:59,latency,102.4497,106.15984008333334,106.2839,-3.7101400833333287,3.7101400833333287
2026-09-16 04:05:00,latency,109.6441,106.27803583333333,100.1754,3.3660641666666606,3.3660641666666606
2026-09-16 04:05:01,latency,105.2083,104.25032325000001,107.408,0.957976749999986,0.957976749999986
2026-09-16 04:05:02,latency,110.2838,107.27064495833334,105.3053,3.013155041666664,3.013155041666664
2026-09-16 04:05:03,latency,103.1209,105.69131633333333,102.89,-2.570416333333327,2.570416333333327
2026-09-16 04:05:04,latency,105.6873,104.90092991666667,100.6726,0.786370083333324,0.786370083333324
2026-09-16 04:05:05,latency,110.8848,104.97071166666666,105.5298,5.914088333333339,5.914088333333339
2026-09-16 04:05:06,latency,104.5907,106.08177433333333,114.7603,-1.49107433333333,1.49107433333333
2026-09-16 04:05:07,latency,101.1504,105.74819400000001,111.4286,-4.5977940000000075,4.5977940000000075
2026-09-16 04:05:08,latency,111.2079,107.70667975,116.9853,3.5012202499999887,3.5012202499999887
2026-09-16 04:05:09,latency,99.5556,106.15956425,102.4497,-6.603964250000004,6.603964250000004
2026-09-16 04:05:10,latency,103.6623,105.97367145833333,109.6441,-2.3113714583333262,2.3113714583333262
2026-09-16 04:05:11,latency,104.5645,106.6549325,105.2083,-2.0904325000000057,2.0904325000000057
2026-09-16 04:05:12,latency,104.8941,106.22776545833334,110.2838,-1.3336654583333427,1.3336654583333427
2026-09-16 04:05:13,latency,101.8484,107.40041487500001,103.1209,-5.552014875000012,5.552014875000012
2026-09-16 04:05:14,latency,98.8618,105.67812049999999,105.6873,-6.816320499999989,6.816320499999989
2026-09-16 04:05:15,latency,82.3163,106.67950587499999,110.8848,-24.36320587499999,24.36320587499999
2026-09-16 04:05:16,latency,93.8576,107.16688216666667,104.5907,-13.309282166666662,13.309282166666662
2026-09-16 04:05:17,latency,97.1169,106.92599875,101.1504,-9.809098750000004,9.809098750000004
2026-09-16 04:05:18,latency,106.6173,106.56498037499999,111.2079,0.05231962500000975,0.05231962500000975
2026-09-16 04:05:19,latency,99.212,104.37499533333333,99.5556,-5.162995333333328,5.162995333333328
2026-09-16 04:05:20,latency,100.8915,106.37182925,103.6623,-5.480329250000011,5.480329250000011
2026-09-16 04:05:21,latency,101.5964,104.8629565,104.5645,-3.266556499999993,3.266556499999993
2026-09-16 04:05:22,latency,93.769,107.06546345833333,104.8941,-13.29646345833332,13.29646345833332
2026-09-16 04:05:23,latency,100.9749,106.21134916666666,101.8484,-5.2364491666666595,5.2364491666666595
2026-09-16 04:05:24,latency,102.2515,105.11398591666668,98.8618,-2.862485916666685,2.862485916666685
2026-09-16 04:05:25,latency,101.8052,99.1764083333333,82.3163,2.6287916666667,2.6287916666667
2026-09-16 04:05:26,latency,104.6037,101.043319875,93.8576,3.560380125000009,3.560380125000009
2026-09-16 04:05:27,latency,109.1761,99.94211083333333,97.1169,9.233989166666674,9.233989166666674
2026-09-16 04:05:28,latency,85.3505,101.816939875,106.6173,-16.466439875000006,16.466439875000006
2026-09-16 04:05:29,latency,98.1676,101.94769083333334,99.212,-3.7800908333333467,3.7800908333333467
2026-09-16 04:05:30,latency,101.2527,100.16710429166666,100.8915,1.0855957083333436,1.0855957083333436
2026-09-16 04:05:31,latency,97.922,101.58266270833333,101.5964,-3.6606627083333336,3.6606627083333336
2026-09-16 04:05:32,latency,89.572,98.93715308333334,93.769,-9.36515308333334,9.36515308333334
2026-09-16 04:05:33,latency,84.743,100.91514058333334,100.9749,-16.172140583333345,16.172140583333345
2026-09-16 04:05:34,latency,88.4668,99.59603370833332,102.2515,-11.129233708333317,11.129233708333317
2026-09-16 04:05:35,latency,100.0279,99.56783008333333,101.8052,0.46006991666666863,0.46006991666666863
2026-09-16 04:05:36,latency,105.1123,99.87856629166667,104.6037,5.233733708333332,5.233733708333332
2026-09-16 04:05:37,latency,105.2422,100.99393441666666,109.1761,4.248265583333335,4.248265583333335
2026-09-16 04:05:38,latency,103.9991,98.94381854166666,85.3505,5.05528145833334,5.05528145833334
2026-09-16 04:05:39,latency,95.5316,99.40646241666666,98.1676,-3.8748624166666588,3.8748624166666588
2026-09-16 04:05:40,latency,97.3661,98.12245625,101.2527,-0.7563562499999961,0.7563562499999961
2026-09-16 04:05:41,latency,105.3466,97.79122854166667,97.922,7.555371458333326,7.555371458333326
2026-09-16 04:05:42,latency,92.8729,97.53402679166666,89.572,-4.6611267916666606,4.6611267916666606
2026-09-16 04:05:43,latency,92.8552,95.95395691666667,84.743,-3.098756916666673,3.098756916666673
2026-09-16 04:05:44,latency,99.7083,94.11482037500001,88.4668,5.593479624999986,5.593479624999986
2026-09-16 04:05:45,latency,93.9345,97.19796195833334,100.0279,-3.2634619583333375,3.2634619583333375
2026-09-16 04:05:46,latency,101.7706,95.95240375,105.1123,5.81819625,5.81819625
2026-09-16 04:05:47,latency,89.0305,99.25200970833333,105.2422,-10.221509708333329,10.221509708333329
2026-09-16 04:05:48,latency,90.2957,97.97447008333333,103.9991,-7.678770083333333,7.678770083333333
2026-09-16 04:05:49,latency,91.3483,98.56893766666666,95.5316,-7.220637666666661,7.220637666666661
2026-09-16 04:05:50,latency,101.4158,98.26253687500001,97.3661,3.153263124999995,3.153263124999995
2026-09-16 04:05:51,latency,95.5102,99.48348120833333,105.3466,-3.973281208333333,3.973281208333333
2026-09-16 04:05:52,latency,94.0021,97.43213516666667,92.8729,-3.43003516666667,3.43003516666667
2026-09-16 04:05:53,latency,98.6201,98.229266,92.8552,0.3908339999999981,0.3908339999999981
2026-09-16 04:05:54,latency,88.8058,97.82272754166667,99.7083,-9.01692754166666,9.01692754166666
2026-09-16 04:05:55,latency,87.8549,97.48705795833334,93.9345,-9.632157958333337,9.632157958333337
2026-09-16 04:05:56,latency,87.3133,97.53886545833333,101.7706,-10.225565458333335,10.225565458333335
2026-09-16 04:05:57,latency,96.6728,92.98584725,89.0305,3.686952749999989,3.686952749999989
2026-09-16 04:05:58,latency,93.9096,95.494012875,90.2957,-1.5844128749999982,1.5844128749999982
2026-09-16 04:05:59,latency,95.9596,96.53148558333332,91.3483,-0.5718855833333265,0.5718855833333265
2026-09-16 04:06:00,latency,93.7722,97.67613762500001,101.4158,-3.9039376250000117,3.9039376250000117
2026-09-16 04:06:01,latency,92.9269,94.19046754166666,95.5102,-1.26356754166666,1.26356754166666
2026-09-16 04:06:02,latency,88.4608,96.38950858333332,94.0021,-7.928708583333318,7.928708583333318
2026-09-16 04:06:03,latency,106.2843,95.00428295833332,98.6201,11.280017041666682,11.280017041666682
2026-09-16 04:06:04,latency,101.6991,94.61549875000001,88.8058,7.083601249999987,7.083601249999987
2026-09-16 04:06:05,latency,103.3179,95.74729804166667,87.8549,7.570601958333327,7.570601958333327
2026-09-16 04:06:06,latency,95.4357,93.84388945833334,87.3133,1.5918105416666606,1.5918105416666606
2026-09-16 04:06:07,latency,100.3116,94.47380933333334,96.6728,5.837790666666663,5.837790666666663
2026-09-16 04:06:08,latency,90.1548,92.34347616666666,93.9096,-2.188676166666667,2.188676166666667
2026-09-16 04:06:09,latency,86.4254,93.650211375,95.9596,-7.224811375000002,7.224811375000002
2026-09-16 04:06:10,latency,92.6276,94.610817,93.7722,-1.9832169999999962,1.9832169999999962
2026-09-16 04:06:11,latency,90.1792,93.18182812500001,92.9269,-3.0026281250000153,3.0026281250000153
2026-09-16 04:06:12,latency,87.1607,93.30832983333333,88.4608,-6.147629833333326,6.147629833333326
2026-09-16 04:06:13,latency,91.8545,94.97765629166668,106.2843,-3.1231562916666746,3.1231562916666746
2026-09-16 04:06:14,latency,101.8228,95.80714904166666,101.6991,6.015650958333339,6.015650958333339
2026-09-16 04:06:15,latency,96.0538,95.90854754166665,103.3179,0.14525245833334566,0.14525245833334566
2026-09-16 04:06:16,latency,93.7691,94.45113395833333,95.4357,-0.682033958333335,0.682033958333335
2026-09-16 04:06:17,latency,100.1962,94.12967524999999,100.3116,6.0665247500000135,6.0665247500000135
2026-09-16 04:06:18,latency,99.2897,97.01244295833332,90.1548,2.2772570416666724,2.2772570416666724
2026-09-16 04:06:19,latency,86.9083,93.37957870833333,86.4254,-6.47127870833333,6.47127870833333
2026-09-16 04:06:20,latency,103.8142,94.48750866666667,92.6276,9.32669133333333,9.32669133333333
2026-09-16 04:06:21,latency,84.6686,93.83158391666666,90.1792,-9.162983916666661,9.162983916666661
2026-09-16 04:06:22,latency,88.188,92.67977158333333,87.1607,-4.491771583333332,4.491771583333332
2026-09-16 04:06:23,latency,84.3072,92.57907358333334,91.8545,-8.271873583333345,8.271873583333345
2026-09-16 04:06:24,latency,100.5725,95.31743958333334,101.8228,5.255060416666666,5.255060416666666
2026-09-16 04:06:25,latency,93.146,93.96308925,96.0538,-0.8170892499999951,0.8170892499999951
2026-09-16 04:06:26,latency,88.8807,93.91101275,93.7691,-5.030312749999993,5.030312749999993
2026-09-16 04:06:27,latency,99.7932,93.9830365,100.1962,5.810163500000002,5.810163500000002
2026-09-16 04:06:28,latency,84.0844,94.54495424999999,99.2897,-10.460554249999987,10.460554249999987
2026-09-16 04:06:29,latency,83.0359,92.800579375,86.9083,-9.764679375,9.764679375
2026-09-16 04:06:30,latency,87.463,95.417769875,103.8142,-7.954769875000011,7.954769875000011
2026-09-16 04:06:31,latency,82.4869,93.57136025,84.6686,-11.084460249999992,11.084460249999992
2026-09-16 04:06:32,latency,96.0196,94.02434879166667,88.188,1.995251208333329,1.995251208333329
2026-09-16 04:06:33,latency,81.4307,92.48834004166666,84.3072,-11.057640041666659,11.057640041666659
2026-09-16 04:06:34,latency,82.4373,92.72055000000002,100.5725,-10.283250000000024,10.283250000000024
2026-09-16 04:06:35,latency,92.524,92.81949708333333,93.146,-0.2954970833333306,0.2954970833333306
2026-09-16 04:06:36,latency,88.3235,91.52214795833333,88.8807,-3.198647958333339,3.198647958333339
2026-09-16 04:06:37,latency,87.5944,93.60743008333333,99.7932,-6.013030083333334,6.013030083333334
2026-09-16 04:06:38,latency,90.8105,90.24191420833334,84.0844,0.5685857916666635,0.5685857916666635
2026-09-16 04:06:39,latency,87.2386,91.41262333333333,83.0359,-4.174023333333324,4.174023333333324
2026-09-16 04:06:40,latency,87.1067,91.45184925,87.463,-4.3451492499999915,4.3451492499999915
2026-09-16 04:06:41,latency,91.2302,90.31587300000001,82.4869,0.9143269999999859,0.9143269999999859
2026-09-16 04:06:42,latency,93.6543,92.40916374999999,96.0196,1.2451362500000158,1.2451362500000158
2026-09-16 04:06:43,latency,77.3976,88.92018970833334,81.4307,-11.522589708333342,11.522589708333342
2026-09-16 04:06:44,latency,81.6156,89.43132154166666,82.4373,-7.815721541666662,7.815721541666662
2026-09-16 04:06:45,latency,90.8082,88.77333654166667,92.524,2.0348634583333336,2.0348634583333336
2026-09-16 04:06:46,latency,83.9946,89.70788116666667,88.3235,-5.713281166666661,5.713281166666661
2026-09-16 04:06:47,latency,89.6841,88.47886125,87.5944,1.2052387500000066,1.2052387500000066
2026-09-16 04:06:48,latency,87.6636,88.26530695833334,90.8105,-0.6017069583333381,0.6017069583333381
2026-09-16 04:06:49,latency,81.5747,89.40526525,87.2386,-7.830565249999992,7.830565249999992
2026-09-16 04:06:50,latency,85.0811,88.62270000000001,87.1067,-3.5416000000000025,3.5416000000000025
2026-09-16 04:06:51,latency,86.0488,87.96771579166666,91.2302,-1.918915791666663,1.918915791666663
2026-09-16 04:06:52,latency,97.1672,86.86012404166668,93.6543,10.307075958333314,10.307075958333314
2026-09-16 04:06:53,latency,84.2777,86.59929125,77.3976,-2.3215912499999973,2.3215912499999973
2026-09-16 04:06:54,latency,79.1834,87.38871499999999,81.6156,-8.205314999999985,8.205314999999985
2026-09-16 04:06:55,latency,83.3972,87.06238204166667,90.8082,-3.665182041666668,3.665182041666668
2026-09-16 04:06:56,latency,88.1993,87.92306808333333,83.9946,0.27623191666666,0.27623191666666
2026-09-16 04:06:57,latency,79.0425,87.944346375,89.6841,-8.901846374999991,8.901846374999991
2026-09-16 04:06:58,latency,89.6133,85.29935495833334,87.6636,4.313945041666656,4.313945041666656
2026-09-16 04:06:59,latency,84.4323,86.90757429166668,81.5747,-2.475274291666679,2.475274291666679
2026-09-16 04:07:00,latency,83.4466,86.52530191666668,85.0811,-3.078701916666674,3.078701916666674
2026-09-16 04:07:01,latency,89.6269,86.69375279166667,86.0488,2.933147208333338,2.933147208333338
2026-09-16 04:07:02,latency,80.6152,88.133169375,97.1672,-7.517969374999993,7.517969374999993
2026-09-16 04:07:03,latency,72.4291,88.77775670833333,84.2777,-16.348656708333323,16.348656708333323
2026-09-16 04:07:04,latency,92.6296,85.11073816666668,79.1834,7.518861833333318,7.518861833333318
2026-09-16 04:07:05,latency,80.8536,85.56328754166667,83.3972,-4.709687541666668,4.709687541666668
2026-09-16 04:07:06,latency,81.7755,85.29623174999999,88.1993,-3.520731749999996,3.520731749999996
2026-09-16 04:07:07,latency,90.3877,84.88801166666667,79.0425,5.499688333333324,5.499688333333324
2026-09-16 04:07:08,latency,83.8253,83.62618266666666,89.6133,0.1991173333333336,0.1991173333333336
2026-09-16 04:07:09,latency,98.0635,85.453365625,84.4323,12.610134375000001,12.610134375000001
2026-09-16 04:07:10,latency,77.8477,85.548951375,83.4466,-7.701251374999998,7.701251374999998
2026-09-16 04:07:11,latency,76.6095,85.75169229166667,89.6269,-9.142192291666674,9.142192291666674
2026-09-16 04:07:12,latency,84.8094,85.38248208333333,80.6152,-0.5730820833333325,0.5730820833333325
2026-09-16 04:07:13,latency,78.5798,83.44861183333335,72.4291,-4.868811833333339,4.868811833333339
2026-09-16 04:07:14,latency,97.2329,83.07937654166666,92.6296,14.15352345833334,14.15352345833334
2026-09-16 04:07:15,latency,84.3036,84.97726020833333,80.8536,-0.673660208333331,0.673660208333331
2026-09-16 04:07:16,latency,83.6292,84.502370875,81.7755,-0.8731708749999996,0.8731708749999996
2026-09-16 04:07:17,latency,71.8254,83.97047841666667,90.3877,-12.145078416666664,12.145078416666664
2026-09-16 04:07:18,latency,88.6819,85.62104654166667,83.8253,3.0608534583333267,3.0608534583333267
2026-09-16 04:07:19,latency,79.206,86.12975391666667,98.0635,-6.923753916666669,6.923753916666669
2026-09-16 04:07:20,latency,81.8247,82.35976425,77.8477,-0.5350642499999907,0.5350642499999907
2026-09-16 04:07:21,latency,94.8139,82.33471370833334,76.6095,12.479186291666664,12.479186291666664
2026-09-16 04:07:22,latency,73.0414,81.92966799999999,84.8094,-8.888267999999997,8.888267999999997
2026-09-16 04:07:23,latency,71.1426,82.56724579166668,78.5798,-11.424645791666677,11.424645791666677
2026-09-16 04:07:24,latency,82.4275,83.67006416666666,97.2329,-1.2425641666666678,1.2425641666666678
2026-09-16 04:07:25,latency,83.6504,84.18278354166667,84.3036,-0.5323835416666611,0.5323835416666611
2026-09-16 04:07:26,latency,76.0194,84.10202658333333,83.6292,-8.082626583333322,8.082626583333322
2026-09-16 04:07:27,latency,83.9639,83.965679,71.8254,-0.0017789999999990869,0.0017789999999990869
2026-09-16 04:07:28,latency,73.5207,83.91468383333333,88.6819,-10.393983833333323,10.393983833333323
2026-09-16 04:07:29,latency,89.0978,83.06981891666668,79.206,6.02798108333333,6.02798108333333
2026-09-16 04:07:30,latency,84.1996,83.59193933333334,81.8247,0.6076606666666606,0.6076606666666606
2026-09-16 04:07:31,latency,72.1383,82.671491625,94.8139,-10.533191625,10.533191625
2026-09-16 04:07:32,latency,78.7147,81.95888158333332,73.0414,-3.2441815833333294,3.2441815833333294
2026-09-16 04:07:33,latency,77.4717,82.44509170833334,71.1426,-4.973391708333338,4.973391708333338
2026-09-16 04:07:34,latency,77.2424,80.87477629166666,82.4275,-3.6323762916666595,3.6323762916666595
2026-09-16 04:07:35,latency,68.3779,81.74149366666667,83.6504,-13.363593666666674,13.363593666666674
2026-09-16 04:07:36,latency,84.459,82.15097875000001,76.0194,2.308021249999996,2.308021249999996
2026-09-16 04:07:37,latency,70.7039,81.34610883333333,83.9639,-10.642208833333328,10.642208833333328
2026-09-16 04:07:38,latency,72.3828,79.22626029166668,73.5207,-6.843460291666673,6.843460291666673
2026-09-16 04:07:39,latency,73.8863,81.72259766666667,89.0978,-7.836297666666667,7.836297666666667
2026-09-16 04:07:40,latency,73.4458,81.99117529166666,84.1996,-8.545375291666659,8.545375291666659
2026-09-16 04:07:41,latency,80.8876,80.033366125,72.1383,0.8542338750000056,0.8542338750000056
2026-09-16 04:07:42,latency,70.056,81.17197033333332,78.7147,-11.115970333333323,11.115970333333323
2026-09-16 04:07:43,latency,81.0619,80.02808145833333,77.4717,1.0338185416666619,1.0338185416666619
2026-09-16 04:07:44,latency,89.5166,79.79771254166667,77.2424,9.718887458333327,9.718887458333327
2026-09-16 04:07:45,latency,71.2461,78.08215608333333,68.3779,-6.836056083333332,6.836056083333332
2026-09-16 04:07:46,latency,72.8696,79.491477375,84.459,-6.621877374999997,6.621877374999997
2026-09-16 04:07:47,latency,85.3645,77.84584958333335,70.7039,7.5186504166666595,7.5186504166666595
2026-09-16 04:07:48,latency,76.6286,75.84848816666667,72.3828,0.7801118333333363,0.7801118333333363
2026-09-16 04:07:49,latency,74.0867,77.29033329166667,73.8863,-3.2036332916666765,3.2036332916666765
2026-09-16 04:07:50,latency,67.4369,76.937730875,73.4458,-9.500830875000005,9.500830875000005
2026-09-16 04:07:51,latency,64.6316,77.12937054166667,80.8876,-12.497770541666668,12.497770541666668
2026-09-16 04:07:52,latency,75.1183,74.73915304166667,70.056,0.37914695833333667,0.37914695833333667
2026-09-16 04:07:53,latency,93.0824,76.99730254166666,81.0619,16.08509745833335,16.08509745833335
2026-09-16 04:07:54,latency,80.9162,78.029594375,89.5166,2.8866056250000014,2.8866056250000014
2026-09-16 04:07:55,latency,76.8835,75.332335625,71.2461,1.551164374999999,1.551164374999999
2026-09-16 04:07:56,latency,76.1869,77.32675137500001,72.8696,-1.1398513750000205,1.1398513750000205
2026-09-16 04:07:57,latency,67.1556,78.253231625,85.3645,-11.097631624999991,11.097631624999991
2026-09-16 04:07:58,latency,85.1867,78.1257875,76.6286,7.060912500000001,7.060912500000001
2026-09-16 04:07:59,latency,69.2735,77.56954933333333,74.0867,-8.296049333333329,8.296049333333329
2026-09-16 04:08:00,latency,65.5092,74.46938949999999,67.4369,-8.960189499999984,8.960189499999984
2026-09-16 04:08:01,latency,63.7659,72.81896095833335,64.6316,-9.053060958333347,9.053060958333347
2026-09-16 04:08:02,latency,73.4316,74.70480183333333,75.1183,-1.2732018333333315,1.2732018333333315
2026-09-16 04:08:03,latency,48.6699,73.39385204166666,93.0824,-24.723952041666664,24.723952041666664
2026-09-16 04:08:04,latency,78.1446,76.58996316666668,80.9162,1.5546368333333191,1.5546368333333191
2026-09-16 04:08:05,latency,71.3588,77.3935915,76.8835,-6.034791499999997,6.034791499999997
2026-09-16 04:08:06,latency,70.4564,76.08964366666666,76.1869,-5.633243666666658,5.633243666666658
2026-09-16 04:08:07,latency,71.228,75.95072737500001,67.1556,-4.722727375000019,4.722727375000019
2026-09-16 04:08:08,latency,80.6644,76.16344116666669,85.1867,4.500958833333314,4.500958833333314
2026-09-16 04:08:09,latency,64.5549,74.244946875,69.2735,-9.690046874999993,9.690046874999993
2026-09-16 04:08:10,latency,83.5349,74.38380150000002,65.5092,9.151098499999975,9.151098499999975
2026-09-16 04:08:11,latency,68.2289,72.65008425,63.7659,-4.42118425000001,4.42118425000001
2026-09-16 04:08:12,latency,79.7649,74.87329866666667,73.4316,4.891601333333327,4.891601333333327
2026-09-16 04:08:13,latency,80.5764,69.95230329166668,48.6699,10.624096708333326,10.624096708333326
2026-09-16 04:08:14,latency,71.2319,71.534182875,78.1446,-0.30228287500000306,0.30228287500000306
2026-09-16 04:08:15,latency,72.2073,71.50739266666668,71.3588,0.6999073333333286,0.6999073333333286
2026-09-16 04:08:16,latency,72.6941,72.58623545833333,70.4564,0.1078645416666717,0.1078645416666717
2026-09-16 04:08:17,latency,67.4016,71.17884008333333,71.228,-3.777240083333325,3.777240083333325
2026-09-16 04:08:18,latency,56.3862,72.66155283333333,80.6644,-16.27535283333333,16.27535283333333
2026-09-16 04:08:19,latency,72.003,71.15522250000001,64.5549,0.8477774999999923,0.8477774999999923
2026-09-16 04:08:20,latency,64.0183,72.34171574999999,83.5349,-8.323415749999995,8.323415749999995
2026-09-16 04:08:21,latency,69.645,72.03200533333333,68.2289,-2.3870053333333345,2.3870053333333345
2026-09-16 04:08:22,latency,74.59,73.02506295833332,79.7649,1.5649370416666812,1.5649370416666812
2026-09-16 04:08:23,latency,67.951,72.06332129166668,80.5764,-4.112321291666689,4.112321291666689
2026-09-16 04:08:24,latency,75.9943,72.3799045,71.2319,3.6143955000000005,3.6143955000000005
2026-09-16 04:08:25,latency,69.9321,71.035431375,72.2073,-1.1033313749999962,1.1033313749999962
2026-09-16 04:08:26,latency,69.1842,70.986865875,72.6941,-1.8026658750000024,1.8026658750000024
2026-09-16 04:08:27,latency,90.7283,72.21363920833333,67.4016,18.51466079166667,18.51466079166667
2026-09-16 04:08:28,latency,76.4295,68.58062824999999,56.3862,7.848871750000015,7.848871750000015
2026-09-16 04:08:29,latency,56.779,69.53510045833333,72.003,-12.756100458333329,12.756100458333329
2026-09-16 04:08:30,latency,74.2248,70.16101879166666,64.0183,4.063781208333339,4.063781208333339
2026-09-16 04:08:31,latency,55.6053,68.56148441666666,69.645,-12.956184416666659,12.956184416666659
2026-09-16 04:08:32,latency,77.1341,69.73017495833334,74.59,7.4039250416666675,7.4039250416666675
2026-09-16 04:08:33,latency,73.3734,70.24621995833333,67.951,3.1271800416666764,3.1271800416666764
2026-09-16 04:08:34,latency,65.3583,71.90310958333333,75.9943,-6.544809583333333,6.544809583333333
2026-09-16 04:08:35,latency,71.9823,70.4498595,69.9321,1.5324404999999928,1.5324404999999928
2026-09-16 04:08:36,latency,71.2849,70.67568566666667,69.1842,0.6092143333333269,0.6092143333333269
2026-09-16 04:08:37,latency,73.3592,71.32383399999999,90.7283,2.0353660000000104,2.0353660000000104
2026-09-16 04:08:38,latency,80.1392,71.85640479166668,76.4295,8.282795208333326,8.282795208333326
2026-09-16 04:08:39,latency,66.9423,72.82178695833333,56.779,-5.879486958333331,5.879486958333331
2026-09-16 04:08:40,latency,63.1734,71.887750875,74.2248,-8.714350874999994,8.714350874999994
2026-09-16 04:08:41,latency,64.0415,71.50645895833331,55.6053,-7.4649589583333125,7.4649589583333125
2026-09-16 04:08:42,latency,64.1132,71.53160145833333,77.1341,-7.418401458333321,7.418401458333321
2026-09-16 04:08:43,latency,68.1266,70.13726191666667,73.3734,-2.0106619166666775,2.0106619166666775
2026-09-16 04:08:44,latency,67.5918,68.11459441666666,65.3583,-0.522794416666656,0.522794416666656
2026-09-16 04:08:45,latency,67.7149,70.35302133333333,71.9823,-2.6381213333333307,2.6381213333333307
2026-09-16 04:08:46,latency,62.989,68.492910125,71.2849,-5.503910124999997,5.503910124999997
2026-09-16 04:08:47,latency,66.1994,71.12376154166667,73.3592,-4.92436154166667,4.92436154166667
2026-09-16 04:08:48,latency,63.0229,72.00497316666666,80.1392,-8.982073166666659,8.982073166666659
2026-09-16 04:08:49,latency,66.026,69.86478729166667,66.9423,-3.8387872916666765,3.8387872916666765
2026-09-16 04:08:50,latency,70.8044,70.29984433333334,63.1734,0.5045556666666613,0.5045556666666613
2026-09-16 04:08:51,latency,64.1188,69.88245041666667,64.0415,-5.763650416666678,5.763650416666678
2026-09-16 04:08:52,latency,70.084,70.26355433333335,64.1132,-0.1795543333333427,0.1795543333333427
2026-09-16 04:08:53,latency,66.5985,69.40346966666667,68.1266,-2.804969666666665,2.804969666666665
2026-09-16 04:08:54,latency,60.2181,69.34747420833334,67.5918,-9.129374208333338,9.129374208333338
2026-09-16 04:08:55,latency,66.8347,69.870037875,67.7149,-3.035337874999996,3.035337874999996
2026-09-16 04:08:56,latency,70.5758,66.75000908333334,62.989,3.825790916666662,3.825790916666662
2026-09-16 04:08:57,latency,49.2813,68.2411995,66.1994,-18.95989949999999,18.95989949999999
2026-09-16 04:08:58,latency,52.9133,66.08442408333333,63.0229,-13.171124083333332,13.171124083333332
2026-09-16 04:08:59,latency,65.2091,68.24279133333333,66.026,-3.033691333333323,3.033691333333323
2026-09-16 04:09:00,latency,62.8931,67.58175075,70.8044,-4.688650750000001,4.688650750000001
2026-09-16 04:09:01,latency,63.6925,68.09528470833332,64.1188,-4.402784708333321,4.402784708333321
2026-09-16 04:09:02,latency,72.471,67.27277983333333,70.084,5.1982201666666725,5.1982201666666725
2026-09-16 04:09:03,latency,66.3558,65.49242329166667,66.5985,0.8633767083333339,0.8633767083333339
2026-09-16 04:09:04,latency,73.6528,67.036418125,60.2181,6.616381875000002,6.616381875000002
2026-09-16 04:09:05,latency,61.2232,66.49430679166666,66.8347,-5.271106791666661,5.271106791666661
2026-09-16 04:09:06,latency,63.4185,67.476206625,70.5758,-4.057706625000002,4.057706625000002
2026-09-16 04:09:07,latency,63.8041,67.29780237499997,49.2813,-3.4937023749999767,3.4937023749999767
2026-09-16 04:09:08,latency,62.6783,60.240689083333336,52.9133,2.4376109166666637,2.4376109166666637
2026-09-16 04:09:09,latency,62.4458,64.35694391666668,65.2091,-1.9111439166666813,1.9111439166666813
2026-09-16 04:09:10,latency,62.181,64.23522820833333,62.8931,-2.0542282083333276,2.0542282083333276
2026-09-16 04:09:11,latency,64.38,63.67146425,63.6925,0.7085357499999958,0.7085357499999958
2026-09-16 04:09:12,latency,58.4969,65.84724241666667,72.471,-7.3503424166666775,7.3503424166666775
2026-09-16 04:09:13,latency,71.3237,64.18844329166667,66.3558,7.13525670833333,7.13525670833333
2026-09-16 04:09:14,latency,67.7226,66.19189362499999,73.6528,1.5307063750000083,1.5307063750000083
2026-09-16 04:09:15,latency,61.751,64.71446670833333,61.2232,-2.9634667083333355,2.9634667083333355
2026-09-16 04:09:16,latency,62.8521,64.428340625,63.4185,-1.576240625000004,1.576240625000004
2026-09-16 04:09:17,latency,56.4899,64.64616641666666,63.8041,-8.15626641666666,8.15626641666666
2026-09-16 04:09:18,latency,68.9381,64.79121633333334,62.6783,4.1468836666666675,4.1468836666666675
2026-09-16 04:09:19,latency,61.1296,64.73080183333333,62.4458,-3.6012018333333273,3.6012018333333273
2026-09-16 04:09:20,latency,63.9168,63.840475999999995,62.181,0.07632400000000672,0.07632400000000672
2026-09-16 04:09:21,latency,63.5676,63.79139529166666,64.38,-0.22379529166666146,0.22379529166666146
2026-09-16 04:09:22,latency,50.2195,62.616497375,58.4969,-12.396997375000005,12.396997375000005
2026-09-16 04:09:23,latency,65.8126,64.57450020833333,71.3237,1.23809979166667,1.23809979166667
2026-09-16 04:09:24,latency,62.6922,64.24654141666666,67.7226,-1.5543414166666594,1.5543414166666594
2026-09-16 04:09:25,latency,58.8204,63.84312158333333,61.751,-5.022721583333329,5.022721583333329
2026-09-16 04:09:26,latency,59.8105,62.532903125,62.8521,-2.7224031249999996,2.7224031249999996
2026-09-16 04:09:27,latency,62.7544,63.277048416666666,56.4899,-0.5226484166666694,0.5226484166666694
2026-09-16 04:09:28,latency,66.4637,64.67539225,68.9381,1.7883077500000013,1.7883077500000013
2026-09-16 04:09:29,latency,60.7187,64.88209425000001,61.1296,-4.16339425000001,4.16339425000001
2026-09-16 04:09:30,latency,66.1256,64.11027433333334,63.9168,2.0153256666666692,2.0153256666666692
2026-09-16 04:09:31,latency,63.1871,64.50534320833333,63.5676,-1.3182432083333282,1.3182432083333282
2026-09-16 04:09:32,latency,61.4638,61.643463,50.2195,-0.1796629999999979,0.1796629999999979
2026-09-16 04:09:33,latency,64.2186,63.65432320833334,65.8126,0.5642767916666571,0.5642767916666571
2026-09-16 04:09:34,latency,65.2546,62.15719970833333,62.6922,3.0974002916666663,3.0974002916666663
2026-09-16 04:09:35,latency,50.7796,61.65270541666667,58.8204,-10.873105416666668,10.873105416666668
2026-09-16 04:09:36,latency,55.3822,61.866146541666666,59.8105,-6.483946541666668,6.483946541666668
2026-09-16 04:09:37,latency,68.8364,62.657349499999995,62.7544,6.179050500000002,6.179050500000002
2026-09-16 04:09:38,latency,60.438,63.58390983333334,66.4637,-3.1459098333333344,3.1459098333333344
2026-09-16 04:09:39,latency,59.1608,62.491539208333336,60.7187,-3.330739208333334,3.330739208333334
2026-09-16 04:09:40,latency,53.999,62.03686795833334,66.1256,-8.037867958333337,8.037867958333337
2026-09-16 04:09:41,latency,45.2522,62.16551429166667,63.1871,-16.913314291666666,16.913314291666666
2026-09-16 04:09:42,latency,56.8819,64.05421741666666,61.4638,-7.172317416666658,7.172317416666658
2026-09-16 04:09:43,latency,49.6713,62.223026874999995,64.2186,-12.551726874999993,12.551726874999993
2026-09-16 04:09:44,latency,55.4768,62.493240166666666,65.2546,-7.016440166666669,7.016440166666669
2026-09-16 04:09:45,latency,53.4128,60.42210175,50.7796,-7.009301750000006,7.009301750000006
2026-09-16 04:09:46,latency,56.6985,58.460583333333325,55.3822,-1.7620833333333223,1.7620833333333223
2026-09-16 04:09:47,latency,47.1208,61.623627875,68.8364,-14.502827874999994,14.502827874999994
2026-09-16 04:09:48,latency,64.7084,59.84336066666667,60.438,4.865039333333328,4.865039333333328
2026-09-16 04:09:49,latency,61.3935,61.392674125,59.1608,0.0008258750000038617,0.0008258750000038617
2026-09-16 03:32:24,health,80.4526,79.27456878657135,81.674,1.1780312134286532,1.1780312134286532
2026-09-16 03:32:25,health,79.8515,80.56542346704674,83.4931,-0.7139234670467403,0.7139234670467403
2026-09-16 03:32:26,health,80.9594,80.314097187391,83.2248,0.6453028126090032,0.6453028126090032
2026-09-16 03:32:27,health,77.3333,80.59296864218855,82.0688,-3.259668642188558,3.259668642188558
2026-09-16 03:32:28,health,81.0333,80.22166529850057,78.3683,0.811634701499429,0.811634701499429
2026-09-16 03:32:29,health,82.4492,80.59393315000902,83.025,1.8552668499909828,1.8552668499909828
2026-09-16 03:32:30,health,86.3075,80.24537287223792,80.1318,6.062127127762082,6.062127127762082
2026-09-16 03:32:31,health,83.308,80.67499443626684,80.8373,2.633005563733164,2.633005563733164
2026-09-16 03:32:32,health,81.8897,80.69529131685978,79.1465,1.1944086831402245,1.1944086831402245
2026-09-16 03:32:33,health,82.591,80.008877658238,80.0704,2.5821223417619876,2.5821223417619876
2026-09-16 03:32:34,health,83.1068,79.91447858777893,80.4526,3.1923214122210766,3.1923214122210766
2026-09-16 03:32:35,health,81.8203,80.32502011594602,79.8515,1.4952798840539856,1.4952798840539856
2026-09-16 03:32:36,health,81.1672,80.07325723281356,80.9594,1.0939427671864337,1.0939427671864337
2026-09-16 03:32:37,health,81.3803,79.75416102426013,77.3333,1.6261389757398774,1.6261389757398774
2026-09-16 03:32:38,health,80.7033,80.03312376272747,81.0333,0.6701762372725284,0.6701762372725284
2026-09-16 03:32:39,health,82.9227,80.05386746244729,82.4492,2.86883253755272,2.86883253755272
2026-09-16 03:32:40,health,80.9169,81.45831407474725,86.3075,-0.5414140747472516,0.5414140747472516
2026-09-16 03:32:41,health,79.0266,81.36060411173207,83.308,-2.334004111732071,2.334004111732071
2026-09-16 03:32:42,health,81.7903,81.61156066922196,81.8897,0.17873933077804338,0.17873933077804338
2026-09-16 03:32:43,health,81.7248,82.19855818523273,82.591,-0.4737581852327253,0.4737581852327253
2026-09-16 03:32:44,health,79.8163,81.95059875126404,83.1068,-2.1342987512640406,2.1342987512640406
2026-09-16 03:32:45,health,79.5311,81.93870634709867,81.8203,-2.407606347098678,2.407606347098678
2026-09-16 03:32:46,health,81.3176,81.70771962149188,81.1672,-0.39011962149187696,0.39011962149187696
2026-09-16 03:32:47,health,82.1028,81.28738012402741,81.3803,0.8154198759725944,0.8154198759725944
2026-09-16 03:32:48,health,81.9383,81.66701169498084,80.7033,0.271288305019155,0.271288305019155
2026-09-16 03:32:49,health,83.4692,81.35694229727393,82.9227,2.112257702726069,2.112257702726069
2026-09-16 03:32:50,health,81.3182,81.60343926125783,80.9169,-0.2852392612578285,0.2852392612578285
2026-09-16 03:32:51,health,83.5032,80.94963976536239,79.0266,2.553560234637615,2.553560234637615
2026-09-16 03:32:52,health,82.6676,81.22330688102515,81.7903,1.4442931189748407,1.4442931189748407
2026-09-16 03:32:53,health,80.7529,81.41849575532984,81.7248,-0.6655957553298464,0.6655957553298464
2026-09-16 03:32:54,health,83.1409,81.09831932921065,79.8163,2.0425806707893486,2.0425806707893486
2026-09-16 03:32:55,health,82.429,80.81800841251552,79.5311,1.6109915874844773,1.6109915874844773
2026-09-16 03:32:56,health,85.2794,81.3110083253472,81.3176,3.9683916746527927,3.9683916746527927
2026-09-16 03:32:57,health,84.8394,81.4179140154104,82.1028,3.4214859845895944,3.4214859845895944
2026-09-16 03:32:58,health,83.9159,81.42096385670858,81.9383,2.4949361432914117,2.4949361432914117
2026-09-16 03:32:59,health,83.6476,81.44025103089783,83.4692,2.2073489691021706,2.2073489691021706
2026-09-16 03:33:00,health,85.7648,81.78084296197089,81.3182,3.9839570380291036,3.9839570380291036
2026-09-16 03:33:01,health,82.8596,81.37692917821965,83.5032,1.4826708217803457,1.4826708217803457
2026-09-16 03:33:02,health,84.0699,82.02903136175034,82.6676,2.0408686382496626,2.0408686382496626
2026-09-16 03:33:03,health,87.834,82.09368343679549,80.7529,5.740316563204516,5.740316563204516
2026-09-16 03:33:04,health,85.1687,81.34842386949084,83.1409,3.820276130509157,3.820276130509157
2026-09-16 03:33:05,health,85.9838,81.95127874041911,82.429,4.032521259580889,4.032521259580889
2026-09-16 03:33:06,health,84.0858,82.3397486514106,85.2794,1.746051348589404,1.746051348589404
2026-09-16 03:33:07,health,82.3638,82.69034275190387,84.8394,-0.3265427519038724,0.3265427519038724
2026-09-16 03:33:08,health,83.909,82.40635171598737,83.9159,1.5026482840126363,1.5026482840126363
2026-09-16 03:33:09,health,83.6213,83.35555314602593,83.6476,0.26574685397407904,0.26574685397407904
2026-09-16 03:33:10,health,81.081,83.35134185593513,85.7648,-2.270341855935129,2.270341855935129
2026-09-16 03:33:11,health,84.4939,83.25551424552249,82.8596,1.2383857544775054,1.2383857544775054
2026-09-16 03:33:12,health,85.6061,83.28208790705054,84.0699,2.3240120929494594,2.3240120929494594
2026-09-16 03:33:13,health,83.922,83.80566193370768,87.834,0.11633806629231458,0.11633806629231458
2026-09-16 03:33:14,health,82.0017,83.8317895655787,85.1687,-1.830089565578703,1.830089565578703
2026-09-16 03:33:15,health,80.6484,84.20793927872766,85.9838,-3.5595392787276694,3.5595392787276694
2026-09-16 03:33:16,health,84.6405,83.97609924477007,84.0858,0.6644007552299342,0.6644007552299342
2026-09-16 03:33:17,health,88.2694,84.01608524949982,82.3638,4.253314750500181,4.253314750500181
2026-09-16 03:33:18,health,88.9373,84.20915656219634,83.909,4.728143437803652,4.728143437803652
2026-09-16 03:33:19,health,84.3104,83.85697488020782,83.6213,0.45342511979218614,0.45342511979218614
2026-09-16 03:33:20,health,82.8845,83.66195597519996,81.081,-0.7774559751999561,0.7774559751999561
2026-09-16 03:33:21,health,84.7215,83.54522776861812,84.4939,1.176272231381887,1.176272231381887
2026-09-16 03:33:22,health,86.8036,84.16177885729437,85.6061,2.6418211427056377,2.6418211427056377
2026-09-16 03:33:23,health,85.814,83.9600213057864,83.922,1.8539786942135947,1.8539786942135947
2026-09-16 03:33:24,health,85.4331,83.64872162235169,82.0017,1.7843783776483093,1.7843783776483093
2026-09-16 03:33:25,health,86.2036,83.06694378554789,80.6484,3.1366562144521026,3.1366562144521026
2026-09-16 03:33:26,health,85.2214,83.58021144635124,84.6405,1.6411885536487603,1.6411885536487603
2026-09-16 03:33:27,health,83.146,84.03326892501596,88.2694,-0.8872689250159596,0.8872689250159596
2026-09-16 03:33:28,health,85.8711,84.53472516930648,88.9373,1.336374830693515,1.336374830693515
2026-09-16 03:33:29,health,82.8387,84.81190531130638,84.3104,-1.9732053113063728,1.9732053113063728
2026-09-16 03:33:30,health,81.55,84.90815985670588,82.8845,-3.358159856705882,3.358159856705882
2026-09-16 03:33:31,health,87.0619,84.81494324870872,84.7215,2.246956751291279,2.246956751291279
2026-09-16 03:33:32,health,80.329,84.92601962732103,86.8036,-4.597019627321032,4.597019627321032
2026-09-16 03:33:33,health,80.2535,84.44516404041724,85.814,-4.191664040417237,4.191664040417237
2026-09-16 03:33:34,health,85.6296,84.70337902633702,85.4331,0.9262209736629785,0.9262209736629785
2026-09-16 03:33:35,health,83.2223,84.73073630260225,86.2036,-1.5084363026022487,1.5084363026022487
2026-09-16 03:33:36,health,83.348,84.90205488160883,85.2214,-1.5540548816088346,1.5540548816088346
2026-09-16 03:33:37,health,84.0822,84.63184596867218,83.146,-0.5496459686721806,0.5496459686721806
2026-09-16 03:33:38,health,84.0429,84.86432436249378,85.8711,-0.8214243624937723,0.8214243624937723
2026-09-16 03:33:39,health,84.3888,84.51393881301918,82.8387,-0.12513881301917706,0.12513881301917706
2026-09-16 03:33:40,health,85.1813,84.28515316885486,81.55,0.8961468311451313,0.8961468311451313
2026-09-16 03:33:41,health,87.8915,84.38124853828823,87.0619,3.5102514617117606,3.5102514617117606
2026-09-16 03:33:42,health,83.3451,83.70029920528533,80.329,-0.3551992052853308,0.3551992052853308
2026-09-16 03:33:43,health,87.7846,83.10101658727241,80.2535,4.683583412727586,4.683583412727586
2026-09-16 03:33:44,health,90.0691,83.50673038021759,85.6296,6.562369619782416,6.562369619782416
2026-09-16 03:33:45,health,84.7253,83.54948543435661,83.2223,1.1758145656433925,1.1758145656433925
2026-09-16 03:33:46,health,87.9885,83.46493438951912,83.348,4.523565610480887,4.523565610480887
2026-09-16 03:33:47,health,87.2598,83.96050575672056,84.0822,3.2992942432794337,3.2992942432794337
2026-09-16 03:33:48,health,88.9326,83.97416262574995,84.0429,4.958437374250039,4.958437374250039
2026-09-16 03:33:49,health,85.1864,84.37584732072877,84.3888,0.8105526792712396,0.8105526792712396
2026-09-16 03:33:50,health,88.37,83.39999367154444,85.1813,4.970006328455568,4.970006328455568
2026-09-16 03:33:51,health,86.7885,84.56835614276198,87.8915,2.220143857238014,2.220143857238014
2026-09-16 03:33:52,health,85.8882,84.22974880007412,83.3451,1.658451199925878,1.658451199925878
2026-09-16 03:33:53,health,85.5918,84.81687666333298,87.7846,0.7749233366670296,0.7749233366670296
2026-09-16 03:33:54,health,88.2858,85.79983327911526,90.0691,2.4859667208847327,2.4859667208847327
2026-09-16 03:33:55,health,84.5193,84.99006017733788,84.7253,-0.4707601773378798,0.4707601773378798
2026-09-16 03:33:56,health,86.8939,85.28651449171838,87.9885,1.6073855082816237,1.6073855082816237
2026-09-16 03:33:57,health,83.0119,85.46011870918802,87.2598,-2.4482187091880263,2.4482187091880263
2026-09-16 03:33:58,health,87.5082,85.81713330821565,88.9326,1.691066691784357,1.691066691784357
2026-09-16 03:33:59,health,87.189,85.28992803011128,85.1864,1.899071969888709,1.899071969888709
2026-09-16 03:34:00,health,87.8016,85.73643370843484,88.37,2.0651662915651485,2.0651662915651485
2026-09-16 03:34:01,health,87.8775,86.1428692032914,86.7885,1.7346307967086005,1.7346307967086005
2026-09-16 03:34:02,health,89.6123,85.42169947919028,85.8882,4.190600520809724,4.190600520809724
2026-09-16 03:34:03,health,87.4466,85.69284426357316,85.5918,1.7537557364268395,1.7537557364268395
2026-09-16 03:34:04,health,87.9117,86.12856620214521,88.2858,1.7831337978547879,1.7831337978547879
2026-09-16 03:34:05,health,88.7632,85.4618749580573,84.5193,3.301325041942704,3.301325041942704
2026-09-16 03:34:06,health,89.065,85.18194664704461,86.8939,3.883053352955386,3.883053352955386
2026-09-16 03:34:07,health,91.3802,85.28467900946363,83.0119,6.095520990536372,6.095520990536372
2026-09-16 03:34:08,health,92.6614,84.77940727865538,87.5082,7.881992721344616,7.881992721344616
2026-09-16 03:34:09,health,91.8477,84.875047661885,87.189,6.972652338114997,6.972652338114997
2026-09-16 03:34:10,health,88.7702,85.91702676814882,87.8016,2.853173231851187,2.853173231851187
2026-09-16 03:34:11,health,90.5077,86.99818248651067,87.8775,3.509517513489328,3.509517513489328
2026-09-16 03:34:12,health,93.737,86.82114185984541,89.6123,6.915858140154583,6.915858140154583
2026-09-16 03:34:13,health,91.8779,86.45546764397753,87.4466,5.422432356022469,5.422432356022469
2026-09-16 03:34:14,health,91.0424,86.68965608030379,87.9117,4.352743919696209,4.352743919696209
2026-09-16 03:34:15,health,93.3631,86.5898209943357,88.7632,6.773279005664307,6.773279005664307
2026-09-16 03:34:16,health,91.6516,86.67250380880228,89.065,4.979096191197726,4.979096191197726
2026-09-16 03:34:17,health,91.9363,87.5932361675082,91.3802,4.343063832491808,4.343063832491808
2026-09-16 03:34:18,health,89.904,88.05596059143701,92.6614,1.8480394085629825,1.8480394085629825
2026-09-16 03:34:19,health,88.4767,88.70700607900808,91.8477,-0.23030607900808775,0.23030607900808775
2026-09-16 03:34:20,health,89.8215,88.63078045628431,88.7702,1.1907195437156872,1.1907195437156872
2026-09-16 03:34:21,health,88.7964,88.99990897838718,90.5077,-0.20350897838717685,0.20350897838717685
2026-09-16 03:34:22,health,90.7393,90.18959606438169,93.737,0.5497039356183109,0.5497039356183109
2026-09-16 03:34:23,health,89.2885,89.67551703520094,91.8779,-0.387017035200941,0.387017035200941
2026-09-16 03:34:24,health,91.7476,89.2497648260378,91.0424,2.4978351739622013,2.4978351739622013
2026-09-16 03:34:25,health,90.0173,89.99749220975116,93.3631,0.019807790248847823,0.019807790248847823
2026-09-16 03:34:26,health,86.4458,89.5865264464232,91.6516,-3.1407264464232014,3.1407264464232014
2026-09-16 03:34:27,health,90.7088,89.76564771051761,91.9363,0.9431522894823843,0.9431522894823843
2026-09-16 03:34:28,health,89.8491,89.9075962804599,89.904,-0.058496280459891636,0.058496280459891636
2026-09-16 03:34:29,health,88.384,89.56843261768857,88.4767,-1.1844326176885716,1.1844326176885716
2026-09-16 03:34:30,health,87.5315,89.36568936363913,89.8215,-1.8341893636391404,1.8341893636391404
2026-09-16 03:34:31,health,89.7871,89.23113703542188,88.7964,0.5559629645781143,0.5559629645781143
2026-09-16 03:34:32,health,90.9698,88.69618948257225,90.7393,2.2736105174277554,2.2736105174277554
2026-09-16 03:34:33,health,91.0937,89.02653723081791,89.2885,2.06716276918209,2.06716276918209
2026-09-16 03:34:34,health,88.4692,89.50867492582393,91.7476,-1.0394749258239244,1.0394749258239244
2026-09-16 03:34:35,health,89.9259,89.86632584372015,90.0173,0.059574156279850854,0.059574156279850854
2026-09-16 03:34:36,health,86.6499,89.49626337234594,86.4458,-2.846363372345934,2.846363372345934
2026-09-16 03:34:37,health,88.5167,89.64038271553322,90.7088,-1.1236827155332207,1.1236827155332207
2026-09-16 03:34:38,health,90.1181,89.63611772392565,89.8491,0.48198227607434774,0.48198227607434774
2026-09-16 03:34:39,health,87.9375,89.18053644361689,88.384,-1.2430364436168873,1.2430364436168873
2026-09-16 03:34:40,health,85.3887,89.41659101460891,87.5315,-4.027891014608912,4.027891014608912
2026-09-16 03:34:41,health,85.572,89.4272393245746,89.7871,-3.8552393245745975,3.8552393245745975
2026-09-16 03:34:42,health,84.2603,89.13288383119244,90.9698,-4.872583831192443,4.872583831192443
2026-09-16 03:34:43,health,86.8416,89.57430020935837,91.0937,-2.73270020935837,2.73270020935837
2026-09-16 03:34:44,health,92.7503,89.1473229808985,88.4692,3.602977019101502,3.602977019101502
2026-09-16 03:34:45,health,86.697,89.50292029701502,89.9259,-2.805920297015021,2.805920297015021
2026-09-16 03:34:46,health,90.5334,88.84922394063253,86.6499,1.6841760593674735,1.6841760593674735
2026-09-16 03:34:47,health,88.6527,89.2511027510832,88.5167,-0.5984027510831993,0.5984027510831993
2026-09-16 03:34:48,health,89.758,89.30348886313628,90.1181,0.45451113686371514,0.45451113686371514
2026-09-16 03:34:49,health,86.4265,88.72482601913372,87.9375,-2.298326019133711,2.298326019133711
2026-09-16 03:34:50,health,87.6125,88.58069320028078,85.3887,-0.9681932002807798,0.9681932002807798
2026-09-16 03:34:51,health,87.8999,87.85831166827441,85.572,0.04158833172559184,0.04158833172559184
2026-09-16 03:34:52,health,85.1913,87.94301059144479,84.2603,-2.751710591444791,2.751710591444791
2026-09-16 03:34:53,health,90.9261,87.50311328132662,86.8416,3.4229867186733856,3.4229867186733856
2026-09-16 03:34:54,health,86.9302,88.31855802109415,92.7503,-1.3883580210941489,1.3883580210941489
2026-09-16 03:34:55,health,86.0949,88.13813968137656,86.697,-2.043239681376562,2.043239681376562
2026-09-16 03:34:56,health,84.0793,88.13275232848481,90.5334,-4.053452328484809,4.053452328484809
2026-09-16 03:34:57,health,87.8487,88.37124267947196,88.6527,-0.5225426794719681,0.5225426794719681
2026-09-16 03:34:58,health,89.2896,88.97647541422727,89.758,0.3131245857727265,0.3131245857727265
2026-09-16 03:34:59,health,87.5078,88.4330717971815,86.4265,-0.9252717971814945,0.9252717971814945
2026-09-16 03:35:00,health,87.1175,88.47911885901463,87.6125,-1.3616188590146265,1.3616188590146265
2026-09-16 03:35:01,health,88.1305,88.27411015295216,87.8999,-0.14361015295216362,0.14361015295216362
2026-09-16 03:35:02,health,86.6983,87.78679022767253,85.1913,-1.0884902276725228,1.0884902276725228
2026-09-16 03:35:03,health,87.3297,88.60314441627682,90.9261,-1.273444416276817,1.273444416276817
2026-09-16 03:35:04,health,86.9046,87.70712493631845,86.9302,-0.8025249363184486,0.8025249363184486
2026-09-16 03:35:05,health,81.3282,87.15544978195591,86.0949,-5.8272497819559135,5.8272497819559135
2026-09-16 03:35:06,health,81.4317,86.57465734184056,84.0793,-5.142957341840557,5.142957341840557
2026-09-16 03:35:07,health,84.58,87.10698602762324,87.8487,-2.526986027623238,2.526986027623238
2026-09-16 03:35:08,health,84.5821,87.29905259162442,89.2896,-2.7169525916244197,2.7169525916244197
2026-09-16 03:35:09,health,83.4938,87.20180687316203,87.5078,-3.7080068731620344,3.7080068731620344
2026-09-16 03:35:10,health,88.3214,87.23548544095227,87.1175,1.0859145590477226,1.0859145590477226
2026-09-16 03:35:11,health,81.9947,87.20492256009021,88.1305,-5.210222560090216,5.210222560090216
2026-09-16 03:35:12,health,84.2409,87.94695855687357,86.6983,-3.7060585568735718,3.7060585568735718
2026-09-16 03:35:13,health,80.8729,87.80107435132251,87.3297,-6.928174351322511,6.928174351322511
2026-09-16 03:35:14,health,87.8342,87.74460740366962,86.9046,0.08959259633037675,0.08959259633037675
2026-09-16 03:35:15,health,82.6325,86.02350603150288,81.3282,-3.391006031502883,3.391006031502883
2026-09-16 03:35:16,health,86.1079,85.5600854725401,81.4317,0.5478145274599058,0.5478145274599058
2026-09-16 03:35:17,health,89.0236,85.15254847217601,84.58,3.871051527823994,3.871051527823994
2026-09-16 03:35:18,health,79.7501,85.35234155509434,84.5821,-5.602241555094338,5.602241555094338
2026-09-16 03:35:19,health,81.2435,85.28000746189441,83.4938,-4.036507461894416,4.036507461894416
2026-09-16 03:35:20,health,84.0048,85.02781915727742,88.3214,-1.0230191572774174,1.0230191572774174
2026-09-16 03:35:21,health,85.3919,85.2717744872407,81.9947,0.1201255127593015,0.1201255127593015
2026-09-16 03:35:22,health,84.8439,85.10606040472356,84.2409,-0.2621604047235593,0.2621604047235593
2026-09-16 03:35:23,health,81.3966,84.31622558438517,80.8729,-2.919625584385159,2.919625584385159
2026-09-16 03:35:24,health,83.2445,84.66834782407753,87.8342,-1.4238478240775265,1.4238478240775265
2026-09-16 03:35:25,health,77.9364,84.94132906994244,82.6325,-7.004929069942435,7.004929069942435
2026-09-16 03:35:26,health,80.7964,84.37164932230363,86.1079,-3.5752493223036197,3.5752493223036197
2026-09-16 03:35:27,health,79.9738,85.26089050574147,89.0236,-5.2870905057414745,5.2870905057414745
2026-09-16 03:35:28,health,78.6648,84.56666559673167,79.7501,-5.9018655967316676,5.9018655967316676
2026-09-16 03:35:29,health,81.7721,83.96002994893972,81.2435,-2.1879299489397255,2.1879299489397255
2026-09-16 03:35:30,health,83.037,84.36710137546399,84.0048,-1.3301013754639825,1.3301013754639825
2026-09-16 03:35:31,health,82.2124,83.93737837312389,85.3919,-1.7249783731238892,1.7249783731238892
2026-09-16 03:35:32,health,82.8341,83.90834936211039,84.8439,-1.074249362110379,1.074249362110379
2026-09-16 03:35:33,health,80.8711,83.60427642014784,81.3966,-2.733176420147842,2.733176420147842
2026-09-16 03:35:34,health,82.9328,83.74790678998392,83.2445,-0.8151067899839148,0.8151067899839148
2026-09-16 03:35:35,health,74.7515,83.44815089800215,77.9364,-8.696650898002162,8.696650898002162
2026-09-16 03:35:36,health,80.6812,83.01740734603736,80.7964,-2.336207346037355,2.336207346037355
2026-09-16 03:35:37,health,81.8097,82.66558051534366,79.9738,-0.8558805153436566,0.8558805153436566
2026-09-16 03:35:38,health,81.3674,81.74255858626904,78.6648,-0.37515858626903764,0.37515858626903764
2026-09-16 03:35:39,health,81.0608,81.95928584187462,81.7721,-0.8984858418746171,0.8984858418746171
2026-09-16 03:35:40,health,79.0968,82.04498709979518,83.037,-2.9481870997951773,2.9481870997951773
2026-09-16 03:35:41,health,75.713,82.27436114263213,82.2124,-6.561361142632137,6.561361142632137
2026-09-16 03:35:42,health,80.5326,82.05047858843457,82.8341,-1.51787858843457,1.51787858843457
2026-09-16 03:35:43,health,86.4741,82.18972181917245,80.8711,4.284378180827559,4.284378180827559
2026-09-16 03:35:44,health,79.0844,82.1982172235346,82.9328,-3.1138172235345962,3.1138172235345962
2026-09-16 03:35:45,health,77.9471,80.64830647552725,74.7515,-2.7012064755272434,2.7012064755272434
2026-09-16 03:35:46,health,78.79,80.90632757305043,80.6812,-2.1163275730504267,2.1163275730504267
2026-09-16 03:35:47,health,78.6706,80.63331208277654,81.8097,-1.962712082776548,1.962712082776548
2026-09-16 03:35:48,health,81.3055,81.08082226341988,81.3674,0.22467773658011936,0.22467773658011936
2026-09-16 03:35:49,health,76.4704,81.02200888904964,81.0608,-4.551608889049646,4.551608889049646
2026-09-16 03:35:50,health,72.0697,80.87067093663009,79.0968,-8.800970936630094,8.800970936630094
2026-09-16 03:35:51,health,80.9884,80.19931637805466,75.713,0.7890836219453377,0.7890836219453377
2026-09-16 03:35:52,health,78.8105,79.90994540801223,80.5326,-1.0994454080122296,1.0994454080122296
2026-09-16 03:35:53,health,79.2001,81.72381500377868,86.4741,-2.523715003778676,2.523715003778676
2026-09-16 03:35:54,health,78.1984,80.57179496865687,79.0844,-2.373394968656868,2.373394968656868
2026-09-16 03:35:55,health,73.7242,80.22272325104902,77.9471,-6.498523251049022,6.498523251049022
2026-09-16 03:35:56,health,78.7833,80.40870985035316,78.79,-1.625409850353165,1.625409850353165
2026-09-16 03:35:57,health,76.3074,80.3536337826217,78.6706,-4.046233782621698,4.046233782621698
2026-09-16 03:35:58,health,79.2735,80.4148135557759,81.3055,-1.1413135557758949,1.1413135557758949
2026-09-16 03:35:59,health,75.9543,79.3895688207665,76.4704,-3.4352688207664954,3.4352688207664954
2026-09-16 03:36:00,health,77.9935,78.0665245400616,72.0697,-0.07302454006159564,0.07302454006159564
2026-09-16 03:36:01,health,77.8226,78.53938393595519,80.9884,-0.716783935955192,0.716783935955192
2026-09-16 03:36:02,health,76.7045,79.089830292096,78.8105,-2.3853302920960004,2.3853302920960004
2026-09-16 03:36:03,health,75.7295,78.7721909907037,79.2001,-3.0426909907037043,3.0426909907037043
2026-09-16 03:36:04,health,75.3257,78.53323298565222,78.1984,-3.2075329856522217,3.2075329856522217
2026-09-16 03:36:05,health,78.0588,78.24305892737394,73.7242,-0.18425892737393212,0.18425892737393212
2026-09-16 03:36:06,health,74.4359,78.52227377319434,78.7833,-4.086373773194339,4.086373773194339
2026-09-16 03:36:07,health,74.9807,78.63155258150105,76.3074,-3.6508525815010557,3.6508525815010557
2026-09-16 03:36:08,health,78.3662,78.08140963156978,79.2735,0.28479036843022243,0.28479036843022243
2026-09-16 03:36:09,health,76.7314,78.1052475596015,75.9543,-1.3738475596015007,1.3738475596015007
2026-09-16 03:36:10,health,71.123,77.64430812110001,77.9935,-6.521308121100006,6.521308121100006
2026-09-16 03:36:11,health,76.7345,78.25019868128446,77.8226,-1.5156986812844622,1.5156986812844622
2026-09-16 03:36:12,health,75.9734,77.99492025941282,76.7045,-2.0215202594128243,2.0215202594128243
2026-09-16 03:36:13,health,74.6997,77.44050008396017,75.7295,-2.740800083960167,2.740800083960167
2026-09-16 03:36:14,health,72.865,77.00290821007613,75.3257,-4.137908210076134,4.137908210076134
2026-09-16 03:36:15,health,72.5147,77.1164852822698,78.0588,-4.601785282269802,4.601785282269802
2026-09-16 03:36:16,health,72.847,77.09095594454048,74.4359,-4.243955944540488,4.243955944540488
2026-09-16 03:36:17,health,72.3182,76.41273085858843,74.9807,-4.094530858588428,4.094530858588428
2026-09-16 03:36:18,health,76.2788,76.96365268873113,78.3662,-0.6848526887311266,0.6848526887311266
2026-09-16 03:36:19,health,69.3107,76.71741334754348,76.7314,-7.406713347543487,7.406713347543487
2026-09-16 03:36:20,health,74.5844,75.67403496073996,71.123,-1.0896349607399571,1.0896349607399571
2026-09-16 03:36:21,health,74.6453,76.08070441271346,76.7345,-1.4354044127134529,1.4354044127134529
2026-09-16 03:36:22,health,72.8201,76.57620719776689,75.9734,-3.7561071977668945,3.7561071977668945
2026-09-16 03:36:23,health,73.2187,76.20827068003636,74.6997,-2.9895706800363655,2.9895706800363655
2026-09-16 03:36:24,health,76.2973,75.52140970098628,72.865,0.7758902990137244,0.7758902990137244
2026-09-16 03:36:25,health,73.401,74.96496133773475,72.5147,-1.563961337734753,1.563961337734753
2026-09-16 03:36:26,health,74.639,75.14138061079836,72.847,-0.5023806107983688,0.5023806107983688
2026-09-16 03:36:27,health,69.6683,74.79872019060502,72.3182,-5.130420190605022,5.130420190605022
2026-09-16 03:36:28,health,74.8579,75.05285276760888,76.2788,-0.19495276760888203,0.19495276760888203
2026-09-16 03:36:29,health,73.6978,73.9826037091128,69.3107,-0.2848037091127935,0.2848037091127935
2026-09-16 03:36:30,health,69.8506,74.02029295935631,74.5844,-4.169692959356311,4.169692959356311
2026-09-16 03:36:31,health,73.8625,74.58771779353361,74.6453,-0.7252177935336164,0.7252177935336164
2026-09-16 03:36:32,health,75.083,73.94091493508103,72.8201,1.142085064918973,1.142085064918973
2026-09-16 03:36:33,health,73.3309,74.01133537461456,73.2187,-0.6804353746145608,0.6804353746145608
2026-09-16 03:36:34,health,67.2818,74.46425013017168,76.2973,-7.182450130171674,7.182450130171674
2026-09-16 03:36:35,health,71.5803,74.11791895526866,73.401,-2.5376189552686697,2.5376189552686697
2026-09-16 03:36:36,health,73.7382,74.05343186419378,74.639,-0.3152318641937768,0.3152318641937768
2026-09-16 03:36:37,health,74.5959,73.43461632777432,69.6683,1.1612836722256787,1.1612836722256787
2026-09-16 03:36:38,health,70.8067,73.65507791663308,74.8579,-2.848377916633069,2.848377916633069
2026-09-16 03:36:39,health,70.5704,73.48935479887791,73.6978,-2.9189547988779054,2.9189547988779054
2026-09-16 03:36:40,health,66.4705,72.99574860068181,69.8506,-6.525248600681806,6.525248600681806
2026-09-16 03:36:41,health,70.1523,72.95968582879816,73.8625,-2.807385828798161,2.807385828798161
2026-09-16 03:36:42,health,69.1101,73.15379744634642,75.083,-4.043697446346414,4.043697446346414
2026-09-16 03:36:43,health,71.9989,73.22045950742229,73.3309,-1.2215595074222847,1.2215595074222847
2026-09-16 03:36:44,health,71.415,72.3967606978527,67.2818,-0.9817606978526925,0.9817606978526925
2026-09-16 03:36:45,health,71.8031,72.39163013696148,71.5803,-0.5885301369614808,0.5885301369614808
2026-09-16 03:36:46,health,68.8113,72.59224645274153,73.7382,-3.7809464527415315,3.7809464527415315
2026-09-16 03:36:47,health,67.8232,73.15117258597853,74.5959,-5.327972585978529,5.327972585978529
2026-09-16 03:36:48,health,71.2458,72.28353242455204,70.8067,-1.0377324245520327,1.0377324245520327
2026-09-16 03:36:49,health,68.4389,72.50942310719061,70.5704,-4.07052310719061,4.07052310719061
2026-09-16 03:36:50,health,70.3482,71.48928401269703,66.4705,-1.1410840126970214,1.1410840126970214
2026-09-16 03:36:51,health,67.9465,71.50207693126931,70.1523,-3.5555769312693144,3.5555769312693144
2026-09-16 03:36:52,health,64.7095,71.69033137869705,69.1101,-6.980831378697047,6.980831378697047
2026-09-16 03:36:53,health,67.776,71.17072032647947,71.9989,-3.3947203264794723,3.3947203264794723
2026-09-16 03:36:54,health,71.4018,71.26400613075783,71.415,0.13779386924215942,0.13779386924215942
2026-09-16 03:36:55,health,71.19,71.17185034635753,71.8031,0.018149653642467456,0.018149653642467456
2026-09-16 03:36:56,health,67.422,71.19673850316752,68.8113,-3.7747385031675265,3.7747385031675265
2026-09-16 03:36:57,health,64.0811,70.44355286646606,67.8232,-6.362452866466057,6.362452866466057
2026-09-16 03:36:58,health,70.9719,70.85956723512432,71.2458,0.11233276487568844,0.11233276487568844
2026-09-16 03:36:59,health,65.8695,71.02323481801803,68.4389,-5.153734818018023,5.153734818018023
2026-09-16 03:37:00,health,70.8539,70.76987973013043,70.3482,0.08402026986956912,0.08402026986956912
2026-09-16 03:37:01,health,65.1081,70.3440154121171,67.9465,-5.235915412117109,5.235915412117109
2026-09-16 03:37:02,health,66.8687,69.45225139307631,64.7095,-2.5835513930763057,2.5835513930763057
2026-09-16 03:37:03,health,68.0074,69.01552814113273,67.776,-1.0081281411327296,1.0081281411327296
2026-09-16 03:37:04,health,66.455,70.18368887951785,71.4018,-3.728688879517847,3.728688879517847
2026-09-16 03:37:05,health,69.0342,69.86608640747971,71.19,-0.8318864074797148,0.8318864074797148
2026-09-16 03:37:06,health,64.7589,69.33438593973524,67.422,-4.575485939735245,4.575485939735245
2026-09-16 03:37:07,health,62.9272,69.02589213692995,64.0811,-6.098692136929955,6.098692136929955
2026-09-16 03:37:08,health,68.5766,69.54757477181275,70.9719,-0.9709747718127488,0.9709747718127488
2026-09-16 03:37:09,health,65.6747,68.92587460701544,65.8695,-3.251174607015443,3.251174607015443
2026-09-16 03:37:10,health,67.4833,69.29511262184542,70.8539,-1.8118126218454194,1.8118126218454194
2026-09-16 03:37:11,health,66.3955,68.49455267892637,65.1081,-2.0990526789263697,2.0990526789263697
2026-09-16 03:37:12,health,64.6995,68.09961915763965,66.8687,-3.400119157639651,3.400119157639651
2026-09-16 03:37:13,health,59.5463,68.67784502698497,68.0074,-9.131545026984966,9.131545026984966
2026-09-16 03:37:14,health,62.3493,68.20080191826501,66.455,-5.851501918265015,5.851501918265015
2026-09-16 03:37:15,health,62.6127,68.43564323442193,69.0342,-5.822943234421935,5.822943234421935
2026-09-16 03:37:16,health,61.3223,67.66249675073234,64.7589,-6.340196750732346,6.340196750732346
2026-09-16 03:37:17,health,64.5324,66.73672197663757,62.9272,-2.204321976637573,2.204321976637573
2026-09-16 03:37:18,health,68.9207,67.65306913465655,68.5766,1.267630865343449,1.267630865343449
2026-09-16 03:37:19,health,63.8891,67.01232581261402,65.6747,-3.1232258126140238,3.1232258126140238
2026-09-16 03:37:20,health,66.1043,67.1597630276842,67.4833,-1.0554630276842119,1.0554630276842119
2026-09-16 03:37:21,health,62.0639,66.96340409601164,66.3955,-4.899504096011647,4.899504096011647
2026-09-16 03:37:22,health,62.8336,67.20393528078849,64.6995,-4.370335280788488,4.370335280788488
2026-09-16 03:37:23,health,62.2207,65.23817860227317,59.5463,-3.0174786022731652,3.0174786022731652
2026-09-16 03:37:24,health,62.3122,65.88083441827781,62.3493,-3.568634418277817,3.568634418277817
2026-09-16 03:37:25,health,63.3176,65.43500263584366,62.6127,-2.1174026358436606,2.1174026358436606
2026-09-16 03:37:26,health,64.393,64.60666446941839,61.3223,-0.21366446941839,0.21366446941839
2026-09-16 03:37:27,health,61.4439,65.27957757260167,64.5324,-3.835677572601668,3.835677572601668
2026-09-16 03:37:28,health,61.2596,65.5420241430913,68.9207,-4.282424143091298,4.282424143091298
2026-09-16 03:37:29,health,64.4475,65.32723693096308,63.8891,-0.8797369309630767,0.8797369309630767
2026-09-16 03:37:30,health,62.4998,65.4108271780941,66.1043,-2.911027178094095,2.911027178094095
2026-09-16 03:37:31,health,61.4535,64.9603189493377,62.0639,-3.506818949337706,3.506818949337706
2026-09-16 03:37:32,health,60.8739,64.75227086158476,62.8336,-3.878370861584763,3.878370861584763
2026-09-16 03:37:33,health,59.1231,64.80007469874228,62.2207,-5.676974698742278,5.676974698742278
2026-09-16 03:37:34,health,58.9762,63.63409501205193,62.3122,-4.657895012051931,4.657895012051931
2026-09-16 03:37:35,health,62.4523,64.05050640940668,63.3176,-1.5982064094066786,1.5982064094066786
2026-09-16 03:37:36,health,64.4386,64.06260979680346,64.393,0.37599020319653675,0.37599020319653675
2026-09-16 03:37:37,health,61.7986,63.91643024067153,61.4439,-2.1178302406715304,2.1178302406715304
2026-09-16 03:37:38,health,60.213,63.617507362911965,61.2596,-3.404507362911964,3.404507362911964
2026-09-16 03:37:39,health,61.5457,63.91484044395701,64.4475,-2.369140443957015,2.369140443957015
2026-09-16 03:37:40,health,59.6126,63.67564982429925,62.4998,-4.063049824299249,4.063049824299249
2026-09-16 03:37:41,health,60.53,63.16440388814583,61.4535,-2.634403888145826,2.634403888145826
2026-09-16 03:37:42,health,56.4377,62.57108093317846,60.8739,-6.133380933178458,6.133380933178458
2026-09-16 03:37:43,health,57.4614,62.30993969394283,59.1231,-4.848539693942833,4.848539693942833
2026-09-16 03:37:44,health,59.4657,62.30157119230144,58.9762,-2.8358711923014397,2.8358711923014397
2026-09-16 03:37:45,health,60.4286,62.49589157800364,62.4523,-2.0672915780036405,2.0672915780036405
2026-09-16 03:37:46,health,61.0407,63.25534249292181,64.4386,-2.2146424929218114,2.2146424929218114
2026-09-16 03:37:47,health,58.2983,62.63579301013846,61.7986,-4.337493010138459,4.337493010138459
2026-09-16 03:37:48,health,55.1428,61.973390545010844,60.213,-6.830590545010843,6.830590545010843
2026-09-16 03:37:49,health,57.5954,62.58416404434889,61.5457,-4.9887640443488905,4.9887640443488905
2026-09-16 03:37:50,health,59.2634,61.87201098788169,59.6126,-2.60861098788169,2.60861098788169
2026-09-16 03:37:51,health,55.1073,62.1510276810014,60.53,-7.0437276810014,7.0437276810014
2026-09-16 03:37:52,health,55.5785,60.85732783258357,56.4377,-5.278827832583573,5.278827832583573
2026-09-16 03:37:53,health,56.5363,60.818306574900475,57.4614,-4.282006574900478,4.282006574900478
2026-09-16 03:37:54,health,59.9454,60.57469996155123,59.4657,-0.6292999615512329,0.6292999615512329
2026-09-16 03:37:55,health,55.521,61.06122784175895,60.4286,-5.540227841758949,5.540227841758949
2026-09-16 03:37:56,health,59.665,60.679620731624695,61.0407,-1.0146207316246958,1.0146207316246958
2026-09-16 03:37:57,health,56.4841,60.2564386920059,58.2983,-3.7723386920059028,3.7723386920059028
2026-09-16 03:37:58,health,56.8597,59.71997536298158,55.1428,-2.8602753629815822,2.8602753629815822
2026-09-16 03:37:59,health,56.4263,59.60096149289478,57.5954,-3.174661492894785,3.174661492894785
2026-09-16 03:38:00,health,53.302,60.035996674127546,59.2634,-6.733996674127546,6.733996674127546
2026-09-16 03:38:01,health,60.739,58.716101436575656,55.1073,2.0228985634243415,2.0228985634243415
2026-09-16 03:38:02,health,53.2061,58.59488510409657,55.5785,-5.38878510409657,5.38878510409657
2026-09-16 03:38:03,health,55.5762,58.61319030552575,56.5363,-3.036990305525748,3.036990305525748
2026-09-16 03:38:04,health,55.4379,58.67286702451062,59.9454,-3.234967024510624,3.234967024510624
2026-09-16 03:38:05,health,54.5118,58.29231867119802,55.521,-3.780518671198017,3.780518671198017
2026-09-16 03:38:06,health,50.4187,58.663666407394686,59.665,-8.244966407394685,8.244966407394685
2026-09-16 03:38:07,health,54.923,58.31155010958336,56.4841,-3.388550109583356,3.388550109583356
2026-09-16 03:38:08,health,50.4346,58.093352773245236,56.8597,-7.658752773245233,7.658752773245233
2026-09-16 03:38:09,health,54.8702,57.921888217033214,56.4263,-3.0516882170332167,3.0516882170332167
2026-09-16 03:38:10,health,50.7399,57.1737335007032,53.302,-6.4338335007032015,6.4338335007032015
2026-09-16 03:38:11,health,57.0937,58.15933929043928,60.739,-1.0656392904392789,1.0656392904392789
2026-09-16 03:38:12,health,58.9296,56.980898706007935,53.2061,1.948701293992066,1.948701293992066
2026-09-16 03:38:13,health,52.5322,57.05077584467174,55.5762,-4.518575844671737,4.518575844671737
2026-09-16 03:38:14,health,55.3752,56.89047609135115,55.4379,-1.5152760913511472,1.5152760913511472
2026-09-16 03:38:15,health,54.937,56.55667580713146,54.5118,-1.6196758071314648,1.6196758071314648
2026-09-16 03:38:16,health,48.5927,55.967081205054,50.4187,-7.374381205054,7.374381205054
2026-09-16 03:38:17,health,50.8588,56.91708280015424,54.923,-6.058282800154238,6.058282800154238
2026-09-16 03:38:18,health,50.6832,55.989061453732575,50.4346,-5.305861453732575,5.305861453732575
2026-09-16 03:38:19,health,51.2065,56.063775583883135,54.8702,-4.857275583883137,4.857275583883137
2026-09-16 03:38:20,health,53.0677,55.27621908552013,50.7399,-2.2085190855201304,2.2085190855201304
2026-09-16 03:38:21,health,51.0775,55.70163750130991,57.0937,-4.62413750130991,4.62413750130991
2026-09-16 03:38:22,health,51.3969,56.31991932311979,58.9296,-4.923019323119789,4.923019323119789
2026-09-16 03:38:23,health,56.6381,56.50014964862444,52.5322,0.137950351375558,0.137950351375558
2026-09-16 03:38:24,health,51.9731,56.3815532224514,55.3752,-4.408453222451399,4.408453222451399
2026-09-16 03:38:25,health,49.5452,56.651361791306876,54.937,-7.106161791306874,7.106161791306874
2026-09-16 03:38:26,health,55.6693,55.45587857801344,48.5927,0.21342142198655978,0.21342142198655978
2026-09-16 03:38:27,health,53.742,54.75199831992408,50.8588,-1.0099983199240796,1.0099983199240796
2026-09-16 03:38:28,health,47.7541,54.3259092386334,50.6832,-6.571809238633399,6.571809238633399
2026-09-16 03:38:29,health,47.3099,54.42244743649248,51.2065,-7.112547436492484,7.112547436492484
2026-09-16 03:38:30,health,51.4354,54.76856072853544,53.0677,-3.3331607285354394,3.3331607285354394
2026-09-16 03:38:31,health,49.2818,53.93533470236501,51.0775,-4.653534702365015,4.653534702365015
2026-09-16 03:38:32,health,49.257,53.36839419914052,51.3969,-4.11139419914052,4.11139419914052
2026-09-16 03:38:33,health,51.3673,54.258098474794515,56.6381,-2.890798474794515,2.890798474794515
2026-09-16 03:38:34,health,48.851,54.15949323755525,51.9731,-5.308493237555254,5.308493237555254
2026-09-16 03:38:35,health,48.6927,53.67745214123567,49.5452,-4.984752141235667,4.984752141235667
2026-09-16 03:38:36,health,47.768,54.51681718001064,55.6693,-6.74881718001064,6.74881718001064
2026-09-16 03:38:37,health,48.4089,55.15919958903152,53.742,-6.7502995890315205,6.7502995890315205
2026-09-16 03:38:38,health,46.6669,53.61111684502042,47.7541,-6.944216845020421,6.944216845020421
2026-09-16 03:38:39,health,51.2252,53.086280953287904,47.3099,-1.8610809532879031,1.8610809532879031
2026-09-16 03:38:40,health,49.1509,54.05330695960298,51.4354,-4.902406959602978,4.902406959602978
2026-09-16 03:38:41,health,48.3754,52.8116810632513,49.2818,-4.4362810632513,4.4362810632513
2026-09-16 03:38:42,health,43.1749,51.91170404265089,49.257,-8.736804042650888,8.736804042650888
2026-09-16 03:38:43,health,47.9494,53.4238193801429,51.3673,-5.474419380142905,5.474419380142905
2026-09-16 03:38:44,health,46.0673,52.693408179053904,48.851,-6.626108179053901,6.626108179053901
2026-09-16 03:38:45,health,45.2449,51.65187009974275,48.6927,-6.40697009974275,6.40697009974275
2026-09-16 03:38:46,health,46.1259,51.60839336914262,47.768,-5.482493369142617,5.482493369142617
2026-09-16 03:38:47,health,43.5858,51.71912832417328,48.4089,-8.133328324173284,8.133328324173284
2026-09-16 03:38:48,health,45.9525,50.99154912851907,46.6669,-5.039049128519068,5.039049128519068
2026-09-16 03:38:49,health,48.3482,51.809607429407976,51.2252,-3.461407429407977,3.461407429407977
2026-09-16 03:38:50,health,43.7455,50.79344205272749,49.1509,-7.0479420527274925,7.0479420527274925
2026-09-16 03:38:51,health,45.6075,50.704363369365424,48.3754,-5.096863369365423,5.096863369365423
2026-09-16 03:38:52,health,50.3122,49.836459379306454,43.1749,0.47574062069354284,0.47574062069354284
2026-09-16 03:38:53,health,44.6887,50.00703513646229,47.9494,-5.318335136462295,5.318335136462295
2026-09-16 03:38:54,health,46.6943,49.89360217174814,46.0673,-3.199302171748144,3.199302171748144
2026-09-16 03:38:55,health,42.4798,49.43475554681499,45.2449,-6.954955546814993,6.954955546814993
2026-09-16 03:38:56,health,46.5437,48.64169019777119,46.1259,-2.097990197771189,2.097990197771189
2026-09-16 03:38:57,health,43.5803,47.824655583259776,43.5858,-4.244355583259775,4.244355583259775
2026-09-16 03:38:58,health,39.5409,48.13344950494877,45.9525,-8.59254950494877,8.59254950494877
2026-09-16 03:38:59,health,46.0526,49.01395393311236,48.3482,-2.9613539331123633,2.9613539331123633
2026-09-16 03:39:00,health,49.1028,47.926723333617986,43.7455,1.1760766663820164,1.1760766663820164
2026-09-16 03:39:01,health,43.3099,47.82651833369571,45.6075,-4.51661833369571,4.51661833369571
2026-09-16 03:39:02,health,43.4475,49.55447704522539,50.3122,-6.106977045225392,6.106977045225392
2026-09-16 03:39:03,health,35.8324,48.06638046812449,44.6887,-12.233980468124493,12.233980468124493
2026-09-16 03:39:04,health,43.7021,48.359617411947525,46.6943,-4.6575174119475236,4.6575174119475236
2026-09-16 03:39:05,health,38.5231,47.35456572285786,42.4798,-8.831465722857864,8.831465722857864
2026-09-16 03:39:06,health,41.9853,48.07282448269705,46.5437,-6.087524482697049,6.087524482697049
2026-09-16 03:39:07,health,42.3039,47.36740850989251,43.5803,-5.0635085098925146,5.0635085098925146
2026-09-16 03:39:08,health,41.1643,45.98310315643537,39.5409,-4.818803156435372,4.818803156435372
2026-09-16 03:39:09,health,42.7967,46.29095113631129,46.0526,-3.4942511363112914,3.4942511363112914
2026-09-16 03:39:10,health,44.4546,47.48705079892567,49.1028,-3.032450798925673,3.032450798925673
2026-09-16 03:39:11,health,42.8439,45.723426441034704,43.3099,-2.879526441034706,2.879526441034706
2026-09-16 03:39:12,health,42.8162,45.92643481245537,43.4475,-3.110234812455367,3.110234812455367
2026-09-16 03:39:13,health,38.8526,43.60737745867365,35.8324,-4.754777458673651,4.754777458673651
2026-09-16 03:39:14,health,39.6968,46.039465027618874,43.7021,-6.342665027618871,6.342665027618871
2026-09-16 03:39:15,health,36.4787,44.69630118280845,38.5231,-8.217601182808444,8.217601182808444
2026-09-16 03:39:16,health,43.1279,44.97304771702258,41.9853,-1.8451477170225843,1.8451477170225843
2026-09-16 03:39:17,health,40.2093,44.735129516843614,42.3039,-4.525829516843615,4.525829516843615
2026-09-16 03:39:18,health,39.0849,45.35447107102055,41.1643,-6.26957107102055,6.26957107102055
2026-09-16 03:39:19,health,38.5167,44.61149226712901,42.7967,-6.094792267129009,6.094792267129009
2026-09-16 03:39:20,health,37.2806,45.19022246152725,44.4546,-7.909622461527249,7.909622461527249
2026-09-16 03:39:21,health,39.0932,44.42907173590379,42.8439,-5.335871735903787,5.335871735903787
2026-09-16 03:39:22,health,36.2045,44.8645565755954,42.8162,-8.660056575595398,8.660056575595398
2026-09-16 03:39:23,health,40.1734,43.32843704342573,38.8526,-3.155037043425729,3.155037043425729
2026-09-16 03:39:24,health,41.4321,43.517525403418226,39.6968,-2.0854254034182276,2.0854254034182276
2026-09-16 03:39:25,health,35.5214,42.38783852246342,36.4787,-6.866438522463419,6.866438522463419
2026-09-16 03:39:26,health,37.6915,43.13121625854193,43.1279,-5.439716258541935,5.439716258541935
2026-09-16 03:39:27,health,38.6522,42.72638563000122,40.2093,-4.074185630001217,4.074185630001217
2026-09-16 03:39:28,health,39.0268,42.912955526006115,39.0849,-3.886155526006114,3.886155526006114
2026-09-16 03:39:29,health,40.2157,42.431556829764546,38.5167,-2.2158568297645473,2.2158568297645473
2026-09-16 03:39:30,health,37.7251,41.71383716945397,37.2806,-3.9887371694539695,3.9887371694539695
2026-09-16 03:39:31,health,38.695,41.17377638445173,39.0932,-2.478776384451727,2.478776384451727
2026-09-16 03:39:32,health,41.2705,41.22093315677612,36.2045,0.04956684322387872,0.04956684322387872
2026-09-16 03:39:33,health,37.7381,41.86156596463381,40.1734,-4.123465964633809,4.123465964633809
2026-09-16 03:39:34,health,38.1989,42.032667336060605,41.4321,-3.8337673360606033,3.8337673360606033
2026-09-16 03:39:35,health,37.9212,40.73559312006119,35.5214,-2.8143931200611902,2.8143931200611902
2026-09-16 03:39:36,health,40.0178,40.16248256124011,37.6915,-0.14468256124010992,0.14468256124010992
2026-09-16 03:39:37,health,36.8618,41.0381827257367,38.6522,-4.176382725736694,4.176382725736694
2026-09-16 03:39:38,health,38.4706,40.862893604299046,39.0268,-2.3922936042990486,2.3922936042990486
2026-09-16 03:39:39,health,37.0776,41.17415349033085,40.2157,-4.096553490330855,4.096553490330855
2026-09-16 03:39:40,health,40.8275,41.37691931656959,37.7251,-0.5494193165695904,0.5494193165695904
2026-09-16 03:39:41,health,37.5023,40.75751462798513,38.695,-3.255214627985133,3.255214627985133
2026-09-16 03:39:42,health,38.8646,41.411565296454334,41.2705,-2.5469652964543315,2.5469652964543315
2026-09-16 03:39:43,health,37.7803,40.766254466377426,37.7381,-2.9859544663774287,2.9859544663774287
2026-09-16 03:39:44,health,39.765,40.45633376837666,38.1989,-0.6913337683766585,0.6913337683766585
2026-09-16 03:39:45,health,37.3326,40.39051589725586,37.9212,-3.05791589725586,3.05791589725586
2026-09-16 03:39:46,health,36.5595,40.063483891209266,40.0178,-3.5039838912092662,3.5039838912092662
2026-09-16 03:39:47,health,41.6219,40.24368858727517,36.8618,1.3782114127248235,1.3782114127248235
2026-09-16 03:39:48,health,40.6748,40.841419968795066,38.4706,-0.16661996879506802,0.16661996879506802
2026-09-16 03:39:49,health,40.522,39.556000244954795,37.0776,0.9659997550452033,0.9659997550452033
2026-09-16 03:39:50,health,39.735,40.68700818042761,40.8275,-0.9520081804276117,0.9520081804276117
2026-09-16 03:39:51,health,38.4955,39.875582894223584,37.5023,-1.3800828942235839,1.3800828942235839
2026-09-16 03:39:52,health,38.4718,40.682154993256034,38.8646,-2.2103549932560327,2.2103549932560327
2026-09-16 03:39:53,health,40.1487,39.84292985382737,37.7803,0.30577014617262677,0.30577014617262677
2026-09-16 03:39:54,health,43.9524,40.61813139367269,39.765,3.3342686063273064,3.3342686063273064
2026-09-16 03:39:55,health,40.7583,39.98197928137424,37.3326,0.7763207186257617,0.7763207186257617
2026-09-16 03:39:56,health,44.6264,39.80619695516318,36.5595,4.820203044836816,4.820203044836816
2026-09-16 03:39:57,health,39.4366,41.02056821861997,41.6219,-1.5839682186199724,1.5839682186199724
2026-09-16 03:39:58,health,40.4955,40.525154212974954,40.6748,-0.029654212974953964,0.029654212974953964
2026-09-16 03:39:59,health,42.5356,41.01837055048165,40.522,1.5172294495183536,1.5172294495183536
2026-09-16 03:40:00,health,45.2247,42.12586376594255,39.735,3.098836234057451,3.098836234057451
2026-09-16 03:40:01,health,43.1811,41.64264890535875,38.4955,1.5384510946412533,1.5384510946412533
2026-09-16 03:40:02,health,43.2027,41.360357668985706,38.4718,1.8423423310142937,1.8423423310142937
2026-09-16 03:40:03,health,42.3279,40.565756301978304,40.1487,1.7621436980216956,1.7621436980216956
2026-09-16 03:40:04,health,43.4245,41.88527220839777,43.9524,1.5392277916022294,1.5392277916022294
2026-09-16 03:40:05,health,38.3111,41.4321583022246,40.7583,-3.121058302224597,3.121058302224597
2026-09-16 03:40:06,health,42.9421,42.73262548022847,44.6264,0.20947451977153264,0.20947451977153264
2026-09-16 03:40:07,health,39.2531,42.11242313671755,39.4366,-2.859323136717549,2.859323136717549
2026-09-16 03:40:08,health,39.9134,41.93585454825364,40.4955,-2.0224545482536342,2.0224545482536342
2026-09-16 03:40:09,health,45.7535,42.40594197663287,42.5356,3.347558023367135,3.347558023367135
2026-09-16 03:40:10,health,43.8136,43.74485717319619,45.2247,0.06874282680381327,0.06874282680381327
2026-09-16 03:40:11,health,39.7744,43.18778265781484,43.1811,-3.413382657814843,3.413382657814843
2026-09-16 03:40:12,health,43.3101,43.98509409119802,43.2027,-0.6749940911980232,0.6749940911980232
2026-09-16 03:40:13,health,41.1443,43.807693687171316,42.3279,-2.6633936871713146,2.6633936871713146
2026-09-16 03:40:14,health,41.8194,43.810623149570276,43.4245,-1.9912231495702741,1.9912231495702741
2026-09-16 03:40:15,health,43.4526,42.95210330533117,38.3111,0.5004966946688256,0.5004966946688256
2026-09-16 03:40:16,health,41.8213,43.62905473064194,42.9421,-1.807754730641939,1.807754730641939
2026-09-16 03:40:17,health,42.5498,42.62450994041764,39.2531,-0.07470994041764101,0.07470994041764101
2026-09-16 03:40:18,health,41.9859,42.217742099627,39.9134,-0.23184209962700209,0.23184209962700209
2026-09-16 03:40:19,health,41.9303,43.88106813078698,45.7535,-1.950768130786976,1.950768130786976
2026-09-16 03:40:20,health,40.6302,43.94674440660604,43.8136,-3.3165444066060346,3.3165444066060346
2026-09-16 03:40:21,health,43.0951,43.19319365855768,39.7744,-0.09809365855767993,0.09809365855767993
2026-09-16 03:40:22,health,44.9928,44.05395256015469,43.3101,0.9388474398453113,0.9388474398453113
2026-09-16 03:40:23,health,43.6404,43.82549153274149,41.1443,-0.18509153274148815,0.18509153274148815
2026-09-16 03:40:24,health,44.5234,44.273500785850764,41.8194,0.249899214149238,0.249899214149238
2026-09-16 03:40:25,health,43.1234,43.72403239718786,43.4526,-0.6006323971878658,0.6006323971878658
2026-09-16 03:40:26,health,39.9563,44.42380243091152,41.8213,-4.467502430911523,4.467502430911523
2026-09-16 03:40:27,health,41.6566,43.51057089944363,42.5498,-1.853970899443631,1.853970899443631
2026-09-16 03:40:28,health,38.0305,44.19736888378378,41.9859,-6.166868883783778,6.166868883783778
2026-09-16 03:40:29,health,41.846,44.16946568875553,41.9303,-2.323465688755533,2.323465688755533
2026-09-16 03:40:30,health,41.9104,43.65967549291637,40.6302,-1.749275492916368,1.749275492916368
2026-09-16 03:40:31,health,44.6514,44.041940422815834,43.0951,0.6094595771841682,0.6094595771841682
2026-09-16 03:40:32,health,43.5819,44.809818758072424,44.9928,-1.227918758072427,1.227918758072427
2026-09-16 03:40:33,health,46.2674,44.47243859651737,43.6404,1.7949614034826311,1.7949614034826311
2026-09-16 03:40:34,health,44.4869,44.86671583012971,44.5234,-0.379815830129715,0.379815830129715
2026-09-16 03:40:35,health,41.0769,45.252486145375,43.1234,-4.175586145375,4.175586145375
2026-09-16 03:40:36,health,42.6208,43.725850943692286,39.9563,-1.1050509436922837,1.1050509436922837
2026-09-16 03:40:37,health,43.6246,44.27904103889177,41.6566,-0.6544410388917683,0.6544410388917683
2026-09-16 03:40:38,health,39.4994,43.413578297825495,38.0305,-3.9141782978254938,3.9141782978254938
2026-09-16 03:40:39,health,46.229,43.67802455495744,41.846,2.5509754450425604,2.5509754450425604
2026-09-16 03:40:40,health,40.4879,43.914550599631184,41.9104,-3.4266505996311807,3.4266505996311807
2026-09-16 03:40:41,health,41.5901,44.663667392227154,44.6514,-3.0735673922271545,3.0735673922271545
2026-09-16 03:40:42,health,42.8922,44.61682875669062,43.5819,-1.7246287566906204,1.7246287566906204
2026-09-16 03:40:43,health,40.2217,44.735660564460595,46.2674,-4.5139605644605965,4.5139605644605965
2026-09-16 03:40:44,health,39.9443,44.87150828769445,44.4869,-4.927208287694455,4.927208287694455
2026-09-16 03:40:45,health,38.8221,44.232408410064586,41.0769,-5.410308410064587,5.410308410064587
2026-09-16 03:40:46,health,38.4803,44.53728869174562,42.6208,-6.056988691745623,6.056988691745623
2026-09-16 03:40:47,health,43.5018,44.76389235350396,43.6246,-1.2620923535039594,1.2620923535039594
2026-09-16 03:40:48,health,39.9824,43.57702469529525,39.4994,-3.594624695295252,3.594624695295252
2026-09-16 03:40:49,health,42.7063,45.01253292705023,46.229,-2.3062329270502318,2.3062329270502318
2026-09-16 03:40:50,health,41.8857,43.906345531028464,40.4879,-2.020645531028464,2.020645531028464
2026-09-16 03:40:51,health,33.1049,43.8691178833384,41.5901,-10.764217883338397,10.764217883338397
2026-09-16 03:40:52,health,37.5275,44.08361028805037,42.8922,-6.55611028805037,6.55611028805037
2026-09-16 03:40:53,health,38.3214,43.363646576253075,40.2217,-5.042246576253078,5.042246576253078
2026-09-16 03:40:54,health,39.2695,43.17502411274177,39.9443,-3.905524112741766,3.905524112741766
2026-09-16 03:40:55,health,36.2032,42.87690170492649,38.8221,-6.673701704926486,6.673701704926486
2026-09-16 03:40:56,health,41.2801,42.69822527420931,38.4803,-1.4181252742093093,1.4181252742093093
2026-09-16 03:40:57,health,40.4337,43.549741758882035,43.5018,-3.1160417588820337,3.1160417588820337
2026-09-16 03:40:58,health,33.6872,42.84396219507831,39.9824,-9.156762195078315,9.156762195078315
2026-09-16 03:40:59,health,37.6154,43.955955250260345,42.7063,-6.340555250260344,6.340555250260344
2026-09-16 03:41:00,health,40.9383,44.31241990681744,41.8857,-3.374119906817441,3.374119906817441
2026-09-16 03:41:01,health,36.3685,40.77785482604835,33.1049,-4.40935482604835,4.40935482604835
2026-09-16 03:41:02,health,37.6845,41.938260148031794,37.5275,-4.253760148031795,4.253760148031795
2026-09-16 03:41:03,health,36.1762,42.2286566159503,38.3214,-6.052456615950298,6.052456615950298
2026-09-16 03:41:04,health,40.0774,41.45667400951829,39.2695,-1.3792740095182907,1.3792740095182907
2026-09-16 03:41:05,health,36.1218,41.1544432948253,36.2032,-5.032643294825299,5.032643294825299
2026-09-16 03:41:06,health,37.9754,41.66672605463372,41.2801,-3.69132605463372,3.69132605463372
2026-09-16 03:41:07,health,36.8884,42.25737031835523,40.4337,-5.368970318355231,5.368970318355231
2026-09-16 03:41:08,health,37.5769,40.9860112346532,33.6872,-3.4091112346531958,3.4091112346531958
2026-09-16 03:41:09,health,38.2743,40.334668728983885,37.6154,-2.060368728983889,2.060368728983889
2026-09-16 03:41:10,health,32.4718,41.18389205975112,40.9383,-8.712092059751122,8.712092059751122
2026-09-16 03:41:11,health,37.1421,40.488340223110555,36.3685,-3.3462402231105557,3.3462402231105557
2026-09-16 03:41:12,health,36.5047,40.29459425055423,37.6845,-3.7898942505542337,3.7898942505542337
2026-09-16 03:41:13,health,37.6362,40.27645756853788,36.1762,-2.6402575685378764,2.6402575685378764
2026-09-16 03:41:14,health,33.9032,40.498356309472264,40.0774,-6.595156309472266,6.595156309472266
2026-09-16 03:41:15,health,37.1142,40.27030175571179,36.1218,-3.156101755711795,3.156101755711795
2026-09-16 03:41:16,health,37.0566,40.353110626888494,37.9754,-3.296510626888491,3.296510626888491
2026-09-16 03:41:17,health,37.5068,39.79029989626871,36.8884,-2.283499896268708,2.283499896268708
2026-09-16 03:41:18,health,34.2305,40.39097297174836,37.5769,-6.160472971748362,6.160472971748362
2026-09-16 03:41:19,health,38.3234,39.84957424229014,38.2743,-1.5261742422901392,1.5261742422901392
2026-09-16 03:41:20,health,39.2759,38.282266533067705,32.4718,0.9936334669322946,0.9936334669322946
2026-09-16 03:41:21,health,32.0951,39.37241356206057,37.1421,-7.27731356206057,7.27731356206057
2026-09-16 03:41:22,health,35.3628,38.52673674775739,36.5047,-3.16393674775739,3.16393674775739
2026-09-16 03:41:23,health,38.3325,39.315084959323094,37.6362,-0.9825849593230913,0.9825849593230913
2026-09-16 03:41:24,health,35.2632,38.265813270837654,33.9032,-3.0026132708376565,3.0026132708376565
2026-09-16 03:41:25,health,35.8513,39.30015027173393,37.1142,-3.4488502717339315,3.4488502717339315
2026-09-16 03:41:26,health,38.8408,38.22263143198767,37.0566,0.6181685680123294,0.6181685680123294
2026-09-16 03:41:27,health,37.7069,38.52096638254787,37.5068,-0.8140663825478711,0.8140663825478711
2026-09-16 03:41:28,health,33.6676,37.96783641351281,34.2305,-4.300236413512813,4.300236413512813
2026-09-16 03:41:29,health,32.8648,39.20846797764408,38.3234,-6.343667977644074,6.343667977644074
2026-09-16 03:41:30,health,37.5646,39.35795598335935,39.2759,-1.7933559833593549,1.7933559833593549
2026-09-16 03:41:31,health,32.8602,38.051212127133894,32.0951,-5.191012127133895,5.191012127133895
2026-09-16 03:41:32,health,36.6157,38.19317716715687,35.3628,-1.5774771671568715,1.5774771671568715
2026-09-16 03:41:33,health,39.5663,38.974673728639566,38.3325,0.5916262713604326,0.5916262713604326
2026-09-16 03:41:34,health,40.1252,38.05761626084922,35.2632,2.067583739150777,2.067583739150777
2026-09-16 03:41:35,health,37.9787,38.32253440516705,35.8513,-0.3438344051670441,0.3438344051670441
2026-09-16 03:41:36,health,36.7849,38.79010297180876,38.8408,-2.0052029718087567,2.0052029718087567
2026-09-16 03:41:37,health,33.5981,38.891250743056766,37.7069,-5.2931507430567635,5.2931507430567635
2026-09-16 03:41:38,health,34.8361,37.65074034933045,33.6676,-2.814640349330446,2.814640349330446
2026-09-16 03:41:39,health,37.869,37.376490661277344,32.8648,0.49250933872265534,0.49250933872265534
2026-09-16 03:41:40,health,37.6017,38.60838723630637,37.5646,-1.0066872363063695,1.0066872363063695
2026-09-16 03:41:41,health,36.4801,37.41713055136254,32.8602,-0.9370305513625397,0.9370305513625397
2026-09-16 03:41:42,health,35.9771,37.43071142114128,36.6157,-1.4536114211412823,1.4536114211412823
2026-09-16 03:41:43,health,31.9531,38.221692249532225,39.5663,-6.268592249532226,6.268592249532226
2026-09-16 03:41:44,health,35.0287,39.008144890699604,40.1252,-3.979444890699604,3.979444890699604
2026-09-16 03:41:45,health,30.8738,38.77525829274576,37.9787,-7.901458292745762,7.901458292745762
2026-09-16 03:41:46,health,35.6881,38.90711652342257,36.7849,-3.2190165234225745,3.2190165234225745
2026-09-16 03:41:47,health,36.0457,37.733977011449646,33.5981,-1.6882770114496495,1.6882770114496495
2026-09-16 03:41:48,health,36.3833,38.09233721960223,34.8361,-1.70903721960223,1.70903721960223
2026-09-16 03:41:49,health,36.935,38.19486331139625,37.869,-1.259863311396245,1.259863311396245
2026-09-16 03:41:50,health,34.1518,38.10934199438337,37.6017,-3.9575419943833694,3.9575419943833694
2026-09-16 03:41:51,health,37.4583,37.76738402355226,36.4801,-0.30908402355225917,0.30908402355225917
2026-09-16 03:41:52,health,38.1857,39.44570745112603,35.9771,-1.260007451126036,1.260007451126036
2026-09-16 03:41:53,health,35.1449,37.70917270435557,31.9531,-2.5642727043555666,2.5642727043555666
2026-09-16 03:41:54,health,34.2197,37.76587613433594,35.0287,-3.546176134335937,3.546176134335937
2026-09-16 03:41:55,health,32.7967,37.06408903979548,30.8738,-4.267389039795482,4.267389039795482
2026-09-16 03:41:56,health,36.843,37.36106604183548,35.6881,-0.5180660418354748,0.5180660418354748
2026-09-16 03:41:57,health,34.223,36.91060213081434,36.0457,-2.6876021308143407,2.6876021308143407
2026-09-16 03:41:58,health,38.4578,37.302768350919,36.3833,1.1550316490809962,1.1550316490809962
2026-09-16 03:41:59,health,34.3546,38.55486353607459,36.935,-4.200263536074594,4.200263536074594
2026-09-16 03:42:00,health,39.6422,38.45319838094697,34.1518,1.1890016190530304,1.1890016190530304
2026-09-16 03:42:01,health,33.4862,38.542504879375,37.4583,-5.056304879375006,5.056304879375006
2026-09-16 03:42:02,health,36.7816,38.810598992020296,38.1857,-2.0289989920202984,2.0289989920202984
2026-09-16 03:42:03,health,34.9388,38.16322223208354,35.1449,-3.2244222320835405,3.2244222320835405
2026-09-16 03:42:04,health,36.9256,37.52230613357693,34.2197,-0.5967061335769301,0.5967061335769301
2026-09-16 03:42:05,health,36.8647,37.54617481032899,32.7967,-0.6814748103289929,0.6814748103289929
2026-09-16 03:42:06,health,37.9138,37.71701578998083,36.843,0.19678421001917457,0.19678421001917457
2026-09-16 03:42:07,health,36.9708,36.93762521292894,34.223,0.03317478707105437,0.03317478707105437
2026-09-16 03:42:08,health,40.8945,38.67487381165546,38.4578,2.2196261883445416,2.2196261883445416
2026-09-16 03:42:09,health,35.6065,36.967723425328415,34.3546,-1.3612234253284186,1.3612234253284186
2026-09-16 03:42:10,health,34.5371,38.08220904933283,39.6422,-3.5451090493328294,3.5451090493328294
2026-09-16 03:42:11,health,34.8169,37.68077108202671,33.4862,-2.863871082026712,2.863871082026712
2026-09-16 03:42:12,health,40.6757,37.883828603430814,36.7816,2.791871396569185,2.791871396569185
2026-09-16 03:42:13,health,37.278,37.59224693638863,34.9388,-0.3142469363886278,0.3142469363886278
2026-09-16 03:42:14,health,35.5182,38.05066919270337,36.9256,-2.532469192703367,2.532469192703367
2026-09-16 03:42:15,health,35.9273,38.15344563144721,36.8647,-2.22614563144721,2.22614563144721
2026-09-16 03:42:16,health,38.1464,38.459512930841264,37.9138,-0.3131129308412639,0.3131129308412639
2026-09-16 03:42:17,health,36.3061,38.39065360335618,36.9708,-2.084553603356177,2.084553603356177
2026-09-16 03:42:18,health,36.0001,39.5060955089589,40.8945,-3.505995508958897,3.505995508958897
2026-09-16 03:42:19,health,35.4091,38.74275660129921,35.6065,-3.333656601299211,3.333656601299211
2026-09-16 03:42:20,health,35.2364,38.435751672962446,34.5371,-3.199351672962443,3.199351672962443
2026-09-16 03:42:21,health,36.5187,37.993000214493094,34.8169,-1.4743002144930912,1.4743002144930912
2026-09-16 03:42:22,health,38.3457,39.49874414459525,40.6757,-1.153044144595249,1.153044144595249
2026-09-16 03:42:23,health,29.612,38.16945490418717,37.278,-8.557454904187171,8.557454904187171
2026-09-16 03:42:24,health,33.5005,38.559922914156246,35.5182,-5.059422914156244,5.059422914156244
2026-09-16 03:42:25,health,33.486,38.50059229701957,35.9273,-5.0145922970195755,5.0145922970195755
2026-09-16 03:42:26,health,38.8429,39.12344143904816,38.1464,-0.2805414390481573,0.2805414390481573
2026-09-16 03:42:27,health,34.8226,38.82559356096124,36.3061,-4.002993560961237,4.002993560961237
2026-09-16 03:42:28,health,36.5721,38.43279823140164,36.0001,-1.860698231401642,1.860698231401642
2026-09-16 03:42:29,health,33.3496,38.28152350686121,35.4091,-4.93192350686121,4.93192350686121
2026-09-16 03:42:30,health,43.4956,37.80483660538764,35.2364,5.690763394612361,5.690763394612361
2026-09-16 03:42:31,health,37.4671,38.41870682690572,36.5187,-0.9516068269057172,0.9516068269057172
2026-09-16 03:42:32,health,35.8253,38.729231405469775,38.3457,-2.903931405469777,2.903931405469777
2026-09-16 03:42:33,health,38.1138,37.96542958811944,29.612,0.14837041188055622,0.14837041188055622
2026-09-16 03:42:34,health,36.3326,37.18071623634177,33.5005,-0.8481162363417738,0.8481162363417738
2026-09-16 03:42:35,health,33.0548,36.967247114056626,33.486,-3.9124471140566257,3.9124471140566257
2026-09-16 03:42:36,health,38.7308,38.09610502475241,38.8429,0.6346949752475908,0.6346949752475908
2026-09-16 03:42:37,health,37.2383,37.3005429992039,34.8226,-0.06224299920389598,0.06224299920389598
2026-09-16 03:42:38,health,41.5616,38.2374431283669,36.5721,3.3241568716331003,3.3241568716331003
2026-09-16 03:42:39,health,38.2938,37.39699961206688,33.3496,0.8968003879331192,0.8968003879331192
2026-09-16 03:42:40,health,38.8273,39.574124109562995,43.4956,-0.7468241095629935,0.7468241095629935
2026-09-16 03:42:41,health,37.5643,38.251009172016055,37.4671,-0.6867091720160516,0.6867091720160516
2026-09-16 03:42:42,health,40.788,37.92676081243361,35.8253,2.861239187566383,2.861239187566383
2026-09-16 03:42:43,health,38.457,38.41738525251467,38.1138,0.03961474748533078,0.03961474748533078
2026-09-16 03:42:44,health,36.1414,38.62334751507335,36.3326,-2.481947515073351,2.481947515073351
2026-09-16 03:42:45,health,37.4348,37.67779337759101,33.0548,-0.2429933775910058,0.2429933775910058
2026-09-16 03:42:46,health,41.4548,38.251351317975605,38.7308,3.203448682024394,3.203448682024394
2026-09-16 03:42:47,health,43.0614,38.69121045858053,37.2383,4.370189541419471,4.370189541419471
2026-09-16 03:42:48,health,39.2534,39.63699294749939,41.5616,-0.38359294749938755,0.38359294749938755
2026-09-16 03:42:49,health,39.2595,38.44309479766657,38.2938,0.8164052023334349,0.8164052023334349
2026-09-16 03:42:50,health,35.3285,38.96697468514651,38.8273,-3.6384746851465124,3.6384746851465124
2026-09-16 03:42:51,health,39.3892,39.430763188616574,37.5643,-0.04156318861657127,0.04156318861657127
2026-09-16 03:42:52,health,38.404,40.46822199312288,40.788,-2.064221993122878,2.064221993122878
2026-09-16 03:42:53,health,38.622,40.11292902672477,38.457,-1.4909290267247712,1.4909290267247712
2026-09-16 03:42:54,health,35.5617,39.74576867688803,36.1414,-4.184068676888025,4.184068676888025
2026-09-16 03:42:55,health,36.473,39.85997429734529,37.4348,-3.38697429734529,3.38697429734529
2026-09-16 03:42:56,health,38.0257,40.282347934532886,41.4548,-2.256647934532886,2.256647934532886
2026-09-16 03:42:57,health,39.2541,41.25445195504964,43.0614,-2.000351955049638,2.000351955049638
2026-09-16 03:42:58,health,38.2147,40.39500084655372,39.2534,-2.1803008465537204,2.1803008465537204
2026-09-16 03:42:59,health,34.4536,40.89800181451426,39.2595,-6.444401814514258,6.444401814514258
2026-09-16 03:43:00,health,41.091,39.25781816794724,35.3285,1.8331818320527589,1.8331818320527589
2026-09-16 03:43:01,health,35.4527,40.307370109309645,39.3892,-4.8546701093096445,4.8546701093096445
2026-09-16 03:43:02,health,43.5278,40.87688215901383,38.404,2.6509178409861676,2.6509178409861676
2026-09-16 03:43:03,health,37.7379,39.8788085663878,38.622,-2.140908566387793,2.140908566387793
2026-09-16 03:43:04,health,36.7099,39.32053617200367,35.5617,-2.610636172003673,2.610636172003673
2026-09-16 03:43:05,health,37.7914,39.45025176247236,36.473,-1.6588517624723593,1.6588517624723593
2026-09-16 03:43:06,health,39.6088,39.79777735194805,38.0257,-0.1889773519480471,0.1889773519480471
2026-09-16 03:43:07,health,40.7409,39.89318959338463,39.2541,0.84771040661537,0.84771040661537
2026-09-16 03:43:08,health,40.2228,40.423997274419584,38.2147,-0.20119727441958446,0.20119727441958446
2026-09-16 03:43:09,health,44.152,39.624956018728284,34.4536,4.527043981271717,4.527043981271717
2026-09-16 03:43:10,health,40.7202,40.55577878152182,41.091,0.16442121847817504,0.16442121847817504
2026-09-16 03:43:11,health,43.4057,39.69643791448224,35.4527,3.7092620855177643,3.7092620855177643
2026-09-16 03:43:12,health,40.3697,40.8026553289812,43.5278,-0.43295532898120115,0.43295532898120115
2026-09-16 03:43:13,health,41.1376,39.67798804327508,37.7379,1.4596119567249204,1.4596119567249204
2026-09-16 03:43:14,health,41.5089,40.26209690540622,36.7099,1.2468030945937798,1.2468030945937798
2026-09-16 03:43:15,health,40.4615,40.241826537937456,37.7914,0.2196734620625449,0.2196734620625449
2026-09-16 03:43:16,health,47.9819,40.50762391738605,39.6088,7.4742760826139545,7.4742760826139545
2026-09-16 03:43:17,health,44.6189,40.59816601244923,40.7409,4.02073398755077,4.02073398755077
2026-09-16 03:43:18,health,43.6695,40.54261670413836,40.2228,3.1268832958616386,3.1268832958616386
2026-09-16 03:43:19,health,44.6955,41.64387344905278,44.152,3.051626550947219,3.051626550947219
2026-09-16 03:43:20,health,45.2125,41.438751608786845,40.7202,3.7737483912131538,3.7737483912131538
2026-09-16 03:43:21,health,45.2288,42.58229794138609,43.4057,2.646502058613912,2.646502058613912
2026-09-16 03:43:22,health,46.1354,41.60255697739242,40.3697,4.5328430226075795,4.5328430226075795
2026-09-16 03:43:23,health,44.0475,41.62573121551745,41.1376,2.421768784482552,2.421768784482552
2026-09-16 03:43:24,health,45.5432,41.33772799536031,41.5089,4.205472004639688,4.205472004639688
2026-09-16 03:43:25,health,43.7186,41.69744338074197,40.4615,2.0211566192580293,2.0211566192580293
2026-09-16 03:43:26,health,40.6976,44.240014928459175,47.9819,-3.5424149284591735,3.5424149284591735
2026-09-16 03:43:27,health,41.6546,44.00648506382497,44.6189,-2.351885063824966,2.351885063824966
2026-09-16 03:43:28,health,44.1304,43.99455125189396,43.6695,0.1358487481060422,0.1358487481060422
2026-09-16 03:43:29,health,41.1341,44.577465773407546,44.6955,-3.4433657734075496,3.4433657734075496
2026-09-16 03:43:30,health,40.1525,44.86968889103313,45.2125,-4.717188891033125,4.717188891033125
2026-09-16 03:43:31,health,41.4237,45.08242859657493,45.2288,-3.6587285965749317,3.6587285965749317
2026-09-16 03:43:32,health,43.6651,45.53637547199138,46.1354,-1.8712754719913747,1.8712754719913747
2026-09-16 03:43:33,health,44.4689,44.81999971712908,44.0475,-0.35109971712908106,0.35109971712908106
2026-09-16 03:43:34,health,41.4557,45.35336987826575,45.5432,-3.897669878265752,3.897669878265752
2026-09-16 03:43:35,health,37.8533,45.01626108166606,43.7186,-7.162961081666062,7.162961081666062
2026-09-16 03:43:36,health,43.5409,45.21150717964244,40.6976,-1.6706071796424382,1.6706071796424382
2026-09-16 03:43:37,health,39.4137,45.17164283702526,41.6546,-5.757942837025261,5.757942837025261
2026-09-16 03:43:38,health,39.7819,45.0059157128806,44.1304,-5.2240157128806,5.2240157128806
2026-09-16 03:43:39,health,45.2513,44.094704017005704,41.1341,1.156595982994297,1.156595982994297
2026-09-16 03:43:40,health,43.0686,43.695247004330454,40.1525,-0.6266470043304508,0.6266470043304508
2026-09-16 03:43:41,health,39.6024,44.24159607347355,41.4237,-4.639196073473549,4.639196073473549
2026-09-16 03:43:42,health,46.7376,45.438639372693004,43.6651,1.2989606273069967,1.2989606273069967
2026-09-16 03:43:43,health,49.6467,44.849535387330526,44.4689,4.7971646126694765,4.7971646126694765
2026-09-16 03:43:44,health,42.3183,43.78321875591783,41.4557,-1.4649187559178287,1.4649187559178287
2026-09-16 03:43:45,health,46.7479,44.10138341531105,37.8533,2.6465165846889533,2.6465165846889533
2026-09-16 03:43:46,health,43.5426,44.91628909082981,43.5409,-1.3736890908298065,1.3736890908298065
2026-09-16 03:43:47,health,40.5326,43.776934403633376,39.4137,-3.244334403633374,3.244334403633374
2026-09-16 03:43:48,health,42.6052,43.86310381085259,39.7819,-1.2579038108525893,1.2579038108525893
2026-09-16 03:43:49,health,42.6832,44.33765650180102,45.2513,-1.6544565018010218,1.6544565018010218
2026-09-16 03:43:50,health,41.4079,44.41843175805991,43.0686,-3.010531758059912,3.010531758059912
2026-09-16 03:43:51,health,41.8145,42.86907287300494,39.6024,-1.0545728730049362,1.0545728730049362
2026-09-16 03:43:52,health,42.2936,44.72595512064806,46.7376,-2.4323551206480616,2.4323551206480616
2026-09-16 03:43:53,health,44.7799,46.978124220642314,49.6467,-2.1982242206423166,2.1982242206423166
2026-09-16 03:43:54,health,39.1319,44.44688792400094,42.3183,-5.314987924000938,5.314987924000938
2026-09-16 03:43:55,health,44.4188,45.482219353378156,46.7479,-1.0634193533781584,1.0634193533781584
2026-09-16 03:43:56,health,45.2223,45.68716953468534,43.5426,-0.46486953468534153,0.46486953468534153
2026-09-16 03:43:57,health,45.3757,44.56257383223361,40.5326,0.8131261677663915,0.8131261677663915
2026-09-16 03:43:58,health,43.9249,44.53576666434035,42.6052,-0.6108666643403495,0.6108666643403495
2026-09-16 03:43:59,health,43.7202,44.29773473290954,42.6832,-0.577534732909541,0.577534732909541
2026-09-16 03:44:00,health,44.9879,43.969513130572324,41.4079,1.0183868694276796,1.0183868694276796
2026-09-16 03:44:01,health,41.174,43.158478200038324,41.8145,-1.9844782000383248,1.9844782000383248
2026-09-16 03:44:02,health,41.2708,44.63371637235306,42.2936,-3.3629163723530553,3.3629163723530553
2026-09-16 03:44:03,health,43.0629,44.506390268969376,44.7799,-1.4434902689693772,1.4434902689693772
2026-09-16 03:44:04,health,40.3223,42.70418006014522,39.1319,-2.381880060145221,2.381880060145221
2026-09-16 03:44:05,health,42.4383,45.176965555875334,44.4188,-2.738665555875336,2.738665555875336
2026-09-16 03:44:06,health,43.4167,45.02573476652639,45.2223,-1.609034766526392,1.609034766526392
2026-09-16 03:44:07,health,38.881,45.11504614432746,45.3757,-6.234046144327458,6.234046144327458
2026-09-16 03:44:08,health,44.4482,45.1185486971841,43.9249,-0.6703486971841031,0.6703486971841031
2026-09-16 03:44:09,health,43.8208,45.843068852826164,43.7202,-2.0222688528261656,2.0222688528261656
2026-09-16 03:44:10,health,42.7807,45.023670426092586,44.9879,-2.242970426092583,2.242970426092583
2026-09-16 03:44:11,health,45.9575,45.553288173603754,41.174,0.4042118263962493,0.4042118263962493
2026-09-16 03:44:12,health,39.4695,45.16992078903106,41.2708,-5.700420789031064,5.700420789031064
2026-09-16 03:44:13,health,42.5627,44.33073590947104,43.0629,-1.7680359094710383,1.7680359094710383
2026-09-16 03:44:14,health,40.2145,44.338952464360894,40.3223,-4.124452464360893,4.124452464360893
2026-09-16 03:44:15,health,41.2481,44.30086108531683,42.4383,-3.052761085316831,3.052761085316831
2026-09-16 03:44:16,health,43.5904,44.91181952584108,43.4167,-1.3214195258410797,1.3214195258410797
2026-09-16 03:44:17,health,41.2706,43.83590777828665,38.881,-2.565307778286652,2.565307778286652
2026-09-16 03:44:18,health,44.9166,44.22883112486762,44.4482,0.6877688751323845,0.6877688751323845
2026-09-16 03:44:19,health,44.1846,44.901256942440625,43.8208,-0.716656942440622,0.716656942440622
2026-09-16 03:44:20,health,42.0113,44.87580304083784,42.7807,-2.864503040837839,2.864503040837839
2026-09-16 03:44:21,health,40.7937,45.508892858580786,45.9575,-4.715192858580785,4.715192858580785
2026-09-16 03:44:22,health,42.534,43.25534723565301,39.4695,-0.7213472356530133,0.7213472356530133
2026-09-16 03:44:23,health,44.496,44.84196073764755,42.5627,-0.34596073764754465,0.34596073764754465
2026-09-16 03:44:24,health,43.2492,44.300977262942965,40.2145,-1.051777262942963,1.051777262942963
2026-09-16 03:44:25,health,39.3668,43.6446119258156,41.2481,-4.277811925815605,4.277811925815605
2026-09-16 03:44:26,health,39.7746,44.62718348598205,43.5904,-4.852583485982052,4.852583485982052
2026-09-16 03:44:27,health,41.3692,44.08991682674222,41.2706,-2.720716826742219,2.720716826742219
2026-09-16 03:44:28,health,39.3553,44.622082563237996,44.9166,-5.266782563237996,5.266782563237996
2026-09-16 03:44:29,health,38.2726,44.77943329071091,44.1846,-6.506833290710915,6.506833290710915
2026-09-16 03:44:30,health,41.7906,44.38060970021496,42.0113,-2.5900097002149636,2.5900097002149636
2026-09-16 03:44:31,health,35.9517,43.503362503223805,40.7937,-7.5516625032238025,7.5516625032238025
2026-09-16 03:44:32,health,36.5714,44.62792476410908,42.534,-8.056524764109085,8.056524764109085
2026-09-16 03:44:33,health,36.1632,44.225016158960614,44.496,-8.06181615896061,8.06181615896061
2026-09-16 03:44:34,health,40.0506,44.54542087637691,43.2492,-4.494820876376906,4.494820876376906
2026-09-16 03:44:35,health,39.4037,43.47819406907533,39.3668,-4.074494069075328,4.074494069075328
2026-09-16 03:44:36,health,42.9466,43.850041990856575,39.7746,-0.9034419908565781,0.9034419908565781
2026-09-16 03:44:37,health,40.3722,43.63711951627958,41.3692,-3.2649195162795834,3.2649195162795834
2026-09-16 03:44:38,health,39.5048,42.910707092728465,39.3553,-3.4059070927284623,3.4059070927284623
2026-09-16 03:44:39,health,38.6448,42.17934035554913,38.2726,-3.534540355549133,3.534540355549133
2026-09-16 03:44:40,health,39.5956,43.30059836292285,41.7906,-3.7049983629228507,3.7049983629228507
2026-09-16 03:44:41,health,39.8825,42.305151267124984,35.9517,-2.4226512671249836,2.4226512671249836
2026-09-16 03:44:42,health,40.5522,41.93095545339405,36.5714,-1.3787554533940494,1.3787554533940494
2026-09-16 03:44:43,health,41.301,41.08070507486588,36.1632,0.22029492513411952,0.22029492513411952
2026-09-16 03:44:44,health,44.3816,42.415913346984205,40.0506,1.9656866530157941,1.9656866530157941
2026-09-16 03:44:45,health,43.5906,41.63307160613704,39.4037,1.9575283938629653,1.9575283938629653
2026-09-16 03:44:46,health,40.0603,41.824014647812334,42.9466,-1.7637146478123356,1.7637146478123356
2026-09-16 03:44:47,health,44.6459,42.83379646734809,40.3722,1.8121035326519106,1.8121035326519106
2026-09-16 03:44:48,health,42.3229,42.09985277007988,39.5048,0.2230472299201196,0.2230472299201196
2026-09-16 03:44:49,health,41.0826,41.84477371837008,38.6448,-0.7621737183700787,0.7621737183700787
2026-09-16 03:44:50,health,39.5775,41.93025930067979,39.5956,-2.352759300679793,2.352759300679793
2026-09-16 03:44:51,health,37.2732,41.572227363075314,39.8825,-4.299027363075311,4.299027363075311
2026-09-16 03:44:52,health,40.8128,42.05643559326676,40.5522,-1.2436355932667595,1.2436355932667595
2026-09-16 03:44:53,health,38.5206,42.115088517024354,41.301,-3.5944885170243523,3.5944885170243523
2026-09-16 03:44:54,health,40.2224,43.12767292752535,44.3816,-2.9052729275253526,2.9052729275253526
2026-09-16 03:44:55,health,40.0194,42.37135055662608,43.5906,-2.351950556626086,2.351950556626086
2026-09-16 03:44:56,health,47.2578,42.75649662485599,40.0603,4.501303375144012,4.501303375144012
2026-09-16 03:44:57,health,40.7304,42.929724803796624,44.6459,-2.199324803796621,2.199324803796621
2026-09-16 03:44:58,health,45.3483,42.68324611279294,42.3229,2.6650538872070584,2.6650538872070584
2026-09-16 03:44:59,health,42.6085,42.81327279002878,41.0826,-0.2047727900287839,0.2047727900287839
2026-09-16 03:45:00,health,43.4718,42.83986146935953,39.5775,0.6319385306404683,0.6319385306404683
2026-09-16 03:45:01,health,42.09,41.41215524783615,37.2732,0.6778447521638569,0.6778447521638569
2026-09-16 03:45:02,health,42.6595,42.2200587548054,40.8128,0.43944124519460104,0.43944124519460104
2026-09-16 03:45:03,health,43.7646,41.35962545272155,38.5206,2.4049745472784494,2.4049745472784494
2026-09-16 03:45:04,health,45.5293,42.52403078748014,40.2224,3.005269212519856,3.005269212519856
2026-09-16 03:45:05,health,45.0139,41.9708074701597,40.0194,3.043092529840301,3.043092529840301
2026-09-16 03:45:06,health,41.4457,44.65393812823351,47.2578,-3.2082381282335106,3.2082381282335106
2026-09-16 03:45:07,health,41.7638,42.86247448256262,40.7304,-1.0986744825626147,1.0986744825626147
2026-09-16 03:45:08,health,44.4153,43.5143856594374,45.3483,0.9009143405626006,0.9009143405626006
2026-09-16 03:45:09,health,48.9754,44.64459656205684,42.6085,4.33080343794316,4.33080343794316
2026-09-16 03:45:10,health,44.1545,44.08699330513965,43.4718,0.06750669486034866,0.06750669486034866
2026-09-16 03:45:11,health,44.9093,44.30199818725282,42.09,0.6073018127471812,0.6073018127471812
2026-09-16 03:45:12,health,44.423,44.766244572569214,42.6595,-0.3432445725692119,0.3432445725692119
2026-09-16 03:45:13,health,47.3242,43.71002310937943,43.7646,3.61417689062057,3.61417689062057
2026-09-16 03:45:14,health,43.3877,44.600060874743555,45.5293,-1.2123608747435526,1.2123608747435526
2026-09-16 03:45:15,health,50.5779,45.35495135552107,45.0139,5.222948644478933,5.222948644478933
2026-09-16 03:45:16,health,45.7077,43.942388628641744,41.4457,1.7653113713582584,1.7653113713582584
2026-09-16 03:45:17,health,44.886,44.090139993954,41.7638,0.7958600060460057,0.7958600060460057
2026-09-16 03:45:18,health,44.1579,44.04326875028983,44.4153,0.1146312497101647,0.1146312497101647
2026-09-16 03:45:19,health,47.7606,46.703264754077914,48.9754,1.0573352459220828,1.0573352459220828
2026-09-16 03:45:20,health,48.5191,45.06281144123554,44.1545,3.456288558764463,3.456288558764463
2026-09-16 03:45:21,health,48.434,45.433412759724476,44.9093,3.0005872402755216,3.0005872402755216
2026-09-16 03:45:22,health,44.3115,46.206360778780024,44.423,-1.8948607787800213,1.8948607787800213
2026-09-16 03:45:23,health,46.0624,47.09299755714568,47.3242,-1.0305975571456827,1.0305975571456827
2026-09-16 03:45:24,health,42.99,46.192450294638036,43.3877,-3.2024502946380338,3.2024502946380338
2026-09-16 03:45:25,health,45.4177,47.97931265885431,50.5779,-2.5616126588543082,2.5616126588543082
2026-09-16 03:45:26,health,48.2371,46.92184209867146,45.7077,1.3152579013285361,1.3152579013285361
2026-09-16 03:45:27,health,45.2981,46.87760714543649,44.886,-1.5795071454364944,1.5795071454364944
2026-09-16 03:45:28,health,41.5816,47.07595505554386,44.1579,-5.494355055543856,5.494355055543856
2026-09-16 03:45:29,health,48.1142,47.37202442132245,47.7606,0.7421755786775464,0.7421755786775464
2026-09-16 03:45:30,health,43.3355,47.182410869879234,48.5191,-3.846910869879231,3.846910869879231
2026-09-16 03:45:31,health,42.992,47.740435853239894,48.434,-4.748435853239897,4.748435853239897
2026-09-16 03:45:32,health,39.2691,47.050633524698824,44.3115,-7.781533524698823,7.781533524698823
2026-09-16 03:45:33,health,45.6423,47.90161594381041,46.0624,-2.259315943810414,2.259315943810414
2026-09-16 03:45:34,health,41.6965,46.87708199495323,42.99,-5.180581994953229,5.180581994953229
2026-09-16 03:45:35,health,44.3929,47.30695719840659,45.4177,-2.9140571984065957,2.9140571984065957
2026-09-16 03:45:36,health,41.9162,47.382451406315056,48.2371,-5.4662514063150525,5.4662514063150525
2026-09-16 03:45:37,health,38.8188,47.4972874078763,45.2981,-8.678487407876297,8.678487407876297
2026-09-16 03:45:38,health,44.7862,46.757859323283405,41.5816,-1.9716593232834043,1.9716593232834043
2026-09-16 03:45:39,health,44.8092,47.584425031304704,48.1142,-2.775225031304707,2.775225031304707
2026-09-16 03:45:40,health,45.6564,47.48704714770649,43.3355,-1.8306471477064932,1.8306471477064932
2026-09-16 03:45:41,health,36.4343,47.00862226792112,42.992,-10.574322267921119,10.574322267921119
2026-09-16 03:45:42,health,43.6222,45.08464910806854,39.2691,-1.4624491080685402,1.4624491080685402
2026-09-16 03:45:43,health,40.0363,46.73328147018872,45.6423,-6.6969814701887245,6.6969814701887245
2026-09-16 03:45:44,health,43.179,44.99408537343196,41.6965,-1.8150853734319554,1.8150853734319554
2026-09-16 03:45:45,health,41.7517,45.92323995123125,44.3929,-4.171539951231253,4.171539951231253
2026-09-16 03:45:46,health,40.848,45.31371838188686,41.9162,-4.465718381886859,4.465718381886859
2026-09-16 03:45:47,health,39.5402,46.14755277185216,38.8188,-6.607352771852163,6.607352771852163
2026-09-16 03:45:48,health,41.866,45.494456293300615,44.7862,-3.6284562933006157,3.6284562933006157
2026-09-16 03:45:49,health,36.4996,45.85421521567009,44.8092,-9.354615215670087,9.354615215670087
2026-09-16 03:45:50,health,38.5708,45.6804990730458,45.6564,-7.109699073045803,7.109699073045803
2026-09-16 03:45:51,health,38.3838,44.019274539612596,36.4343,-5.635474539612595,5.635474539612595
2026-09-16 03:45:52,health,39.4062,44.94672873662492,43.6222,-5.540528736624921,5.540528736624921
2026-09-16 03:45:53,health,38.3881,44.17358581740789,40.0363,-5.7854858174078885,5.7854858174078885
2026-09-16 03:45:54,health,38.5074,44.66748028736123,43.179,-6.160080287361232,6.160080287361232
2026-09-16 03:45:55,health,40.1409,44.22456500380146,41.7517,-4.083665003801457,4.083665003801457
2026-09-16 03:45:56,health,38.5408,44.44034448447767,40.848,-5.899544484477673,5.899544484477673
2026-09-16 03:45:57,health,42.3441,43.46716656361093,39.5402,-1.1230665636109336,1.1230665636109336
2026-09-16 03:45:58,health,38.7357,43.90354455596068,41.866,-5.167844555960677,5.167844555960677
2026-09-16 03:45:59,health,37.1584,42.02187869173273,36.4996,-4.86347869173273,4.86347869173273
2026-09-16 03:46:00,health,42.7281,42.45965347070234,38.5708,0.26844652929765545,0.26844652929765545
2026-09-16 03:46:01,health,40.9411,41.92289534600157,38.3838,-0.9817953460015687,0.9817953460015687
2026-09-16 03:46:02,health,38.4818,41.487249369526864,39.4062,-3.0054493695268647,3.0054493695268647
2026-09-16 03:46:03,health,36.8065,41.425235715342424,38.3881,-4.618735715342424,4.618735715342424
2026-09-16 03:46:04,health,40.4242,41.69860727253844,38.5074,-1.2744072725384399,1.2744072725384399
2026-09-16 03:46:05,health,43.9062,42.512696200801095,40.1409,1.3935037991989034,1.3935037991989034
2026-09-16 03:46:06,health,38.3483,41.342315743084434,38.5408,-2.9940157430844323,2.9940157430844323
2026-09-16 03:46:07,health,36.2966,42.147871065728864,42.3441,-5.8512710657288665,5.8512710657288665
2026-09-16 03:46:08,health,32.0868,41.24300710138726,38.7357,-9.156207101387267,9.156207101387267
2026-09-16 03:46:09,health,38.8294,41.2223764455972,37.1584,-2.392976445597199,2.392976445597199
2026-09-16 03:46:10,health,35.6973,42.36016828421444,42.7281,-6.66286828421444,6.66286828421444
2026-09-16 03:46:11,health,44.1536,42.857007561532534,40.9411,1.2965924384674636,1.2965924384674636
2026-09-16 03:46:12,health,38.4727,41.29789433763617,38.4818,-2.8251943376361695,2.8251943376361695
2026-09-16 03:46:13,health,42.139,40.80268910156053,36.8065,1.3363108984394714,1.3363108984394714
2026-09-16 03:46:14,health,41.6119,41.979664429054694,40.4242,-0.3677644290546951,0.3677644290546951
2026-09-16 03:46:15,health,32.7876,41.167445090828465,43.9062,-8.379845090828468,8.379845090828468
2026-09-16 03:46:16,health,38.7904,41.086015504297144,38.3483,-2.295615504297146,2.295615504297146
2026-09-16 03:46:17,health,37.0133,40.84275223472418,36.2966,-3.8294522347241795,3.8294522347241795
2026-09-16 03:46:18,health,37.9108,39.42045159966361,32.0868,-1.5096515996636057,1.5096515996636057
2026-09-16 03:46:19,health,38.4803,40.69991173927888,38.8294,-2.219611739278882,2.219611739278882
2026-09-16 03:46:20,health,38.2146,39.27676857472471,35.6973,-1.0621685747247156,1.0621685747247156
2026-09-16 03:46:21,health,33.1768,40.54361497066941,44.1536,-7.3668149706694095,7.3668149706694095
2026-09-16 03:46:22,health,34.8632,40.746983105238186,38.4727,-5.883783105238187,5.883783105238187
2026-09-16 03:46:23,health,38.8053,41.095797810964676,42.139,-2.2904978109646734,2.2904978109646734
2026-09-16 03:46:24,health,36.4791,41.487176107798,41.6119,-5.008076107797997,5.008076107797997
2026-09-16 03:46:25,health,36.2977,40.646348544948275,32.7876,-4.348648544948276,4.348648544948276
2026-09-16 03:46:26,health,38.6815,40.91121374779235,38.7904,-2.2297137477923528,2.2297137477923528
2026-09-16 03:46:27,health,36.2845,40.23644841514752,37.0133,-3.9519484151475197,3.9519484151475197
2026-09-16 03:46:28,health,34.0489,40.50869758364416,37.9108,-6.4597975836441535,6.4597975836441535
2026-09-16 03:46:29,health,35.9161,40.68545407427886,38.4803,-4.7693540742788585,4.7693540742788585
2026-09-16 03:46:30,health,34.5006,40.467753001423816,38.2146,-5.967153001423817,5.967153001423817
2026-09-16 03:46:31,health,37.6128,39.56312941246551,33.1768,-1.950329412465507,1.950329412465507
2026-09-16 03:46:32,health,37.3561,38.737112727274415,34.8632,-1.3810127272744168,1.3810127272744168
2026-09-16 03:46:33,health,38.073,39.32925296223149,38.8053,-1.2562529622314926,1.2562529622314926
2026-09-16 03:46:34,health,35.7093,39.07463132505651,36.4791,-3.365331325056509,3.365331325056509
2026-09-16 03:46:35,health,35.4529,38.51975372020273,36.2977,-3.0668537202027295,3.0668537202027295
2026-09-16 03:46:36,health,35.6537,39.4394424086279,38.6815,-3.785742408627897,3.785742408627897
2026-09-16 03:46:37,health,39.3771,39.811119001742874,36.2845,-0.43401900174287533,0.43401900174287533
2026-09-16 03:46:38,health,37.7678,38.293299258251395,34.0489,-0.5254992582513935,0.5254992582513935
2026-09-16 03:46:39,health,35.8047,38.57132074762168,35.9161,-2.7666207476216798,2.7666207476216798
2026-09-16 03:46:40,health,32.0201,38.45189839182723,34.5006,-6.431798391827229,6.431798391827229
2026-09-16 03:46:41,health,37.405,38.35240762360858,37.6128,-0.9474076236085764,0.9474076236085764
2026-09-16 03:46:42,health,36.1396,38.18603588994701,37.3561,-2.0464358899470056,2.0464358899470056
2026-09-16 03:46:43,health,38.1957,39.173196533543006,38.073,-0.9774965335430039,0.9774965335430039
2026-09-16 03:46:44,health,31.903,38.41873332157837,35.7093,-6.515733321578374,6.515733321578374
2026-09-16 03:46:45,health,36.999,38.44538069715061,35.4529,-1.4463806971506088,1.4463806971506088
2026-09-16 03:46:46,health,36.1939,37.73766962566754,35.6537,-1.5437696256675437,1.5437696256675437
2026-09-16 03:46:47,health,37.0192,39.1035926113857,39.3771,-2.0843926113857023,2.0843926113857023
2026-09-16 03:46:48,health,35.1844,38.9406036985456,37.7678,-3.7562036985456047,3.7562036985456047
2026-09-16 03:46:49,health,37.1404,38.2468160950138,35.8047,-1.106416095013799,1.106416095013799
2026-09-16 03:46:50,health,35.8198,37.34450097951522,32.0201,-1.5247009795152167,1.5247009795152167
2026-09-16 03:46:51,health,34.2429,39.00410888891968,37.405,-4.761208888919683,4.761208888919683
2026-09-16 03:46:52,health,35.8409,38.55139117912502,36.1396,-2.7104911791250217,2.7104911791250217
2026-09-16 03:46:53,health,38.829,38.10379456367,38.1957,0.7252054363300005,0.7252054363300005
2026-09-16 03:46:54,health,36.1758,37.77424095997007,31.903,-1.5984409599700697,1.5984409599700697
2026-09-16 03:46:55,health,33.3865,38.27207304190252,36.999,-4.885573041902525,4.885573041902525
2026-09-16 03:46:56,health,37.9853,37.73893067641048,36.1939,0.24636932358951924,0.24636932358951924
2026-09-16 03:46:57,health,38.2018,38.32025490688272,37.0192,-0.11845490688271809,0.11845490688271809
2026-09-16 03:46:58,health,39.0646,38.08257991008833,35.1844,0.9820200899116713,0.9820200899116713
2026-09-16 03:46:59,health,33.4473,38.486429544687375,37.1404,-5.039129544687377,5.039129544687377
2026-09-16 03:47:00,health,39.8008,38.543947770747366,35.8198,1.2568522292526367,1.2568522292526367
2026-09-16 03:47:01,health,34.457,37.5758738357658,34.2429,-3.118873835765797,3.118873835765797
2026-09-16 03:47:02,health,36.473,38.10687707202336,35.8409,-1.6338770720233597,1.6338770720233597
2026-09-16 03:47:03,health,36.2362,38.80626717147603,38.829,-2.5700671714760333,2.5700671714760333
2026-09-16 03:47:04,health,36.3822,38.28321148513079,36.1758,-1.9010114851307947,1.9010114851307947
2026-09-16 03:47:05,health,38.9068,37.741945215211686,33.3865,1.1648547847883108,1.1648547847883108
2026-09-16 03:47:06,health,35.4229,38.308117962782276,37.9853,-2.885217962782278,2.885217962782278
2026-09-16 03:47:07,health,40.4589,38.71425437383944,38.2018,1.7446456261605618,1.7446456261605618
2026-09-16 03:47:08,health,41.2692,39.05153300052219,39.0646,2.2176669994778067,2.2176669994778067
2026-09-16 03:47:09,health,35.3429,37.733383525959276,33.4473,-2.390483525959276,2.390483525959276
2026-09-16 03:47:10,health,36.8243,39.163233677666895,39.8008,-2.338933677666894,2.338933677666894
2026-09-16 03:47:11,health,37.7059,38.17007262217561,34.457,-0.46417262217561017,0.46417262217561017
2026-09-16 03:47:12,health,40.1683,38.74505806725606,36.473,1.4232419327439416,1.4232419327439416
2026-09-16 03:47:13,health,40.1975,38.110723260540524,36.2362,2.0867767394594736,2.0867767394594736
2026-09-16 03:47:14,health,35.3614,38.888594322243385,36.3822,-3.527194322243382,3.527194322243382
2026-09-16 03:47:15,health,42.4581,38.69979991600801,38.9068,3.7583000839919904,3.7583000839919904
2026-09-16 03:47:16,health,41.8109,38.11293202797011,35.4229,3.697967972029886,3.697967972029886
2026-09-16 03:47:17,health,41.7247,39.105263778178,40.4589,2.6194362218219993,2.6194362218219993
2026-09-16 03:47:18,health,38.8915,39.520724312346054,41.2692,-0.6292243123460537,0.6292243123460537
2026-09-16 03:47:19,health,36.6458,39.100791275465035,35.3429,-2.4549912754650336,2.4549912754650336
2026-09-16 03:47:20,health,42.6245,39.20458048700215,36.8243,3.4199195129978506,3.4199195129978506
2026-09-16 03:47:21,health,39.6664,39.707662994323364,37.7059,-0.04126299432336111,0.04126299432336111
2026-09-16 03:47:22,health,40.4803,40.1125412137913,40.1683,0.3677587862086966,0.3677587862086966
2026-09-16 03:47:23,health,41.5251,40.141840618710056,40.1975,1.383259381289946,1.383259381289946
2026-09-16 03:47:24,health,35.4427,39.34864253569739,35.3614,-3.9059425356973847,3.9059425356973847
2026-09-16 03:47:25,health,44.0039,40.29720145978734,42.4581,3.7066985402126633,3.7066985402126633
2026-09-16 03:47:26,health,33.1452,40.50040035041731,41.8109,-7.355200350417306,7.355200350417306
2026-09-16 03:47:27,health,37.2111,41.72454959565148,41.7247,-4.51344959565148,4.51344959565148
2026-09-16 03:47:28,health,42.6004,40.145926233774645,38.8915,2.4544737662253553,2.4544737662253553
2026-09-16 03:47:29,health,39.4715,39.971112725094876,36.6458,-0.4996127250948774,0.4996127250948774
2026-09-16 03:47:30,health,38.393,41.10306279887504,42.6245,-2.710062798875036,2.710062798875036
2026-09-16 03:47:31,health,37.342,41.17575887582171,39.6664,-3.833758875821708,3.833758875821708
2026-09-16 03:47:32,health,39.6342,41.402330190831044,40.4803,-1.7681301908310445,1.7681301908310445
2026-09-16 03:47:33,health,39.7844,41.60209502979375,41.5251,-1.8176950297937537,1.8176950297937537
2026-09-16 03:47:34,health,39.3138,40.49650909327013,35.4427,-1.1827090932701267,1.1827090932701267
2026-09-16 03:47:35,health,38.2113,41.51156899455174,44.0039,-3.300268994551736,3.300268994551736
2026-09-16 03:47:36,health,36.2728,41.54355046261326,33.1452,-5.270750462613265,5.270750462613265
2026-09-16 03:47:37,health,37.1225,40.42484466845317,37.2111,-3.3023446684531663,3.3023446684531663
2026-09-16 03:47:38,health,41.0761,41.23537703921656,42.6004,-0.1592770392165619,0.1592770392165619
2026-09-16 03:47:39,health,40.545,41.64947853708504,39.4715,-1.1044785370850363,1.1044785370850363
2026-09-16 03:47:40,health,41.9802,41.11978141775639,38.393,0.8604185822436108,0.8604185822436108
2026-09-16 03:47:41,health,44.0556,40.838160889732016,37.342,3.217439110267982,3.217439110267982
2026-09-16 03:47:42,health,39.5961,41.65696207283769,39.6342,-2.0608620728376934,2.0608620728376934
2026-09-16 03:47:43,health,37.4396,40.87458615717316,39.7844,-3.4349861571731637,3.4349861571731637
2026-09-16 03:47:44,health,40.6807,41.13053675972608,39.3138,-0.4498367597260753,0.4498367597260753
2026-09-16 03:47:45,health,40.6177,40.68878706005718,38.2113,-0.0710870600571809,0.0710870600571809
2026-09-16 03:47:46,health,41.3255,40.12240332628238,36.2728,1.2030966737176172,1.2030966737176172
2026-09-16 03:47:47,health,38.5594,40.21200516862572,37.1225,-1.6526051686257262,1.6526051686257262
2026-09-16 03:47:48,health,38.1389,40.411329213472044,41.0761,-2.2724292134720443,2.2724292134720443
2026-09-16 03:47:49,health,37.7766,40.941342663268095,40.545,-3.1647426632680933,3.1647426632680933
2026-09-16 03:47:50,health,43.0221,41.81978535137892,41.9802,1.2023146486210834,1.2023146486210834
2026-09-16 03:47:51,health,38.9132,42.08919192227077,44.0556,-3.175991922270768,3.175991922270768
2026-09-16 03:47:52,health,42.1033,42.33553729809564,39.5961,-0.2322372980956402,0.2322372980956402
2026-09-16 03:47:53,health,43.6595,40.93309838997999,37.4396,2.7264016100200124,2.7264016100200124
2026-09-16 03:47:54,health,38.4541,41.37391708735556,40.6807,-2.919817087355561,2.919817087355561
2026-09-16 03:47:55,health,44.3946,41.25434967650941,40.6177,3.1402503234905836,3.1402503234905836
2026-09-16 03:47:56,health,41.4853,41.994504359756824,41.3255,-0.5092043597568221,0.5092043597568221
2026-09-16 03:47:57,health,40.3773,41.753425043990894,38.5594,-1.3761250439908963,1.3761250439908963
2026-09-16 03:47:58,health,40.3285,41.61474348846104,38.1389,-1.2862434884610394,1.2862434884610394
2026-09-16 03:47:59,health,39.4952,41.022949143015225,37.7766,-1.5277491430152281,1.5277491430152281
2026-09-16 03:48:00,health,37.4597,42.145129624102786,43.0221,-4.685429624102788,4.685429624102788
2026-09-16 03:48:01,health,37.7826,40.88121595626651,38.9132,-3.0986159562665065,3.0986159562665065
2026-09-16 03:48:02,health,39.7285,42.018721807012795,42.1033,-2.2902218070127986,2.2902218070127986
2026-09-16 03:48:03,health,38.6735,42.28158218675779,43.6595,-3.608082186757791,3.608082186757791
2026-09-16 03:48:04,health,37.4618,41.263378064338205,38.4541,-3.8015780643382087,3.8015780643382087
2026-09-16 03:48:05,health,41.2492,42.56636933385553,44.3946,-1.3171693338555315,1.3171693338555315
2026-09-16 03:48:06,health,40.6729,43.87296030009835,41.4853,-3.2000603000983503,3.2000603000983503
2026-09-16 03:48:07,health,36.8712,42.95783769478644,40.3773,-6.08663769478644,6.08663769478644
2026-09-16 03:48:08,health,38.4319,42.93392549707149,40.3285,-4.502025497071493,4.502025497071493
2026-09-16 03:48:09,health,39.3971,43.0908030417845,39.4952,-3.693703041784495,3.693703041784495
2026-09-16 03:48:10,health,38.6929,41.91008459837624,37.4597,-3.2171845983762353,3.2171845983762353
2026-09-16 03:48:11,health,37.3606,40.99518199770971,37.7826,-3.6345819977097094,3.6345819977097094
2026-09-16 03:48:12,health,39.1314,42.098357874778095,39.7285,-2.966957874778096,2.966957874778096
2026-09-16 03:48:13,health,34.0137,41.45903702412639,38.6735,-7.445337024126388,7.445337024126388
2026-09-16 03:48:14,health,37.5239,40.575561789571175,37.4618,-3.0516617895711775,3.0516617895711775
2026-09-16 03:48:15,health,38.7042,41.51744536401312,41.2492,-2.8132453640131203,2.8132453640131203
2026-09-16 03:48:16,health,33.7396,42.14212157434708,40.6729,-8.402521574347077,8.402521574347077
2026-09-16 03:48:17,health,34.9285,40.98846204979729,36.8712,-6.059962049797292,6.059962049797292
2026-09-16 03:48:18,health,34.7281,40.956502995024984,38.4319,-6.228402995024986,6.228402995024986
2026-09-16 03:48:19,health,37.6765,42.41636622472154,39.3971,-4.7398662247215455,4.7398662247215455
2026-09-16 03:48:20,health,35.318,41.317104738323756,38.6929,-5.999104738323759,5.999104738323759
2026-09-16 03:48:21,health,40.8764,41.03115085170801,37.3606,-0.15475085170801606,0.15475085170801606
2026-09-16 03:48:22,health,37.2445,41.24378855760786,39.1314,-3.999288557607855,3.999288557607855
2026-09-16 03:48:23,health,36.4668,41.463477702566905,34.0137,-4.996677702566906,4.996677702566906
2026-09-16 03:48:24,health,32.4437,39.52938563338088,37.5239,-7.0856856333808835,7.0856856333808835
2026-09-16 03:48:25,health,37.5376,40.55880745134784,38.7042,-3.0212074513478413,3.0212074513478413
2026-09-16 03:48:26,health,40.1052,39.376799617000685,33.7396,0.7284003829993182,0.7284003829993182
2026-09-16 03:48:27,health,38.6454,39.074285221437364,34.9285,-0.42888522143736196,0.42888522143736196
2026-09-16 03:48:28,health,38.8246,38.21946475644825,34.7281,0.6051352435517501,0.6051352435517501
2026-09-16 03:48:29,health,37.3716,38.973129884785145,37.6765,-1.601529884785144,1.601529884785144
2026-09-16 03:48:30,health,39.8989,38.59838398714313,35.318,1.3005160128568676,1.3005160128568676
2026-09-16 03:48:31,health,37.0406,39.70637641905596,40.8764,-2.665776419055959,2.665776419055959
2026-09-16 03:48:32,health,40.4072,39.206564253756746,37.2445,1.2006357462432575,1.2006357462432575
2026-09-16 03:48:33,health,36.173,39.994845263428815,36.4668,-3.8218452634288127,3.8218452634288127
2026-09-16 03:48:34,health,38.0478,38.062260228256186,32.4437,-0.014460228256183427,0.014460228256183427
2026-09-16 03:48:35,health,37.254,39.262914120311194,37.5376,-2.0089141203111964,2.0089141203111964
2026-09-16 03:48:36,health,39.9634,39.35042102684258,40.1052,0.6129789731574178,0.6129789731574178
2026-09-16 03:48:37,health,41.8636,39.89771046100838,38.6454,1.9658895389916182,1.9658895389916182
2026-09-16 03:48:38,health,42.9045,39.393130000204366,38.8246,3.511369999795633,3.511369999795633
2026-09-16 03:48:39,health,41.0117,39.82507454882132,37.3716,1.1866254511786778,1.1866254511786778
2026-09-16 03:48:40,health,42.6697,40.1247626020269,39.8989,2.5449373979731007,2.5449373979731007
2026-09-16 03:48:41,health,42.8778,39.88583925366758,37.0406,2.991960746332424,2.991960746332424
2026-09-16 03:48:42,health,42.356,39.88741552180906,40.4072,2.468584478190941,2.468584478190941
2026-09-16 03:48:43,health,42.1653,39.037863886630106,36.173,3.127436113369896,3.127436113369896
2026-09-16 03:48:44,health,42.7854,39.73702619583554,38.0478,3.048373804164463,3.048373804164463
2026-09-16 03:48:45,health,41.727,39.334486279583956,37.254,2.3925137204160407,2.3925137204160407
2026-09-16 03:48:46,health,42.0948,40.04625174491814,39.9634,2.0485482550818617,2.0485482550818617
2026-09-16 03:48:47,health,39.7411,40.487193464995734,41.8636,-0.7460934649957309,0.7460934649957309
2026-09-16 03:48:48,health,40.1591,41.17801386925299,42.9045,-1.0189138692529909,1.0189138692529909
2026-09-16 03:48:49,health,39.0962,41.25371503961274,41.0117,-2.15751503961274,2.15751503961274
2026-09-16 03:48:50,health,37.5952,41.42626679168101,42.6697,-3.8310667916810104,3.8310667916810104
2026-09-16 03:48:51,health,38.2985,42.18908490835444,42.8778,-3.890584908354441,3.890584908354441
2026-09-16 03:48:52,health,41.0961,41.978208781518006,42.356,-0.8821087815180064,0.8821087815180064
2026-09-16 03:48:53,health,39.4027,42.5338983498448,42.1653,-3.1311983498447944,3.1311983498447944
2026-09-16 03:48:54,health,39.8429,43.33731448665909,42.7854,-3.494414486659089,3.494414486659089
2026-09-16 03:48:55,health,35.5332,42.878672431500156,41.727,-7.345472431500156,7.345472431500156
2026-09-16 03:48:56,health,42.4548,42.58776633644655,42.0948,-0.13296633644655032,0.13296633644655032
2026-09-16 03:48:57,health,40.7564,42.5051987464745,39.7411,-1.748798746474499,1.748798746474499
2026-09-16 03:48:58,health,36.9143,42.84136849837256,40.1591,-5.927068498372563,5.927068498372563
2026-09-16 03:48:59,health,39.53,42.46727735475285,39.0962,-2.937277354752851,2.937277354752851
2026-09-16 03:49:00,health,38.1377,41.537768744870945,37.5952,-3.400068744870943,3.400068744870943
2026-09-16 03:49:01,health,41.0769,41.163302568522056,38.2985,-0.08640256852205397,0.08640256852205397
2026-09-16 03:49:02,health,37.2683,41.759215548773454,41.0961,-4.490915548773451,4.490915548773451
2026-09-16 03:49:03,health,44.7734,41.66948950666895,39.4027,3.1039104933310497,3.1039104933310497
2026-09-16 03:49:04,health,42.6211,42.104836004892505,39.8429,0.5162639951074937,0.5162639951074937
2026-09-16 03:49:05,health,39.7063,41.51421662546328,35.5332,-1.8079166254632781,1.8079166254632781
2026-09-16 03:49:06,health,43.2907,41.95505095453952,42.4548,1.3356490454604781,1.3356490454604781
2026-09-16 03:49:07,health,36.1265,41.90580612131402,40.7564,-5.779306121314022,5.779306121314022
2026-09-16 03:49:08,health,36.5204,41.09047969293026,36.9143,-4.570079692930257,4.570079692930257
2026-09-16 03:49:09,health,34.656,41.710246297462255,39.53,-7.054246297462257,7.054246297462257
2026-09-16 03:49:10,health,38.4789,42.07412716382146,38.1377,-3.5952271638214555,3.5952271638214555
2026-09-16 03:49:11,health,34.1654,41.10748370259553,41.0769,-6.942083702595532,6.942083702595532
2026-09-16 03:49:12,health,35.7343,41.13427500496726,37.2683,-5.39997500496726,5.39997500496726
2026-09-16 03:49:13,health,37.2503,42.26862009074381,44.7734,-5.018320090743806,5.018320090743806
2026-09-16 03:49:14,health,36.3264,42.80517167180062,42.6211,-6.478771671800622,6.478771671800622
2026-09-16 03:49:15,health,36.318,42.31661454040949,39.7063,-5.998614540409491,5.998614540409491
2026-09-16 03:49:16,health,36.8237,42.596575569989746,43.2907,-5.772875569989743,5.772875569989743
2026-09-16 03:49:17,health,36.1954,40.768941935333224,36.1265,-4.573541935333225,4.573541935333225
2026-09-16 03:49:18,health,39.7044,40.86099694067263,36.5204,-1.1565969406726282,1.1565969406726282
2026-09-16 03:49:19,health,41.074,41.13011918596713,34.656,-0.056119185967133944,0.056119185967133944
2026-09-16 03:49:20,health,40.8216,40.56436388407078,38.4789,0.25723611592921714,0.25723611592921714
2026-09-16 03:49:21,health,39.5613,40.28502180019735,34.1654,-0.723721800197346,0.723721800197346
2026-09-16 03:49:22,health,41.8366,39.14507262157307,35.7343,2.691527378426926,2.691527378426926
2026-09-16 03:49:23,health,35.3709,39.80760351669702,37.2503,-4.436703516697023,4.436703516697023
2026-09-16 03:49:24,health,37.9877,39.471339139233535,36.3264,-1.4836391392335386,1.4836391392335386
2026-09-16 03:49:25,health,37.8845,39.432209880182,36.318,-1.5477098801819977,1.5477098801819977
2026-09-16 03:49:26,health,40.9332,39.61411962555135,36.8237,1.319080374448646,1.319080374448646
2026-09-16 03:49:27,health,47.0346,39.14110646501891,36.1954,7.89349353498109,7.89349353498109
2026-09-16 03:49:28,health,40.6223,40.49461661860597,39.7044,0.12768338139403568,0.12768338139403568
2026-09-16 03:49:29,health,39.1719,40.6559530884211,41.074,-1.4840530884210992,1.4840530884210992
2026-09-16 03:49:30,health,38.7137,40.35174457184974,40.8216,-1.6380445718497398,1.6380445718497398
2026-09-16 03:49:31,health,36.4441,40.98178293719019,39.5613,-4.537682937190191,4.537682937190191
2026-09-16 03:49:32,health,40.0872,41.593355962116426,41.8366,-1.5061559621164236,1.5061559621164236
2026-09-16 03:49:33,health,36.7476,39.95579388498724,35.3709,-3.2081938849872387,3.2081938849872387
2026-09-16 03:49:34,health,38.9341,39.90239504253405,37.9877,-0.9682950425340522,0.9682950425340522
2026-09-16 03:49:35,health,42.0419,39.96677258344119,37.8845,2.075127416558807,2.075127416558807
2026-09-16 03:49:36,health,40.8257,39.86369545440531,40.9332,0.962004545594688,0.962004545594688
2026-09-16 03:49:37,health,40.8541,42.83587666976142,47.0346,-1.981776669761416,1.981776669761416
2026-09-16 03:49:38,health,40.028,41.16894060979325,40.6223,-1.1409406097932546,1.1409406097932546
2026-09-16 03:49:39,health,38.4076,40.73141411892515,39.1719,-2.3238141189251493,2.3238141189251493
2026-09-16 03:49:40,health,38.6063,40.79586183289565,38.7137,-2.189561832895656,2.189561832895656
2026-09-16 03:49:41,health,43.2791,40.62171598717333,36.4441,2.657384012826668,2.657384012826668
2026-09-16 03:49:42,health,44.6842,40.863625567904386,40.0872,3.8205744320956114,3.8205744320956114
2026-09-16 03:49:43,health,39.2471,40.30028351513742,36.7476,-1.0531835151374196,1.0531835151374196
2026-09-16 03:49:44,health,43.6383,40.43415593566103,38.9341,3.204144064338969,3.204144064338969
2026-09-16 03:49:45,health,43.5179,41.57592735091059,42.0419,1.9419726490894078,1.9419726490894078
2026-09-16 03:49:46,health,39.2618,41.27143828820628,40.8257,-2.0096382882062755,2.0096382882062755
2026-09-16 03:49:47,health,42.404,41.69451768959591,40.8541,0.7094823104040913,0.7094823104040913
2026-09-16 03:49:48,health,38.8602,41.87827760825803,40.028,-3.0180776082580323,3.0180776082580323
2026-09-16 03:49:49,health,40.5037,41.75145461875697,38.4076,-1.2477546187569715,1.2477546187569715
2026-09-16 03:49:50,health,40.8108,41.63916846081851,38.6063,-0.8283684608185098,0.8283684608185098
2026-09-16 03:49:51,health,36.356,42.42830263459608,43.2791,-6.0723026345960776,6.0723026345960776
2026-09-16 03:49:52,health,38.3292,42.10029451091452,44.6842,-3.771094510914523,3.771094510914523
2026-09-16 03:49:53,health,38.9693,41.998526310071654,39.2471,-3.0292263100716568,3.0292263100716568
2026-09-16 03:49:54,health,37.7256,43.35963489303206,43.6383,-5.634034893032059,5.634034893032059
2026-09-16 03:49:55,health,46.4646,43.45485696215127,43.5179,3.009743037848729,3.009743037848729
2026-09-16 03:49:56,health,37.3479,42.99865034804678,39.2618,-5.650750348046778,5.650750348046778
2026-09-16 03:49:57,health,44.0639,42.33783626687613,42.404,1.7260637331238655,1.7260637331238655
2026-09-16 03:49:58,health,41.0719,42.679083209851,38.8602,-1.6071832098510015,1.6071832098510015
2026-09-16 03:49:59,health,40.2763,42.30928191390626,40.5037,-2.032981913906262,2.032981913906262
2026-09-16 03:50:00,health,42.1083,41.829915693295014,40.8108,0.2783843067049858,0.2783843067049858
2026-09-16 03:50:01,health,39.4553,41.708460841597336,36.356,-2.253160841597335,2.253160841597335
2026-09-16 03:50:02,health,43.1476,41.09316718155979,38.3292,2.0544328184402048,2.0544328184402048
2026-09-16 03:50:03,health,42.1046,41.20486104056575,38.9693,0.8997389594342451,0.8997389594342451
2026-09-16 03:50:04,health,42.1242,41.666148184519045,37.7256,0.45805181548095675,0.45805181548095675
2026-09-16 03:50:05,health,39.5431,43.32067656150764,46.4646,-3.7775765615076367,3.7775765615076367
2026-09-16 03:50:06,health,39.3518,41.608939568231015,37.3479,-2.2571395682310182,2.2571395682310182
2026-09-16 03:50:07,health,46.1775,42.44609823762964,44.0639,3.7314017623703606,3.7314017623703606
2026-09-16 03:50:08,health,41.6332,42.766883057194754,41.0719,-1.1336830571947516,1.1336830571947516
2026-09-16 03:50:09,health,42.3317,43.12817070867533,40.2763,-0.7964707086753293,0.7964707086753293
2026-09-16 03:50:10,health,46.5911,42.74091230671132,42.1083,3.8501876932886745,3.8501876932886745
2026-09-16 03:50:11,health,41.6701,42.82206866392664,39.4553,-1.1519686639266453,1.1519686639266453
2026-09-16 03:50:12,health,42.3888,43.031629448166356,43.1476,-0.6428294481663528,0.6428294481663528
2026-09-16 03:50:13,health,48.2956,42.47639862188895,42.1046,5.819201378111053,5.819201378111053
2026-09-16 03:50:14,health,44.4688,42.866932532640874,42.1242,1.6018674673591278,1.6018674673591278
2026-09-16 03:50:15,health,45.6016,42.496613321843704,39.5431,3.104986678156294,3.104986678156294
2026-09-16 03:50:16,health,45.424,42.59640639531573,39.3518,2.8275936046842673,2.8275936046842673
2026-09-16 03:50:17,health,45.1101,43.95831015813402,46.1775,1.151789841865984,1.151789841865984
2026-09-16 03:50:18,health,50.5067,43.00514861901573,41.6332,7.501551380984274,7.501551380984274
2026-09-16 03:50:19,health,47.7898,42.73521984982223,42.3317,5.05458015017777,5.05458015017777
2026-09-16 03:50:20,health,43.2302,44.532083749426484,46.5911,-1.30188374942648,1.30188374942648
2026-09-16 03:50:21,health,42.8607,44.82345278257363,41.6701,-1.9627527825736308,1.9627527825736308
2026-09-16 03:50:22,health,41.8766,44.235198845869036,42.3888,-2.3585988458690323,2.3585988458690323
2026-09-16 03:50:23,health,44.911,45.75091930336982,48.2956,-0.8399193033698182,0.8399193033698182
2026-09-16 03:50:24,health,43.381,44.93802369010548,44.4688,-1.5570236901054813,1.5570236901054813
2026-09-16 03:50:25,health,44.0711,44.96677431102947,45.6016,-0.8956743110294667,0.8956743110294667
2026-09-16 03:50:26,health,48.5378,45.673378634720514,45.424,2.864421365279483,2.864421365279483
2026-09-16 03:50:27,health,45.8683,45.73448483858683,45.1101,0.13381516141316752,0.13381516141316752
2026-09-16 03:50:28,health,41.6447,48.27942412076135,50.5067,-6.634724120761348,6.634724120761348
2026-09-16 03:50:29,health,44.6699,47.48275004099187,47.7898,-2.8128500409918686,2.8128500409918686
2026-09-16 03:50:30,health,44.5169,46.244694270491486,43.2302,-1.7277942704914864,1.7277942704914864
2026-09-16 03:50:31,health,49.9311,45.57462818191908,42.8607,4.356471818080919,4.356471818080919
2026-09-16 03:50:32,health,43.2637,45.75769430664781,41.8766,-2.4939943066478065,2.4939943066478065
2026-09-16 03:50:33,health,44.7423,46.23051417885018,44.911,-1.4882141788501784,1.4882141788501784
2026-09-16 03:50:34,health,42.6282,45.55479847574634,43.381,-2.9265984757463386,2.9265984757463386
2026-09-16 03:50:35,health,48.4513,45.57121049435037,44.0711,2.880089505649636,2.880089505649636
2026-09-16 03:50:36,health,45.12,46.611683142715,48.5378,-1.4916831427150044,1.4916831427150044
2026-09-16 03:50:37,health,46.0127,47.1185565914604,45.8683,-1.1058565914603946,1.1058565914603946
2026-09-16 03:50:38,health,48.1282,46.09855669213023,41.6447,2.029643307869769,2.029643307869769
2026-09-16 03:50:39,health,49.8772,46.840318750207274,44.6699,3.036881249792728,3.036881249792728
2026-09-16 03:50:40,health,50.4573,46.794585453527795,44.5169,3.662714546472202,3.662714546472202
2026-09-16 03:50:41,health,44.7042,47.39725600543602,49.9311,-2.69305600543602,2.69305600543602
2026-09-16 03:50:42,health,50.7089,46.369678733938045,43.2637,4.339221266061955,4.339221266061955
2026-09-16 03:50:43,health,43.8948,47.13840644844225,44.7423,-3.24360644844225,3.24360644844225
2026-09-16 03:50:44,health,47.3314,45.968469193828746,42.6282,1.3629308061712564,1.3629308061712564
2026-09-16 03:50:45,health,48.0992,47.19207058479289,48.4513,0.9071294152071161,0.9071294152071161
2026-09-16 03:50:46,health,50.3245,46.90252779676046,45.12,3.421972203239541,3.421972203239541
2026-09-16 03:50:47,health,48.8505,46.99525378125453,46.0127,1.8552462187454637,1.8552462187454637
2026-09-16 03:50:48,health,50.0478,47.74330674650186,48.1282,2.304493253498144,2.304493253498144
2026-09-16 03:50:49,health,52.4402,47.93819816223467,49.8772,4.502001837765327,4.502001837765327
2026-09-16 03:50:50,health,52.286,48.96653720882953,50.4573,3.319462791170473,3.319462791170473
2026-09-16 03:50:51,health,48.9517,47.8497124831677,44.7042,1.1019875168323026,1.1019875168323026
2026-09-16 03:50:52,health,43.4884,49.4049234725521,50.7089,-5.9165234725521,5.9165234725521
2026-09-16 03:50:53,health,48.1743,47.305860431412455,43.8948,0.8684395685875472,0.8684395685875472
2026-09-16 03:50:54,health,49.511,47.97842621163594,47.3314,1.5325737883640613,1.5325737883640613
2026-09-16 03:50:55,health,47.669,47.977421881745116,48.0992,-0.30842188174511875,0.30842188174511875
2026-09-16 03:50:56,health,47.4435,48.86444829717474,50.3245,-1.4209482971747391,1.4209482971747391
2026-09-16 03:50:57,health,48.6696,48.36073768413078,48.8505,0.3088623158692201,0.3088623158692201
2026-09-16 03:50:58,health,46.2578,49.467671199802815,50.0478,-3.209871199802812,3.209871199802812
2026-09-16 03:50:59,health,46.5342,50.581549998518426,52.4402,-4.047349998518428,4.047349998518428
2026-09-16 03:51:00,health,49.0196,51.046876932387306,52.286,-2.027276932387309,2.027276932387309
2026-09-16 03:51:01,health,52.5793,50.383764187202296,48.9517,2.195535812797708,2.195535812797708
2026-09-16 03:51:02,health,53.7205,49.90535429099724,43.4884,3.8151457090027634,3.8151457090027634
2026-09-16 03:51:03,health,45.8468,49.71229750395544,48.1743,-3.8654975039554387,3.8654975039554387
2026-09-16 03:51:04,health,41.8468,49.95270936213259,49.511,-8.105909362132586,8.105909362132586
2026-09-16 03:51:05,health,45.5769,49.25404375202288,47.669,-3.6771437520228787,3.6771437520228787
2026-09-16 03:51:06,health,41.6179,49.37435530576445,47.4435,-7.7564553057644545,7.7564553057644545
2026-09-16 03:51:07,health,46.5565,50.2498304999366,48.6696,-3.6933304999366,3.6933304999366
2026-09-16 03:51:08,health,38.5695,49.12674046792522,46.2578,-10.557240467925219,10.557240467925219
2026-09-16 03:51:09,health,41.8009,49.24601819823602,46.5342,-7.445118198236024,7.445118198236024
2026-09-16 03:51:10,health,42.2156,49.93886890078108,49.0196,-7.723268900781079,7.723268900781079
2026-09-16 03:51:11,health,43.5298,50.43336720855959,52.5793,-6.903567208559586,6.903567208559586
2026-09-16 03:51:12,health,37.8635,51.61756419283226,53.7205,-13.75406419283226,13.75406419283226
2026-09-16 03:51:13,health,41.9145,50.04274926383088,45.8468,-8.128249263830881,8.128249263830881
2026-09-16 03:51:14,health,40.6042,50.61337920772389,41.8468,-10.00917920772389,10.00917920772389
2026-09-16 03:51:15,health,43.8984,49.75328813735696,45.5769,-5.854888137356959,5.854888137356959
2026-09-16 03:51:16,health,40.309,47.565852037115945,41.6179,-7.256852037115948,7.256852037115948
2026-09-16 03:51:17,health,41.0687,48.708184338113476,46.5565,-7.639484338113476,7.639484338113476
2026-09-16 03:51:18,health,44.0072,45.430399427969,38.5695,-1.4231994279690028,1.4231994279690028
2026-09-16 03:51:19,health,43.7346,46.638384187168995,41.8009,-2.903784187168995,2.903784187168995
2026-09-16 03:51:20,health,45.6671,47.040939903285484,42.2156,-1.3738399032854858,1.3738399032854858
2026-09-16 03:51:21,health,45.4084,47.62345450015574,43.5298,-2.2150545001557376,2.2150545001557376
2026-09-16 03:51:22,health,43.4314,44.32133330688884,37.8635,-0.8899333068888424,0.8899333068888424
2026-09-16 03:51:23,health,41.8683,45.46268234105077,41.9145,-3.5943823410507747,3.5943823410507747
2026-09-16 03:51:24,health,45.564,45.41863427998881,40.6042,0.14536572001119197,0.14536572001119197
2026-09-16 03:51:25,health,46.3981,46.59202346325972,43.8984,-0.19392346325972198,0.19392346325972198
2026-09-16 03:51:26,health,43.2659,44.61938117751074,40.309,-1.3534811775107372,1.3534811775107372
2026-09-16 03:51:27,health,42.7811,45.74496329531245,41.0687,-2.96386329531245,2.96386329531245
2026-09-16 03:51:28,health,43.3214,45.76788216841198,44.0072,-2.4464821684119826,2.4464821684119826
2026-09-16 03:51:29,health,42.6229,46.20614051298671,43.7346,-3.5832405129867055,3.5832405129867055
2026-09-16 03:51:30,health,46.8765,46.004828499189514,45.6671,0.8716715008104856,0.8716715008104856
2026-09-16 03:51:31,health,46.2219,45.72438163150595,45.4084,0.49751836849404896,0.49751836849404896
2026-09-16 03:51:32,health,47.6337,45.461986369919195,43.4314,2.171713630080802,2.171713630080802
2026-09-16 03:51:33,health,43.5291,44.63334348509754,41.8683,-1.104243485097541,1.104243485097541
2026-09-16 03:51:34,health,47.2858,45.733019622434284,45.564,1.5527803775657176,1.5527803775657176
2026-09-16 03:51:35,health,46.0253,45.464387304926234,46.3981,0.5609126950737675,0.5609126950737675
2026-09-16 03:51:36,health,45.7035,44.44322837062805,43.2659,1.2602716293719496,1.2602716293719496
2026-09-16 03:51:37,health,46.7672,44.86667205376315,42.7811,1.9005279462368492,1.9005279462368492
2026-09-16 03:51:38,health,48.018,45.45197168124942,43.3214,2.5660283187505826,2.5660283187505826
2026-09-16 03:51:39,health,47.0372,45.22739375535589,42.6229,1.8098062446441077,1.8098062446441077
2026-09-16 03:51:40,health,46.4476,45.49168886338703,46.8765,0.9559111366129684,0.9559111366129684
2026-09-16 03:51:41,health,52.0556,46.25223542041934,46.2219,5.803364579580659,5.803364579580659
2026-09-16 03:51:42,health,51.7993,46.315837300573975,47.6337,5.483462699426028,5.483462699426028
2026-09-16 03:51:43,health,50.9175,45.88245101324593,43.5291,5.03504898675407,5.03504898675407
2026-09-16 03:51:44,health,49.3928,47.16994242900182,47.2858,2.2228575709981797,2.2228575709981797
2026-09-16 03:51:45,health,46.4849,46.16686125718299,46.0253,0.3180387428170164,0.3180387428170164
2026-09-16 03:51:46,health,46.6236,46.80203222379146,45.7035,-0.17843222379145374,0.17843222379145374
2026-09-16 03:51:47,health,46.7622,46.920899991832194,46.7672,-0.15869999183219363,0.15869999183219363
2026-09-16 03:51:48,health,50.1381,47.874369435482976,48.018,2.263730564517026,2.263730564517026
2026-09-16 03:51:49,health,51.0374,47.37975389690552,47.0372,3.6576461030944785,3.6576461030944785
2026-09-16 03:51:50,health,46.9667,47.571805597599315,46.4476,-0.6051055975993123,0.6051055975993123
2026-09-16 03:51:51,health,48.5506,49.737638016569186,52.0556,-1.1870380165691827,1.1870380165691827
2026-09-16 03:51:52,health,50.0638,49.79232934130482,51.7993,0.27147065869517917,0.27147065869517917
2026-09-16 03:51:53,health,46.9571,50.52281544054855,50.9175,-3.5657154405485514,3.5657154405485514
2026-09-16 03:51:54,health,46.8873,50.0783506583066,49.3928,-3.191050658306594,3.191050658306594
2026-09-16 03:51:55,health,46.8174,49.71267088764614,46.4849,-2.8952708876461415,2.8952708876461415
2026-09-16 03:51:56,health,50.3823,49.43674019063318,46.6236,0.94555980936682,0.94555980936682
2026-09-16 03:51:57,health,48.246,49.47346241793933,46.7622,-1.2274624179393285,1.2274624179393285
2026-09-16 03:51:58,health,48.3734,49.59265499374109,50.1381,-1.219254993741096,1.219254993741096
2026-09-16 03:51:59,health,55.1281,50.47507138371654,51.0374,4.653028616283464,4.653028616283464
2026-09-16 03:52:00,health,49.0218,49.63803424758494,46.9667,-0.6162342475849414,0.6162342475849414
2026-09-16 03:52:01,health,45.9989,50.64784050959064,48.5506,-4.648940509590638,4.648940509590638
2026-09-16 03:52:02,health,51.0592,50.6054267087906,50.0638,0.45377329120939436,0.45377329120939436
2026-09-16 03:52:03,health,49.6133,49.5884469827083,46.9571,0.024853017291704305,0.024853017291704305
2026-09-16 03:52:04,health,46.6865,49.35064662681019,46.8873,-2.6641466268101865,2.6641466268101865
2026-09-16 03:52:05,health,51.3066,49.24610654616475,46.8174,2.0604934538352566,2.0604934538352566
2026-09-16 03:52:06,health,47.589,50.65653859289915,50.3823,-3.0675385928991545,3.0675385928991545
2026-09-16 03:52:07,health,46.113,50.17339412750297,48.246,-4.060394127502967,4.060394127502967
2026-09-16 03:52:08,health,52.7198,50.6470278687627,48.3734,2.0727721312373006,2.0727721312373006
2026-09-16 03:52:09,health,49.5177,52.687196389036394,55.1281,-3.1694963890363965,3.1694963890363965
2026-09-16 03:52:10,health,50.9273,51.73666573748943,49.0218,-0.8093657374894292,0.8093657374894292
2026-09-16 03:52:11,health,49.7163,50.38206458746506,45.9989,-0.6657645874650626,0.6657645874650626
2026-09-16 03:52:12,health,45.6226,51.3057293194434,51.0592,-5.6831293194434025,5.6831293194434025
2026-09-16 03:52:13,health,51.9884,51.119937706966,49.6133,0.8684622930339998,0.8684622930339998
2026-09-16 03:52:14,health,52.3339,49.82286315687969,46.6865,2.5110368431203085,2.5110368431203085
2026-09-16 03:52:15,health,50.3745,51.23153077338101,51.3066,-0.8570307733810125,0.8570307733810125
2026-09-16 03:52:16,health,49.6783,50.40829420520015,47.589,-0.7299942052001498,0.7299942052001498
2026-09-16 03:52:17,health,49.0006,50.1859860485967,46.113,-1.1853860485967047,1.1853860485967047
2026-09-16 03:52:18,health,47.9084,51.041175285934436,52.7198,-3.1327752859344358,3.1327752859344358
2026-09-16 03:52:19,health,49.8827,50.84790875990336,49.5177,-0.9652087599033621,0.9652087599033621
2026-09-16 03:52:20,health,47.3185,50.78227334376708,50.9273,-3.4637733437670803,3.4637733437670803
2026-09-16 03:52:21,health,47.8988,51.25970543541072,49.7163,-3.3609054354107215,3.3609054354107215
2026-09-16 03:52:22,health,47.1666,50.032058104780404,45.6226,-2.8654581047804015,2.8654581047804015
2026-09-16 03:52:23,health,51.7936,51.22570765367079,51.9884,0.5678923463292094,0.5678923463292094
2026-09-16 03:52:24,health,47.9145,52.130648430250666,52.3339,-4.216148430250669,4.216148430250669
2026-09-16 03:52:25,health,45.4322,51.52972055456182,50.3745,-6.097520554561818,6.097520554561818
2026-09-16 03:52:26,health,52.5961,51.228288877272206,49.6783,1.3678111227277938,1.3678111227277938
2026-09-16 03:52:27,health,52.1842,51.90689701964855,49.0006,0.2773029803514504,0.2773029803514504
2026-09-16 03:52:28,health,51.8393,50.697672420839055,47.9084,1.1416275791609465,1.1416275791609465
2026-09-16 03:52:29,health,51.1035,50.93819292672993,49.8827,0.1653070732700641,0.1653070732700641
2026-09-16 03:52:30,health,49.3221,50.58056660894283,47.3185,-1.2584666089428325,1.2584666089428325
2026-09-16 03:52:31,health,51.1568,50.65698187793107,47.8988,0.4998181220689304,0.4998181220689304
2026-09-16 03:52:32,health,51.8447,49.24272297971011,47.1666,2.601977020289894,2.601977020289894
2026-09-16 03:52:33,health,48.5322,51.74416665687982,51.7936,-3.2119666568798166,3.2119666568798166
2026-09-16 03:52:34,health,51.1406,49.9062221222498,47.9145,1.2343778777501981,1.2343778777501981
2026-09-16 03:52:35,health,45.9238,49.643394182544164,45.4322,-3.7195941825441636,3.7195941825441636
2026-09-16 03:52:36,health,51.5044,51.40178810938186,52.5961,0.10261189061813525,0.10261189061813525
2026-09-16 03:52:37,health,48.3275,52.24473950608309,52.1842,-3.9172395060830922,3.9172395060830922
2026-09-16 03:52:38,health,48.7965,51.33347848618574,51.8393,-2.5369784861857383,2.5369784861857383
2026-09-16 03:52:39,health,52.0834,52.12694385598162,51.1035,-0.0435438559816248,0.0435438559816248
2026-09-16 03:52:40,health,54.7588,52.30452302012461,49.3221,2.454276979875388,2.454276979875388
2026-09-16 03:52:41,health,50.4871,51.991411382276226,51.1568,-1.504311382276228,1.504311382276228
2026-09-16 03:52:42,health,52.022,51.875858122161645,51.8447,0.1461418778383532,0.1461418778383532
2026-09-16 03:52:43,health,51.3896,51.111684146008635,48.5322,0.27791585399136665,0.27791585399136665
2026-09-16 03:52:44,health,50.1158,51.599329807044164,51.1406,-1.4835298070441638,1.4835298070441638
2026-09-16 03:52:45,health,48.9495,50.61924401669541,45.9238,-1.669744016695411,1.669744016695411
2026-09-16 03:52:46,health,49.4661,51.36275532540471,51.5044,-1.8966553254047156,1.8966553254047156
2026-09-16 03:52:47,health,52.755,51.02445323282763,48.3275,1.7305467671723704,1.7305467671723704
2026-09-16 03:52:48,health,47.9477,51.126406140491234,48.7965,-3.1787061404912365,3.1787061404912365
2026-09-16 03:52:49,health,48.8001,51.34771500726917,52.0834,-2.5476150072691723,2.5476150072691723
2026-09-16 03:52:50,health,48.5093,52.66034075910094,54.7588,-4.151040759100937,4.151040759100937
2026-09-16 03:52:51,health,48.6327,52.1325757959497,50.4871,-3.4998757959496984,3.4998757959496984
2026-09-16 03:52:52,health,47.0838,52.763210633063515,52.022,-5.679410633063519,5.679410633063519
2026-09-16 03:52:53,health,48.6337,52.92572295463724,51.3896,-4.29202295463724,4.29202295463724
2026-09-16 03:52:54,health,50.78,52.88419050361579,50.1158,-2.10419050361579,2.10419050361579
2026-09-16 03:52:55,health,49.973,52.05646927920294,48.9495,-2.0834692792029443,2.0834692792029443
2026-09-16 03:52:56,health,46.9617,51.997834224634076,49.4661,-5.0361342246340755,5.0361342246340755
2026-09-16 03:52:57,health,51.8056,52.37451674080018,52.755,-0.5689167408001836,0.5689167408001836
2026-09-16 03:52:58,health,57.0318,52.09307557485969,47.9477,4.9387244251403075,4.9387244251403075
2026-09-16 03:52:59,health,47.2769,51.03310108266483,48.8001,-3.7562010826648304,3.7562010826648304
2026-09-16 03:53:00,health,50.2095,50.954174017931805,48.5093,-0.744674017931807,0.744674017931807
2026-09-16 03:53:01,health,48.4517,51.022140763049194,48.6327,-2.5704407630491914,2.5704407630491914
2026-09-16 03:53:02,health,48.57,50.427341369839034,47.0838,-1.857341369839034,1.857341369839034
2026-09-16 03:53:03,health,48.4436,50.910319145534494,48.6337,-2.4667191455344906,2.4667191455344906
2026-09-16 03:53:04,health,46.1522,51.68357367300801,50.78,-5.531373673008012,5.531373673008012
2026-09-16 03:53:05,health,48.9146,52.010232010377,49.973,-3.0956320103770025,3.0956320103770025
2026-09-16 03:53:06,health,50.5278,50.14181144847582,46.9617,0.38598855152417855,0.38598855152417855
2026-09-16 03:53:07,health,45.0423,51.96559704639249,51.8056,-6.923297046392491,6.923297046392491
2026-09-16 03:53:08,health,49.9279,53.86365918867125,57.0318,-3.9357591886712484,3.9357591886712484
2026-09-16 03:53:09,health,51.7331,51.17949621927961,47.2769,0.5536037807203869,0.5536037807203869
2026-09-16 03:53:10,health,49.0492,51.86649464426264,50.2095,-2.8172946442626383,2.8172946442626383
2026-09-16 03:53:11,health,46.4344,51.94518307025006,48.4517,-5.5107830702500635,5.5107830702500635
2026-09-16 03:53:12,health,49.5927,51.69058671990102,48.57,-2.0978867199010196,2.0978867199010196
2026-09-16 03:53:13,health,52.9549,50.74351512406113,48.4436,2.211384875938869,2.211384875938869
2026-09-16 03:53:14,health,49.3574,50.29761859073091,46.1522,-0.9402185907309146,0.9402185907309146
2026-09-16 03:53:15,health,53.4609,50.70421011182013,48.9146,2.7566898881798707,2.7566898881798707
2026-09-16 03:53:16,health,50.1646,51.40589410064476,50.5278,-1.2412941006447582,1.2412941006447582
2026-09-16 03:53:17,health,51.9741,49.099384277990794,45.0423,2.8747157220092063,2.8747157220092063
2026-09-16 03:53:18,health,51.051,51.27546509690293,49.9279,-0.22446509690292515,0.22446509690292515
2026-09-16 03:53:19,health,48.8405,51.376546328768136,51.7331,-2.536046328768137,2.536046328768137
2026-09-16 03:53:20,health,51.8237,51.328739095482085,49.0492,0.4949609045179173,0.4949609045179173
2026-09-16 03:53:21,health,49.8105,50.06652933825607,46.4344,-0.2560293382560701,0.2560293382560701
2026-09-16 03:53:22,health,51.647,51.159489234466974,49.5927,0.48751076553302397,0.48751076553302397
2026-09-16 03:53:23,health,47.2113,51.76479060115888,52.9549,-4.553490601158877,4.553490601158877
2026-09-16 03:53:24,health,50.124,51.238559274289564,49.3574,-1.1145592742895616,1.1145592742895616
2026-09-16 03:53:25,health,50.4841,52.36128535773145,53.4609,-1.8771853577314488,1.8771853577314488
2026-09-16 03:53:26,health,51.401,52.21560890676854,50.1646,-0.8146089067685338,0.8146089067685338
2026-09-16 03:53:27,health,47.1797,51.99766781271052,51.9741,-4.8179678127105205,4.8179678127105205
2026-09-16 03:53:28,health,48.1103,51.865670021719424,51.051,-3.755370021719422,3.755370021719422
2026-09-16 03:53:29,health,48.7733,51.800116349088455,48.8405,-3.026816349088456,3.026816349088456
2026-09-16 03:53:30,health,50.5481,51.799630286438926,51.8237,-1.2515302864389284,1.2515302864389284
2026-09-16 03:53:31,health,48.7212,51.55184323304051,49.8105,-2.8306432330405045,2.8306432330405045
2026-09-16 03:53:32,health,52.1276,51.880750787782816,51.647,0.24684921221718525,0.24684921221718525
2026-09-16 03:53:33,health,51.9987,51.51632867319958,47.2113,0.4823713268004184,0.4823713268004184
2026-09-16 03:53:34,health,51.0298,51.24387429926144,50.124,-0.21407429926144061,0.21407429926144061
2026-09-16 03:53:35,health,51.4069,51.7867182308363,50.4841,-0.3798182308362996,0.3798182308362996
2026-09-16 03:53:36,health,55.0406,52.478001624307836,51.401,2.5625983756921613,2.5625983756921613
2026-09-16 03:53:37,health,51.0206,51.06002384301835,47.1797,-0.03942384301834778,0.03942384301834778
2026-09-16 03:53:38,health,46.1424,51.037539678852966,48.1103,-4.8951396788529635,4.8951396788529635
2026-09-16 03:53:39,health,50.8515,51.0697421188431,48.7733,-0.21824211884310074,0.21824211884310074
2026-09-16 03:53:40,health,50.7225,51.57971520942475,50.5481,-0.8572152094247514,0.8572152094247514
2026-09-16 03:53:41,health,50.1589,51.01194410182033,48.7212,-0.8530441018203305,0.8530441018203305
2026-09-16 03:53:42,health,48.833,51.9776394987668,52.1276,-3.1446394987668,3.1446394987668
2026-09-16 03:53:43,health,48.8623,52.20644324025069,51.9987,-3.3441432402506948,3.3441432402506948
2026-09-16 03:53:44,health,48.5645,52.41195055886604,51.0298,-3.8474505588660364,3.8474505588660364
2026-09-16 03:53:45,health,48.5314,51.8044226816708,51.4069,-3.2730226816708026,3.2730226816708026
2026-09-16 03:53:46,health,49.8209,53.53662285316557,55.0406,-3.715722853165566,3.715722853165566
2026-09-16 03:53:47,health,53.7785,52.73987167516392,51.0206,1.0386283248360826,1.0386283248360826
2026-09-16 03:53:48,health,47.1755,51.76499973527988,46.1424,-4.58949973527988,4.58949973527988
2026-09-16 03:53:49,health,49.3131,51.99430751227038,50.8515,-2.681207512270383,2.681207512270383
2026-09-16 03:53:50,health,45.5919,51.54813318822756,50.7225,-5.956233188227557,5.956233188227557
2026-09-16 03:53:51,health,52.4939,51.84421909778613,50.1589,0.6496809022138663,0.6496809022138663
2026-09-16 03:53:52,health,47.4842,51.05214462995439,48.833,-3.5679446299543898,3.5679446299543898
2026-09-16 03:53:53,health,52.2685,51.94838519433264,48.8623,0.32011480566736594,0.32011480566736594
2026-09-16 03:53:54,health,51.5291,51.150867817546626,48.5645,0.37823218245337387,0.37823218245337387
2026-09-16 03:53:55,health,46.8494,51.33359111645875,48.5314,-4.484191116458746,4.484191116458746
2026-09-16 03:53:56,health,50.0602,52.160122186781415,49.8209,-2.099922186781413,2.099922186781413
2026-09-16 03:53:57,health,49.1279,52.763750906857084,53.7785,-3.635850906857087,3.635850906857087
2026-09-16 03:53:58,health,44.0604,51.24729178432507,47.1755,-7.18689178432507,7.18689178432507
2026-09-16 03:53:59,health,51.9937,51.53020548662948,49.3131,0.46349451337052017,0.46349451337052017
2026-09-16 03:54:00,health,50.4151,50.528400420929984,45.5919,-0.11330042092998127,0.11330042092998127
2026-09-16 03:54:01,health,48.7868,52.22183627321709,52.4939,-3.4350362732170936,3.4350362732170936
2026-09-16 03:54:02,health,48.9461,50.64918667910818,47.4842,-1.703086679108182,1.703086679108182
2026-09-16 03:54:03,health,51.8641,51.66885206598498,52.2685,0.19524793401502194,0.19524793401502194
2026-09-16 03:54:04,health,49.6243,51.71319703883865,51.5291,-2.0888970388386525,2.0888970388386525
2026-09-16 03:54:05,health,49.5383,52.44175674595679,46.8494,-2.903456745956788,2.903456745956788
2026-09-16 03:54:06,health,50.6133,51.421638661990364,50.0602,-0.8083386619903621,0.8083386619903621
2026-09-16 03:54:07,health,48.9415,51.7445965366907,49.1279,-2.8030965366907026,2.8030965366907026
2026-09-16 03:54:08,health,49.1319,49.764201231994676,44.0604,-0.6323012319946741,0.6323012319946741
2026-09-16 03:54:09,health,52.1154,51.004185498209765,51.9937,1.1112145017902364,1.1112145017902364
2026-09-16 03:54:10,health,47.3515,51.26106924418647,50.4151,-3.9095692441864713,3.9095692441864713
2026-09-16 03:54:11,health,47.3604,50.44651146124888,48.7868,-3.0861114612488834,3.0861114612488834
2026-09-16 03:54:12,health,51.8406,50.88971839593905,48.9461,0.9508816040609531,0.9508816040609531
2026-09-16 03:54:13,health,44.9238,51.982500373052034,51.8641,-7.058700373052034,7.058700373052034
2026-09-16 03:54:14,health,50.6064,51.492122100276426,49.6243,-0.8857221002764248,0.8857221002764248
2026-09-16 03:54:15,health,44.7989,51.544609939482086,49.5383,-6.745709939482083,6.745709939482083
2026-09-16 03:54:16,health,46.3568,51.61172531432255,50.6133,-5.2549253143225485,5.2549253143225485
2026-09-16 03:54:17,health,44.9686,51.45762563190471,48.9415,-6.48902563190471,6.48902563190471
2026-09-16 03:54:18,health,51.6044,51.129939781047284,49.1319,0.4744602189527143,0.4744602189527143
2026-09-16 03:54:19,health,49.243,52.02744453663008,52.1154,-2.784444536630076,2.784444536630076
2026-09-16 03:54:20,health,46.4121,50.439370974123634,47.3515,-4.027270974123631,4.027270974123631
2026-09-16 03:54:21,health,51.2473,50.33937466272077,47.3604,0.9079253372792309,0.9079253372792309
2026-09-16 03:54:22,health,50.8248,51.594613839842985,51.8406,-0.7698138398429819,0.7698138398429819
2026-09-16 03:54:23,health,50.3726,50.20555206603535,44.9238,0.16704793396464623,0.16704793396464623
2026-09-16 03:54:24,health,48.8467,51.03448783270097,50.6064,-2.1877878327009697,2.1877878327009697
2026-09-16 03:54:25,health,47.7393,49.2442534283886,44.7989,-1.5049534283886032,1.5049534283886032
2026-09-16 03:54:26,health,49.3478,49.63385593084444,46.3568,-0.2860559308444408,0.2860559308444408
2026-09-16 03:54:27,health,49.7153,49.23447868339664,44.9686,0.480821316603361,0.480821316603361
2026-09-16 03:54:28,health,50.6049,50.85749648704734,51.6044,-0.2525964870473416,0.2525964870473416
2026-09-16 03:54:29,health,49.4292,50.413023683561505,49.243,-0.9838236835615035,0.9838236835615035
2026-09-16 03:54:30,health,47.0434,49.591213989527944,46.4121,-2.5478139895279455,2.5478139895279455
2026-09-16 03:54:31,health,53.052,50.69053619815479,51.2473,2.361463801845211,2.361463801845211
2026-09-16 03:54:32,health,47.8541,51.232841299278135,50.8248,-3.3787412992781327,3.3787412992781327
2026-09-16 03:54:33,health,45.3565,51.19345605685638,50.3726,-5.83695605685638,5.83695605685638
2026-09-16 03:54:34,health,51.0453,50.85276840626973,48.8467,0.19253159373026563,0.19253159373026563
2026-09-16 03:54:35,health,48.7465,50.35735940919968,47.7393,-1.6108594091996835,1.6108594091996835
2026-09-16 03:54:36,health,52.2801,50.73067367698035,49.3478,1.5494263230196452,1.5494263230196452
2026-09-16 03:54:37,health,51.436,50.31975961629697,49.7153,1.1162403837030297,1.1162403837030297
2026-09-16 03:54:38,health,49.5693,50.86201878354597,50.6049,-1.292718783545972,1.292718783545972
2026-09-16 03:54:39,health,53.96,50.34905321639541,49.4292,3.6109467836045894,3.6109467836045894
2026-09-16 03:54:40,health,52.2465,50.214743903645086,47.0434,2.0317560963549113,2.0317560963549113
2026-09-16 03:54:41,health,47.0883,51.54658065776385,53.052,-4.458280657763851,4.458280657763851
2026-09-16 03:54:42,health,50.4596,50.66503754289096,47.8541,-0.20543754289095517,0.20543754289095517
2026-09-16 03:54:43,health,48.1251,49.50643595487689,45.3565,-1.3813359548768886,1.3813359548768886
2026-09-16 03:54:44,health,51.37,51.175359421147284,51.0453,0.19464057885271302,0.19464057885271302
2026-09-16 03:54:45,health,51.2821,51.334447515699374,48.7465,-0.052347515699374014,0.052347515699374014
2026-09-16 03:54:46,health,49.2754,51.04862275860978,52.2801,-1.7732227586097835,1.7732227586097835
2026-09-16 03:54:47,health,52.5613,51.73895741621306,51.436,0.8223425837869414,0.8223425837869414
2026-09-16 03:54:48,health,50.7562,52.026237810173434,49.5693,-1.2700378101734344,1.2700378101734344
2026-09-16 03:54:49,health,49.9348,52.60646849706899,53.96,-2.6716684970689855,2.6716684970689855
2026-09-16 03:54:50,health,49.0516,52.65928919343127,52.2465,-3.60768919343127,3.60768919343127
2026-09-16 03:54:51,health,58.1697,51.30986614475887,47.0883,6.859833855241128,6.859833855241128
2026-09-16 03:54:52,health,50.0276,52.25461864457136,50.4596,-2.227018644571359,2.227018644571359
2026-09-16 03:54:53,health,50.7035,51.25139925344221,48.1251,-0.5478992534422105,0.5478992534422105
2026-09-16 03:54:54,health,53.2761,51.59288721453795,51.37,1.6832127854620467,1.6832127854620467
2026-09-16 03:54:55,health,52.0287,51.44920801665628,51.2821,0.579491983343722,0.579491983343722
2026-09-16 03:54:56,health,49.5133,52.17477394263181,49.2754,-2.661473942631808,2.661473942631808
2026-09-16 03:54:57,health,50.0809,52.76486779068933,52.5613,-2.68396779068933,2.68396779068933
2026-09-16 03:54:58,health,54.3737,52.43939146383008,50.7562,1.9343085361699224,1.9343085361699224
2026-09-16 03:54:59,health,49.8101,52.06208849380699,49.9348,-2.2519884938069907,2.2519884938069907
2026-09-16 03:55:00,health,50.3878,51.66340565600857,49.0516,-1.2756056560085725,1.2756056560085725
2026-09-16 03:55:01,health,53.3701,54.10474853828436,58.1697,-0.734648538284361,0.734648538284361
2026-09-16 03:55:02,health,47.1338,52.72482651223251,50.0276,-5.59102651223251,5.59102651223251
2026-09-16 03:55:03,health,48.1337,52.552780823624865,50.7035,-4.419080823624867,4.419080823624867
2026-09-16 03:55:04,health,51.3178,53.40995182071817,53.2761,-2.092151820718172,2.092151820718172
2026-09-16 03:55:05,health,46.9296,53.96584332886864,52.0287,-7.036243328868636,7.036243328868636
2026-09-16 03:55:06,health,49.3134,52.68264346684284,49.5133,-3.369243466842839,3.369243466842839
2026-09-16 03:55:07,health,48.343,52.49645520931236,50.0809,-4.153455209312355,4.153455209312355
2026-09-16 03:55:08,health,46.4299,53.47933759300306,54.3737,-7.049437593003056,7.049437593003056
2026-09-16 03:55:09,health,47.2002,52.66782989422373,49.8101,-5.467629894223727,5.467629894223727
2026-09-16 03:55:10,health,53.241,52.168770045619816,50.3878,1.0722299543801839,1.0722299543801839
2026-09-16 03:55:11,health,48.1414,53.34553533558944,53.3701,-5.2041353355894415,5.2041353355894415
2026-09-16 03:55:12,health,52.7421,51.870790806465735,47.1338,0.8713091935342661,0.8713091935342661
2026-09-16 03:55:13,health,47.7152,51.867692527117015,48.1337,-4.152492527117012,4.152492527117012
2026-09-16 03:55:14,health,50.8475,53.04580918730018,51.3178,-2.1983091873001825,2.1983091873001825
2026-09-16 03:55:15,health,46.4997,51.39012728908268,46.9296,-4.89042728908268,4.89042728908268
2026-09-16 03:55:16,health,52.2917,51.546069290670566,49.3134,0.7456307093294328,0.7456307093294328
2026-09-16 03:55:17,health,50.858,51.08523398976017,48.343,-0.2272339897601725,0.2272339897601725
2026-09-16 03:55:18,health,49.1446,50.76645125178755,46.4299,-1.6218512517875538,1.6218512517875538
2026-09-16 03:55:19,health,48.9357,50.57403833128048,47.2002,-1.6383383312804796,1.6383383312804796
2026-09-16 03:55:20,health,48.5582,52.3052418266877,53.241,-3.747041826687699,3.747041826687699
2026-09-16 03:55:21,health,49.5541,50.66976298402262,48.1414,-1.1156629840226202,1.1156629840226202
2026-09-16 03:55:22,health,48.8964,52.125866776156,52.7421,-3.229466776156002,3.229466776156002
2026-09-16 03:55:23,health,49.9935,50.97481598783064,47.7152,-0.9813159878306408,0.9813159878306408
2026-09-16 03:55:24,health,54.1688,52.05704723834651,50.8475,2.1117527616534844,2.1117527616534844
2026-09-16 03:55:25,health,52.3692,50.63859357204728,46.4997,1.730606427952722,1.730606427952722
2026-09-16 03:55:26,health,50.6688,51.95497298831947,52.2917,-1.2861729883194712,1.2861729883194712
2026-09-16 03:55:27,health,51.0577,51.42928210957926,50.858,-0.37158210957926485,0.37158210957926485
2026-09-16 03:55:28,health,46.6395,51.839790760112024,49.1446,-5.200290760112026,5.200290760112026
2026-09-16 03:55:29,health,48.4467,51.01922670909768,48.9357,-2.57252670909768,2.57252670909768
2026-09-16 03:55:30,health,49.066,51.74232812017142,48.5582,-2.6763281201714193,2.6763281201714193
2026-09-16 03:55:31,health,52.1612,50.654833711651094,49.5541,1.5063662883489073,1.5063662883489073
2026-09-16 03:55:32,health,52.7695,50.97940846493548,48.8964,1.7900915350645192,1.7900915350645192
2026-09-16 03:55:33,health,48.2961,51.58106214353416,49.9935,-3.284962143534159,3.284962143534159
2026-09-16 03:55:34,health,50.8801,51.856165663871444,54.1688,-0.9760656638714451,0.9760656638714451
2026-09-16 03:55:35,health,42.5406,53.13499902689274,52.3692,-10.594399026892745,10.594399026892745
2026-09-16 03:55:36,health,49.072,52.32155541987569,50.6688,-3.2495554198756906,3.2495554198756906
2026-09-16 03:55:37,health,48.9121,52.83952064540918,51.0577,-3.9274206454091782,3.9274206454091782
2026-09-16 03:55:38,health,47.2397,50.71586154569072,46.6395,-3.476161545690722,3.476161545690722
2026-09-16 03:55:39,health,47.329,51.21619424644495,48.4467,-3.887194246444949,3.887194246444949
2026-09-16 03:55:40,health,51.486,51.35593495675429,49.066,0.13006504324570756,0.13006504324570756
2026-09-16 03:55:41,health,48.2349,51.9600647348974,52.1612,-3.7251647348973975,3.7251647348973975
2026-09-16 03:55:42,health,46.4907,52.67396624160876,52.7695,-6.183266241608763,6.183266241608763
2026-09-16 03:55:43,health,51.7384,51.82002843680569,48.2961,-0.0816284368056941,0.0816284368056941
2026-09-16 03:55:44,health,49.8378,52.60474401208185,50.8801,-2.7669440120818507,2.7669440120818507
2026-09-16 03:55:45,health,47.3335,50.36487938605881,42.5406,-3.031379386058809,3.031379386058809
2026-09-16 03:55:46,health,49.2978,51.10164142977625,49.072,-1.8038414297762486,1.8038414297762486
2026-09-16 03:55:47,health,53.3784,50.846858210515734,48.9121,2.5315417894842653,2.5315417894842653
2026-09-16 03:55:48,health,49.3641,49.73691419743563,47.2397,-0.3728141974356305,0.3728141974356305
2026-09-16 03:55:49,health,51.5613,49.369568546326505,47.329,2.1917314536734978,2.1917314536734978
2026-09-16 03:55:50,health,48.6884,50.78602156384821,51.486,-2.0976215638482074,2.0976215638482074
2026-09-16 03:55:51,health,49.7951,50.079892622073544,48.2349,-0.28479262207354594,0.28479262207354594
2026-09-16 03:55:52,health,49.8557,50.19025869673746,46.4907,-0.3345586967374601,0.3345586967374601
2026-09-16 03:55:53,health,48.0629,51.28474995748871,51.7384,-3.2218499574887076,3.2218499574887076
2026-09-16 03:55:54,health,52.7957,51.281099776626526,49.8378,1.5146002233734706,1.5146002233734706
2026-09-16 03:55:55,health,48.4062,50.223697415721105,47.3335,-1.8174974157211068,1.8174974157211068
2026-09-16 03:55:56,health,53.6049,50.43282992965931,49.2978,3.1720700703406877,3.1720700703406877
2026-09-16 03:55:57,health,50.4386,51.36063943614404,53.3784,-0.9220394361440398,0.9220394361440398
2026-09-16 03:55:58,health,47.8203,51.28322849765872,49.3641,-3.462928497658716,3.462928497658716
2026-09-16 03:55:59,health,50.7306,51.58547306768433,51.5613,-0.8548730676843306,0.8548730676843306
2026-09-16 03:56:00,health,51.6725,51.34145675316005,48.6884,0.3310432468399469,0.3310432468399469
2026-09-16 03:56:01,health,51.4752,50.930939279670426,49.7951,0.5442607203295751,0.5442607203295751
2026-09-16 03:56:02,health,48.6987,51.37017550937235,49.8557,-2.6714755093723497,2.6714755093723497
2026-09-16 03:56:03,health,50.1429,50.55066496528966,48.0629,-0.4077649652896653,0.4077649652896653
2026-09-16 03:56:04,health,52.1436,51.29794327237668,52.7957,0.8456567276233216,0.8456567276233216
2026-09-16 03:56:05,health,50.7737,50.63760340791086,48.4062,0.13609659208913882,0.13609659208913882
2026-09-16 03:56:06,health,52.6952,52.13966779685645,53.6049,0.5555322031435495,0.5555322031435495
2026-09-16 03:56:07,health,51.9229,51.8738612221174,50.4386,0.04903877788260047,0.04903877788260047
2026-09-16 03:56:08,health,50.2353,51.583273088277195,47.8203,-1.3479730882771932,1.3479730882771932
2026-09-16 03:56:09,health,52.2259,51.82022166077363,50.7306,0.40567833922636964,0.40567833922636964
2026-09-16 03:56:10,health,49.8486,51.90677225257519,51.6725,-2.05817225257519,2.05817225257519
2026-09-16 03:56:11,health,50.8861,52.02494271323806,51.4752,-1.1388427132380627,1.1388427132380627
2026-09-16 03:56:12,health,50.0722,51.77011689530924,48.6987,-1.6979168953092412,1.6979168953092412
2026-09-16 03:56:13,health,49.2769,52.19234749726182,50.1429,-2.915447497261823,2.915447497261823
2026-09-16 03:56:14,health,49.2663,52.54604006299779,52.1436,-3.2797400629977886,3.2797400629977886
2026-09-16 03:56:15,health,49.968,51.720453617377586,50.7737,-1.7524536173775829,1.7524536173775829
2026-09-16 03:56:16,health,51.2681,52.32232988217043,52.6952,-1.0542298821704321,1.0542298821704321
2026-09-16 03:56:17,health,48.6044,52.87214457245121,51.9229,-4.267744572451214,4.267744572451214
2026-09-16 03:56:18,health,52.6738,52.41400892152806,50.2353,0.2597910784719417,0.2597910784719417
2026-09-16 03:56:19,health,47.1221,52.270206642248695,52.2259,-5.148106642248692,5.148106642248692
2026-09-16 03:56:20,health,53.1079,52.797649416372785,49.8486,0.3102505836272158,0.3102505836272158
2026-09-16 03:56:21,health,50.5036,52.65745642130644,50.8861,-2.1538564213064433,2.1538564213064433
2026-09-16 03:56:22,health,48.8639,52.38716182215403,50.0722,-3.5232618221540264,3.5232618221540264
2026-09-16 03:56:23,health,46.1442,52.26555248955298,49.2769,-6.121352489552983,6.121352489552983
2026-09-16 03:56:24,health,48.793,51.98816927456967,49.2663,-3.195169274569672,3.195169274569672
2026-09-16 03:56:25,health,50.3905,52.16019499548111,49.968,-1.7696949954811103,1.7696949954811103
2026-09-16 03:56:26,health,48.4846,52.27220023734107,51.2681,-3.787600237341067,3.787600237341067
2026-09-16 03:56:27,health,43.7549,51.445366932741145,48.6044,-7.6904669327411455,7.6904669327411455
2026-09-16 03:56:28,health,52.2313,52.674681378720415,52.6738,-0.4433813787204173,0.4433813787204173
2026-09-16 03:56:29,health,52.7732,51.27756773315736,47.1221,1.495632266842641,1.495632266842641
2026-09-16 03:56:30,health,48.4267,52.783654603566454,53.1079,-4.356954603566457,4.356954603566457
2026-09-16 03:56:31,health,40.4077,52.28705204011198,50.5036,-11.879352040111982,11.879352040111982
2026-09-16 03:56:32,health,51.9587,51.418960719860245,48.8639,0.5397392801397558,0.5397392801397558
2026-09-16 03:56:33,health,49.6022,51.00968911314084,46.1442,-1.4074891131408336,1.4074891131408336
2026-09-16 03:56:34,health,49.6394,51.415206285686146,48.793,-1.7758062856861443,1.7758062856861443
2026-09-16 03:56:35,health,48.0444,51.799494388289816,50.3905,-3.7550943882898125,3.7550943882898125
2026-09-16 03:56:36,health,47.7282,50.47147192970731,48.4846,-2.743271929707312,2.743271929707312
2026-09-16 03:56:37,health,48.311,49.995958361490494,43.7549,-1.6849583614904944,1.6849583614904944
2026-09-16 03:56:38,health,47.1982,51.65102985949861,52.2313,-4.452829859498607,4.452829859498607
2026-09-16 03:56:39,health,50.6483,51.97544801833426,52.7732,-1.3271480183342632,1.3271480183342632
2026-09-16 03:56:40,health,52.0455,50.39845956817573,48.4267,1.6470404318242657,1.6470404318242657
2026-09-16 03:56:41,health,50.9437,47.680451370833616,40.4077,3.263248629166384,3.263248629166384
2026-09-16 03:56:42,health,46.8715,50.966369122275225,51.9587,-4.094869122275227,4.094869122275227
2026-09-16 03:56:43,health,48.2278,50.21568364530875,49.6022,-1.9878836453087487,1.9878836453087487
2026-09-16 03:56:44,health,46.625,50.49444634665559,49.6394,-3.869446346655593,3.869446346655593
2026-09-16 03:56:45,health,49.4626,49.82602724345917,48.0444,-0.36342724345917077,0.36342724345917077
2026-09-16 03:56:46,health,50.1376,50.94051450066089,47.7282,-0.80291450066089,0.80291450066089
2026-09-16 03:56:47,health,48.5418,50.33547359646322,48.311,-1.793673596463215,1.793673596463215
2026-09-16 03:56:48,health,51.8927,49.4920458801747,47.1982,2.4006541198252975,2.4006541198252975
2026-09-16 03:56:49,health,47.0926,50.14882240368701,50.6483,-3.056222403687009,3.056222403687009
2026-09-16 03:56:50,health,49.2171,50.580080915246945,52.0455,-1.3629809152469434,1.3629809152469434
2026-09-16 03:56:51,health,53.7594,51.236055257086036,50.9437,2.523344742913963,2.523344742913963
2026-09-16 03:56:52,health,45.5524,49.656150169702194,46.8715,-4.103750169702195,4.103750169702195
2026-09-16 03:56:53,health,51.0947,50.54873896393798,48.2278,0.5459610360620246,0.5459610360620246
2026-09-16 03:56:54,health,52.8489,50.003519474090574,46.625,2.8453805259094267,2.8453805259094267
2026-09-16 03:56:55,health,49.1437,50.21788380606708,49.4626,-1.0741838060670759,1.0741838060670759
2026-09-16 03:56:56,health,52.2041,50.19263172946741,50.1376,2.011468270532589,2.011468270532589
2026-09-16 03:56:57,health,52.8591,51.01943170404812,48.5418,1.8396682959518813,1.8396682959518813
2026-09-16 03:56:58,health,50.1231,51.52884842174471,51.8927,-1.4057484217447112,1.4057484217447112
2026-09-16 03:56:59,health,49.9607,50.32787621951739,47.0926,-0.36717621951738977,0.36717621951738977
2026-09-16 03:57:00,health,46.5049,50.491566042534686,49.2171,-3.9866660425346865,3.9866660425346865
2026-09-16 03:57:01,health,47.9365,51.74875278478681,53.7594,-3.812252784786807,3.812252784786807
2026-09-16 03:57:02,health,49.2965,50.2231620775466,45.5524,-0.9266620775465952,0.9266620775465952
2026-09-16 03:57:03,health,46.9898,50.64352206003462,51.0947,-3.6537220600346174,3.6537220600346174
2026-09-16 03:57:04,health,52.1736,51.7756151809089,52.8489,0.39798481909109995,0.39798481909109995
2026-09-16 03:57:05,health,47.3307,51.52994825358578,49.1437,-4.199248253585779,4.199248253585779
2026-09-16 03:57:06,health,46.6667,51.514219807329184,52.2041,-4.847519807329185,4.847519807329185
2026-09-16 03:57:07,health,52.6862,52.56179060685626,52.8591,0.12440939314373622,0.12440939314373622
2026-09-16 03:57:08,health,51.3914,52.4071169691221,50.1231,-1.0157169691221029,1.0157169691221029
2026-09-16 03:57:09,health,50.3782,51.66771514625674,49.9607,-1.2895151462567398,1.2895151462567398
2026-09-16 03:57:10,health,47.4885,50.29499671560174,46.5049,-2.806496715601739,2.806496715601739
2026-09-16 03:57:11,health,48.2635,51.08608492463886,47.9365,-2.8225849246388606,2.8225849246388606
2026-09-16 03:57:12,health,48.2191,51.04508952310301,49.2965,-2.8259895231030114,2.8259895231030114
2026-09-16 03:57:13,health,54.6063,50.57209783658171,46.9898,4.034202163418286,4.034202163418286
2026-09-16 03:57:14,health,51.0532,51.53409286602318,52.1736,-0.4808928660231828,0.4808928660231828
2026-09-16 03:57:15,health,53.5206,50.97750414562672,47.3307,2.5430958543732842,2.5430958543732842
2026-09-16 03:57:16,health,46.6982,49.798374357157535,46.6667,-3.1001743571575346,3.1001743571575346
2026-09-16 03:57:17,health,47.8321,51.85501802509657,52.6862,-4.022918025096573,4.022918025096573
2026-09-16 03:57:18,health,53.0319,51.3083997091171,51.3914,1.7235002908829031,1.7235002908829031
2026-09-16 03:57:19,health,45.0056,51.37440087298045,50.3782,-6.368800872980451,6.368800872980451
2026-09-16 03:57:20,health,47.6933,50.789547394878994,47.4885,-3.0962473948789935,3.0962473948789935
2026-09-16 03:57:21,health,46.8987,52.31897019688007,48.2635,-5.420270196880075,5.420270196880075
2026-09-16 03:57:22,health,52.0154,50.63335018764788,48.2191,1.3820498123521219,1.3820498123521219
2026-09-16 03:57:23,health,48.7304,52.51195207655142,54.6063,-3.7815520765514137,3.7815520765514137
2026-09-16 03:57:24,health,52.7202,51.66986603138579,51.0532,1.0503339686142112,1.0503339686142112
2026-09-16 03:57:25,health,53.076,52.334190847810305,53.5206,0.7418091521896955,0.7418091521896955
2026-09-16 03:57:26,health,49.5461,51.39468384741207,46.6982,-1.8485838474120655,1.8485838474120655
2026-09-16 03:57:27,health,49.402,50.98229386896914,47.8321,-1.580293868969136,1.580293868969136
2026-09-16 03:57:28,health,50.6086,51.69600849992829,53.0319,-1.0874084999282871,1.0874084999282871
2026-09-16 03:57:29,health,54.478,50.39116183536884,45.0056,4.0868381646311605,4.0868381646311605
2026-09-16 03:57:30,health,49.4847,50.34632602571755,47.6933,-0.8616260257175554,0.8616260257175554
2026-09-16 03:57:31,health,45.6931,50.30499280196017,46.8987,-4.611892801960167,4.611892801960167
2026-09-16 03:57:32,health,49.3042,51.64570484760058,52.0154,-2.341504847600575,2.341504847600575
2026-09-16 03:57:33,health,48.6367,50.85077369299779,48.7304,-2.2140736929977933,2.2140736929977933
2026-09-16 03:57:34,health,48.7425,51.39868488168617,52.7202,-2.6561848816861726,2.6561848816861726
2026-09-16 03:57:35,health,47.5039,51.86010600647767,53.076,-4.35620600647767,4.35620600647767
2026-09-16 03:57:36,health,51.2099,52.83669383760442,49.5461,-1.6267938376044242,1.6267938376044242
2026-09-16 03:57:37,health,46.6528,51.950447482040104,49.402,-5.297647482040105,5.297647482040105
2026-09-16 03:57:38,health,48.4482,52.12789561332119,50.6086,-3.6796956133211935,3.6796956133211935
2026-09-16 03:57:39,health,50.3687,52.965205127203326,54.478,-2.5965051272033293,2.5965051272033293
2026-09-16 03:57:40,health,50.1517,52.06633450905726,49.4847,-1.9146345090572652,1.9146345090572652
2026-09-16 03:57:41,health,47.077,50.822702315416436,45.6931,-3.7457023154164375,3.7457023154164375
2026-09-16 03:57:42,health,51.2298,51.14343549017285,49.3042,0.08636450982714905,0.08636450982714905
2026-09-16 03:57:43,health,55.3989,50.296809546579176,48.6367,5.102090453420821,5.102090453420821
2026-09-16 03:57:44,health,46.8352,50.518229703911324,48.7425,-3.6830297039113233,3.6830297039113233
2026-09-16 03:57:45,health,48.5877,50.003784495264014,47.5039,-1.4160844952640161,1.4160844952640161
2026-09-16 03:57:46,health,48.6015,50.982162782376776,51.2099,-2.380662782376774,2.380662782376774
2026-09-16 03:57:47,health,50.2279,50.314085288766435,46.6528,-0.08618528876643694,0.08618528876643694
2026-09-16 03:57:48,health,47.6714,50.26239909569249,48.4482,-2.5909990956924887,2.5909990956924887
2026-09-16 03:57:49,health,54.2077,51.66788053891041,50.3687,2.539819461089593,2.539819461089593
2026-09-16 03:57:50,health,44.8749,51.36856246137001,50.1517,-6.493662461370015,6.493662461370015
2026-09-16 03:57:51,health,49.8679,50.70469564562828,47.077,-0.8367956456282784,0.8367956456282784
2026-09-16 03:57:52,health,45.9743,51.640418091791084,51.2298,-5.666118091791084,5.666118091791084
2026-09-16 03:57:53,health,50.6628,52.83644518310856,55.3989,-2.1736451831085617,2.1736451831085617
2026-09-16 03:57:54,health,49.0555,50.94158611109062,46.8352,-1.88608611109062,1.88608611109062
2026-09-16 03:57:55,health,49.5177,51.208237201174,48.5877,-1.6905372011740027,1.6905372011740027
2026-09-16 03:57:56,health,50.094,51.321871927627264,48.6015,-1.2278719276272625,1.2278719276272625
2026-09-16 03:57:57,health,49.3478,50.75254200641151,50.2279,-1.4047420064115101,1.4047420064115101
2026-09-16 03:57:58,health,49.4187,49.91210425741635,47.6714,-0.4934042574163513,0.4934042574163513
2026-09-16 03:57:59,health,56.1983,51.75947525350343,54.2077,4.4388247464965715,4.4388247464965715
2026-09-16 03:58:00,health,49.5067,49.4854426460536,44.8749,0.021257353946403157,0.021257353946403157
2026-09-16 03:58:01,health,48.7406,50.6619779204553,49.8679,-1.9213779204552992,1.9213779204552992
2026-09-16 03:58:02,health,47.5723,50.17141760957837,45.9743,-2.5991176095783715,2.5991176095783715
2026-09-16 03:58:03,health,45.9764,51.73277222682718,50.6628,-5.756372226827182,5.756372226827182
2026-09-16 03:58:04,health,49.4376,50.74088461688779,49.0555,-1.3032846168877867,1.3032846168877867
2026-09-16 03:58:05,health,52.8541,51.113477704818685,49.5177,1.7406222951813177,1.7406222951813177
2026-09-16 03:58:06,health,49.1915,50.92549403398914,50.094,-1.7339940339891413,1.7339940339891413
2026-09-16 03:58:07,health,49.8956,51.60052041894,49.3478,-1.7049204189399987,1.7049204189399987
2026-09-16 03:58:08,health,52.109,50.85977213655669,49.4187,1.2492278634433092,1.2492278634433092
2026-09-16 03:58:09,health,43.1862,52.94679392781786,56.1983,-9.760593927817858,9.760593927817858
2026-09-16 03:58:10,health,50.1065,51.429788989273426,49.5067,-1.3232889892734292,1.3232889892734292
2026-09-16 03:58:11,health,52.1345,51.40295543594829,48.7406,0.7315445640517098,0.7315445640517098
2026-09-16 03:58:12,health,48.5485,51.30978431813004,47.5723,-2.761284318130045,2.761284318130045
2026-09-16 03:58:13,health,52.8176,50.28203386812135,45.9764,2.535566131878646,2.535566131878646
2026-09-16 03:58:14,health,50.4644,50.80100455563305,49.4376,-0.3366045556330519,0.3366045556330519
2026-09-16 03:58:15,health,50.7703,51.6314076981297,52.8541,-0.8611076981297003,0.8611076981297003
2026-09-16 03:58:16,health,50.6163,50.7999549853974,49.1915,-0.18365498539739633,0.18365498539739633
2026-09-16 03:58:17,health,46.9354,51.279228875754555,49.8956,-4.343828875754554,4.343828875754554
2026-09-16 03:58:18,health,48.9399,52.339410632514415,52.109,-3.3995106325144135,3.3995106325144135
2026-09-16 03:58:19,health,51.9437,51.450428033918044,43.1862,0.4932719660819558,0.4932719660819558
2026-09-16 03:58:20,health,50.9852,50.92616061866982,50.1065,0.05903938133018016,0.05903938133018016
2026-09-16 03:58:21,health,50.6049,51.96438523165279,52.1345,-1.3594852316527906,1.3594852316527906
2026-09-16 03:58:22,health,53.441,50.9853735428458,48.5485,2.455626457154203,2.455626457154203
2026-09-16 03:58:23,health,56.8708,51.62632207449806,52.8176,5.24447792550194,5.24447792550194
2026-09-16 03:58:24,health,49.3281,51.984201625589826,50.4644,-2.6561016255898267,2.6561016255898267
2026-09-16 03:58:25,health,46.2965,51.78584033497811,50.7703,-5.48934033497811,5.48934033497811
2026-09-16 03:58:26,health,47.3258,51.7579798505298,50.6163,-4.432179850529799,4.432179850529799
2026-09-16 03:58:27,health,49.4154,50.8341820696941,46.9354,-1.4187820696941031,1.4187820696941031
2026-09-16 03:58:28,health,44.7035,51.38428434519059,48.9399,-6.680784345190595,6.680784345190595
2026-09-16 03:58:29,health,50.1993,52.06250412995786,51.9437,-1.8632041299578574,1.8632041299578574
2026-09-16 03:58:30,health,50.4105,51.44060550401074,50.9852,-1.0301055040107414,1.0301055040107414
2026-09-16 03:58:31,health,47.8174,51.87098654640544,50.6049,-4.053586546405441,4.053586546405441
2026-09-16 03:58:32,health,49.1555,52.37221538514528,53.441,-3.216715385145278,3.216715385145278
2026-09-16 03:58:33,health,47.9343,54.164332587122736,56.8708,-6.230032587122736,6.230032587122736
2026-09-16 03:58:34,health,46.06,52.54720597556765,49.3281,-6.487205975567647,6.487205975567647
2026-09-16 03:58:35,health,46.7825,51.73358315658256,46.2965,-4.951083156582563,4.951083156582563
2026-09-16 03:58:36,health,49.9242,52.388409916833474,47.3258,-2.4642099168334752,2.4642099168334752
2026-09-16 03:58:37,health,50.2125,51.28619541685608,49.4154,-1.0736954168560828,1.0736954168560828
2026-09-16 03:58:38,health,49.7786,50.04293276905362,44.7035,-0.2643327690536239,0.2643327690536239
2026-09-16 03:58:39,health,47.7406,51.03542730765046,50.1993,-3.2948273076504577,3.2948273076504577
2026-09-16 03:58:40,health,48.2314,51.735640282435554,50.4105,-3.5042402824355534,3.5042402824355534
2026-09-16 03:58:41,health,46.6584,50.302451044770244,47.8174,-3.6440510447702437,3.6440510447702437
2026-09-16 03:58:42,health,50.942,50.6836494726561,49.1555,0.2583505273439002,0.2583505273439002
2026-09-16 03:58:43,health,52.5973,50.94657116003577,47.9343,1.6507288399642306,1.6507288399642306
2026-09-16 03:58:44,health,52.871,49.99008114086489,46.06,2.8809188591351145,2.8809188591351145
2026-09-16 03:58:45,health,49.4078,50.28668004651251,46.7825,-0.8788800465125064,0.8788800465125064
2026-09-16 03:58:46,health,52.7514,50.75406433795594,49.9242,1.9973356620440583,1.9973356620440583
2026-09-16 03:58:47,health,53.2143,50.66974459039844,50.2125,2.544555409601564,2.544555409601564
2026-09-16 03:58:48,health,49.8769,51.58535172804056,49.7786,-1.7084517280405578,1.7084517280405578
2026-09-16 03:58:49,health,50.4274,50.48872817490081,47.7406,-0.06132817490080811,0.06132817490080811
2026-09-16 03:58:50,health,49.2687,50.59095092978535,48.2314,-1.3222509297853478,1.3222509297853478
2026-09-16 03:58:51,health,55.1413,49.634812270161575,46.6584,5.506487729838426,5.506487729838426
2026-09-16 03:58:52,health,49.125,50.23935620801779,50.942,-1.1143562080177887,1.1143562080177887
2026-09-16 03:58:53,health,47.4225,51.27133429737949,52.5973,-3.84883429737949,3.84883429737949
2026-09-16 03:58:54,health,50.1991,51.3137938471224,52.871,-1.1146938471223962,1.1146938471223962
2026-09-16 03:58:55,health,44.4748,50.75851568910199,49.4078,-6.283715689101989,6.283715689101989
2026-09-16 03:58:56,health,50.6191,52.18078328226441,52.7514,-1.5616832822644042,1.5616832822644042
2026-09-16 03:58:57,health,46.211,52.731033756021446,53.2143,-6.520033756021448,6.520033756021448
2026-09-16 03:58:58,health,48.5444,51.78560237869105,49.8769,-3.2412023786910495,3.2412023786910495
2026-09-16 03:58:59,health,49.0025,51.92002269650736,50.4274,-2.917522696507362,2.917522696507362
2026-09-16 03:59:00,health,48.3021,52.17844471894796,49.2687,-3.876344718947955,3.876344718947955
2026-09-16 03:59:01,health,48.3109,53.03473873912397,55.1413,-4.723838739123977,4.723838739123977
2026-09-16 03:59:02,health,45.2064,52.312532104504086,49.125,-7.106132104504084,7.106132104504084
2026-09-16 03:59:03,health,50.1362,51.82657672734211,47.4225,-1.6903767273421053,1.6903767273421053
2026-09-16 03:59:04,health,50.9179,51.943098855952535,50.1991,-1.0251988559525316,1.0251988559525316
2026-09-16 03:59:05,health,50.7988,50.920852467828226,44.4748,-0.12205246782822599,0.12205246782822599
2026-09-16 03:59:06,health,56.9773,51.05214662878967,50.6191,5.925153371210328,5.925153371210328
2026-09-16 03:59:07,health,47.8945,50.61421424637328,46.211,-2.719714246373279,2.719714246373279
2026-09-16 03:59:08,health,51.3931,50.482250389770186,48.5444,0.9108496102298105,0.9108496102298105
2026-09-16 03:59:09,health,52.1492,50.72365044064293,49.0025,1.4255495593570728,1.4255495593570728
2026-09-16 03:59:10,health,47.2733,50.676892871872745,48.3021,-3.403592871872746,3.403592871872746
2026-09-16 03:59:11,health,51.5308,50.54228392048215,48.3109,0.9885160795178507,0.9885160795178507
2026-09-16 03:59:12,health,51.0613,49.42114438837814,45.2064,1.6401556116218643,1.6401556116218643
2026-09-16 03:59:13,health,50.5046,51.056453986577324,50.1362,-0.5518539865773207,0.5518539865773207
2026-09-16 03:59:14,health,46.9339,50.97973748990154,50.9179,-4.045837489901537,4.045837489901537
2026-09-16 03:59:15,health,47.9869,51.14012103766058,50.7988,-3.153221037660579,3.153221037660579
2026-09-16 03:59:16,health,52.7294,52.48553261256692,56.9773,0.24386738743307745,0.24386738743307745
2026-09-16 03:59:17,health,48.5139,51.25151885099385,47.8945,-2.7376188509938473,2.7376188509938473
2026-09-16 03:59:18,health,48.4606,51.63947257355975,51.3931,-3.178872573559751,3.178872573559751
2026-09-16 03:59:19,health,46.557,51.821471943455066,52.1492,-5.264471943455064,5.264471943455064
2026-09-16 03:59:20,health,47.3588,50.479944341087496,47.2733,-3.1211443410874935,3.1211443410874935
2026-09-16 03:59:21,health,48.207,51.27378887865984,51.5308,-3.0667888786598425,3.0667888786598425
2026-09-16 03:59:22,health,52.7849,51.702594825322564,51.0613,1.0823051746774368,1.0823051746774368
2026-09-16 03:59:23,health,49.9423,51.457466762585106,50.5046,-1.5151667625851033,1.5151667625851033
2026-09-16 03:59:24,health,49.0744,50.94209305092086,46.9339,-1.8676930509208631,1.8676930509208631
2026-09-16 03:59:25,health,52.2049,50.26548261395693,47.9869,1.9394173860430755,1.9394173860430755
2026-09-16 03:59:26,health,50.4729,51.48669545594124,52.7294,-1.013795455941235,1.013795455941235
2026-09-16 03:59:27,health,48.6229,50.772371728353896,48.5139,-2.1494717283538947,2.1494717283538947
2026-09-16 03:59:28,health,49.7107,50.824190606575286,48.4606,-1.113490606575283,1.113490606575283
2026-09-16 03:59:29,health,51.0973,50.594298881836345,46.557,0.5030011181636524,0.5030011181636524
2026-09-16 03:59:30,health,50.2095,50.245937793258285,47.3588,-0.03643779325828689,0.03643779325828689
2026-09-16 03:59:31,health,49.3221,50.24804064311123,48.207,-0.9259406431112325,0.9259406431112325
2026-09-16 03:59:32,health,49.5101,52.18267416467148,52.7849,-2.672574164671481,2.672574164671481
2026-09-16 03:59:33,health,56.7219,51.812080018232905,49.9423,4.909819981767093,4.909819981767093
2026-09-16 03:59:34,health,49.4474,51.65894383277069,49.0744,-2.211543832770687,2.211543832770687
2026-09-16 03:59:35,health,47.0015,52.09087858105455,52.2049,-5.089378581054547,5.089378581054547
2026-09-16 03:59:36,health,48.0778,52.36530530870835,50.4729,-4.287505308708347,4.287505308708347
2026-09-16 03:59:37,health,44.2263,51.60392213290676,48.6229,-7.377622132906758,7.377622132906758
2026-09-16 03:59:38,health,48.1073,51.81959558684712,49.7107,-3.7122955868471195,3.7122955868471195
2026-09-16 03:59:39,health,50.4002,51.92201873834064,51.0973,-1.5218187383406416,1.5218187383406416
2026-09-16 03:59:40,health,50.2611,51.576196438711385,50.2095,-1.315096438711386,1.315096438711386
2026-09-16 03:59:41,health,47.4317,51.5447700168317,49.3221,-4.113070016831699,4.113070016831699
2026-09-16 03:59:42,health,52.6503,51.30415837711381,49.5101,1.3461416228861935,1.3461416228861935
2026-09-16 03:59:43,health,45.954,53.37135979529937,56.7219,-7.417359795299369,7.417359795299369
2026-09-16 03:59:44,health,51.1106,51.74573988591956,49.4474,-0.635139885919564,0.635139885919564
2026-09-16 03:59:45,health,48.8295,51.41167574824307,47.0015,-2.582175748243067,2.582175748243067
2026-09-16 03:59:46,health,52.7238,50.85922665725448,48.0778,1.8645733427455156,1.8645733427455156
2026-09-16 03:59:47,health,48.6133,50.50200793899055,44.2263,-1.8887079389905495,1.8887079389905495
2026-09-16 03:59:48,health,49.7303,50.099506052440056,48.1073,-0.369206052440056,0.369206052440056
2026-09-16 03:59:49,health,53.3067,50.769644303037964,50.4002,2.5370556969620353,2.5370556969620353
2026-09-16 03:59:50,health,51.0504,51.31762474063963,50.2611,-0.26722474063962665,0.26722474063962665
2026-09-16 03:59:51,health,48.4052,49.99134004500824,47.4317,-1.5861400450082428,1.5861400450082428
2026-09-16 03:59:52,health,53.4025,51.8604492309514,52.6503,1.5420507690486005,1.5420507690486005
2026-09-16 03:59:53,health,48.8109,50.861146974404484,45.954,-2.0502469744044873,2.0502469744044873
2026-09-16 03:59:54,health,49.0666,51.21818836908723,51.1106,-2.1515883690872286,2.1515883690872286
2026-09-16 03:59:55,health,43.4287,50.90605089908733,48.8295,-7.477350899087334,7.477350899087334
2026-09-16 03:59:56,health,44.9179,51.37874299381123,52.7238,-6.460842993811227,6.460842993811227
2026-09-16 03:59:57,health,46.9346,50.24321768094699,48.6133,-3.3086176809469876,3.3086176809469876
2026-09-16 03:59:58,health,45.4031,51.71648393602751,49.7303,-6.313383936027506,6.313383936027506
2026-09-16 03:59:59,health,52.0172,52.12810593597811,53.3067,-0.11090593597810994,0.11090593597810994
2026-09-16 04:00:00,health,50.0512,52.16665678525505,51.0504,-2.1154567852550485,2.1154567852550485
2026-09-16 04:00:01,health,46.6547,51.605863391636966,48.4052,-4.9511633916369675,4.9511633916369675
2026-09-16 04:00:02,health,48.7599,52.51642217829513,53.4025,-3.7565221782951284,3.7565221782951284
2026-09-16 04:00:03,health,48.5185,51.7912892794006,48.8109,-3.272789279400598,3.272789279400598
2026-09-16 04:00:04,health,47.491,51.706381512815405,49.0666,-4.215381512815405,4.215381512815405
2026-09-16 04:00:05,health,48.3376,50.42486194832746,43.4287,-2.087261948327459,2.087261948327459
2026-09-16 04:00:06,health,46.3821,50.353306020145936,44.9179,-3.971206020145935,3.971206020145935
2026-09-16 04:00:07,health,44.5659,49.40373083612285,46.9346,-4.837830836122848,4.837830836122848
2026-09-16 04:00:08,health,48.8136,49.64657193525486,45.4031,-0.8329719352548608,0.8329719352548608
2026-09-16 04:00:09,health,49.7618,50.95151043748431,52.0172,-1.1897104374843082,1.1897104374843082
2026-09-16 04:00:10,health,52.4998,51.064729885773474,50.0512,1.4350701142265265,1.4350701142265265
2026-09-16 04:00:11,health,45.8197,50.353854849524524,46.6547,-4.534154849524526,4.534154849524526
2026-09-16 04:00:12,health,47.4336,51.00931260773087,48.7599,-3.575712607730871,3.575712607730871
2026-09-16 04:00:13,health,53.7077,50.850176561817186,48.5185,2.8575234381828167,2.8575234381828167
2026-09-16 04:00:14,health,48.1395,50.00261580799206,47.491,-1.8631158079920596,1.8631158079920596
2026-09-16 04:00:15,health,47.5457,49.984168878993756,48.3376,-2.43846887899376,2.43846887899376
2026-09-16 04:00:16,health,47.9224,49.85588197722893,46.3821,-1.9334819772289293,1.9334819772289293
2026-09-16 04:00:17,health,52.0145,49.08185156384796,44.5659,2.9326484361520357,2.9326484361520357
2026-09-16 04:00:18,health,50.8038,49.27831966088834,48.8136,1.5254803391116596,1.5254803391116596
2026-09-16 04:00:19,health,51.0658,50.04794969448104,49.7618,1.0178503055189623,1.0178503055189623
2026-09-16 04:00:20,health,48.3682,50.22490221587001,52.4998,-1.8567022158700084,1.8567022158700084
2026-09-16 04:00:21,health,46.5536,48.901474628287964,45.8197,-2.3478746282879612,2.3478746282879612
2026-09-16 04:00:22,health,51.4254,50.41721569820659,47.4336,1.0081843017934133,1.0081843017934133
2026-09-16 04:00:23,health,51.3701,51.126462224699026,53.7077,0.24363777530097508,0.24363777530097508
2026-09-16 04:00:24,health,46.9351,50.05937474376676,48.1395,-3.1242747437667617,3.1242747437667617
2026-09-16 04:00:25,health,49.5248,49.86059596100374,47.5457,-0.33579596100373976,0.33579596100373976
2026-09-16 04:00:26,health,49.1529,50.69048831986392,47.9224,-1.5375883198639144,1.5375883198639144
2026-09-16 04:00:27,health,50.3529,51.144361298140666,52.0145,-0.7914612981406677,0.7914612981406677
2026-09-16 04:00:28,health,48.7897,50.38170373672243,50.8038,-1.5920037367224253,1.5920037367224253
2026-09-16 04:00:29,health,48.8481,51.05399618328893,51.0658,-2.205896183288928,2.205896183288928
2026-09-16 04:00:30,health,51.6934,51.29031522800049,48.3682,0.40308477199950943,0.40308477199950943
2026-09-16 04:00:31,health,46.1586,49.43814258523736,46.5536,-3.2795425852373583,3.2795425852373583
2026-09-16 04:00:32,health,50.0117,50.97284252396365,51.4254,-0.9611425239636517,0.9611425239636517
2026-09-16 04:00:33,health,51.8258,50.98767273385981,51.3701,0.8381272661401908,0.8381272661401908
2026-09-16 04:00:34,health,49.2664,49.62691062846221,46.9351,-0.36051062846221527,0.36051062846221527
2026-09-16 04:00:35,health,47.4674,50.40798038611507,49.5248,-2.940580386115073,2.940580386115073
2026-09-16 04:00:36,health,51.4141,51.217332693702744,49.1529,0.1967673062972537,0.1967673062972537
2026-09-16 04:00:37,health,52.0064,51.640956677142405,50.3529,0.36544332285759396,0.36544332285759396
2026-09-16 04:00:38,health,49.5722,50.71917043960011,48.7897,-1.1469704396001106,1.1469704396001106
2026-09-16 04:00:39,health,48.2025,51.4543827959428,48.8481,-3.251882795942798,3.251882795942798
2026-09-16 04:00:40,health,45.8197,52.06028559667887,51.6934,-6.240585596678869,6.240585596678869
2026-09-16 04:00:41,health,49.997,50.773945057799075,46.1586,-0.7769450577990753,0.7769450577990753
2026-09-16 04:00:42,health,49.9037,50.896900773515334,50.0117,-0.9932007735153334,0.9932007735153334
2026-09-16 04:00:43,health,49.6321,51.94362919388209,51.8258,-2.3115291938820874,2.3115291938820874
2026-09-16 04:00:44,health,54.079,51.3993074008134,49.2664,2.679692599186602,2.679692599186602
2026-09-16 04:00:45,health,49.1392,50.44000866290105,47.4674,-1.3008086629010478,1.3008086629010478
2026-09-16 04:00:46,health,52.3247,51.60244297117585,51.4141,0.7222570288241528,0.7222570288241528
2026-09-16 04:00:47,health,48.1801,52.30138318901151,52.0064,-4.121283189011507,4.121283189011507
2026-09-16 04:00:48,health,55.971,51.443794034609404,49.5722,4.527205965390593,4.527205965390593
2026-09-16 04:00:49,health,50.1689,50.98627625738031,48.2025,-0.8173762573803103,0.8173762573803103
2026-09-16 04:00:50,health,48.7013,49.40318257526309,45.8197,-0.7018825752630846,0.7018825752630846
2026-09-16 04:00:51,health,48.6432,51.05946517919694,49.997,-2.416265179196941,2.416265179196941
2026-09-16 04:00:52,health,49.0796,50.89459747178306,49.9037,-1.8149974717830588,1.8149974717830588
2026-09-16 04:00:53,health,46.7104,51.296107553721534,49.6321,-4.585707553721534,4.585707553721534
2026-09-16 04:00:54,health,48.9326,51.97672560814259,54.079,-3.0441256081425863,3.0441256081425863
2026-09-16 04:00:55,health,50.5969,52.29916475790289,49.1392,-1.7022647579028956,1.7022647579028956
2026-09-16 04:00:56,health,50.4386,52.50249230349073,52.3247,-2.063892303490732,2.063892303490732
2026-09-16 04:00:57,health,47.9253,51.167980006811355,48.1801,-3.242680006811355,3.242680006811355
2026-09-16 04:00:58,health,51.4974,53.012947788728574,55.971,-1.5155477887285755,1.5155477887285755
2026-09-16 04:00:59,health,49.1868,52.315459775587264,50.1689,-3.1286597755872663,3.1286597755872663
2026-09-16 04:01:00,health,52.8812,52.13207744731924,48.7013,0.7491225526807597,0.7491225526807597
2026-09-16 04:01:01,health,51.9229,51.480163393902444,48.6432,0.4427366060975544,0.4427366060975544
2026-09-16 04:01:02,health,48.1082,52.143459764459955,49.0796,-4.035259764459958,4.035259764459958
2026-09-16 04:01:03,health,50.3333,50.73277217230069,46.7104,-0.39947217230069043,0.39947217230069043
2026-09-16 04:01:04,health,47.6851,50.72400424147646,48.9326,-3.038904241476459,3.038904241476459
2026-09-16 04:01:05,health,45.8952,51.582521166034574,50.5969,-5.687321166034572,5.687321166034572
2026-09-16 04:01:06,health,43.6148,51.84326337084404,50.4386,-8.22846337084404,8.22846337084404
2026-09-16 04:01:07,health,53.3106,50.21252604163769,47.9253,3.0980739583623134,3.0980739583623134
2026-09-16 04:01:08,health,49.8471,51.591909645060554,51.4974,-1.7448096450605561,1.7448096450605561
2026-09-16 04:01:09,health,50.436,51.50109771737394,49.1868,-1.0650977173739378,1.0650977173739378
2026-09-16 04:01:10,health,52.7839,52.592756648979794,52.8812,0.19114335102020874,0.19114335102020874
2026-09-16 04:01:11,health,50.0351,52.50823468725147,51.9229,-2.4731346872514735,2.4731346872514735
2026-09-16 04:01:12,health,48.7076,50.89826788390903,48.1082,-2.190667883909029,2.190667883909029
2026-09-16 04:01:13,health,48.3962,52.305991300981695,50.3333,-3.909791300981695,3.909791300981695
2026-09-16 04:01:14,health,50.9614,50.66408463659166,47.6851,0.2973153634083374,0.2973153634083374
2026-09-16 04:01:15,health,47.4773,50.559857484273515,45.8952,-3.082557484273515,3.082557484273515
2026-09-16 04:01:16,health,46.7114,49.15929573631533,43.6148,-2.4478957363153313,2.4478957363153313
2026-09-16 04:01:17,health,53.1402,51.088119521204256,53.3106,2.0520804787957445,2.0520804787957445
2026-09-16 04:01:18,health,52.1835,50.20089497788943,49.8471,1.9826050221105689,1.9826050221105689
2026-09-16 04:01:19,health,50.7154,51.253856877415004,50.436,-0.5384568774150011,0.5384568774150011
2026-09-16 04:01:20,health,51.0622,51.518562871581416,52.7839,-0.45636287158141897,0.45636287158141897
2026-09-16 04:01:21,health,46.8536,51.668810487408315,50.0351,-4.815210487408315,4.815210487408315
2026-09-16 04:01:22,health,50.2599,51.46882338636387,48.7076,-1.208923386363871,1.208923386363871
2026-09-16 04:01:23,health,45.7637,51.37339170609391,48.3962,-5.609691706093912,5.609691706093912
2026-09-16 04:01:24,health,46.1857,51.6914857674508,50.9614,-5.505785767450803,5.505785767450803
2026-09-16 04:01:25,health,48.1792,50.56537355851997,47.4773,-2.386173558519971,2.386173558519971
2026-09-16 04:01:26,health,47.7914,51.089826943181116,46.7114,-3.298426943181113,3.298426943181113
2026-09-16 04:01:27,health,52.1254,51.530350633777395,53.1402,0.5950493662226037,0.5950493662226037
2026-09-16 04:01:28,health,51.5035,51.63259498228927,52.1835,-0.12909498228926708,0.12909498228926708
2026-09-16 04:01:29,health,50.1321,51.75496892811228,50.7154,-1.6228689281122755,1.6228689281122755
2026-09-16 04:01:30,health,48.5204,51.83745838441097,51.0622,-3.31705838441097,3.31705838441097
2026-09-16 04:01:31,health,49.0095,50.69743169628743,46.8536,-1.6879316962874285,1.6879316962874285
2026-09-16 04:01:32,health,49.6288,51.63598085117684,50.2599,-2.007180851176841,2.007180851176841
2026-09-16 04:01:33,health,49.8307,49.70835623308485,45.7637,0.12234376691515081,0.12234376691515081
2026-09-16 04:01:34,health,42.4664,49.607748811689476,46.1857,-7.141348811689475,7.141348811689475
2026-09-16 04:01:35,health,51.082,50.48123059890846,48.1792,0.6007694010915401,0.6007694010915401
2026-09-16 04:01:36,health,45.2175,50.12723572117341,47.7914,-4.909735721173412,4.909735721173412
2026-09-16 04:01:37,health,46.8467,51.72836119270468,52.1254,-4.881661192704684,4.881661192704684
2026-09-16 04:01:38,health,51.3433,51.05627824473467,51.5035,0.2870217552653287,0.2870217552653287
2026-09-16 04:01:39,health,50.0955,51.824666463886885,50.1321,-1.7291664638868838,1.7291664638868838
2026-09-16 04:01:40,health,53.9611,51.16452389348046,48.5204,2.796576106519545,2.796576106519545
2026-09-16 04:01:41,health,49.5734,51.43811314189137,49.0095,-1.8647131418913716,1.8647131418913716
2026-09-16 04:01:42,health,49.6849,51.400667917921304,49.6288,-1.7157679179213048,1.7157679179213048
2026-09-16 04:01:43,health,48.1189,51.00553547277627,49.8307,-2.886635472776277,2.886635472776277
2026-09-16 04:01:44,health,51.7764,49.439398645961646,42.4664,2.3370013540383567,2.3370013540383567
2026-09-16 04:01:45,health,48.2706,50.46186073860546,51.082,-2.1912607386054574,2.1912607386054574
2026-09-16 04:01:46,health,51.5189,49.199577151911015,45.2175,2.319322848088987,2.319322848088987
2026-09-16 04:01:47,health,48.989,49.23810636490745,46.8467,-0.24910636490745475,0.24910636490745475
2026-09-16 04:01:48,health,50.5817,50.469792903838645,51.3433,0.11190709616135308,0.11190709616135308
2026-09-16 04:01:49,health,52.6552,50.73223650602377,50.0955,1.9229634939762335,1.9229634939762335
2026-09-16 04:01:50,health,47.8328,51.56876714418236,53.9611,-3.7359671441823608,3.7359671441823608
2026-09-16 04:01:51,health,53.876,50.91310706079209,49.5734,2.9628929392079044,2.9628929392079044
2026-09-16 04:01:52,health,46.1987,51.285526368170615,49.6849,-5.0868263681706125,5.0868263681706125
2026-09-16 04:01:53,health,43.261,50.980823562757,48.1189,-7.719823562757,7.719823562757
2026-09-16 04:01:54,health,52.6047,51.73411942330719,51.7764,0.8705805766928094,0.8705805766928094
2026-09-16 04:01:55,health,48.4589,50.55893417513752,48.2706,-2.100034175137523,2.100034175137523
2026-09-16 04:01:56,health,52.85,51.32270485834181,51.5189,1.5272951416581932,1.5272951416581932
2026-09-16 04:01:57,health,54.4169,51.05917979315525,48.989,3.3577202068447463,3.3577202068447463
2026-09-16 04:01:58,health,53.4695,51.59682551589262,50.5817,1.8726744841073781,1.8726744841073781
2026-09-16 04:01:59,health,47.8837,51.26218337111715,52.6552,-3.378483371117156,3.378483371117156
2026-09-16 04:02:00,health,50.2619,50.48709364241253,47.8328,-0.2251936424125347,0.2251936424125347
2026-09-16 04:02:01,health,50.1046,52.28794330286744,53.876,-2.183343302867442,2.183343302867442
2026-09-16 04:02:02,health,46.6673,50.48678175498835,46.1987,-3.8194817549883524,3.8194817549883524
2026-09-16 04:02:03,health,52.5449,49.93643063519212,43.261,2.608469364807881,2.608469364807881
2026-09-16 04:02:04,health,51.0159,51.23350293126752,52.6047,-0.21760293126752117,0.21760293126752117
2026-09-16 04:02:05,health,48.3356,50.8476468859475,48.4589,-2.5120468859474983,2.5120468859474983
2026-09-16 04:02:06,health,51.4691,51.46033196672425,52.85,0.008768033275750042,0.008768033275750042
2026-09-16 04:02:07,health,46.5435,52.459977411371725,54.4169,-5.916477411371723,5.916477411371723
2026-09-16 04:02:08,health,48.975,53.253936754768965,53.4695,-4.278936754768964,4.278936754768964
2026-09-16 04:02:09,health,49.2948,52.375591482478434,47.8837,-3.080791482478432,3.080791482478432
2026-09-16 04:02:10,health,46.8038,52.470047909238005,50.2619,-5.6662479092380025,5.6662479092380025
2026-09-16 04:02:11,health,51.7551,52.125266904029836,50.1046,-0.370166904029837,0.370166904029837
2026-09-16 04:02:12,health,51.7916,50.34179183635871,46.6673,1.4498081636412934,1.4498081636412934
2026-09-16 04:02:13,health,49.7988,51.86478305056504,52.5449,-2.0659830505650376,2.0659830505650376
2026-09-16 04:02:14,health,50.7593,52.244715586162144,51.0159,-1.4854155861621408,1.4854155861621408
2026-09-16 04:02:15,health,46.598,50.73269675928043,48.3356,-4.1346967592804305,4.1346967592804305
2026-09-16 04:02:16,health,47.7201,51.958123358693186,51.4691,-4.238023358693184,4.238023358693184
2026-09-16 04:02:17,health,48.8989,50.660821289680364,46.5435,-1.761921289680366,1.761921289680366
2026-09-16 04:02:18,health,51.9495,51.11582438588475,48.975,0.8336756141152506,0.8336756141152506
2026-09-16 04:02:19,health,51.93,50.80324906737151,49.2948,1.1267509326284895,1.1267509326284895
2026-09-16 04:02:20,health,47.7936,50.600821899853436,46.8038,-2.807221899853438,2.807221899853438
2026-09-16 04:02:21,health,47.2242,51.04784335630284,51.7551,-3.8236433563028385,3.8236433563028385
2026-09-16 04:02:22,health,47.847,51.89427279812835,51.7916,-4.047272798128347,4.047272798128347
2026-09-16 04:02:23,health,52.3383,51.59848674704861,49.7988,0.7398132529513859,0.7398132529513859
2026-09-16 04:02:24,health,52.8945,51.829812867544625,50.7593,1.0646871324553757,1.0646871324553757
2026-09-16 04:02:25,health,52.2815,50.39899388741547,46.598,1.8825061125845295,1.8825061125845295
2026-09-16 04:02:26,health,50.1725,50.60633711426588,47.7201,-0.43383711426587723,0.43383711426587723
2026-09-16 04:02:27,health,50.4504,50.829081003878485,48.8989,-0.3786810038784836,0.3786810038784836
2026-09-16 04:02:28,health,56.3579,51.8492955304343,51.9495,4.508604469565704,4.508604469565704
2026-09-16 04:02:29,health,52.0869,51.28951400521702,51.93,0.797385994782978,0.797385994782978
2026-09-16 04:02:30,health,44.9764,50.89825719645404,47.7936,-5.921857196454042,5.921857196454042
2026-09-16 04:02:31,health,47.8789,50.3984768874795,47.2242,-2.519576887479495,2.519576887479495
2026-09-16 04:02:32,health,46.7979,50.81046069373183,47.847,-4.012560693731828,4.012560693731828
2026-09-16 04:02:33,health,44.3779,51.933184052539,52.3383,-7.555284052539001,7.555284052539001
2026-09-16 04:02:34,health,50.6832,51.77782331771147,52.8945,-1.0946233177114735,1.0946233177114735
2026-09-16 04:02:35,health,52.8398,52.00087706545312,52.2815,0.8389229345468792,0.8389229345468792
2026-09-16 04:02:36,health,50.8078,52.226543441685564,50.1725,-1.4187434416855638,1.4187434416855638
2026-09-16 04:02:37,health,52.4773,52.45405284340321,50.4504,0.023247156596788443,0.023247156596788443
2026-09-16 04:02:38,health,51.3311,53.59725752439497,56.3579,-2.26615752439497,2.26615752439497
2026-09-16 04:02:39,health,46.7852,52.72204681157591,52.0869,-5.936846811575904,5.936846811575904
2026-09-16 04:02:40,health,54.0188,51.29531700875572,44.9764,2.723482991244282,2.723482991244282
2026-09-16 04:02:41,health,48.6871,51.07437841024119,47.8789,-2.387278410241187,2.387278410241187
2026-09-16 04:02:42,health,48.1745,50.49133142587911,46.7979,-2.3168314258791085,2.3168314258791085
2026-09-16 04:02:43,health,45.2625,50.12343982119985,44.3779,-4.86093982119985,4.86093982119985
2026-09-16 04:02:44,health,47.4324,50.99418923649468,50.6832,-3.5617892364946755,3.5617892364946755
2026-09-16 04:02:45,health,47.4703,51.23502086471615,52.8398,-3.7647208647161463,3.7647208647161463
2026-09-16 04:02:46,health,50.7925,51.8433732756547,50.8078,-1.050873275654702,1.050873275654702
2026-09-16 04:02:47,health,51.508,51.96532659133438,52.4773,-0.4573265913343789,0.4573265913343789
2026-09-16 04:02:48,health,50.5472,52.480038288191466,51.3311,-1.9328382881914692,1.9328382881914692
2026-09-16 04:02:49,health,49.6297,51.074970318967765,46.7852,-1.445270318967765,1.445270318967765
2026-09-16 04:02:50,health,50.0174,52.3106026702003,54.0188,-2.2932026702003014,2.2932026702003014
2026-09-16 04:02:51,health,49.6773,51.67980785068322,48.6871,-2.002507850683216,2.002507850683216
2026-09-16 04:02:52,health,48.5235,51.48578660836587,48.1745,-2.962286608365872,2.962286608365872
2026-09-16 04:02:53,health,54.2258,50.13649591957119,45.2625,4.0893040804288106,4.0893040804288106
2026-09-16 04:02:54,health,45.6894,50.58407925696047,47.4324,-4.8946792569604725,4.8946792569604725
2026-09-16 04:02:55,health,49.2875,49.907557531574916,47.4703,-0.6200575315749148,0.6200575315749148
2026-09-16 04:02:56,health,52.557,51.10659060479499,50.7925,1.450409395205014,1.450409395205014
2026-09-16 04:02:57,health,46.7984,51.13302247787729,51.508,-4.334622477877289,4.334622477877289
2026-09-16 04:02:58,health,53.3412,51.36113803211385,50.5472,1.9800619678861509,1.9800619678861509
2026-09-16 04:02:59,health,45.5728,51.36927631833598,49.6297,-5.796476318335976,5.796476318335976
2026-09-16 04:03:00,health,51.4115,51.57127826735519,50.0174,-0.1597782673551933,0.1597782673551933
2026-09-16 04:03:01,health,52.5777,51.63053775227309,49.6773,0.9471622477269079,0.9471622477269079
2026-09-16 04:03:02,health,51.0706,50.72363493010374,48.5235,0.34696506989625675,0.34696506989625675
2026-09-16 04:03:03,health,50.582,52.35477379595614,54.2258,-1.772773795956141,1.772773795956141
2026-09-16 04:03:04,health,51.0063,51.01726397703625,45.6894,-0.01096397703624774,0.01096397703624774
2026-09-16 04:03:05,health,52.5617,50.94064229165016,49.2875,1.621057708349845,1.621057708349845
2026-09-16 04:03:06,health,47.5377,51.8755456613444,52.557,-4.337845661344396,4.337845661344396
2026-09-16 04:03:07,health,51.4245,50.11008116909966,46.7984,1.314418830900344,1.314418830900344
2026-09-16 04:03:08,health,48.4156,51.036451020426725,53.3412,-2.620851020426727,2.620851020426727
2026-09-16 04:03:09,health,52.7569,49.55079238418266,45.5728,3.206107615817345,3.206107615817345
2026-09-16 04:03:10,health,53.0901,51.26289076413434,51.4115,1.8272092358656593,1.8272092358656593
2026-09-16 04:03:11,health,45.988,51.20946234409621,52.5777,-5.22146234409621,5.22146234409621
2026-09-16 04:03:12,health,55.3249,52.453182123456024,51.0706,2.8717178765439755,2.8717178765439755
2026-09-16 04:03:13,health,52.5306,51.812070341807406,50.582,0.718529658192594,0.718529658192594
2026-09-16 04:03:14,health,46.7634,52.54212706516812,51.0063,-5.77872706516812,5.77872706516812
2026-09-16 04:03:15,health,48.0715,52.147572161865966,52.5617,-4.076072161865966,4.076072161865966
2026-09-16 04:03:16,health,47.451,51.675683506286084,47.5377,-4.224683506286084,4.224683506286084
2026-09-16 04:03:17,health,49.402,51.86310500389323,51.4245,-2.4611050038932305,2.4611050038932305
2026-09-16 04:03:18,health,48.2175,50.98122174983042,48.4156,-2.7637217498304167,2.7637217498304167
2026-09-16 04:03:19,health,54.6412,52.58498686887868,52.7569,2.056213131121318,2.056213131121318
2026-09-16 04:03:20,health,45.6339,52.252524994809384,53.0901,-6.618624994809387,6.618624994809387
2026-09-16 04:03:21,health,49.3954,50.86096686838175,45.988,-1.4655668683817495,1.4655668683817495
2026-09-16 04:03:22,health,43.6847,52.79714077682027,55.3249,-9.112440776820272,9.112440776820272
2026-09-16 04:03:23,health,48.9575,52.30518199395481,52.5306,-3.347681993954808,3.347681993954808
2026-09-16 04:03:24,health,50.0632,51.48793959567057,46.7634,-1.424739595670566,1.424739595670566
2026-09-16 04:03:25,health,51.0016,52.09967894061209,48.0715,-1.0980789406120834,1.0980789406120834
2026-09-16 04:03:26,health,50.5458,51.53147307999272,47.451,-0.985673079992722,0.985673079992722
2026-09-16 04:03:27,health,44.0165,51.383287326440005,49.402,-7.366787326440004,7.366787326440004
2026-09-16 04:03:28,health,46.5642,50.55948682403262,48.2175,-3.9952868240326183,3.9952868240326183
2026-09-16 04:03:29,health,51.4555,52.26726724055384,54.6412,-0.8117672405538414,0.8117672405538414
2026-09-16 04:03:30,health,47.3422,50.82725448370168,45.6339,-3.4850544837016812,3.4850544837016812
2026-09-16 04:03:31,health,50.7579,51.89722463198962,49.3954,-1.1393246319896235,1.1393246319896235
2026-09-16 04:03:32,health,48.0963,49.95098970609497,43.6847,-1.8546897060949732,1.8546897060949732
2026-09-16 04:03:33,health,49.512,50.58343476611917,48.9575,-1.071434766119168,1.071434766119168
2026-09-16 04:03:34,health,50.9164,50.63950675416267,50.0632,0.27689324583733566,0.27689324583733566
2026-09-16 04:03:35,health,51.1886,50.90513599136334,51.0016,0.2834640086366633,0.2834640086366633
2026-09-16 04:03:36,health,50.7885,50.90237771384527,50.5458,-0.11387771384526957,0.11387771384526957
2026-09-16 04:03:37,health,47.4526,50.33160840384212,44.0165,-2.8790084038421213,2.8790084038421213
2026-09-16 04:03:38,health,51.0639,50.11879278639615,46.5642,0.9451072136038476,0.9451072136038476
2026-09-16 04:03:39,health,49.7273,51.0959262911195,51.4555,-1.3686262911194973,1.3686262911194973
2026-09-16 04:03:40,health,55.2004,49.77194075738167,47.3422,5.428459242618331,5.428459242618331
2026-09-16 04:03:41,health,52.5697,49.78887553014441,50.7579,2.780824469855588,2.780824469855588
2026-09-16 04:03:42,health,50.0487,50.38808264754376,48.0963,-0.3393826475437649,0.3393826475437649
2026-09-16 04:03:43,health,53.136,50.918902380463855,49.512,2.2170976195361476,2.2170976195361476
2026-09-16 04:03:44,health,53.6945,50.4584927765166,50.9164,3.236007223483398,3.236007223483398
2026-09-16 04:03:45,health,58.3675,51.01625441387305,51.1886,7.35124558612695,7.35124558612695
2026-09-16 04:03:46,health,50.3442,50.46141046471026,50.7885,-0.11721046471026142,0.11721046471026142
2026-09-16 04:03:47,health,50.4611,50.473296626245904,47.4526,-0.012196626245902564,0.012196626245902564
2026-09-16 04:03:48,health,49.5009,51.40524551230282,51.0639,-1.9043455123028181,1.9043455123028181
2026-09-16 04:03:49,health,47.6753,51.647714725497366,49.7273,-3.972414725497366,3.972414725497366
2026-09-16 04:03:50,health,50.3558,52.60532228095684,55.2004,-2.249522280956839,2.249522280956839
2026-09-16 04:03:51,health,51.3671,52.14071313838491,52.5697,-0.7736131383849099,0.7736131383849099
2026-09-16 04:03:52,health,49.6492,54.05381362081821,50.0487,-4.4046136208182105,4.4046136208182105
2026-09-16 04:03:53,health,47.9244,52.564469394945505,53.136,-4.640069394945506,4.640069394945506
2026-09-16 04:03:54,health,48.9234,53.281865811849016,53.6945,-4.358465811849015,4.358465811849015
2026-09-16 04:03:55,health,50.8841,54.5087057032707,58.3675,-3.624605703270703,3.624605703270703
2026-09-16 04:03:56,health,48.4162,52.70811040977905,50.3442,-4.2919104097790495,4.2919104097790495
2026-09-16 04:03:57,health,51.1058,53.20788593905819,50.4611,-2.1020859390581847,2.1020859390581847
2026-09-16 04:03:58,health,48.2236,53.055266893162845,49.5009,-4.831666893162847,4.831666893162847
2026-09-16 04:03:59,health,52.7413,52.01155322571021,47.6753,0.7297467742897936,0.7297467742897936
2026-09-16 04:04:00,health,50.0765,52.19590908160631,50.3558,-2.1194090816063067,2.1194090816063067
2026-09-16 04:04:01,health,49.168,52.501613522825444,51.3671,-3.333613522825445,3.333613522825445
2026-09-16 04:04:02,health,48.6951,51.44796877857765,49.6492,-2.752868778577657,2.752868778577657
2026-09-16 04:04:03,health,54.0861,51.706976739181194,47.9244,2.379123260818808,2.379123260818808
2026-09-16 04:04:04,health,48.2,51.19426329390067,48.9234,-2.9942632939006657,2.9942632939006657
2026-09-16 04:04:05,health,48.8089,52.513789711113915,50.8841,-3.704889711113914,3.704889711113914
2026-09-16 04:04:06,health,48.8856,51.76220278452942,48.4162,-2.8766027845294246,2.8766027845294246
2026-09-16 04:04:07,health,52.1555,52.589734475329166,51.1058,-0.4342344753291627,0.4342344753291627
2026-09-16 04:04:08,health,51.3693,51.299696896367415,48.2236,0.0696031036325877,0.0696031036325877
2026-09-16 04:04:09,health,51.8229,52.32482315386872,52.7413,-0.5019231538687237,0.5019231538687237
2026-09-16 04:04:10,health,48.3146,52.19667254182563,50.0765,-3.8820725418256288,3.8820725418256288
2026-09-16 04:04:11,health,48.397,51.95004903848185,49.168,-3.553049038481852,3.553049038481852
2026-09-16 04:04:12,health,43.0666,52.00016541316331,48.6951,-8.933565413163308,8.933565413163308
2026-09-16 04:04:13,health,52.3545,52.83073652850817,54.0861,-0.4762365285081671,0.4762365285081671
2026-09-16 04:04:14,health,50.9247,50.922275488832774,48.2,0.0024245111672271946,0.0024245111672271946
2026-09-16 04:04:15,health,48.3874,51.22397542410033,48.8089,-2.8365754241003316,2.8365754241003316
2026-09-16 04:04:16,health,46.076,50.957316058672966,48.8856,-4.881316058672965,4.881316058672965
2026-09-16 04:04:17,health,52.3573,52.04084406405507,52.1555,0.31645593594492993,0.31645593594492993
2026-09-16 04:04:18,health,50.8677,51.808549897482635,51.3693,-0.9408498974826358,0.9408498974826358
2026-09-16 04:04:19,health,46.7713,52.20588154672376,51.8229,-5.434581546723763,5.434581546723763
2026-09-16 04:04:20,health,52.1824,51.556671785011744,48.3146,0.625728214988257,0.625728214988257
2026-09-16 04:04:21,health,47.6616,51.16388858456834,48.397,-3.5022885845683405,3.5022885845683405
2026-09-16 04:04:22,health,50.7802,49.920030212711666,43.0666,0.8601697872883349,0.8601697872883349
2026-09-16 04:04:23,health,46.8005,51.12562914784267,52.3545,-4.325129147842674,4.325129147842674
2026-09-16 04:04:24,health,50.488,51.07062860201055,50.9247,-0.5826286020105513,0.5826286020105513
2026-09-16 04:04:25,health,46.5302,50.18376109050123,48.3874,-3.6535610905012277,3.6535610905012277
2026-09-16 04:04:26,health,50.8034,49.92703532983475,46.076,0.8763646701652519,0.8763646701652519
2026-09-16 04:04:27,health,47.6417,51.432761314231584,52.3573,-3.791061314231584,3.791061314231584
2026-09-16 04:04:28,health,50.2201,51.58287798345304,50.8677,-1.3627779834530358,1.3627779834530358
2026-09-16 04:04:29,health,33.574,50.4709403940775,46.7713,-16.896940394077504,16.896940394077504
2026-09-16 04:04:30,health,38.4586,51.59497857416655,52.1824,-13.13637857416655,13.13637857416655
2026-09-16 04:04:31,health,39.8234,50.80395549232089,47.6616,-10.980555492320889,10.980555492320889
2026-09-16 04:04:32,health,43.1302,51.404158244388995,50.7802,-8.273958244388993,8.273958244388993
2026-09-16 04:04:33,health,36.7273,50.509641779644504,46.8005,-13.782341779644504,13.782341779644504
2026-09-16 04:04:34,health,42.2373,51.34241764907298,50.488,-9.10511764907298,9.10511764907298
2026-09-16 04:04:35,health,36.8286,50.41298564297839,46.5302,-13.58438564297839,13.58438564297839
2026-09-16 04:04:36,health,36.3129,51.00782038052788,50.8034,-14.694920380527883,14.694920380527883
2026-09-16 04:04:37,health,38.7435,50.121059496463594,47.6417,-11.377559496463597,11.377559496463597
2026-09-16 04:04:38,health,39.0291,51.02313900186853,50.2201,-11.99403900186853,11.99403900186853
2026-09-16 04:04:39,health,39.7964,43.25333327419203,33.574,-3.456933274192032,3.456933274192032
2026-09-16 04:04:40,health,41.5956,46.19418259458706,38.4586,-4.598582594587064,4.598582594587064
2026-09-16 04:04:41,health,39.0083,45.9237381171936,39.8234,-6.915438117193602,6.915438117193602
2026-09-16 04:04:42,health,39.8585,47.444371708679455,43.1302,-7.585871708679456,7.585871708679456
2026-09-16 04:04:43,health,42.4011,43.05502326115691,36.7273,-0.6539232611569119,0.6539232611569119
2026-09-16 04:04:44,health,40.5799,46.31545256376443,42.2373,-5.735552563764429,5.735552563764429
2026-09-16 04:04:45,health,39.4663,43.161835470416435,36.8286,-3.695535470416438,3.695535470416438
2026-09-16 04:04:46,health,39.3375,42.7023452419802,36.3129,-3.3648452419801984,3.3648452419801984
2026-09-16 04:04:47,health,40.3926,44.11282545740834,38.7435,-3.7202254574083398,3.7202254574083398
2026-09-16 04:04:48,health,40.5009,43.91516800834529,39.0291,-3.4142680083452888,3.4142680083452888
2026-09-16 04:04:49,health,37.9593,43.63687370580348,39.7964,-5.677573705803482,5.677573705803482
2026-09-16 04:04:50,health,39.3323,44.66042496020324,41.5956,-5.32812496020324,5.32812496020324
2026-09-16 04:04:51,health,36.5373,43.73570303566405,39.0083,-7.19840303566405,7.19840303566405
2026-09-16 04:04:52,health,44.5675,42.829431844393156,39.8585,1.7380681556068467,1.7380681556068467
2026-09-16 04:04:53,health,40.1924,43.676463009261916,42.4011,-3.4840630092619165,3.4840630092619165
2026-09-16 04:04:54,health,41.0277,43.32133293301242,40.5799,-2.293632933012418,2.293632933012418
2026-09-16 04:04:55,health,43.8552,42.424925603683896,39.4663,1.4302743963161078,1.4302743963161078
2026-09-16 04:04:56,health,40.1478,42.1191220344568,39.3375,-1.9713220344568043,1.9713220344568043
2026-09-16 04:04:57,health,44.655,41.59205062227528,40.3926,3.0629493777247205,3.0629493777247205
2026-09-16 04:04:58,health,41.0063,42.120784057756296,40.5009,-1.1144840577562931,1.1144840577562931
2026-09-16 04:04:59,health,41.5097,41.53354433274484,37.9593,-0.02384433274483655,0.02384433274483655
2026-09-16 04:05:00,health,39.8102,41.51520878913377,39.3323,-1.705008789133771,1.705008789133771
2026-09-16 04:05:01,health,41.323,40.68656807097862,36.5373,0.6364319290213771,0.6364319290213771
2026-09-16 04:05:02,health,39.7117,42.12185399544168,44.5675,-2.410153995441682,2.410153995441682
2026-09-16 04:05:03,health,41.1133,41.22274198732145,40.1924,-0.10944198732144628,0.10944198732144628
2026-09-16 04:05:04,health,43.7045,42.1199409735105,41.0277,1.5845590264895009,1.5845590264895009
2026-09-16 04:05:05,health,44.4046,42.06982218227843,43.8552,2.334777817721573,2.334777817721573
2026-09-16 04:05:06,health,40.3421,43.20014532950253,40.1478,-2.8580453295025308,2.8580453295025308
2026-09-16 04:05:07,health,42.0712,42.886834763220946,44.655,-0.8156347632209489,0.8156347632209489
2026-09-16 04:05:08,health,38.2605,43.1140139758913,41.0063,-4.853513975891296,4.853513975891296
2026-09-16 04:05:09,health,42.4504,42.78170804654357,41.5097,-0.33130804654356893,0.33130804654356893
2026-09-16 04:05:10,health,40.6242,42.569446246035824,39.8102,-1.945246246035822,1.945246246035822
2026-09-16 04:05:11,health,44.6963,42.750797412281166,41.323,1.9455025877188348,1.9455025877188348
2026-09-16 04:05:12,health,41.3764,42.175466954289696,39.7117,-0.7990669542896995,0.7990669542896995
2026-09-16 04:05:13,health,43.4253,41.95822367497945,41.1133,1.4670763250205496,1.4670763250205496
2026-09-16 04:05:14,health,49.5902,43.26774073018344,43.7045,6.322459269816562,6.322459269816562
2026-09-16 04:05:15,health,50.3806,43.774714830211686,44.4046,6.605885169788316,6.605885169788316
2026-09-16 04:05:16,health,42.0972,42.64827368388772,40.3421,-0.5510736838877222,0.5510736838877222
2026-09-16 04:05:17,health,47.6799,43.75587067685904,42.0712,3.9240293231409638,3.9240293231409638
2026-09-16 04:05:18,health,43.2416,41.823083670681186,38.2605,1.4185163293188126,1.4185163293188126
2026-09-16 04:05:19,health,44.5445,43.185137690267055,42.4504,1.3593623097329441,1.3593623097329441
2026-09-16 04:05:20,health,44.8049,42.57943534581178,40.6242,2.2254646541882224,2.2254646541882224
2026-09-16 04:05:21,health,42.6975,44.18282413689146,44.6963,-1.4853241368914638,1.4853241368914638
2026-09-16 04:05:22,health,45.4241,43.37495048678063,41.3764,2.049149513219376,2.049149513219376
2026-09-16 04:05:23,health,45.0104,43.8686504758759,43.4253,1.1417495241240943,1.1417495241240943
2026-09-16 04:05:24,health,45.2915,46.65955693450078,49.5902,-1.3680569345007783,1.3680569345007783
2026-09-16 04:05:25,health,45.9759,47.18436539985394,50.3806,-1.2084653998539352,1.2084653998539352
2026-09-16 04:05:26,health,45.7255,44.87186720116891,42.0972,0.8536327988310859,0.8536327988310859
2026-09-16 04:05:27,health,44.2588,46.62174426582366,47.6799,-2.362944265823657,2.362944265823657
2026-09-16 04:05:28,health,50.3323,44.82797335145279,43.2416,5.504326648547206,5.504326648547206
2026-09-16 04:05:29,health,44.6569,45.977985335423114,44.5445,-1.3210853354231133,1.3210853354231133
2026-09-16 04:05:30,health,43.4663,45.33345869779098,44.8049,-1.867158697790984,1.867158697790984
2026-09-16 04:05:31,health,47.5809,45.02683103772022,42.6975,2.5540689622797785,2.5540689622797785
2026-09-16 04:05:32,health,49.0189,45.807415007054914,45.4241,3.2114849929450884,3.2114849929450884
2026-09-16 04:05:33,health,53.9938,46.06528574552494,45.0104,7.928514254475061,7.928514254475061
2026-09-16 04:05:34,health,46.8872,45.805460744541456,45.2915,1.0817392554585439,1.0817392554585439
2026-09-16 04:05:35,health,47.7453,45.745993450286285,45.9759,1.9993065497137152,1.9993065497137152
2026-09-16 04:05:36,health,42.5748,46.68394386866856,45.7255,-4.1091438686685535,4.1091438686685535
2026-09-16 04:05:37,health,48.7823,46.32689436273049,44.2588,2.4554056372695072,2.4554056372695072
2026-09-16 04:05:38,health,46.7649,48.17203993783004,50.3323,-1.4071399378300455,1.4071399378300455
2026-09-16 04:05:39,health,45.9946,47.12588239480881,44.6569,-1.1312823948088138,1.1312823948088138
2026-09-16 04:05:40,health,47.6523,46.7673226255542,43.4663,0.8849773744457963,0.8849773744457963
2026-09-16 04:05:41,health,43.4891,47.17256439097105,47.5809,-3.6834643909710465,3.6834643909710465
2026-09-16 04:05:42,health,49.6835,48.08912468634653,49.0189,1.5943753136534724,1.5943753136534724
2026-09-16 04:05:43,health,46.5799,50.511285522804926,53.9938,-3.9313855228049235,3.9313855228049235
2026-09-16 04:05:44,health,45.2197,48.49875959017659,46.8872,-3.279059590176587,3.279059590176587
2026-09-16 04:05:45,health,48.6925,48.39373074076868,47.7453,0.2987692592313209,0.2987692592313209
2026-09-16 04:05:46,health,44.7019,48.413578010069166,42.5748,-3.711678010069164,3.711678010069164
2026-09-16 04:05:47,health,46.6203,48.30478931366961,48.7823,-1.6844893136696086,1.6844893136696086
2026-09-16 04:05:48,health,51.1673,47.799143319950325,46.7649,3.3681566800496725,3.3681566800496725
2026-09-16 04:05:49,health,50.788,48.21817247562328,45.9946,2.56982752437672,2.56982752437672
2026-09-16 04:05:50,health,44.4679,48.02172928928646,47.6523,-3.553829289286462,3.553829289286462
2026-09-16 04:05:51,health,49.7731,47.442970697664336,43.4891,2.3301293023356635,2.3301293023356635
2026-09-16 04:05:52,health,48.3842,48.44818628482224,49.6835,-0.06398628482224211,0.06398628482224211
2026-09-16 04:05:53,health,47.1084,48.44042208214174,46.5799,-1.3320220821417337,1.3320220821417337
2026-09-16 04:05:54,health,50.3041,48.13619703299639,45.2197,2.167902967003606,2.167902967003606
2026-09-16 04:05:55,health,50.6494,48.353743341458795,48.6925,2.295656658541205,2.295656658541205
2026-09-16 04:05:56,health,53.3803,47.61277002018914,44.7019,5.76752997981086,5.76752997981086
2026-09-16 04:05:57,health,47.3716,48.53927736374115,46.6203,-1.1676773637411486,1.1676773637411486
2026-09-16 04:05:58,health,51.6049,48.933178754290324,51.1673,2.6717212457096764,2.6717212457096764
2026-09-16 04:05:59,health,48.7382,49.43619120169316,50.788,-0.6979912016931635,0.6979912016931635
2026-09-16 04:06:00,health,47.6362,47.90096307257626,44.4679,-0.2647630725762582,0.2647630725762582
2026-09-16 04:06:01,health,50.1144,49.604204426604454,49.7731,0.5101955733955492,0.5101955733955492
2026-09-16 04:06:02,health,55.0775,50.204883301197476,48.3842,4.872616698802524,4.872616698802524
2026-09-16 04:06:03,health,43.4138,49.30632273281039,47.1084,-5.8925227328103915,5.8925227328103915
2026-09-16 04:06:04,health,49.2163,48.81746597820328,50.3041,0.39883402179671634,0.39883402179671634
2026-09-16 04:06:05,health,49.5042,50.04096067912817,50.6494,-0.5367606791281716,0.5367606791281716
2026-09-16 04:06:06,health,47.4352,51.1056388185007,53.3803,-3.670438818500699,3.670438818500699
2026-09-16 04:06:07,health,47.7759,50.387942204550356,47.3716,-2.612042204550356,2.612042204550356
2026-09-16 04:06:08,health,56.3995,51.08159950712458,51.6049,5.317900492875424,5.317900492875424
2026-09-16 04:06:09,health,54.7238,50.543797303016554,48.7382,4.180002696983443,4.180002696983443
2026-09-16 04:06:10,health,50.0507,50.33669450627268,47.6362,-0.2859945062726794,0.2859945062726794
2026-09-16 04:06:11,health,51.4235,50.62792529052593,50.1144,0.7955747094740673,0.7955747094740673
2026-09-16 04:06:12,health,52.2053,52.544041354173686,55.0775,-0.3387413541736848,0.3387413541736848
2026-09-16 04:06:13,health,48.2318,49.978223780483,43.4138,-1.7464237804829992,1.7464237804829992
2026-09-16 04:06:14,health,50.4558,50.24488989050428,49.2163,0.2109101094957211,0.2109101094957211
2026-09-16 04:06:15,health,50.1489,50.93240551845824,49.5042,-0.7835055184582416,0.7835055184582416
2026-09-16 04:06:16,health,51.2859,49.83551938104629,47.4352,1.4503806189537087,1.4503806189537087
2026-09-16 04:06:17,health,47.4891,50.24354571630558,47.7759,-2.7544457163055824,2.7544457163055824
2026-09-16 04:06:18,health,52.1846,52.15737187604585,56.3995,0.02722812395415275,0.02722812395415275
2026-09-16 04:06:19,health,57.3339,51.9259526290212,54.7238,5.407947370978803,5.407947370978803
2026-09-16 04:06:20,health,49.6673,51.80499818899189,50.0507,-2.137698188991891,2.137698188991891
2026-09-16 04:06:21,health,53.2795,52.38708345225919,51.4235,0.8924165477408081,0.8924165477408081
2026-09-16 04:06:22,health,53.5485,52.59819902528316,52.2053,0.9503009747168392,0.9503009747168392
2026-09-16 04:06:23,health,55.0679,51.659826195123784,48.2318,3.408073804876217,3.408073804876217
2026-09-16 04:06:24,health,52.8053,51.89040308217543,50.4558,0.9148969178245707,0.9148969178245707
2026-09-16 04:06:25,health,49.5949,52.259944468788305,50.1489,-2.6650444687883024,2.6650444687883024
2026-09-16 04:06:26,health,52.6152,51.663045106363164,51.2859,0.9521548936368376,0.9521548936368376
2026-09-16 04:06:27,health,50.7835,51.36058476542762,47.4891,-0.577084765427621,0.577084765427621
2026-09-16 04:06:28,health,51.0241,51.75035289400355,52.1846,-0.7262528940035509,0.7262528940035509
2026-09-16 04:06:29,health,56.4182,54.40427742026122,57.3339,2.0139225797387823,2.0139225797387823
2026-09-16 04:06:30,health,54.0618,51.67208915357079,49.6673,2.3897108464292103,2.3897108464292103
2026-09-16 04:06:31,health,55.205,53.576529327653475,53.2795,1.6284706723465234,1.6284706723465234
2026-09-16 04:06:32,health,49.017,53.42388039758506,53.5485,-4.406880397585056,4.406880397585056
2026-09-16 04:06:33,health,54.8183,54.11047268416009,55.0679,0.7078273158399142,0.7078273158399142
2026-09-16 04:06:34,health,55.8878,53.70143511929877,52.8053,2.186364880701227,2.186364880701227
2026-09-16 04:06:35,health,54.8884,52.4435618940136,49.5949,2.444838105986399,2.444838105986399
2026-09-16 04:06:36,health,54.6069,53.71731969099859,52.6152,0.8895803090014098,0.8895803090014098
2026-09-16 04:06:37,health,56.3836,53.46098909974308,50.7835,2.9226109002569203,2.9226109002569203
2026-09-16 04:06:38,health,56.8598,53.49715694071252,51.0241,3.3626430592874783,3.3626430592874783
2026-09-16 04:06:39,health,56.0777,53.62120187635552,56.4182,2.4564981236444794,2.4564981236444794
2026-09-16 04:06:40,health,53.8743,54.3016320088237,54.0618,-0.42733200882370426,0.42733200882370426
2026-09-16 04:06:41,health,56.8996,54.470679723067384,55.205,2.4289202769326153,2.4289202769326153
2026-09-16 04:06:42,health,55.3641,53.05511845590545,49.017,2.30898154409455,2.30898154409455
2026-09-16 04:06:43,health,56.1689,54.55175264711921,54.8183,1.6171473528807923,1.6171473528807923
2026-09-16 04:06:44,health,54.8748,54.653251960466484,55.8878,0.22154803953351632,0.22154803953351632
2026-09-16 04:06:45,health,55.899,54.72463253148896,54.8884,1.1743674685110435,1.1743674685110435
2026-09-16 04:06:46,health,56.8217,54.73591595707601,54.6069,2.08578404292399,2.08578404292399
2026-09-16 04:06:47,health,51.5365,55.63679749757668,56.3836,-4.100297497576683,4.100297497576683
2026-09-16 04:06:48,health,54.0271,56.04774438413195,56.8598,-2.0206443841319555,2.0206443841319555
2026-09-16 04:06:49,health,56.1939,56.094055189302814,56.0777,0.09984481069718498,0.09984481069718498
2026-09-16 04:06:50,health,54.1217,56.065328449372885,53.8743,-1.9436284493728877,1.9436284493728877
2026-09-16 04:06:51,health,56.2953,56.83508393450759,56.8996,-0.5397839345075894,0.5397839345075894
2026-09-16 04:06:52,health,51.9662,56.77134331005648,55.3641,-4.805143310056479,4.805143310056479
2026-09-16 04:06:53,health,55.425,56.17907930006355,56.1689,-0.7540793000635517,0.7540793000635517
2026-09-16 04:06:54,health,59.4654,56.79787978268529,54.8748,2.66752021731471,2.66752021731471
2026-09-16 04:06:55,health,59.2153,56.38781515769937,55.899,2.8274848423006276,2.8274848423006276
2026-09-16 04:06:56,health,55.7579,56.397012720359065,56.8217,-0.6391127203590656,0.6391127203590656
2026-09-16 04:06:57,health,57.3339,56.130763897703474,51.5365,1.2031361022965257,1.2031361022965257
2026-09-16 04:06:58,health,57.4824,56.755420197766824,54.0271,0.7269798022331742,0.7269798022331742
2026-09-16 04:06:59,health,56.5872,56.908758082666324,56.1939,-0.32155808266632135,0.32155808266632135
2026-09-16 04:07:00,health,56.052,56.4519685799164,54.1217,-0.399968579916397,0.399968579916397
2026-09-16 04:07:01,health,54.8601,56.394513225575274,56.2953,-1.5344132255752712,1.5344132255752712
2026-09-16 04:07:02,health,55.201,55.96915943581078,51.9662,-0.7681594358107802,0.7681594358107802
2026-09-16 04:07:03,health,60.3642,57.12134638294017,55.425,3.242853617059829,3.242853617059829
2026-09-16 04:07:04,health,57.3403,56.68195628265776,59.4654,0.6583437173422411,0.6583437173422411
2026-09-16 04:07:05,health,55.8008,56.60845763724566,59.2153,-0.8076576372456543,0.8076576372456543
2026-09-16 04:07:06,health,60.9777,56.40384249431207,55.7579,4.573857505687926,4.573857505687926
2026-09-16 04:07:07,health,57.9309,56.07815170751288,57.3339,1.8527482924871208,1.8527482924871208
2026-09-16 04:07:08,health,55.6616,56.28240987932479,57.4824,-0.6208098793247885,0.6208098793247885
2026-09-16 04:07:09,health,56.133,56.63340685097992,56.5872,-0.500406850979914,0.500406850979914
2026-09-16 04:07:10,health,58.1495,57.196021774813666,56.052,0.9534782251863376,0.9534782251863376
2026-09-16 04:07:11,health,63.7511,56.54473330332299,54.8601,7.206366696677009,7.206366696677009
2026-09-16 04:07:12,health,55.84,56.44346956318748,55.201,-0.603469563187474,0.603469563187474
2026-09-16 04:07:13,health,60.5115,56.95080042199515,60.3642,3.5606995780048507,3.5606995780048507
2026-09-16 04:07:14,health,53.2145,56.846911214661525,57.3403,-3.6324112146615235,3.6324112146615235
2026-09-16 04:07:15,health,58.5312,56.845420311724844,55.8008,1.6857796882751543,1.6857796882751543
2026-09-16 04:07:16,health,59.8164,57.35298132584354,60.9777,2.4634186741564648,2.4634186741564648
2026-09-16 04:07:17,health,61.1058,57.95046981420048,57.9309,3.155330185799521,3.155330185799521
2026-09-16 04:07:18,health,57.6948,57.546503764148106,55.6616,0.14829623585189466,0.14829623585189466
2026-09-16 04:07:19,health,60.8414,57.246104464675646,56.133,3.595295535324354,3.595295535324354
2026-09-16 04:07:20,health,60.1236,57.66336090852916,58.1495,2.4602390914708465,2.4602390914708465
2026-09-16 04:07:21,health,56.8913,60.035930688215785,63.7511,-3.144630688215784,3.144630688215784
2026-09-16 04:07:22,health,61.2925,57.59298228734635,55.84,3.6995177126536447,3.6995177126536447
2026-09-16 04:07:23,health,63.7643,58.97475002017011,60.5115,4.789549979829886,4.789549979829886
2026-09-16 04:07:24,health,62.5544,57.837606735666974,53.2145,4.7167932643330275,4.7167932643330275
2026-09-16 04:07:25,health,61.5418,57.54954258913126,58.5312,3.9922574108687385,3.9922574108687385
2026-09-16 04:07:26,health,59.9223,58.49580461290738,59.8164,1.426495387092622,1.426495387092622
2026-09-16 04:07:27,health,56.8638,58.86897372689091,61.1058,-2.0051737268909093,2.0051737268909093
2026-09-16 04:07:28,health,62.2251,58.33908650952991,57.6948,3.8860134904700843,3.8860134904700843
2026-09-16 04:07:29,health,56.3365,59.10353565352191,60.8414,-2.7670356535219085,2.7670356535219085
2026-09-16 04:07:30,health,62.3056,58.71548757190348,60.1236,3.5901124280965178,3.5901124280965178
2026-09-16 04:07:31,health,59.0169,59.200994782154986,56.8913,-0.1840947821549861,0.1840947821549861
2026-09-16 04:07:32,health,62.3879,59.85077406650862,61.2925,2.5371259334913816,2.5371259334913816
2026-09-16 04:07:33,health,59.678,60.123629365873775,63.7643,-0.44562936587377777,0.44562936587377777
2026-09-16 04:07:34,health,59.8163,60.36525881558124,62.5544,-0.5489588155812442,0.5489588155812442
2026-09-16 04:07:35,health,62.3928,60.223804826032044,61.5418,2.168995173967957,2.168995173967957
2026-09-16 04:07:36,health,61.9834,60.27038506604781,59.9223,1.713014933952195,1.713014933952195
2026-09-16 04:07:37,health,61.7344,59.75786447231758,56.8638,1.9765355276824224,1.9765355276824224
2026-09-16 04:07:38,health,63.9897,60.77589069344377,62.2251,3.2138093065562288,3.2138093065562288
2026-09-16 04:07:39,health,65.3871,59.48793146585882,56.3365,5.899168534141182,5.899168534141182
2026-09-16 04:07:40,health,64.0391,60.447934955263726,62.3056,3.591165044736279,3.591165044736279
2026-09-16 04:07:41,health,59.9839,59.7003863287452,59.0169,0.283513671254795,0.283513671254795
2026-09-16 04:07:42,health,62.633,60.56507264255737,62.3879,2.0679273574426347,2.0679273574426347
2026-09-16 04:07:43,health,58.8856,60.42080455724587,59.678,-1.5352045572458763,1.5352045572458763
2026-09-16 04:07:44,health,59.821,60.07850383715169,59.8163,-0.25750383715169534,0.25750383715169534
2026-09-16 04:07:45,health,62.8099,60.94557390462077,62.3928,1.8643260953792264,1.8643260953792264
2026-09-16 04:07:46,health,60.9386,61.13016559466799,61.9834,-0.19156559466799195,0.19156559466799195
2026-09-16 04:07:47,health,58.2901,61.191039141430636,61.7344,-2.9009391414306336,2.9009391414306336
2026-09-16 04:07:48,health,64.6543,61.79021423082769,63.9897,2.86408576917232,2.86408576917232
2026-09-16 04:07:49,health,65.491,62.43924267940475,65.3871,3.05175732059525,3.05175732059525
2026-09-16 04:07:50,health,66.7952,62.8802875367788,64.0391,3.9149124632211922,3.9149124632211922
2026-09-16 04:07:51,health,66.5983,61.933635893631525,59.9839,4.66466410636847,4.66466410636847
2026-09-16 04:07:52,health,60.3153,62.58904446526992,62.633,-2.273744465269921,2.273744465269921
2026-09-16 04:07:53,health,58.2948,61.540275732177804,58.8856,-3.245475732177802,3.245475732177802
2026-09-16 04:07:54,health,63.9346,61.65306514532539,59.821,2.281534854674611,2.281534854674611
2026-09-16 04:07:55,health,64.0144,61.679749847667274,62.8099,2.3346501523327206,2.3346501523327206
2026-09-16 04:07:56,health,64.6336,61.35671211986801,60.9386,3.2768878801319943,3.2768878801319943
2026-09-16 04:07:57,health,65.0577,61.12459859213202,58.2901,3.93310140786798,3.93310140786798
2026-09-16 04:07:58,health,60.2393,62.25065621087013,64.6543,-2.011356210870133,2.011356210870133
2026-09-16 04:07:59,health,64.7731,62.66223664383021,65.491,2.110863356169787,2.110863356169787
2026-09-16 04:08:00,health,65.737,63.38621429997124,66.7952,2.3507857000287515,2.3507857000287515
2026-09-16 04:08:01,health,67.1816,63.67517940387475,66.5983,3.5064205961252526,3.5064205961252526
2026-09-16 04:08:02,health,64.8485,62.317934592244015,60.3153,2.5305654077559865,2.5305654077559865
2026-09-16 04:08:03,health,73.0981,64.12999643595833,58.2948,8.96810356404167,8.96810356404167
2026-09-16 04:08:04,health,63.3661,63.25027029388601,63.9346,0.1158297061139919,0.1158297061139919
2026-09-16 04:08:05,health,63.6471,63.54458291848756,64.0144,0.10251708151243832,0.10251708151243832
2026-09-16 04:08:06,health,61.6965,62.933799725468845,64.6336,-1.2372997254688443,1.2372997254688443
2026-09-16 04:08:07,health,64.4672,63.70253591101517,65.0577,0.7646640889848371,0.7646640889848371
2026-09-16 04:08:08,health,62.918,62.869811073399944,60.2393,0.048188926600055026,0.048188926600055026
2026-09-16 04:08:09,health,68.857,63.36980595791387,64.7731,5.487194042086131,5.487194042086131
2026-09-16 04:08:10,health,63.156,63.7234923376568,65.737,-0.5674923376568017,0.5674923376568017
2026-09-16 04:08:11,health,64.5175,64.20323990548333,67.1816,0.31426009451666914,0.31426009451666914
2026-09-16 04:08:12,health,62.8946,63.8489061046673,64.8485,-0.9543061046673031,0.9543061046673031
2026-09-16 04:08:13,health,60.9681,67.58315855232644,73.0981,-6.615058552326438,6.615058552326438
2026-09-16 04:08:14,health,62.4448,65.50997402818221,63.3661,-3.065174028182213,3.065174028182213
2026-09-16 04:08:15,health,65.806,65.05778011806562,63.6471,0.748219881934375,0.748219881934375
2026-09-16 04:08:16,health,65.5655,65.09467768778407,61.6965,0.47082231221592963,0.47082231221592963
2026-09-16 04:08:17,health,66.4733,64.78298946419682,64.4672,1.690310535803178,1.690310535803178
2026-09-16 04:08:18,health,70.6078,64.29753530435386,62.918,6.31026469564614,6.31026469564614
2026-09-16 04:08:19,health,68.1007,64.95673776133499,68.857,3.1439622386650115,3.1439622386650115
2026-09-16 04:08:20,health,65.5434,64.58694035858089,63.156,0.9564596414191158,0.9564596414191158
2026-09-16 04:08:21,health,71.7045,64.71326896119919,64.5175,6.991231038800805,6.991231038800805
2026-09-16 04:08:22,health,65.8196,64.6202103540603,62.8946,1.1993896459396893,1.1993896459396893
2026-09-16 04:08:23,health,68.2004,64.48912742327224,60.9681,3.7112725767277652,3.7112725767277652
2026-09-16 04:08:24,health,65.8538,64.24930736390864,62.4448,1.604492636091365,1.604492636091365
2026-09-16 04:08:25,health,69.0826,64.51522949344537,65.806,4.567370506554624,4.567370506554624
2026-09-16 04:08:26,health,69.3457,64.63631726812943,65.5655,4.709382731870562,4.709382731870562
2026-09-16 04:08:27,health,63.712,65.02831381296377,66.4733,-1.3163138129637701,1.3163138129637701
2026-09-16 04:08:28,health,64.1053,66.4043223129865,70.6078,-2.2990223129864944,2.2990223129864944
2026-09-16 04:08:29,health,69.1525,66.90541928679744,68.1007,2.247080713202564,2.247080713202564
2026-09-16 04:08:30,health,67.5485,66.10586512152764,65.5434,1.4426348784723615,1.4426348784723615
2026-09-16 04:08:31,health,73.7856,67.9275866581323,71.7045,5.858013341867704,5.858013341867704
2026-09-16 04:08:32,health,69.5543,66.514638306906,65.8196,3.039661693094004,3.039661693094004
2026-09-16 04:08:33,health,67.7219,67.11476810543871,68.2004,0.6071318945612916,0.6071318945612916
2026-09-16 04:08:34,health,67.55,66.37194144112713,65.8538,1.1780585588728627,1.1780585588728627
2026-09-16 04:08:35,health,66.128,67.03225425983798,69.0826,-0.9042542598379839,0.9042542598379839
2026-09-16 04:08:36,health,66.5861,67.44073355019526,69.3457,-0.8546335501952598,0.8546335501952598
2026-09-16 04:08:37,health,70.6543,67.82424700030496,63.712,2.8300529996950416,2.8300529996950416
2026-09-16 04:08:38,health,65.7417,66.6405728956851,64.1053,-0.898872895685102,0.898872895685102
2026-09-16 04:08:39,health,71.9944,66.612165198347,69.1525,5.382234801652999,5.382234801652999
2026-09-16 04:08:40,health,71.124,66.86378908978344,67.5485,4.260210910216557,4.260210910216557
2026-09-16 04:08:41,health,67.9398,68.53037170002428,73.7856,-0.5905717000242703,0.5905717000242703
2026-09-16 04:08:42,health,65.4197,68.17855362011544,69.5543,-2.7588536201154312,2.7588536201154312
2026-09-16 04:08:43,health,67.1108,68.25610788369328,67.7219,-1.1453078836932775,1.1453078836932775
2026-09-16 04:08:44,health,70.3331,68.43404983221002,67.55,1.89905016778998,1.89905016778998
2026-09-16 04:08:45,health,67.9316,68.16512820319858,66.128,-0.23352820319857415,0.23352820319857415
2026-09-16 04:08:46,health,71.6693,68.05681558889643,66.5861,3.61248441110358,3.61248441110358
2026-09-16 04:08:47,health,66.4204,68.30793946149021,70.6543,-1.8875394614902063,1.8875394614902063
2026-09-16 04:08:48,health,67.7834,67.57714465016362,65.7417,0.2062553498363826,0.2062553498363826
2026-09-16 04:08:49,health,67.2263,68.07660096885499,71.9944,-0.8503009688549952,0.8503009688549952
2026-09-16 04:08:50,health,67.0023,69.04868773794257,71.124,-2.046387737942567,2.046387737942567
2026-09-16 04:08:51,health,67.515,69.01483061013722,67.9398,-1.4998306101372236,1.4998306101372236
2026-09-16 04:08:52,health,68.0034,68.4680682716696,65.4197,-0.4646682716695949,0.4646682716695949
2026-09-16 04:08:53,health,71.6172,68.30732698258264,67.1108,3.3098730174173596,3.3098730174173596
2026-09-16 04:08:54,health,69.1557,68.34350573885244,70.3331,0.8121942611475532,0.8121942611475532
2026-09-16 04:08:55,health,71.3407,68.27317442430746,67.9316,3.0675255756925424,3.0675255756925424
2026-09-16 04:08:56,health,69.5516,68.95618659702174,71.6693,0.5954134029782523,0.5954134029782523
2026-09-16 04:08:57,health,74.9937,68.34072611258505,66.4204,6.652973887414959,6.652973887414959
2026-09-16 04:08:58,health,72.8571,68.76164057094906,67.7834,4.095459429050948,4.095459429050948
2026-09-16 04:08:59,health,70.5587,68.64604011068313,67.2263,1.9126598893168705,1.9126598893168705
2026-09-16 04:09:00,health,70.9408,68.22932916487908,67.0023,2.7114708351209202,2.7114708351209202
2026-09-16 04:09:01,health,70.2156,68.2864022366105,67.515,1.929197763389496,1.929197763389496
2026-09-16 04:09:02,health,72.0667,68.0235637956874,68.0034,4.043136204312603,4.043136204312603
2026-09-16 04:09:03,health,72.6039,68.97338342545834,71.6172,3.6305165745416588,3.6305165745416588
2026-09-16 04:09:04,health,67.4448,68.81977219067814,69.1557,-1.374972190678136,1.374972190678136
2026-09-16 04:09:05,health,70.9161,69.2428218993342,71.3407,1.6732781006657973,1.6732781006657973
2026-09-16 04:09:06,health,70.8572,69.55256907968332,69.5516,1.3046309203166828,1.3046309203166828
2026-09-16 04:09:07,health,70.8274,70.50505602572865,74.9937,0.3223439742713481,0.3223439742713481
2026-09-16 04:09:08,health,72.3535,70.84094563074294,72.8571,1.5125543692570602,1.5125543692570602
2026-09-16 04:09:09,health,71.7544,70.55005159905889,70.5587,1.2043484009411145,1.2043484009411145
2026-09-16 04:09:10,health,72.9439,69.91728059080184,70.9408,3.0266194091981617,3.0266194091981617
2026-09-16 04:09:11,health,69.2588,70.47759700342667,70.2156,-1.2187970034266726,1.2187970034266726
2026-09-16 04:09:12,health,73.0158,70.84869334135072,72.0667,2.167106658649274,2.167106658649274
2026-09-16 04:09:13,health,70.7283,71.06647308918215,72.6039,-0.33817308918214906,0.33817308918214906
2026-09-16 04:09:14,health,72.9032,70.27213223053538,67.4448,2.6310677694646216,2.6310677694646216
2026-09-16 04:09:15,health,75.7436,70.49451228333079,70.9161,5.249087716669209,5.249087716669209
2026-09-16 04:09:16,health,73.2728,70.32929697247855,70.8572,2.9435030275214586,2.9435030275214586
2026-09-16 04:09:17,health,74.3449,70.40897797291214,70.8274,3.935922027087855,3.935922027087855
2026-09-16 04:09:18,health,74.0947,70.91528253941648,72.3535,3.1794174605835224,3.1794174605835224
2026-09-16 04:09:19,health,71.9008,70.8256250218986,71.7544,1.0751749781014013,1.0751749781014013
2026-09-16 04:09:20,health,72.9252,71.1989774507872,72.9439,1.7262225492128067,1.7262225492128067
2026-09-16 04:09:21,health,73.1951,71.31797099600684,69.2588,1.8771290039931614,1.8771290039931614
2026-09-16 04:09:22,health,73.9117,71.40195957143087,73.0158,2.509740428569131,2.509740428569131
2026-09-16 04:09:23,health,73.1405,71.56962803183775,70.7283,1.5708719681622512,1.5708719681622512
2026-09-16 04:09:24,health,72.5677,71.79092056767031,72.9032,0.7767794323296897,0.7767794323296897
2026-09-16 04:09:25,health,77.077,72.30811576518002,75.7436,4.7688842348199785,4.7688842348199785
2026-09-16 04:09:26,health,73.9698,72.54776642560142,73.2728,1.4220335743985828,1.4220335743985828
2026-09-16 04:09:27,health,74.8914,72.47227435639732,74.3449,2.4191256436026833,2.4191256436026833
2026-09-16 04:09:28,health,70.2748,72.76704626958266,74.0947,-2.4922462695826653,2.4922462695826653
2026-09-16 04:09:29,health,76.8145,72.55577259430746,71.9008,4.2587274056925395,4.2587274056925395
2026-09-16 04:09:30,health,71.4268,73.0625937615912,72.9252,-1.6357937615912022,1.6357937615912022
2026-09-16 04:09:31,health,70.2343,72.78121003548928,73.1951,-2.546910035489276,2.546910035489276
2026-09-16 04:09:32,health,74.3994,72.79137844571575,73.9117,1.6080215542842495,1.6080215542842495
2026-09-16 04:09:33,health,72.6875,72.501960204401,73.1405,0.18553979559899858,0.18553979559899858
2026-09-16 04:09:34,health,73.1329,72.88545659353184,72.5677,0.24744340646816454,0.24744340646816454
2026-09-16 04:09:35,health,75.886,73.74337748036248,77.077,2.142622519637513,2.142622519637513
2026-09-16 04:09:36,health,78.8003,73.91966985267992,73.9698,4.880630147320076,4.880630147320076
2026-09-16 04:09:37,health,73.9435,73.58507267250573,74.8914,0.35842732749426887,0.35842732749426887
2026-09-16 04:09:38,health,77.1948,73.07933751218378,70.2748,4.115462487816217,4.115462487816217
2026-09-16 04:09:39,health,76.2964,73.87186404952887,76.8145,2.424535950471139,2.424535950471139
2026-09-16 04:09:40,health,76.2827,73.51231211143322,71.4268,2.7703878885667876,2.7703878885667876
2026-09-16 04:09:41,health,74.6694,73.1879812870243,70.2343,1.481418712975696,1.481418712975696
2026-09-16 04:09:42,health,77.8404,73.0921775172407,74.3994,4.748222482759303,4.748222482759303
2026-09-16 04:09:43,health,76.2064,73.61930193527036,72.6875,2.587098064729645,2.587098064729645
2026-09-16 04:09:44,health,77.1795,73.66510012698123,73.1329,3.5143998730187747,3.5143998730187747
2026-09-16 04:09:45,health,77.4175,73.85195158455868,75.886,3.5655484154413273,3.5655484154413273
2026-09-16 04:09:46,health,77.6058,74.66308852060656,78.8003,2.942711479393438,2.942711479393438
2026-09-16 04:09:47,health,78.3947,74.44892420416674,73.9435,3.9457757958332564,3.9457757958332564
2026-09-16 04:09:48,health,74.8094,74.86345301401789,77.1948,-0.05405301401789586,0.05405301401789586
2026-09-16 04:09:49,health,76.0124,75.4099550084123,76.2964,0.6024449915877028,0.6024449915877028
2026-09-16 03:32:24,degradation_rate,2.5121,0.4399038764854799,-5.4097,2.0721961235145203,2.0721961235145203
2026-09-16 03:32:25,degradation_rate,-1.2329,0.18676308536476816,-3.4858,-1.4196630853647683,1.4196630853647683
2026-09-16 03:32:26,degradation_rate,2.109,0.6224425662586599,4.8319,1.48655743374134,1.48655743374134
2026-09-16 03:32:27,degradation_rate,2.7523,0.3194071204867997,-0.1513,2.4328928795132003,2.4328928795132003
2026-09-16 03:32:28,degradation_rate,-7.0561,-0.3449305828891176,2.1303,-6.711169417110883,6.711169417110883
2026-09-16 03:32:29,degradation_rate,4.008,0.4789410962290077,-5.9245,3.5290589037709923,3.5290589037709923
2026-09-16 03:32:30,degradation_rate,-6.225,-0.8485207066337161,3.2841,-5.376479293366284,5.376479293366284
2026-09-16 03:32:31,degradation_rate,2.2762,0.8434015423624783,-1.0009,1.4327984576375214,1.4327984576375214
2026-09-16 03:32:32,degradation_rate,2.232,-0.18937605593851004,6.3262,2.4213760559385102,2.4213760559385102
2026-09-16 03:32:33,degradation_rate,-1.8978,-0.4669549568770375,-6.681,-1.4308450431229625,1.4308450431229625
2026-09-16 03:32:34,degradation_rate,-2.2826,0.27862726114850567,2.5121,-2.5612272611485056,2.5612272611485056
2026-09-16 03:32:35,degradation_rate,5.1543,0.7621611642276718,-1.2329,4.392138835772329,4.392138835772329
2026-09-16 03:32:36,degradation_rate,-1.9898,-0.15995023094023164,2.109,-1.8298497690597684,1.8298497690597684
2026-09-16 03:32:37,degradation_rate,1.6995,0.07283019525559276,2.7523,1.6266698047444073,1.6266698047444073
2026-09-16 03:32:38,degradation_rate,2.1953,0.11432563212151425,-7.0561,2.0809743678784858,2.0809743678784858
2026-09-16 03:32:39,degradation_rate,-2.2891,0.24625253346831721,4.008,-2.535352533468317,2.535352533468317
2026-09-16 03:32:40,degradation_rate,0.3231,0.2173792010255733,-6.225,0.10572079897442671,0.10572079897442671
2026-09-16 03:32:41,degradation_rate,1.3248,0.19165976707126742,2.2762,1.1331402329287326,1.1331402329287326
2026-09-16 03:32:42,degradation_rate,-1.7062,0.13708226591240313,2.232,-1.843282265912403,1.843282265912403
2026-09-16 03:32:43,degradation_rate,-3.7455,-0.27049955996680786,-1.8978,-3.4750004400331918,3.4750004400331918
2026-09-16 03:32:44,degradation_rate,4.0066,-0.14109114664192735,-2.2826,4.147691146641927,4.147691146641927
2026-09-16 03:32:45,degradation_rate,-0.1146,0.49128881233986377,5.1543,-0.6058888123398638,0.6058888123398638
2026-09-16 03:32:46,degradation_rate,-0.9838,-0.05422977567453269,-1.9898,-0.9295702243254673,0.9295702243254673
2026-09-16 03:32:47,degradation_rate,-3.2617,-0.035051720450457236,1.6995,-3.2266482795495426,3.2266482795495426
2026-09-16 03:32:48,degradation_rate,4.5083,0.12788998937128104,2.1953,4.380410010628719,4.380410010628719
2026-09-16 03:32:49,degradation_rate,-3.4648,0.0334127526064929,-2.2891,-3.498212752606493,3.498212752606493
2026-09-16 03:32:50,degradation_rate,1.1113,-0.29124975382662704,0.3231,1.402549753826627,1.402549753826627
2026-09-16 03:32:51,degradation_rate,-5.1006,0.6015381560765756,1.3248,-5.702138156076575,5.702138156076575
2026-09-16 03:32:52,degradation_rate,8.7753,-0.2357213611197737,-1.7062,9.011021361119774,9.011021361119774
2026-09-16 03:32:53,degradation_rate,-7.8437,0.12254202080341381,-3.7455,-7.9662420208034135,7.9662420208034135
2026-09-16 03:32:54,degradation_rate,3.5054,0.4365651993756319,4.0066,3.068834800624368,3.068834800624368
2026-09-16 03:32:55,degradation_rate,-1.4961,0.4685175809822734,-0.1146,-1.9646175809822735,1.9646175809822735
2026-09-16 03:32:56,degradation_rate,1.6331,-0.14257040394683407,-0.9838,1.775670403946834,1.775670403946834
2026-09-16 03:32:57,degradation_rate,-2.2343,0.22129974341013536,-3.2617,-2.4555997434101355,2.4555997434101355
2026-09-16 03:32:58,degradation_rate,1.2195,0.4400919535442114,4.5083,0.7794080464557887,0.7794080464557887
2026-09-16 03:32:59,degradation_rate,-1.0885,0.22293805221501284,-3.4648,-1.3114380522150129,1.3114380522150129
2026-09-16 03:33:00,degradation_rate,-1.8506,0.08646268500531873,1.1113,-1.9370626850053188,1.9370626850053188
2026-09-16 03:33:01,degradation_rate,5.2096,-0.06621068546377717,-5.1006,5.275810685463777,5.275810685463777
2026-09-16 03:33:02,degradation_rate,-1.9963,0.4183595225126773,8.7753,-2.414659522512677,2.414659522512677
2026-09-16 03:33:03,degradation_rate,-4.6417,0.2816337213263669,-7.8437,-4.923333721326367,4.923333721326367
2026-09-16 03:33:04,degradation_rate,3.4407,0.5437762539456412,3.5054,2.896923746054359,2.896923746054359
2026-09-16 03:33:05,degradation_rate,-2.8848,-0.5265740400659579,-1.4961,-2.358225959934042,2.358225959934042
2026-09-16 03:33:06,degradation_rate,2.8811,0.864040963717105,1.6331,2.017059036282895,2.017059036282895
2026-09-16 03:33:07,degradation_rate,6.2091,-0.19153720348906322,-2.2343,6.4006372034890635,6.4006372034890635
2026-09-16 03:33:08,degradation_rate,-8.9385,0.1841424801715319,1.2195,-9.122642480171532,9.122642480171532
2026-09-16 03:33:09,degradation_rate,2.0889,-0.12229698008663958,-1.0885,2.2111969800866396,2.2111969800866396
2026-09-16 03:33:10,degradation_rate,0.3247,0.21325937789961635,-1.8506,0.11144062210038364,0.11144062210038364
2026-09-16 03:33:11,degradation_rate,-0.6605,-0.08840970358586198,5.2096,-0.572090296414138,0.572090296414138
2026-09-16 03:33:12,degradation_rate,-0.2934,0.2925129080040001,-1.9963,-0.5859129080040001,0.5859129080040001
2026-09-16 03:33:13,degradation_rate,-3.5313,-0.11935588598106861,-4.6417,-3.4119441140189313,3.4119441140189313
2026-09-16 03:33:14,degradation_rate,5.5026,0.22474366699129655,3.4407,5.277856333008703,5.277856333008703
2026-09-16 03:33:15,degradation_rate,-1.4889,0.12273822178251281,-2.8848,-1.6116382217825127,1.6116382217825127
2026-09-16 03:33:16,degradation_rate,-0.5864,0.2546671578529458,2.8811,-0.8410671578529458,0.8410671578529458
2026-09-16 03:33:17,degradation_rate,-3.904,-0.45197936922763926,6.2091,-3.4520206307723607,3.4520206307723607
2026-09-16 03:33:18,degradation_rate,-2.7652,0.320696489826636,-8.9385,-3.085896489826636,3.085896489826636
2026-09-16 03:33:19,degradation_rate,5.8075,0.2468115651867755,2.0889,5.560688434813224,5.560688434813224
2026-09-16 03:33:20,degradation_rate,2.6022,-0.11067363878899156,0.3247,2.7128736387889916,2.7128736387889916
2026-09-16 03:33:21,degradation_rate,-2.4789,0.6364136529461734,-0.6605,-3.115313652946173,3.115313652946173
2026-09-16 03:33:22,degradation_rate,-1.2708,-0.14410426178572205,-0.2934,-1.126695738214278,1.126695738214278
2026-09-16 03:33:23,degradation_rate,4.2397,0.09061248700957103,-3.5313,4.1490875129904286,4.1490875129904286
2026-09-16 03:33:24,degradation_rate,-0.1598,-0.026146250058058484,5.5026,-0.1336537499419415,0.1336537499419415
2026-09-16 03:33:25,degradation_rate,-5.2641,0.09108395615798504,-1.4889,-5.355183956157985,5.355183956157985
2026-09-16 03:33:26,degradation_rate,2.8836,0.2609412680033607,-0.5864,2.6226587319966392,2.6226587319966392
2026-09-16 03:33:27,degradation_rate,2.7175,0.4103398161131544,-3.904,2.3071601838868454,2.3071601838868454
2026-09-16 03:33:28,degradation_rate,-2.4519,0.04822518142810006,-2.7652,-2.5001251814281003,2.5001251814281003
2026-09-16 03:33:29,degradation_rate,-1.7512,-0.1578415875141168,5.8075,-1.5933584124858833,1.5933584124858833
2026-09-16 03:33:30,degradation_rate,7.6235,-0.32575084887757555,2.6022,7.9492508488775755,7.9492508488775755
2026-09-16 03:33:31,degradation_rate,-8.6893,0.26384258530357885,-2.4789,-8.953142585303578,8.953142585303578
2026-09-16 03:33:32,degradation_rate,11.99,0.12034264269406836,-1.2708,11.869657357305933,11.869657357305933
2026-09-16 03:33:33,degradation_rate,-4.8419,0.3255860144972047,4.2397,-5.167486014497205,5.167486014497205
2026-09-16 03:33:34,degradation_rate,-3.8091,-0.10734710768418221,-0.1598,-3.7017528923158176,3.7017528923158176
2026-09-16 03:33:35,degradation_rate,-3.983,-0.08238128594569716,-5.2641,-3.900618714054303,3.900618714054303
2026-09-16 03:33:36,degradation_rate,2.4192,0.011679201345319967,2.8836,2.40752079865468,2.40752079865468
2026-09-16 03:33:37,degradation_rate,-2.7054,0.4673848709680182,2.7175,-3.172784870968018,3.172784870968018
2026-09-16 03:33:38,degradation_rate,1.278,0.23529853242292464,-2.4519,1.0427014675770754,1.0427014675770754
2026-09-16 03:33:39,degradation_rate,-2.1145,0.4675370386036162,-1.7512,-2.582037038603616,2.582037038603616
2026-09-16 03:33:40,degradation_rate,5.4095,0.10360963026042835,7.6235,5.305890369739572,5.305890369739572
2026-09-16 03:33:41,degradation_rate,-4.3528,-0.047190987876387425,-8.6893,-4.305609012123613,4.305609012123613
2026-09-16 03:33:42,degradation_rate,5.5422,-0.23583549691189631,11.99,5.7780354969118966,5.7780354969118966
2026-09-16 03:33:43,degradation_rate,-6.2366,0.40800946610997535,-4.8419,-6.6446094661099755,6.6446094661099755
2026-09-16 03:33:44,degradation_rate,0.6909,-0.1863161844072323,-3.8091,0.8772161844072323,0.8772161844072323
2026-09-16 03:33:45,degradation_rate,2.0361,0.3984603762938064,-3.983,1.6376396237061934,1.6376396237061934
2026-09-16 03:33:46,degradation_rate,-2.1127,0.704744428604331,2.4192,-2.8174444286043308,2.8174444286043308
2026-09-16 03:33:47,degradation_rate,2.7017,0.12325312317309045,-2.7054,2.5784468768269098,2.5784468768269098
2026-09-16 03:33:48,degradation_rate,-1.3519,0.592406944587087,1.278,-1.944306944587087,1.944306944587087
2026-09-16 03:33:49,degradation_rate,-0.1258,0.4975473043572354,-2.1145,-0.6233473043572354,0.6233473043572354
2026-09-16 03:33:50,degradation_rate,1.2232,-0.40771738845119376,5.4095,1.6309173884511938,1.6309173884511938
2026-09-16 03:33:51,degradation_rate,-2.9733,0.11088333904946168,-4.3528,-3.0841833390494617,3.0841833390494617
2026-09-16 03:33:52,degradation_rate,4.4091,-0.92741390611861,5.5422,5.3365139061186095,5.3365139061186095
2026-09-16 03:33:53,degradation_rate,-3.8756,-0.1730872846409941,-6.2366,-3.702512715359006,3.702512715359006
2026-09-16 03:33:54,degradation_rate,0.446,0.40649233553021485,0.6909,0.03950766446978515,0.03950766446978515
2026-09-16 03:33:55,degradation_rate,2.4962,-0.5735601161847228,2.0361,3.0697601161847228,3.0697601161847228
2026-09-16 03:33:56,degradation_rate,-1.0919,0.23960525779428066,-2.1127,-1.3315052577942807,1.3315052577942807
2026-09-16 03:33:57,degradation_rate,1.3258,-0.1458333542118493,2.7017,1.4716333542118494,1.4716333542118494
2026-09-16 03:33:58,degradation_rate,-5.3703,-0.028942277240192382,-1.3519,-5.341357722759808,5.341357722759808
2026-09-16 03:33:59,degradation_rate,3.5963,0.14654491351587853,-0.1258,3.4497550864841213,3.4497550864841213
2026-09-16 03:34:00,degradation_rate,1.0789,0.027499011346413305,1.2232,1.0514009886535867,1.0514009886535867
2026-09-16 03:34:01,degradation_rate,-7.6418,-0.004824961787612381,-2.9733,-7.6369750382123875,7.6369750382123875
2026-09-16 03:34:02,degradation_rate,3.5458,-0.26587942118509567,4.4091,3.8116794211850955,3.8116794211850955
2026-09-16 03:34:03,degradation_rate,3.5,0.20328588861373076,-3.8756,3.2967141113862692,3.2967141113862692
2026-09-16 03:34:04,degradation_rate,-3.5756,0.20444312127101627,0.446,-3.7800431212710164,3.7800431212710164
2026-09-16 03:34:05,degradation_rate,-0.014,0.4038039751071465,2.4962,-0.4178039751071465,0.4178039751071465
2026-09-16 03:34:06,degradation_rate,0.5355,0.2597573238538937,-1.0919,0.27574267614610626,0.27574267614610626
2026-09-16 03:34:07,degradation_rate,0.0,-0.36438812025064626,1.3258,0.36438812025064626,0.36438812025064626
2026-09-16 03:34:08,degradation_rate,-2.5484,0.4532684080652922,-5.3703,-3.0016684080652922,3.0016684080652922
2026-09-16 03:34:09,degradation_rate,7.0293,0.2762426273925658,3.5963,6.753057372607435,6.753057372607435
2026-09-16 03:34:10,degradation_rate,-3.0289,-0.3576668761308113,1.0789,-2.6712331238691887,2.6712331238691887
2026-09-16 03:34:11,degradation_rate,-0.519,0.27637293321049405,-7.6418,-0.7953729332104941,0.7953729332104941
2026-09-16 03:34:12,degradation_rate,-3.1905,0.06531747508190566,3.5458,-3.2558174750819058,3.2558174750819058
2026-09-16 03:34:13,degradation_rate,3.8311,0.5107818377177944,3.5,3.3203181622822058,3.3203181622822058
2026-09-16 03:34:14,degradation_rate,1.286,-0.47331458616526945,-3.5756,1.7593145861652695,1.7593145861652695
2026-09-16 03:34:15,degradation_rate,-4.4548,-0.05413381693975839,-0.014,-4.400666183060241,4.400666183060241
2026-09-16 03:34:16,degradation_rate,2.7242,0.10851708065324972,0.5355,2.6156829193467503,2.6156829193467503
2026-09-16 03:34:17,degradation_rate,-0.6462,0.22237617586916072,0.0,-0.8685761758691607,0.8685761758691607
2026-09-16 03:34:18,degradation_rate,-0.8462,-0.7319149393907463,-2.5484,-0.1142850606092537,0.1142850606092537
2026-09-16 03:34:19,degradation_rate,5.9817,0.1202428916328806,7.0293,5.861457108367119,5.861457108367119
2026-09-16 03:34:20,degradation_rate,0.5626,-1.6242330318630085,-3.0289,2.1868330318630083,2.1868330318630083
2026-09-16 03:34:21,degradation_rate,0.5906,-0.13788711059145892,-0.519,0.728487110591459,0.728487110591459
2026-09-16 03:34:22,degradation_rate,-5.2914,0.3301538217158959,-3.1905,-5.621553821715896,5.621553821715896
2026-09-16 03:34:23,degradation_rate,1.142,0.03468919525026637,3.8311,1.1073108047497335,1.1073108047497335
2026-09-16 03:34:24,degradation_rate,-0.2724,-0.23829095052970528,1.286,-0.034109049470294694,0.034109049470294694
2026-09-16 03:34:25,degradation_rate,1.0392,0.38297900528728945,-4.4548,0.6562209947127104,0.6562209947127104
2026-09-16 03:34:26,degradation_rate,1.249,0.2090001117444089,2.7242,1.0399998882555912,1.0399998882555912
2026-09-16 03:34:27,degradation_rate,-4.7193,-0.006582794728492214,-0.6462,-4.712717205271508,4.712717205271508
2026-09-16 03:34:28,degradation_rate,3.3599,0.21130393584253138,-0.8462,3.1485960641574686,3.1485960641574686
2026-09-16 03:34:29,degradation_rate,3.0611,-0.15340735806326844,5.9817,3.2145073580632686,3.2145073580632686
2026-09-16 03:34:30,degradation_rate,4.847,0.25421695145240913,0.5626,4.592783048547592,4.592783048547592
2026-09-16 03:34:31,degradation_rate,-8.1731,0.5957635101079894,0.5906,-8.76886351010799,8.76886351010799
2026-09-16 03:34:32,degradation_rate,-0.2161,0.22550721548028907,-5.2914,-0.44160721548028903,0.44160721548028903
2026-09-16 03:34:33,degradation_rate,-0.8527,-0.03223634219039928,1.142,-0.8204636578096007,0.8204636578096007
2026-09-16 03:34:34,degradation_rate,5.0672,0.6303905895446255,-0.2724,4.436809410455374,4.436809410455374
2026-09-16 03:34:35,degradation_rate,-3.8181,-0.31502363027576363,1.0392,-3.503076369724236,3.503076369724236
2026-09-16 03:34:36,degradation_rate,2.0829,-0.12971980311377074,1.249,2.2126198031137707,2.2126198031137707
2026-09-16 03:34:37,degradation_rate,-0.3308,0.2678027133295888,-4.7193,-0.5986027133295888,0.5986027133295888
2026-09-16 03:34:38,degradation_rate,-3.4324,0.25055990133100225,3.3599,-3.682959901331002,3.682959901331002
2026-09-16 03:34:39,degradation_rate,3.824,-0.06509139399043384,3.0611,3.8890913939904337,3.8890913939904337
2026-09-16 03:34:40,degradation_rate,1.782,0.009307336383728604,4.847,1.7726926636162714,1.7726926636162714
2026-09-16 03:34:41,degradation_rate,-2.626,-0.23576617149811607,-8.1731,-2.390233828501884,2.390233828501884
2026-09-16 03:34:42,degradation_rate,4.4596,0.2972773370660967,-0.2161,4.162322662933903,4.162322662933903
2026-09-16 03:34:43,degradation_rate,-2.0025,0.4426799622825581,-0.8527,-2.445179962282558,2.445179962282558
2026-09-16 03:34:44,degradation_rate,-4.9084,-0.11976706356407263,5.0672,-4.788632936435928,4.788632936435928
2026-09-16 03:34:45,degradation_rate,4.8862,0.09956381544358273,-3.8181,4.786636184556417,4.786636184556417
2026-09-16 03:34:46,degradation_rate,-2.1888,0.15208829643553656,2.0829,-2.3408882964355366,2.3408882964355366
2026-09-16 03:34:47,degradation_rate,0.1451,0.32491468671344503,-0.3308,-0.17981468671344503,0.17981468671344503
2026-09-16 03:34:48,degradation_rate,-0.7599,0.16157491944804825,-3.4324,-0.9214749194480483,0.9214749194480483
2026-09-16 03:34:49,degradation_rate,2.2362,-0.17780579200644553,3.824,2.4140057920064457,2.4140057920064457
2026-09-16 03:34:50,degradation_rate,0.4677,-0.17596616719578417,1.782,0.6436661671957842,0.6436661671957842
2026-09-16 03:34:51,degradation_rate,2.2333,-0.358204630817045,-2.626,2.591504630817045,2.591504630817045
2026-09-16 03:34:52,degradation_rate,0.9764,0.15668662157917002,4.4596,0.81971337842083,0.81971337842083
2026-09-16 03:34:53,degradation_rate,-12.0694,0.23695253782673653,-2.0025,-12.306352537826736,12.306352537826736
2026-09-16 03:34:54,degradation_rate,7.1536,0.46827710293993086,-4.9084,6.685322897060069,6.685322897060069
2026-09-16 03:34:55,degradation_rate,1.1722,-0.739267842777946,4.8862,1.911467842777946,1.911467842777946
2026-09-16 03:34:56,degradation_rate,1.9403,0.5464596140519289,-2.1888,1.393840385948071,1.393840385948071
2026-09-16 03:34:57,degradation_rate,-1.954,-0.051362034575816035,0.1451,-1.9026379654241838,1.9026379654241838
2026-09-16 03:34:58,degradation_rate,1.5117,0.23714695583143786,-0.7599,1.2745530441685622,1.2745530441685622
2026-09-16 03:34:59,degradation_rate,0.3453,0.19495982791640332,2.2362,0.15034017208359668,0.15034017208359668
2026-09-16 03:35:00,degradation_rate,4.5424,-0.3671379432697337,0.4677,4.909537943269734,4.909537943269734
2026-09-16 03:35:01,degradation_rate,-5.6689,0.079272384698307,2.2333,-5.748172384698307,5.748172384698307
2026-09-16 03:35:02,degradation_rate,-1.6801,-0.5053246122183072,0.9764,-1.1747753877816929,1.1747753877816929
2026-09-16 03:35:03,degradation_rate,0.9871,0.535478693547315,-12.0694,0.45162130645268495,0.45162130645268495
2026-09-16 03:35:04,degradation_rate,3.8779,0.20323516401265174,7.1536,3.674664835987348,3.674664835987348
2026-09-16 03:35:05,degradation_rate,2.286,0.2525963193425711,1.1722,2.033403680657429,2.033403680657429
2026-09-16 03:35:06,degradation_rate,1.0343,0.02162950422980936,1.9403,1.0126704957701906,1.0126704957701906
2026-09-16 03:35:07,degradation_rate,-1.111,0.06616408541819951,-1.954,-1.1771640854181995,1.1771640854181995
2026-09-16 03:35:08,degradation_rate,-2.026,-0.0011855320067750696,1.5117,-2.0248144679932247,2.0248144679932247
2026-09-16 03:35:09,degradation_rate,3.9944,-0.03605442301453521,0.3453,4.030454423014535,4.030454423014535
2026-09-16 03:35:10,degradation_rate,-7.1344,0.02591873727091354,4.5424,-7.160318737270914,7.160318737270914
2026-09-16 03:35:11,degradation_rate,6.4149,-0.586626052571388,-5.6689,7.001526052571388,7.001526052571388
2026-09-16 03:35:12,degradation_rate,-5.6442,0.3617291903114719,-1.6801,-6.0059291903114715,6.0059291903114715
2026-09-16 03:35:13,degradation_rate,6.2212,0.6695989422975384,0.9871,5.551601057702461,5.551601057702461
2026-09-16 03:35:14,degradation_rate,-6.3936,0.08528021868439328,3.8779,-6.4788802186843935,6.4788802186843935
2026-09-16 03:35:15,degradation_rate,4.6658,-0.128510094034465,2.286,4.794310094034465,4.794310094034465
2026-09-16 03:35:16,degradation_rate,-3.4145,0.047578732829251735,1.0343,-3.4620787328292515,3.4620787328292515
2026-09-16 03:35:17,degradation_rate,1.3524,0.18291581165605497,-1.111,1.169484188343945,1.169484188343945
2026-09-16 03:35:18,degradation_rate,3.4046,0.08178423666734425,-2.026,3.3228157633326556,3.3228157633326556
2026-09-16 03:35:19,degradation_rate,-0.7628,0.09076924804116437,3.9944,-0.8535692480411644,0.8535692480411644
2026-09-16 03:35:20,degradation_rate,1.0798,-0.022705443701144468,-7.1344,1.1025054437011446,1.1025054437011446
2026-09-16 03:35:21,degradation_rate,-4.9773,-0.24614253302816724,6.4149,-4.731157466971832,4.731157466971832
2026-09-16 03:35:22,degradation_rate,1.0211,0.2794606206560122,-5.6442,0.7416393793439877,0.7416393793439877
2026-09-16 03:35:23,degradation_rate,0.1313,0.3743822621132731,6.2212,-0.24308226211327308,0.24308226211327308
2026-09-16 03:35:24,degradation_rate,3.9835,0.016119355963851056,-6.3936,3.9673806440361488,3.9673806440361488
2026-09-16 03:35:25,degradation_rate,6.9936,0.05716654718606229,4.6658,6.9364334528139375,6.9364334528139375
2026-09-16 03:35:26,degradation_rate,-7.2746,0.017153917476680824,-3.4145,-7.291753917476681,7.291753917476681
2026-09-16 03:35:27,degradation_rate,2.141,-0.13047735684493134,1.3524,2.2714773568449314,2.2714773568449314
2026-09-16 03:35:28,degradation_rate,0.5733,-0.29533274372882,3.4046,0.86863274372882,0.86863274372882
2026-09-16 03:35:29,degradation_rate,-3.7661,0.02134589207994053,-0.7628,-3.7874458920799405,3.7874458920799405
2026-09-16 03:35:30,degradation_rate,0.8144,-0.147904501272895,1.0798,0.962304501272895,0.962304501272895
2026-09-16 03:35:31,degradation_rate,1.6159,-0.09598238944507376,-4.9773,1.7118823894450736,1.7118823894450736
2026-09-16 03:35:32,degradation_rate,-0.3984,0.03604354290604761,1.0211,-0.4344435429060476,0.4344435429060476
2026-09-16 03:35:33,degradation_rate,0.8544,0.5048665518775373,0.1313,0.3495334481224628,0.3495334481224628
2026-09-16 03:35:34,degradation_rate,-0.2365,0.3270482023450496,3.9835,-0.5635482023450495,0.5635482023450495
2026-09-16 03:35:35,degradation_rate,2.4286,-0.09329796014006853,6.9936,2.5218979601400684,2.5218979601400684
2026-09-16 03:35:36,degradation_rate,1.1963,0.3473762652963348,-7.2746,0.8489237347036651,0.8489237347036651
2026-09-16 03:35:37,degradation_rate,-5.6503,0.2254087357705159,2.141,-5.875708735770516,5.875708735770516
2026-09-16 03:35:38,degradation_rate,0.4054,0.09234222935792408,0.5733,0.3130577706420759,0.3130577706420759
2026-09-16 03:35:39,degradation_rate,2.3382,0.19129363104771757,-3.7661,2.1469063689522825,2.1469063689522825
2026-09-16 03:35:40,degradation_rate,-0.9362,0.03849590993092333,0.8144,-0.9746959099309234,0.9746959099309234
2026-09-16 03:35:41,degradation_rate,1.9371,0.2933468404820925,1.6159,1.6437531595179076,1.6437531595179076
2026-09-16 03:35:42,degradation_rate,-2.999,0.06545566130783342,-0.3984,-3.0644556613078335,3.0644556613078335
2026-09-16 03:35:43,degradation_rate,-2.8974,0.3130108955061025,0.8544,-3.2104108955061026,3.2104108955061026
2026-09-16 03:35:44,degradation_rate,5.0413,-0.014451909985914058,-0.2365,5.055751909985914,5.055751909985914
2026-09-16 03:35:45,degradation_rate,6.6698,-0.0473032367596149,2.4286,6.717103236759615,6.717103236759615
2026-09-16 03:35:46,degradation_rate,-7.2278,-0.16406502870274609,1.1963,-7.063734971297254,7.063734971297254
2026-09-16 03:35:47,degradation_rate,3.3447,-0.06146507170997584,-5.6503,3.406165071709976,3.406165071709976
2026-09-16 03:35:48,degradation_rate,-7.0293,-0.18348609066647292,0.4054,-6.845813909333527,6.845813909333527
2026-09-16 03:35:49,degradation_rate,12.859,0.36503956731015386,2.3382,12.493960432689846,12.493960432689846
2026-09-16 03:35:50,degradation_rate,-0.3432,0.35818063759848495,-0.9362,-0.701380637598485,0.701380637598485
2026-09-16 03:35:51,degradation_rate,-9.1056,0.21382195614357213,1.9371,-9.319421956143573,9.319421956143573
2026-09-16 03:35:52,degradation_rate,-0.3568,-0.022530013880957878,-2.999,-0.33426998611904213,0.33426998611904213
2026-09-16 03:35:53,degradation_rate,3.3025,0.8244716921402846,-2.8974,2.4780283078597156,2.4780283078597156
2026-09-16 03:35:54,degradation_rate,0.7937,-0.5163054195163816,5.0413,1.3100054195163815,1.3100054195163815
2026-09-16 03:35:55,degradation_rate,2.8671,-0.03247036752562238,6.6698,2.8995703675256226,2.8995703675256226
2026-09-16 03:35:56,degradation_rate,-5.6667,-0.13389807814513066,-7.2278,-5.532801921854869,5.532801921854869
2026-09-16 03:35:57,degradation_rate,3.313,-0.03740305194918703,3.3447,3.350403051949187,3.350403051949187
2026-09-16 03:35:58,degradation_rate,2.0121,0.3774049062760625,-7.0293,1.6346950937239377,1.6346950937239377
2026-09-16 03:35:59,degradation_rate,-1.7464,-0.05056510841429507,12.859,-1.6958348915857049,1.6958348915857049
2026-09-16 03:36:00,degradation_rate,-1.2006,-0.01526854874217265,-0.3432,-1.1853314512578272,1.1853314512578272
2026-09-16 03:36:01,degradation_rate,-2.3493,0.4080794854302834,-9.1056,-2.7573794854302833,2.7573794854302833
2026-09-16 03:36:02,degradation_rate,2.419,-0.28205156201923304,-0.3568,2.701051562019233,2.701051562019233
2026-09-16 03:36:03,degradation_rate,5.8346,0.8208923161525248,3.3025,5.013707683847475,5.013707683847475
2026-09-16 03:36:04,degradation_rate,-3.1528,-0.10740235116109387,0.7937,-3.045397648838906,3.045397648838906
2026-09-16 03:36:05,degradation_rate,-0.3332,-0.03159787718956775,2.8671,-0.30160212281043225,0.30160212281043225
2026-09-16 03:36:06,degradation_rate,4.5711,0.21415373562713658,-5.6667,4.356946264372864,4.356946264372864
2026-09-16 03:36:07,degradation_rate,-0.9452,0.029880588814306996,3.313,-0.975080588814307,0.975080588814307
2026-09-16 03:36:08,degradation_rate,-7.3259,0.20255304267304952,2.0121,-7.52845304267305,7.52845304267305
2026-09-16 03:36:09,degradation_rate,6.5956,-0.2289031020700607,-1.7464,6.824503102070061,6.824503102070061
2026-09-16 03:36:10,degradation_rate,4.2967,-0.08622977614599381,-1.2006,4.382929776145994,4.382929776145994
2026-09-16 03:36:11,degradation_rate,-6.73,0.011208066204532408,-2.3493,-6.741208066204533,6.741208066204533
2026-09-16 03:36:12,degradation_rate,1.3123,0.447868181778754,2.419,0.864431818221246,0.864431818221246
2026-09-16 03:36:13,degradation_rate,0.2032,0.2308116360158321,5.8346,-0.02761163601583211,0.02761163601583211
2026-09-16 03:36:14,degradation_rate,2.9274,-0.09237738780832316,-3.1528,3.019777387808323,3.019777387808323
2026-09-16 03:36:15,degradation_rate,-5.2735,-0.21486178319472904,-0.3332,-5.058638216805271,5.058638216805271
2026-09-16 03:36:16,degradation_rate,2.4887,0.3109760340584131,4.5711,2.177723965941587,2.177723965941587
2026-09-16 03:36:17,degradation_rate,2.1923,-0.1308572551736915,-0.9452,2.323157255173691,2.323157255173691
2026-09-16 03:36:18,degradation_rate,-1.4472,0.14253784740549147,-7.3259,-1.5897378474054915,1.5897378474054915
2026-09-16 03:36:19,degradation_rate,3.1287,-0.05795038428284549,6.5956,3.1866503842828453,3.1866503842828453
2026-09-16 03:36:20,degradation_rate,-4.7427,0.208107130872337,4.2967,-4.950807130872337,4.950807130872337
2026-09-16 03:36:21,degradation_rate,0.4208,0.03783555854770171,-6.73,0.3829644414522983,0.3829644414522983
2026-09-16 03:36:22,degradation_rate,3.074,0.04030773648137598,1.3123,3.033692263518624,3.033692263518624
2026-09-16 03:36:23,degradation_rate,3.464,0.14887734571784678,0.2032,3.315122654282153,3.315122654282153
2026-09-16 03:36:24,degradation_rate,-5.8222,-0.23824221419035663,2.9274,-5.583957785809643,5.583957785809643
2026-09-16 03:36:25,degradation_rate,-1.155,0.20800434691618275,-5.2735,-1.3630043469161828,1.3630043469161828
2026-09-16 03:36:26,degradation_rate,0.798,0.17283196146908786,2.4887,0.6251680385309122,0.6251680385309122
2026-09-16 03:36:27,degradation_rate,6.9734,0.1137469297175846,2.1923,6.859653070282415,6.859653070282415
2026-09-16 03:36:28,degradation_rate,-5.2692,0.13392873621779544,-1.4472,-5.403128736217795,5.403128736217795
2026-09-16 03:36:29,degradation_rate,1.7124,-0.4730398653135368,3.1287,2.185439865313537,2.185439865313537
2026-09-16 03:36:30,degradation_rate,-0.1425,0.022419364810200904,-4.7427,-0.1649193648102009,0.1649193648102009
2026-09-16 03:36:31,degradation_rate,-0.6246,-0.03536679997793901,0.4208,-0.589233200022061,0.589233200022061
2026-09-16 03:36:32,degradation_rate,-2.195,0.27834160564639276,3.074,-2.4733416056463926,2.4733416056463926
2026-09-16 03:36:33,degradation_rate,5.6928,0.1458416993961169,3.464,5.546958300603883,5.546958300603883
2026-09-16 03:36:34,degradation_rate,2.3306,-0.19068773522122218,-5.8222,2.521287735221222,2.521287735221222
2026-09-16 03:36:35,degradation_rate,-6.3402,0.32667702692490064,-1.155,-6.666877026924901,6.666877026924901
2026-09-16 03:36:36,degradation_rate,1.4151,-0.0173252277190159,0.798,1.432425227719016,1.432425227719016
2026-09-16 03:36:37,degradation_rate,-0.7459,0.24155146288571583,6.9734,-0.9874514628857158,0.9874514628857158
2026-09-16 03:36:38,degradation_rate,0.772,-0.07616180619084822,-5.2692,0.8481618061908482,0.8481618061908482
2026-09-16 03:36:39,degradation_rate,4.9981,-0.023876827615619822,1.7124,5.02197682761562,5.02197682761562
2026-09-16 03:36:40,degradation_rate,-0.9032,0.07436291187345212,-0.1425,-0.9775629118734521,0.9775629118734521
2026-09-16 03:36:41,degradation_rate,-0.0433,-0.004583363951337294,-0.6246,-0.038716636048662705,0.038716636048662705
2026-09-16 03:36:42,degradation_rate,-1.3187,-0.13395320148889756,-2.195,-1.1847467985111024,1.1847467985111024
2026-09-16 03:36:43,degradation_rate,-0.6459,-0.20124447437271176,5.6928,-0.4446555256272883,0.4446555256272883
2026-09-16 03:36:44,degradation_rate,3.1431,0.20271806561892802,2.3306,2.940381934381072,2.940381934381072
2026-09-16 03:36:45,degradation_rate,-4.8167,0.3624060495292687,-6.3402,-5.179106049529269,5.179106049529269
2026-09-16 03:36:46,degradation_rate,2.1252,-0.08309381696510831,1.4151,2.2082938169651083,2.2082938169651083
2026-09-16 03:36:47,degradation_rate,4.5476,0.2906382839211432,-0.7459,4.256961716078857,4.256961716078857
2026-09-16 03:36:48,degradation_rate,-3.5474,0.06630564722578502,0.772,-3.6137056472257854,3.6137056472257854
2026-09-16 03:36:49,degradation_rate,3.5298,-0.09071556813918136,4.9981,3.620515568139181,3.620515568139181
2026-09-16 03:36:50,degradation_rate,-4.8364,0.1884874712757132,-0.9032,-5.024887471275713,5.024887471275713
2026-09-16 03:36:51,degradation_rate,5.5433,-0.25233807872413094,-0.0433,5.7956380787241315,5.7956380787241315
2026-09-16 03:36:52,degradation_rate,-2.8835,0.04340367773346432,-1.3187,-2.9269036777334643,2.9269036777334643
2026-09-16 03:36:53,degradation_rate,-4.2418,-0.11014195488603484,-0.6459,-4.131658045113965,4.131658045113965
2026-09-16 03:36:54,degradation_rate,2.4732,-0.18656723211616466,3.1431,2.6597672321161645,2.6597672321161645
2026-09-16 03:36:55,degradation_rate,-3.6203,0.2401488582071334,-4.8167,-3.8604488582071332,3.8604488582071332
2026-09-16 03:36:56,degradation_rate,6.5621,0.21435301736415768,2.1252,6.347746982635842,6.347746982635842
2026-09-16 03:36:57,degradation_rate,5.6005,0.08020643968266761,4.5476,5.520293560317333,5.520293560317333
2026-09-16 03:36:58,degradation_rate,-9.0163,0.11251719184001141,-3.5474,-9.12881719184001,9.12881719184001
2026-09-16 03:36:59,degradation_rate,3.9117,0.28963826494560285,3.5298,3.6220617350543973,3.6220617350543973
2026-09-16 03:37:00,degradation_rate,-2.1831,0.17349654449199647,-4.8364,-2.3565965444919965,2.3565965444919965
2026-09-16 03:37:01,degradation_rate,2.7322,-0.06797166909051722,5.5433,2.8001716690905174,2.8001716690905174
2026-09-16 03:37:02,degradation_rate,-0.1779,-0.20949670062718306,-2.8835,0.03159670062718306,0.03159670062718306
2026-09-16 03:37:03,degradation_rate,-1.0226,0.5071847796743301,-4.2418,-1.52978477967433,1.52978477967433
2026-09-16 03:37:04,degradation_rate,-1.0426,0.19670151635968747,2.4732,-1.2393015163596874,1.2393015163596874
2026-09-16 03:37:05,degradation_rate,3.4964,0.2265897064545599,-3.6203,3.26981029354544,3.26981029354544
2026-09-16 03:37:06,degradation_rate,-0.7531,0.1552308371583191,6.5621,-0.9083308371583191,0.9083308371583191
2026-09-16 03:37:07,degradation_rate,4.4474,0.05150068449724099,5.6005,4.395899315502759,4.395899315502759
2026-09-16 03:37:08,degradation_rate,-7.1313,-0.0032608097578261663,-9.0163,-7.128039190242174,7.128039190242174
2026-09-16 03:37:09,degradation_rate,3.8485,-0.04678228950635832,3.9117,3.8952822895063584,3.8952822895063584
2026-09-16 03:37:10,degradation_rate,-0.5491,-0.1285861277530156,-2.1831,-0.42051387224698444,0.42051387224698444
2026-09-16 03:37:11,degradation_rate,-3.2656,-0.09253335188777445,2.7322,-3.1730666481122256,3.1730666481122256
2026-09-16 03:37:12,degradation_rate,4.9084,0.0592061396425442,-0.1779,4.849193860357456,4.849193860357456
2026-09-16 03:37:13,degradation_rate,4.4036,0.2840962994416174,-1.0226,4.119503700558383,4.119503700558383
2026-09-16 03:37:14,degradation_rate,-2.4408,-0.24214548337069552,-1.0426,-2.198654516629304,2.198654516629304
2026-09-16 03:37:15,degradation_rate,2.5665,0.4258326227445668,3.4964,2.140667377255433,2.140667377255433
2026-09-16 03:37:16,degradation_rate,-0.5642,0.10627097291302878,-0.7531,-0.6704709729130288,0.6704709729130288
2026-09-16 03:37:17,degradation_rate,-1.3327,-0.07836999198349393,4.4474,-1.254330008016506,1.254330008016506
2026-09-16 03:37:18,degradation_rate,-5.7678,0.05526612769797268,-7.1313,-5.823066127697973,5.823066127697973
2026-09-16 03:37:19,degradation_rate,5.0845,0.12620568975915125,3.8485,4.9582943102408485,4.9582943102408485
2026-09-16 03:37:20,degradation_rate,-2.2032,0.3160181206094488,-0.5491,-2.5192181206094486,2.5192181206094486
2026-09-16 03:37:21,degradation_rate,6.3839,0.2527022831788117,-3.2656,6.1311977168211875,6.1311977168211875
2026-09-16 03:37:22,degradation_rate,-2.1191,0.029472772487658006,4.9084,-2.148572772487658,2.148572772487658
2026-09-16 03:37:23,degradation_rate,1.992,0.0721673376079579,4.4036,1.919832662392042,1.919832662392042
2026-09-16 03:37:24,degradation_rate,-0.8157,0.14561019318515278,-2.4408,-0.9613101931851528,0.9613101931851528
2026-09-16 03:37:25,degradation_rate,-6.1486,0.3678874578987035,2.5665,-6.5164874578987035,6.5164874578987035
2026-09-16 03:37:26,degradation_rate,0.3179,0.042541022174077514,-0.5642,0.2753589778259225,0.2753589778259225
2026-09-16 03:37:27,degradation_rate,0.862,0.004364339447750387,-1.3327,0.8576356605522496,0.8576356605522496
2026-09-16 03:37:28,degradation_rate,5.328,0.25779163786232395,-5.7678,5.070208362137676,5.070208362137676
2026-09-16 03:37:29,degradation_rate,-3.3246,0.14308916046576048,5.0845,-3.4676891604657607,3.4676891604657607
2026-09-16 03:37:30,degradation_rate,6.3887,0.24564748502747458,-2.2032,6.143052514972526,6.143052514972526
2026-09-16 03:37:31,degradation_rate,-3.4252,0.11308208124310326,6.3839,-3.538282081243103,3.538282081243103
2026-09-16 03:37:32,degradation_rate,-0.4132,-0.009560549992885914,-2.1191,-0.4036394500071141,0.4036394500071141
2026-09-16 03:37:33,degradation_rate,6.2612,-0.2816183128371086,1.992,6.542818312837108,6.542818312837108
2026-09-16 03:37:34,degradation_rate,-6.6923,0.020104860103753897,-0.8157,-6.712404860103755,6.712404860103755
2026-09-16 03:37:35,degradation_rate,-1.9732,-0.025515270640302568,-6.1486,-1.9476847293596975,1.9476847293596975
2026-09-16 03:37:36,degradation_rate,-1.2038,0.5184595857045586,0.3179,-1.7222595857045586,1.7222595857045586
2026-09-16 03:37:37,degradation_rate,5.6706,0.37047155830145756,0.862,5.300128441698543,5.300128441698543
2026-09-16 03:37:38,degradation_rate,-2.6098,0.0623690793306384,5.328,-2.6721690793306383,2.6721690793306383
2026-09-16 03:37:39,degradation_rate,-2.3698,0.0017905316410664618,-3.3246,-2.3715905316410666,2.3715905316410666
2026-09-16 03:37:40,degradation_rate,5.2967,0.09750915704069829,6.3887,5.199190842959302,5.199190842959302
2026-09-16 03:37:41,degradation_rate,-1.0161,0.06636420326758996,-3.4252,-1.08246420326759,1.08246420326759
2026-09-16 03:37:42,degradation_rate,3.2215,0.06117308118707154,-0.4132,3.1603269188129284,3.1603269188129284
2026-09-16 03:37:43,degradation_rate,0.2946,-0.0826931616990425,6.2612,0.3772931616990425,0.3772931616990425
2026-09-16 03:37:44,degradation_rate,-2.8577,-0.12544772932934567,-6.6923,-2.7322522706706542,2.7322522706706542
2026-09-16 03:37:45,degradation_rate,-1.5264,0.030355595606849972,-1.9732,-1.55675559560685,1.55675559560685
2026-09-16 03:37:46,degradation_rate,0.2401,0.2363229870505119,-1.2038,0.0037770129494880955,0.0037770129494880955
2026-09-16 03:37:47,degradation_rate,2.3009,0.5477537535864867,5.6706,1.7531462464135132,1.7531462464135132
2026-09-16 03:37:48,degradation_rate,6.0151,-0.11326462767999423,-2.6098,6.128364627679995,6.128364627679995
2026-09-16 03:37:49,degradation_rate,-2.5923,-0.020709372981998264,-2.3698,-2.5715906270180016,2.5715906270180016
2026-09-16 03:37:50,degradation_rate,-3.3892,-0.002202149215378313,5.2967,-3.386997850784622,3.386997850784622
2026-09-16 03:37:51,degradation_rate,5.6384,-0.051394498455286874,-1.0161,5.689794498455287,5.689794498455287
2026-09-16 03:37:52,degradation_rate,-3.6548,-0.347140609606051,3.2215,-3.307659390393949,3.307659390393949
2026-09-16 03:37:53,degradation_rate,-2.68,-0.023260047654417693,0.2946,-2.6567399523455824,2.6567399523455824
2026-09-16 03:37:54,degradation_rate,2.1213,-0.47760979080436927,-2.8577,2.5989097908043695,2.5989097908043695
2026-09-16 03:37:55,degradation_rate,4.7462,0.4602813866558837,-1.5264,4.2859186133441165,4.2859186133441165
2026-09-16 03:37:56,degradation_rate,-2.5851,0.13855312573586448,0.2401,-2.7236531257358645,2.7236531257358645
2026-09-16 03:37:57,degradation_rate,-2.9961,-0.09444504289454647,2.3009,-2.9016549571054537,2.9016549571054537
2026-09-16 03:37:58,degradation_rate,3.5766,-0.28455928858140567,6.0151,3.8611592885814057,3.8611592885814057
2026-09-16 03:37:59,degradation_rate,-1.6915,0.148012628341053,-2.5923,-1.839512628341053,1.839512628341053
2026-09-16 03:38:00,degradation_rate,1.9878,-0.338304198819698,-3.3892,2.326104198819698,2.326104198819698
2026-09-16 03:38:01,degradation_rate,-5.2952,-0.1693248805151324,5.6384,-5.125875119484868,5.125875119484868
2026-09-16 03:38:02,degradation_rate,6.9061,0.13869115573551705,-3.6548,6.767408844264484,6.767408844264484
2026-09-16 03:38:03,degradation_rate,-1.4312,-0.4645182818725586,-2.68,-0.9666817181274414,0.9666817181274414
2026-09-16 03:38:04,degradation_rate,-1.6943,0.29028334977294357,2.1213,-1.9845833497729435,1.9845833497729435
2026-09-16 03:38:05,degradation_rate,2.7516,-0.24012519078669925,4.7462,2.991725190786699,2.991725190786699
2026-09-16 03:38:06,degradation_rate,1.6908,0.09995803358670097,-2.5851,1.5908419664132991,1.5908419664132991
2026-09-16 03:38:07,degradation_rate,-1.045,-0.18667178169239618,-2.9961,-0.8583282183076038,0.8583282183076038
2026-09-16 03:38:08,degradation_rate,6.6034,-0.17434683238733406,3.5766,6.777746832387334,6.777746832387334
2026-09-16 03:38:09,degradation_rate,-7.1586,0.1592020964336378,-1.6915,-7.317802096433637,7.317802096433637
2026-09-16 03:38:10,degradation_rate,7.2522,-0.3038926824951269,1.9878,7.556092682495127,7.556092682495127
2026-09-16 03:38:11,degradation_rate,-6.9348,-0.16536057056721631,-5.2952,-6.769439429432784,6.769439429432784
2026-09-16 03:38:12,degradation_rate,-0.5768,0.2530749413488742,6.9061,-0.8298749413488742,0.8298749413488742
2026-09-16 03:38:13,degradation_rate,2.7101,-0.07441111347335694,-1.4312,2.784511113473357,2.784511113473357
2026-09-16 03:38:14,degradation_rate,-1.9975,0.005386630799694592,-1.6943,-2.0028866307996944,2.0028866307996944
2026-09-16 03:38:15,degradation_rate,-1.9436,0.04036655169382852,2.7516,-1.9839665516938285,1.9839665516938285
2026-09-16 03:38:16,degradation_rate,10.0277,-0.3295288687491491,1.6908,10.357228868749148,10.357228868749148
2026-09-16 03:38:17,degradation_rate,-4.6459,0.24894815723370511,-1.045,-4.894848157233705,4.894848157233705
2026-09-16 03:38:18,degradation_rate,-1.5287,-0.5668008761490686,6.6034,-0.9618991238509313,0.9618991238509313
2026-09-16 03:38:19,degradation_rate,1.3816,0.002947051163891601,-7.1586,1.3786529488361083,1.3786529488361083
2026-09-16 03:38:20,degradation_rate,-1.2324,-0.146848844136108,7.2522,-1.085551155863892,1.085551155863892
2026-09-16 03:38:21,degradation_rate,0.6187,0.012471016399131507,-6.9348,0.6062289836008685,0.6062289836008685
2026-09-16 03:38:22,degradation_rate,1.4532,-0.05010142542878315,-0.5768,1.5033014254287833,1.5033014254287833
2026-09-16 03:38:23,degradation_rate,-6.9025,-0.2942544535186302,2.7101,-6.60824554648137,6.60824554648137
2026-09-16 03:38:24,degradation_rate,5.3178,0.29111163659252703,-1.9975,5.026688363407473,5.026688363407473
2026-09-16 03:38:25,degradation_rate,2.1165,-0.16625058807432191,-1.9436,2.2827505880743217,2.2827505880743217
2026-09-16 03:38:26,degradation_rate,-7.4233,-0.19358531910700627,10.0277,-7.229714680892994,7.229714680892994
2026-09-16 03:38:27,degradation_rate,4.1768,-0.11088344337627554,-4.6459,4.287683443376276,4.287683443376276
2026-09-16 03:38:28,degradation_rate,3.1592,-0.24330809797567565,-1.5287,3.4025080979756757,3.4025080979756757
2026-09-16 03:38:29,degradation_rate,6.0146,0.3247027061878651,1.3816,5.689897293812135,5.689897293812135
2026-09-16 03:38:30,degradation_rate,-5.2005,0.33130571216182014,-1.2324,-5.53180571216182,5.53180571216182
2026-09-16 03:38:31,degradation_rate,2.9992,-0.12676423522815183,0.6187,3.125964235228152,3.125964235228152
2026-09-16 03:38:32,degradation_rate,0.0783,0.018894116803835237,1.4532,0.05940588319616476,0.05940588319616476
2026-09-16 03:38:33,degradation_rate,-1.8073,0.374038437570019,-6.9025,-2.1813384375700187,2.1813384375700187
2026-09-16 03:38:34,degradation_rate,1.9346,-0.1325872793824301,5.3178,2.06718727938243,2.06718727938243
2026-09-16 03:38:35,degradation_rate,-1.2733,0.10551094521158388,2.1165,-1.378810945211584,1.378810945211584
2026-09-16 03:38:36,degradation_rate,0.2252,0.2657092942828836,-7.4233,-0.04050929428288358,0.04050929428288358
2026-09-16 03:38:37,degradation_rate,1.9233,-0.2177726314794226,4.1768,2.141072631479423,2.141072631479423
2026-09-16 03:38:38,degradation_rate,1.6991,-0.4998294931053948,3.1592,2.198929493105395,2.198929493105395
2026-09-16 03:38:39,degradation_rate,-4.4553,-0.205977705026112,6.0146,-4.249322294973888,4.249322294973888
2026-09-16 03:38:40,degradation_rate,-1.0731,-0.4578399585160424,-5.2005,-0.6152600414839575,0.6152600414839575
2026-09-16 03:38:41,degradation_rate,2.313,0.2359972091645668,2.9992,2.0770027908354334,2.0770027908354334
2026-09-16 03:38:42,degradation_rate,8.7777,-0.19521176762980363,0.0783,8.972911767629803,8.972911767629803
2026-09-16 03:38:43,degradation_rate,-7.8187,-0.48553658737162,-1.8073,-7.33316341262838,7.33316341262838
2026-09-16 03:38:44,degradation_rate,2.1311,0.12113579926002394,1.9346,2.009964200739976,2.009964200739976
2026-09-16 03:38:45,degradation_rate,0.6405,-0.3548312419403792,-1.2733,0.9953312419403791,0.9953312419403791
2026-09-16 03:38:46,degradation_rate,-2.6165,-0.04055116255823177,0.2252,-2.575948837441768,2.575948837441768
2026-09-16 03:38:47,degradation_rate,2.0113,-0.3784284311376396,1.9233,2.389728431137639,2.389728431137639
2026-09-16 03:38:48,degradation_rate,-2.5339,-0.3326561964872221,1.6991,-2.201243803512778,2.201243803512778
2026-09-16 03:38:49,degradation_rate,0.8082,-0.48740024254095937,-4.4553,1.2956002425409594,1.2956002425409594
2026-09-16 03:38:50,degradation_rate,6.8778,-0.18342036463767353,-1.0731,7.061220364637673,7.061220364637673
2026-09-16 03:38:51,degradation_rate,-5.0063,0.002129783529691398,2.313,-5.008429783529692,5.008429783529692
2026-09-16 03:38:52,degradation_rate,1.1923,-0.1142130962620147,8.7777,1.3065130962620146,1.3065130962620146
2026-09-16 03:38:53,degradation_rate,-3.1965,-0.47115352164882296,-7.8187,-2.725346478351177,2.725346478351177
2026-09-16 03:38:54,degradation_rate,1.0077,-0.15225605668937758,2.1311,1.1599560566893776,1.1599560566893776
2026-09-16 03:38:55,degradation_rate,5.5315,-0.19544047028958467,0.6405,5.726940470289585,5.726940470289585
2026-09-16 03:38:56,degradation_rate,-1.7289,0.32024645579778266,-2.6165,-2.049146455797783,2.049146455797783
2026-09-16 03:38:57,degradation_rate,3.1079,0.0455462483620106,2.0113,3.062353751637989,3.062353751637989
2026-09-16 03:38:58,degradation_rate,-1.3203,-0.4785767019610758,-2.5339,-0.8417232980389242,0.8417232980389242
2026-09-16 03:38:59,degradation_rate,-6.6416,-0.2768994447353763,0.8082,-6.3647005552646245,6.3647005552646245
2026-09-16 03:39:00,degradation_rate,-1.7712,0.4140555524167162,6.8778,-2.1852555524167165,2.1852555524167165
2026-09-16 03:39:01,degradation_rate,4.4071,0.10562755945903657,-5.0063,4.301472440540963,4.301472440540963
2026-09-16 03:39:02,degradation_rate,2.4826,-0.19152346189976166,1.1923,2.674123461899762,2.674123461899762
2026-09-16 03:39:03,degradation_rate,8.3583,-0.8531767416198819,-3.1965,9.211476741619881,9.211476741619881
2026-09-16 03:39:04,degradation_rate,-5.4115,0.23209775911584907,1.0077,-5.643597759115849,5.643597759115849
2026-09-16 03:39:05,degradation_rate,0.7252,-0.48560138277505427,5.5315,1.2108013827750543,1.2108013827750543
2026-09-16 03:39:06,degradation_rate,-1.3858,0.04845347043418724,-1.7289,-1.4342534704341872,1.4342534704341872
2026-09-16 03:39:07,degradation_rate,2.5135,-0.0619610164306601,3.1079,2.57546101643066,2.57546101643066
2026-09-16 03:39:08,degradation_rate,-4.213,-1.31315915595516,-1.3203,-2.89984084404484,2.89984084404484
2026-09-16 03:39:09,degradation_rate,-0.0837,0.2263897652129785,-6.6416,-0.3100897652129785,0.3100897652129785
2026-09-16 03:39:10,degradation_rate,1.3701,-0.388125012948096,-1.7712,1.758225012948096,1.758225012948096
2026-09-16 03:39:11,degradation_rate,-3.1911,0.16913875921326227,4.4071,-3.3602387592132623,3.3602387592132623
2026-09-16 03:39:12,degradation_rate,3.3403,-0.3376417682694366,2.4826,3.6779417682694366,3.6779417682694366
2026-09-16 03:39:13,degradation_rate,4.4851,-0.5264640821261644,8.3583,5.011564082126164,5.011564082126164
2026-09-16 03:39:14,degradation_rate,-2.6858,0.08247406979218042,-5.4115,-2.7682740697921804,2.7682740697921804
2026-09-16 03:39:15,degradation_rate,1.9504,-0.6105076639179529,0.7252,2.560907663917953,2.560907663917953
2026-09-16 03:39:16,degradation_rate,-2.5416,-0.40851794679410525,-1.3858,-2.1330820532058947,2.1330820532058947
2026-09-16 03:39:17,degradation_rate,2.264,-0.6292709559265619,2.5135,2.8932709559265617,2.8932709559265617
2026-09-16 03:39:18,degradation_rate,-1.6657,-0.48187620632582817,-4.213,-1.1838237936741718,1.1838237936741718
2026-09-16 03:39:19,degradation_rate,5.1808,0.3757531051480035,-0.0837,4.805046894851996,4.805046894851996
2026-09-16 03:39:20,degradation_rate,-0.8066,0.30202018344130255,1.3701,-1.1086201834413025,1.1086201834413025
2026-09-16 03:39:21,degradation_rate,-2.0627,-0.1811746506311258,-3.1911,-1.8815253493688742,1.8815253493688742
2026-09-16 03:39:22,degradation_rate,3.9905,-0.38425432810741933,3.3403,4.37475432810742,4.37475432810742
2026-09-16 03:39:23,degradation_rate,-4.3787,-0.3480171880584022,4.4851,-4.030682811941598,4.030682811941598
2026-09-16 03:39:24,degradation_rate,-2.1348,-0.5793649836661423,-2.6858,-1.5554350163338575,1.5554350163338575
2026-09-16 03:39:25,degradation_rate,4.6055,-0.1250227096564871,1.9504,4.730522709656487,4.730522709656487
2026-09-16 03:39:26,degradation_rate,-1.1856,-0.45333528661864664,-2.5416,-0.7322647133813533,0.7322647133813533
2026-09-16 03:39:27,degradation_rate,-1.0199,-0.5365293055213654,2.264,-0.4833706944786347,0.4833706944786347
2026-09-16 03:39:28,degradation_rate,-0.7063,-1.0436122787862705,-1.6657,0.33731227878627046,0.33731227878627046
2026-09-16 03:39:29,degradation_rate,-0.8656,-0.5532935383487843,5.1808,-0.3123064616512158,0.3123064616512158
2026-09-16 03:39:30,degradation_rate,4.9695,-0.19581055066777886,-0.8066,5.165310550667779,5.165310550667779
2026-09-16 03:39:31,degradation_rate,-4.0737,-0.10828266145257981,-2.0627,-3.96541733854742,3.96541733854742
2026-09-16 03:39:32,degradation_rate,-0.5431,-0.001131377305681358,3.9905,-0.5419686226943187,0.5419686226943187
2026-09-16 03:39:33,degradation_rate,4.0904,-1.003242123980887,-4.3787,5.093642123980887,5.093642123980887
2026-09-16 03:39:34,degradation_rate,0.0496,-0.3726307920698506,-2.1348,0.4222307920698506,0.4222307920698506
2026-09-16 03:39:35,degradation_rate,-1.4857,-0.8918036329245069,4.6055,-0.5938963670754931,0.5938963670754931
2026-09-16 03:39:36,degradation_rate,-3.2207,-0.1763415304238336,-1.1856,-3.0443584695761663,3.0443584695761663
2026-09-16 03:39:37,degradation_rate,5.3149,-0.7544031765637205,-1.0199,6.06930317656372,6.06930317656372
2026-09-16 03:39:38,degradation_rate,1.2238,-0.00025564105527697834,-0.7063,1.224055641055277,1.224055641055277
2026-09-16 03:39:39,degradation_rate,-3.7912,-0.24453875765903954,-0.8656,-3.5466612423409605,3.5466612423409605
2026-09-16 03:39:40,degradation_rate,-2.0368,-0.5003236423288824,4.9695,-1.5364763576711176,1.5364763576711176
2026-09-16 03:39:41,degradation_rate,3.3462,-0.04603230770470468,-4.0737,3.3922323077047047,3.3922323077047047
2026-09-16 03:39:42,degradation_rate,-1.3777,-0.7360771183856281,-0.5431,-0.6416228816143719,0.6416228816143719
2026-09-16 03:39:43,degradation_rate,-1.4962,-0.08145352014604423,4.0904,-1.4147464798539557,1.4147464798539557
2026-09-16 03:39:44,degradation_rate,-2.3252,0.05552204279653267,0.0496,-2.380722042796533,2.380722042796533
2026-09-16 03:39:45,degradation_rate,4.016,-1.121354066257846,-1.4857,5.137354066257846,5.137354066257846
2026-09-16 03:39:46,degradation_rate,5.6059,-0.33179257787918415,-3.2207,5.937692577879185,5.937692577879185
2026-09-16 03:39:47,degradation_rate,-9.2236,-0.6056264275382315,5.3149,-8.617973572461768,8.617973572461768
2026-09-16 03:39:48,degradation_rate,-1.0916,-0.722067283560486,1.2238,-0.3695327164395139,0.3695327164395139
2026-09-16 03:39:49,degradation_rate,0.4595,-0.4559348708868143,-3.7912,0.9154348708868143,0.9154348708868143
2026-09-16 03:39:50,degradation_rate,3.4895,0.01524529701757027,-2.0368,3.4742547029824298,3.4742547029824298
2026-09-16 03:39:51,degradation_rate,-4.5433,-0.33551071909759145,3.3462,-4.207789280902409,4.207789280902409
2026-09-16 03:39:52,degradation_rate,6.7701,0.04595348585553638,-1.3777,6.724146514144464,6.724146514144464
2026-09-16 03:39:53,degradation_rate,-4.7191,-0.855345520959104,-1.4962,-3.863754479040896,3.863754479040896
2026-09-16 03:39:54,degradation_rate,-3.5968,-0.14422155336419085,-2.3252,-3.452578446635809,3.452578446635809
2026-09-16 03:39:55,degradation_rate,1.3419,0.22005732236220155,4.016,1.1218426776377985,1.1218426776377985
2026-09-16 03:39:56,degradation_rate,-3.2389,-0.7125228236123933,5.6059,-2.526377176387607,2.526377176387607
2026-09-16 03:39:57,degradation_rate,4.9844,-0.2816414569148513,-9.2236,5.266041456914851,5.266041456914851
2026-09-16 03:39:58,degradation_rate,2.8398,-0.14584941423484543,-1.0916,2.985649414234845,2.985649414234845
2026-09-16 03:39:59,degradation_rate,-3.2392,-0.7287744009186596,0.4595,-2.51042559908134,2.51042559908134
2026-09-16 03:40:00,degradation_rate,-5.1524,-0.8794180041843371,3.4895,-4.2729819958156625,4.2729819958156625
2026-09-16 03:40:01,degradation_rate,3.2013,-0.3619979363546175,-4.5433,3.5632979363546173,3.5632979363546173
2026-09-16 03:40:02,degradation_rate,0.9758,0.15954820018967286,6.7701,0.8162517998103271,0.8162517998103271
2026-09-16 03:40:03,degradation_rate,-4.3912,-0.5273817856882728,-4.7191,-3.8638182143117277,3.8638182143117277
2026-09-16 03:40:04,degradation_rate,3.0421,-0.309715724639243,-3.5968,3.351815724639243,3.351815724639243
2026-09-16 03:40:05,degradation_rate,1.8558,0.13128969547355296,1.3419,1.724510304526447,1.724510304526447
2026-09-16 03:40:06,degradation_rate,0.8275,-0.548319559106397,-3.2389,1.375819559106397,1.375819559106397
2026-09-16 03:40:07,degradation_rate,4.0463,-0.4615589606698478,4.9844,4.507858960669847,4.507858960669847
2026-09-16 03:40:08,degradation_rate,-5.0373,-0.03045564264060463,2.8398,-5.0068443573593955,5.0068443573593955
2026-09-16 03:40:09,degradation_rate,-5.8893,-0.5020499237784364,-3.2392,-5.387250076221564,5.387250076221564
2026-09-16 03:40:10,degradation_rate,9.0275,-0.18291231080108883,-5.1524,9.21041231080109,9.21041231080109
2026-09-16 03:40:11,degradation_rate,-1.9017,0.037408772738876106,3.2013,-1.939108772738876,1.939108772738876
2026-09-16 03:40:12,degradation_rate,-0.7396,-1.0553915195855619,0.9758,0.31579151958556184,0.31579151958556184
2026-09-16 03:40:13,degradation_rate,0.9413,-0.29757872177613454,-4.3912,1.2388787217761346,1.2388787217761346
2026-09-16 03:40:14,degradation_rate,-3.5814,-1.0521969427965447,3.0421,-2.529203057203455,2.529203057203455
2026-09-16 03:40:15,degradation_rate,0.265,-0.7507913075680901,1.8558,1.0157913075680902,1.0157913075680902
2026-09-16 03:40:16,degradation_rate,-0.8202,-0.09098667423867213,0.8275,-0.7292133257613279,0.7292133257613279
2026-09-16 03:40:17,degradation_rate,1.2513,-0.5246635191196418,4.0463,1.775963519119642,1.775963519119642
2026-09-16 03:40:18,degradation_rate,0.8207,-0.45528146274587744,-5.0373,1.2759814627458774,1.2759814627458774
2026-09-16 03:40:19,degradation_rate,-4.1465,-0.28159670016670457,-5.8893,-3.864903299833295,3.864903299833295
2026-09-16 03:40:20,degradation_rate,7.1403,-0.8786403176333799,9.0275,8.01894031763338,8.01894031763338
2026-09-16 03:40:21,degradation_rate,-2.6379,-0.20336508141415632,-1.9017,-2.434534918585844,2.434534918585844
2026-09-16 03:40:22,degradation_rate,-3.5083,-0.40562751153315685,-0.7396,-3.1026724884668435,3.1026724884668435
2026-09-16 03:40:23,degradation_rate,0.5203,-0.9705436218241923,0.9413,1.4908436218241923,1.4908436218241923
2026-09-16 03:40:24,degradation_rate,-1.228,0.07825073788198322,-3.5814,-1.3062507378819832,1.3062507378819832
2026-09-16 03:40:25,degradation_rate,0.5566,-0.3284610733091211,0.265,0.8850610733091211,0.8850610733091211
2026-09-16 03:40:26,degradation_rate,4.3708,-0.0011948998218050955,-0.8202,4.3719948998218054,4.3719948998218054
2026-09-16 03:40:27,degradation_rate,1.9238,-0.39560699832042956,1.2513,2.3194069983204297,2.3194069983204297
2026-09-16 03:40:28,degradation_rate,3.4094,-0.16125512853859314,0.8207,3.5706551285385935,3.5706551285385935
2026-09-16 03:40:29,degradation_rate,-8.2612,-0.1679749465393443,-4.1465,-8.093225053460657,8.093225053460657
2026-09-16 03:40:30,degradation_rate,1.5797,-0.21801492501144004,7.1403,1.7977149250114401,1.7977149250114401
2026-09-16 03:40:31,degradation_rate,-5.6777,-0.44107193752984397,-2.6379,-5.236628062470156,5.236628062470156
2026-09-16 03:40:32,degradation_rate,7.9445,-0.40887105949148195,-3.5083,8.353371059491481,8.353371059491481
2026-09-16 03:40:33,degradation_rate,-1.3693,0.19564965886995606,0.5203,-1.564949658869956,1.564949658869956
2026-09-16 03:40:34,degradation_rate,-6.0645,-0.3680307156529675,-1.228,-5.696469284347033,5.696469284347033
2026-09-16 03:40:35,degradation_rate,5.4575,-0.38809074088338213,0.5566,5.845590740883382,5.845590740883382
2026-09-16 03:40:36,degradation_rate,-2.1814,-0.44385449803268706,4.3708,-1.737545501967313,1.737545501967313
2026-09-16 03:40:37,degradation_rate,1.3083,-0.7298341937466244,1.9238,2.0381341937466244,2.0381341937466244
2026-09-16 03:40:38,degradation_rate,1.3904,-0.6816044591076467,3.4094,2.0720044591076467,2.0720044591076467
2026-09-16 03:40:39,degradation_rate,-4.6851,-0.23674311812712823,-8.2612,-4.448356881872872,4.448356881872872
2026-09-16 03:40:40,degradation_rate,7.5546,-0.0787403487954339,1.5797,7.633340348795434,7.633340348795434
2026-09-16 03:40:41,degradation_rate,-5.0303,-0.7372944219232638,-5.6777,-4.293005578076737,4.293005578076737
2026-09-16 03:40:42,degradation_rate,0.3829,0.0517810117440467,7.9445,0.3311189882559533,0.3311189882559533
2026-09-16 03:40:43,degradation_rate,2.1046,-0.49925391678655595,-1.3693,2.603853916786556,2.603853916786556
2026-09-16 03:40:44,degradation_rate,-0.2675,-0.057778576282379035,-6.0645,-0.20972142371762098,0.20972142371762098
2026-09-16 03:40:45,degradation_rate,2.0092,0.006319120865867944,5.4575,2.002880879134132,2.002880879134132
2026-09-16 03:40:46,degradation_rate,1.7075,-0.13267954798875436,-2.1814,1.8401795479887544,1.8401795479887544
2026-09-16 03:40:47,degradation_rate,-3.9399,-0.48832789764256024,1.3083,-3.45157210235744,3.45157210235744
2026-09-16 03:40:48,degradation_rate,2.0672,-0.44403366247916853,1.3904,2.5112336624791687,2.5112336624791687
2026-09-16 03:40:49,degradation_rate,-1.998,-0.3390180817240447,-4.6851,-1.6589819182759553,1.6589819182759553
2026-09-16 03:40:50,degradation_rate,0.1463,-0.5750056193048971,7.5546,0.7213056193048971,0.7213056193048971
2026-09-16 03:40:51,degradation_rate,5.1701,-0.5923936822172431,-5.0303,5.762493682217243,5.762493682217243
2026-09-16 03:40:52,degradation_rate,1.4043,-0.23997292231161738,0.3829,1.6442729223116175,1.6442729223116175
2026-09-16 03:40:53,degradation_rate,-2.937,-0.4837336028703607,2.1046,-2.453266397129639,2.453266397129639
2026-09-16 03:40:54,degradation_rate,3.9998,0.20499174040349766,-0.2675,3.7948082595965023,3.7948082595965023
2026-09-16 03:40:55,degradation_rate,-3.7698,-0.6158369228140566,2.0092,-3.1539630771859435,3.1539630771859435
2026-09-16 03:40:56,degradation_rate,-3.1961,-0.21599302230391637,1.7075,-2.9801069776960833,2.9801069776960833
2026-09-16 03:40:57,degradation_rate,2.5268,-0.23256326586340004,-3.9399,2.7593632658634,2.7593632658634
2026-09-16 03:40:58,degradation_rate,3.8121,-0.8552079066996647,2.0672,4.667307906699665,4.667307906699665
2026-09-16 03:40:59,degradation_rate,-0.0742,0.015592327698474184,-1.998,-0.08979232769847419,0.08979232769847419
2026-09-16 03:41:00,degradation_rate,-4.818,-0.6816470102075932,0.1463,-4.136352989792407,4.136352989792407
2026-09-16 03:41:01,degradation_rate,7.4775,-0.9003326321797989,5.1701,8.3778326321798,8.3778326321798
2026-09-16 03:41:02,degradation_rate,-3.1368,-1.0088690146693517,1.4043,-2.1279309853306483,2.1279309853306483
2026-09-16 03:41:03,degradation_rate,-4.7983,-0.39729150445599615,-2.937,-4.401008495544004,4.401008495544004
2026-09-16 03:41:04,degradation_rate,4.1412,-0.441857373261072,3.9998,4.583057373261072,4.583057373261072
2026-09-16 03:41:05,degradation_rate,1.6148,-0.8340412595749078,-3.7698,2.448841259574908,2.448841259574908
2026-09-16 03:41:06,degradation_rate,-3.6837,-0.03212041281135969,-3.1961,-3.6515795871886403,3.6515795871886403
2026-09-16 03:41:07,degradation_rate,1.3817,-0.7844805669950334,2.5268,2.1661805669950334,2.1661805669950334
2026-09-16 03:41:08,degradation_rate,2.8297,-0.3587937053280559,3.8121,3.1884937053280558,3.1884937053280558
2026-09-16 03:41:09,degradation_rate,2.069,-0.45723824171786687,-0.0742,2.526238241717867,2.526238241717867
2026-09-16 03:41:10,degradation_rate,-3.6993,-0.17639210091111135,-4.818,-3.5229078990888887,3.5229078990888887
2026-09-16 03:41:11,degradation_rate,0.6029,-0.7691019199261637,7.4775,1.3720019199261637,1.3720019199261637
2026-09-16 03:41:12,degradation_rate,0.491,-0.603660283816652,-3.1368,1.0946602838166521,1.0946602838166521
2026-09-16 03:41:13,degradation_rate,-2.2214,-0.5418061171965665,-4.7983,-1.6795938828034336,1.6795938828034336
2026-09-16 03:41:14,degradation_rate,7.2364,-0.11402946387931845,4.1412,7.350429463879318,7.350429463879318
2026-09-16 03:41:15,degradation_rate,-8.2513,-0.6413303693164158,1.6148,-7.609969630683585,7.609969630683585
2026-09-16 03:41:16,degradation_rate,2.451,-1.2755334781781853,-3.6837,3.7265334781781854,3.7265334781781854
2026-09-16 03:41:17,degradation_rate,1.6639,-0.7197338815148164,1.3817,2.3836338815148164,2.3836338815148164
2026-09-16 03:41:18,degradation_rate,-0.8891,-0.32665447361512223,2.8297,-0.5624455263848778,0.5624455263848778
2026-09-16 03:41:19,degradation_rate,-5.2574,-0.7528079142710742,2.069,-4.504592085728925,4.504592085728925
2026-09-16 03:41:20,degradation_rate,2.2689,0.1570939164559504,-3.6993,2.1118060835440495,2.1118060835440495
2026-09-16 03:41:21,degradation_rate,6.8353,-1.250344463998838,0.6029,8.085644463998838,8.085644463998838
2026-09-16 03:41:22,degradation_rate,0.0211,-0.6061822236341027,0.491,0.6272822236341027,0.6272822236341027
2026-09-16 03:41:23,degradation_rate,-7.2934,-0.31490179575295363,-2.2214,-6.978498204247046,6.978498204247046
2026-09-16 03:41:24,degradation_rate,4.7701,-0.5084687398402172,7.2364,5.2785687398402175,5.2785687398402175
2026-09-16 03:41:25,degradation_rate,-1.2505,0.18906898502853764,-8.2513,-1.4395689850285376,1.4395689850285376
2026-09-16 03:41:26,degradation_rate,-0.8507,-0.27352080110455557,2.451,-0.5771791988954444,0.5771791988954444
2026-09-16 03:41:27,degradation_rate,0.1238,-0.5242094147366632,1.6639,0.6480094147366632,0.6480094147366632
2026-09-16 03:41:28,degradation_rate,1.3992,-0.7885143258949519,-0.8891,2.1877143258949516,2.1877143258949516
2026-09-16 03:41:29,degradation_rate,2.1346,-0.3278242878434554,-5.2574,2.4624242878434552,2.4624242878434552
2026-09-16 03:41:30,degradation_rate,-5.6323,-0.3367103783690766,2.2689,-5.295589621630923,5.295589621630923
2026-09-16 03:41:31,degradation_rate,7.1519,-0.9224748043944286,6.8353,8.074374804394429,8.074374804394429
2026-09-16 03:41:32,degradation_rate,-4.9596,-1.040274431367308,0.0211,-3.9193255686326918,3.9193255686326918
2026-09-16 03:41:33,degradation_rate,-2.8539,-0.2641460234870383,-7.2934,-2.5897539765129616,2.5897539765129616
2026-09-16 03:41:34,degradation_rate,-2.7079,-0.4482248673148188,4.7701,-2.259675132685181,2.259675132685181
2026-09-16 03:41:35,degradation_rate,3.5631,-0.8780035929600082,-1.2505,4.441103592960008,4.441103592960008
2026-09-16 03:41:36,degradation_rate,2.3171,-0.24607666965318276,-0.8507,2.5631766696531826,2.5631766696531826
2026-09-16 03:41:37,degradation_rate,1.9329,-0.6141547081101622,0.1238,2.547054708110162,2.547054708110162
2026-09-16 03:41:38,degradation_rate,-2.2262,-0.7806003244942712,1.3992,-1.4455996755057288,1.4455996755057288
2026-09-16 03:41:39,degradation_rate,-2.2233,-1.0811149055529916,2.1346,-1.1421850944470084,1.1421850944470084
2026-09-16 03:41:40,degradation_rate,4.3011,0.23817223370697516,-5.6323,4.062927766293025,4.062927766293025
2026-09-16 03:41:41,degradation_rate,-1.6748,-1.1052842362157742,7.1519,-0.5695157637842259,0.5695157637842259
2026-09-16 03:41:42,degradation_rate,3.579,-0.8315759596570054,-4.9596,4.410575959657006,4.410575959657006
2026-09-16 03:41:43,degradation_rate,-0.7062,-0.4531729492259906,-2.8539,-0.25302705077400944,0.25302705077400944
2026-09-16 03:41:44,degradation_rate,-1.1447,-0.18288464091060064,-2.7079,-0.9618153590893994,0.9618153590893994
2026-09-16 03:41:45,degradation_rate,5.1467,-0.8198603040958647,3.5631,5.966560304095864,5.966560304095864
2026-09-16 03:41:46,degradation_rate,-8.8844,-0.13896465473768904,2.3171,-8.74543534526231,8.74543534526231
2026-09-16 03:41:47,degradation_rate,0.9553,-1.1529256521344653,1.9329,2.1082256521344656,2.1082256521344656
2026-09-16 03:41:48,degradation_rate,1.1919,-0.5897020348799333,-2.2262,1.7816020348799333,1.7816020348799333
2026-09-16 03:41:49,degradation_rate,-1.5492,-0.17680267097177538,-2.2233,-1.3723973290282245,1.3723973290282245
2026-09-16 03:41:50,degradation_rate,7.1013,-1.0451314281329385,4.3011,8.146431428132939,8.146431428132939
2026-09-16 03:41:51,degradation_rate,-7.171,0.06826412103433488,-1.6748,-7.239264121034335,7.239264121034335
2026-09-16 03:41:52,degradation_rate,-0.6031,-1.6450406711104733,3.579,1.0419406711104733,1.0419406711104733
2026-09-16 03:41:53,degradation_rate,3.9262,0.17139160630283234,-0.7062,3.754808393697168,3.754808393697168
2026-09-16 03:41:54,degradation_rate,-0.1706,-0.26061582812824935,-1.1447,0.09001582812824935,0.09001582812824935
2026-09-16 03:41:55,degradation_rate,-0.5346,-1.0257904999223788,5.1467,0.49119049992237884,0.49119049992237884
2026-09-16 03:41:56,degradation_rate,-2.5471,-0.30852950906850296,-8.8844,-2.238570490931497,2.238570490931497
2026-09-16 03:41:57,degradation_rate,2.6289,-0.6634533398678679,0.9553,3.2923533398678675,3.2923533398678675
2026-09-16 03:41:58,degradation_rate,-1.3601,-0.16555880377819343,1.1919,-1.1945411962218067,1.1945411962218067
2026-09-16 03:41:59,degradation_rate,3.3222,-0.718016545471431,-1.5492,4.040216545471431,4.040216545471431
2026-09-16 03:42:00,degradation_rate,-7.411,-0.8238792997645863,7.1013,-6.587120700235413,6.587120700235413
2026-09-16 03:42:01,degradation_rate,5.7163,-0.6884464421013128,-7.171,6.404746442101313,6.404746442101313
2026-09-16 03:42:02,degradation_rate,0.4016,-0.5079991705514066,-0.6031,0.9095991705514066,0.9095991705514066
2026-09-16 03:42:03,degradation_rate,0.9337,-0.47645788555173274,3.9262,1.4101578855517327,1.4101578855517327
2026-09-16 03:42:04,degradation_rate,-4.1754,-0.4907582975199528,-0.1706,-3.684641702480047,3.684641702480047
2026-09-16 03:42:05,degradation_rate,3.4381,-0.9919571240276044,-0.5346,4.430057124027604,4.430057124027604
2026-09-16 03:42:06,degradation_rate,-4.0276,-0.9414888463460966,-2.5471,-3.0861111536539028,3.0861111536539028
2026-09-16 03:42:07,degradation_rate,1.9486,-0.7507966002577717,2.6289,2.6993966002577716,2.6993966002577716
2026-09-16 03:42:08,degradation_rate,-5.9755,-0.7797501743199039,-1.3601,-5.195749825680096,5.195749825680096
2026-09-16 03:42:09,degradation_rate,4.4464,0.05617155161878706,3.3222,4.390228448381213,4.390228448381213
2026-09-16 03:42:10,degradation_rate,4.9608,-1.0897603475050488,-7.411,6.050560347505049,6.050560347505049
2026-09-16 03:42:11,degradation_rate,-4.397,0.15477604317183857,5.7163,-4.551776043171839,4.551776043171839
2026-09-16 03:42:12,degradation_rate,-5.9159,-1.076437864623902,0.4016,-4.839462135376098,4.839462135376098
2026-09-16 03:42:13,degradation_rate,1.9901,-0.9607171464292261,0.9337,2.950817146429226,2.950817146429226
2026-09-16 03:42:14,degradation_rate,5.8186,-0.3568325523119542,-4.1754,6.175432552311954,6.175432552311954
2026-09-16 03:42:15,degradation_rate,-1.3407,-0.31923371720773286,3.4381,-1.0214662827922671,1.0214662827922671
2026-09-16 03:42:16,degradation_rate,-1.968,-0.7092950759419634,-4.0276,-1.2587049240580366,1.2587049240580366
2026-09-16 03:42:17,degradation_rate,1.5075,-0.8073392129673971,1.9486,2.314839212967397,2.314839212967397
2026-09-16 03:42:18,degradation_rate,-0.7376,-0.01828890020416818,-5.9755,-0.7193110997958319,0.7193110997958319
2026-09-16 03:42:19,degradation_rate,3.3506,-0.25739718487878616,4.4464,3.607997184878786,3.607997184878786
2026-09-16 03:42:20,degradation_rate,-1.0835,-1.0775380443443403,4.9608,-0.005961955655659601,0.005961955655659601
2026-09-16 03:42:21,degradation_rate,-1.0172,-0.29948731296077913,-4.397,-0.717712687039221,0.717712687039221
2026-09-16 03:42:22,degradation_rate,-2.1601,-0.7268437584765515,-5.9159,-1.4332562415234484,1.4332562415234484
2026-09-16 03:42:23,degradation_rate,8.946,-0.1463802358943327,1.9901,9.092380235894332,9.092380235894332
2026-09-16 03:42:24,degradation_rate,-5.2044,-0.8376839177700246,5.8186,-4.366716082229975,4.366716082229975
2026-09-16 03:42:25,degradation_rate,-1.1868,-0.8745504708008693,-1.3407,-0.31224952919913074,0.31224952919913074
2026-09-16 03:42:26,degradation_rate,-1.9197,-0.17254907663734786,-1.968,-1.747150923362652,1.747150923362652
2026-09-16 03:42:27,degradation_rate,4.4134,-0.865103258448155,1.5075,5.278503258448155,5.278503258448155
2026-09-16 03:42:28,degradation_rate,-3.7021,-0.7220936388939021,-0.7376,-2.9800063611060983,2.9800063611060983
2026-09-16 03:42:29,degradation_rate,-0.4999,-0.6972245291767347,3.3506,0.1973245291767347,0.1973245291767347
2026-09-16 03:42:30,degradation_rate,-4.9767,-1.1414395958805545,-1.0835,-3.8352604041194454,3.8352604041194454
2026-09-16 03:42:31,degradation_rate,6.0106,-0.2703555337436787,-1.0172,6.280955533743679,6.280955533743679
2026-09-16 03:42:32,degradation_rate,-3.1477,-0.714570248459901,-2.1601,-2.4331297515400987,2.4331297515400987
2026-09-16 03:42:33,degradation_rate,1.5984,-0.5516458095817622,8.946,2.150045809581762,2.150045809581762
2026-09-16 03:42:34,degradation_rate,3.5371,-1.0406986636670812,-5.2044,4.577798663667082,4.577798663667082
2026-09-16 03:42:35,degradation_rate,1.4119,-0.2698438297015,-1.1868,1.6817438297015,1.6817438297015
2026-09-16 03:42:36,degradation_rate,-7.3447,0.44973741309953863,-1.9197,-7.794437413099538,7.794437413099538
2026-09-16 03:42:37,degradation_rate,3.3055,-1.0776524167583474,4.4134,4.383152416758348,4.383152416758348
2026-09-16 03:42:38,degradation_rate,-4.9394,-0.8852835652667181,-3.7021,-4.054116434733282,4.054116434733282
2026-09-16 03:42:39,degradation_rate,5.3274,-0.6735662914097316,-0.4999,6.000966291409732,6.000966291409732
2026-09-16 03:42:40,degradation_rate,-1.5456,-0.9667371315949156,-4.9767,-0.5788628684050845,0.5788628684050845
2026-09-16 03:42:41,degradation_rate,2.3583,-0.8456105448858189,6.0106,3.2039105448858187,3.2039105448858187
2026-09-16 03:42:42,degradation_rate,-3.7877,-0.44135797799662724,-3.1477,-3.346342022003373,3.346342022003373
2026-09-16 03:42:43,degradation_rate,2.6926,0.0028252756684004066,1.5984,2.6897747243316,2.6897747243316
2026-09-16 03:42:44,degradation_rate,3.9599,-0.4866157969623619,3.5371,4.4465157969623625,4.4465157969623625
2026-09-16 03:42:45,degradation_rate,-1.6298,-0.5333519860161982,1.4119,-1.0964480139838018,1.0964480139838018
2026-09-16 03:42:46,degradation_rate,-6.5172,-0.0790147188138155,-7.3447,-6.438185281186184,6.438185281186184
2026-09-16 03:42:47,degradation_rate,-3.3099,-0.6313143424400876,3.3055,-2.6785856575599123,2.6785856575599123
2026-09-16 03:42:48,degradation_rate,7.11,-0.48150475749900945,-4.9394,7.59150475749901,7.59150475749901
2026-09-16 03:42:49,degradation_rate,-1.5793,0.06726308385624069,5.3274,-1.6465630838562406,1.6465630838562406
2026-09-16 03:42:50,degradation_rate,1.8297,0.24633086149465688,-1.5456,1.5833691385053432,1.5833691385053432
2026-09-16 03:42:51,degradation_rate,1.0409,-0.6556386677222501,2.3583,1.69653866772225,1.69653866772225
2026-09-16 03:42:52,degradation_rate,1.472,0.4241958345942871,-3.7877,1.0478041654057129,1.0478041654057129
2026-09-16 03:42:53,degradation_rate,-3.4073,-0.832906139730154,2.6926,-2.574393860269846,2.574393860269846
2026-09-16 03:42:54,degradation_rate,2.6643,-0.8485835516386189,3.9599,3.5128835516386188,3.5128835516386188
2026-09-16 03:42:55,degradation_rate,-2.571,-0.6738781988050118,-1.6298,-1.8971218011949884,1.8971218011949884
2026-09-16 03:42:56,degradation_rate,0.0902,-0.7741463365445647,-6.5172,0.8643463365445647,0.8643463365445647
2026-09-16 03:42:57,degradation_rate,-1.9612,0.12419948162139338,-3.3099,-2.085399481621393,2.085399481621393
2026-09-16 03:42:58,degradation_rate,1.6241,0.3030032437596635,7.11,1.3210967562403366,1.3210967562403366
2026-09-16 03:42:59,degradation_rate,3.8649,-0.3301812768304908,-1.5793,4.195081276830491,4.195081276830491
2026-09-16 03:43:00,degradation_rate,-5.662,-0.2790737977029083,1.8297,-5.382926202297091,5.382926202297091
2026-09-16 03:43:01,degradation_rate,8.8755,-0.9423238081219376,1.0409,9.817823808121938,9.817823808121938
2026-09-16 03:43:02,degradation_rate,-10.5668,0.6522321778417685,1.472,-11.219032177841768,11.219032177841768
2026-09-16 03:43:03,degradation_rate,4.3779,-0.5171150998843626,-3.4073,4.895015099884363,4.895015099884363
2026-09-16 03:43:04,degradation_rate,1.0227,-1.0684530128153877,2.6643,2.0911530128153877,2.0911530128153877
2026-09-16 03:43:05,degradation_rate,-1.0929,-0.9196954908385255,-2.571,-0.17320450916147445,0.17320450916147445
2026-09-16 03:43:06,degradation_rate,-1.2332,-0.5263257591742105,0.0902,-0.7068742408257895,0.7068742408257895
2026-09-16 03:43:07,degradation_rate,-3.5872,0.07458763079206343,-1.9612,-3.6617876307920634,3.6617876307920634
2026-09-16 03:43:08,degradation_rate,-0.304,-0.028904036641029807,1.6241,-0.2750959633589702,0.2750959633589702
2026-09-16 03:43:09,degradation_rate,-3.9429,-0.4933720138197315,3.8649,-3.4495279861802683,3.4495279861802683
2026-09-16 03:43:10,degradation_rate,4.7082,-0.7518912094899015,-5.662,5.460091209489901,5.460091209489901
2026-09-16 03:43:11,degradation_rate,-1.7751,-0.6576925725782043,8.8755,-1.1174074274217956,1.1174074274217956
2026-09-16 03:43:12,degradation_rate,2.4836,-0.2561753823006878,-10.5668,2.739775382300688,2.739775382300688
2026-09-16 03:43:13,degradation_rate,-6.763,-0.8233638894677329,4.3779,-5.939636110532267,5.939636110532267
2026-09-16 03:43:14,degradation_rate,3.1081,-0.8081295133381425,1.0227,3.916229513338142,3.916229513338142
2026-09-16 03:43:15,degradation_rate,-0.5925,-0.9636254089510292,-1.0929,0.3711254089510292,0.3711254089510292
2026-09-16 03:43:16,degradation_rate,-2.9623,-1.0817150009065424,-1.2332,-1.8805849990934576,1.8805849990934576
2026-09-16 03:43:17,degradation_rate,3.6663,0.15677894526600555,-3.5872,3.5095210547339946,3.5095210547339946
2026-09-16 03:43:18,degradation_rate,1.4803,-0.11460114068943308,-0.304,1.5949011406894331,1.5949011406894331
2026-09-16 03:43:19,degradation_rate,-1.2232,-0.21782562620709633,-3.9429,-1.0053743737929037,1.0053743737929037
2026-09-16 03:43:20,degradation_rate,-3.246,-0.11676677700533666,4.7082,-3.1292332229946633,3.1292332229946633
2026-09-16 03:43:21,degradation_rate,-2.3632,-0.011405935852003113,-1.7751,-2.351794064147997,2.351794064147997
2026-09-16 03:43:22,degradation_rate,0.3209,-0.5305047908874041,2.4836,0.8514047908874041,0.8514047908874041
2026-09-16 03:43:23,degradation_rate,6.7964,-0.26052110028367537,-6.763,7.056921100283676,7.056921100283676
2026-09-16 03:43:24,degradation_rate,-6.4955,-0.2409867341044083,3.1081,-6.254513265895591,6.254513265895591
2026-09-16 03:43:25,degradation_rate,3.0527,-0.6560186322622924,-0.5925,3.7087186322622925,3.7087186322622925
2026-09-16 03:43:26,degradation_rate,1.0289,0.04432481450426051,-2.9623,0.9845751854957394,0.9845751854957394
2026-09-16 03:43:27,degradation_rate,4.4583,-0.6400659839008491,3.6663,5.09836598390085,5.09836598390085
2026-09-16 03:43:28,degradation_rate,-4.3704,-0.2555033632127415,1.4803,-4.114896636787258,4.114896636787258
2026-09-16 03:43:29,degradation_rate,-0.1268,-0.1297585792027114,-1.2232,0.002958579202711392,0.002958579202711392
2026-09-16 03:43:30,degradation_rate,2.0178,-0.6391255510790357,-3.246,2.6569255510790355,2.6569255510790355
2026-09-16 03:43:31,degradation_rate,0.6223,-0.060609095124585455,-2.3632,0.6829090951245854,0.6829090951245854
2026-09-16 03:43:32,degradation_rate,-3.0011,-0.054657743540264314,0.3209,-2.946442256459736,2.946442256459736
2026-09-16 03:43:33,degradation_rate,-0.1714,-0.10043543924046361,6.7964,-0.07096456075953639,0.07096456075953639
2026-09-16 03:43:34,degradation_rate,1.4595,-0.20658687195263337,-6.4955,1.6660868719526334,1.6660868719526334
2026-09-16 03:43:35,degradation_rate,3.5664,-0.6990325830137021,3.0527,4.265432583013702,4.265432583013702
2026-09-16 03:43:36,degradation_rate,-4.3137,-0.5370081160984517,1.0289,-3.776691883901548,3.776691883901548
2026-09-16 03:43:37,degradation_rate,4.607,-0.15112247267583268,4.4583,4.758122472675833,4.758122472675833
2026-09-16 03:43:38,degradation_rate,-0.644,-0.3788842094517135,-4.3704,-0.2651157905482865,0.2651157905482865
2026-09-16 03:43:39,degradation_rate,-7.0316,-0.3298689450849198,-0.1268,-6.70173105491508,6.70173105491508
2026-09-16 03:43:40,degradation_rate,6.0793,-0.3948198816561783,2.0178,6.474119881656178,6.474119881656178
2026-09-16 03:43:41,degradation_rate,-3.7158,-0.0349783413028415,0.6223,-3.680821658697159,3.680821658697159
2026-09-16 03:43:42,degradation_rate,-3.2083,-0.5147660846413711,-3.0011,-2.693533915358629,2.693533915358629
2026-09-16 03:43:43,degradation_rate,-2.6309,0.2287743003236991,-0.1714,-2.8596743003236993,2.8596743003236993
2026-09-16 03:43:44,degradation_rate,2.011,-0.007356594147846396,1.4595,2.0183565941478463,2.0183565941478463
2026-09-16 03:43:45,degradation_rate,-1.6921,0.00805326966488984,3.5664,-1.7001532696648898,1.7001532696648898
2026-09-16 03:43:46,degradation_rate,6.6078,-0.3189602443255688,-4.3137,6.926760244325569,6.926760244325569
2026-09-16 03:43:47,degradation_rate,3.2881,-1.1430084072456088,4.607,4.431108407245609,4.431108407245609
2026-09-16 03:43:48,degradation_rate,-1.1036,-0.2815488644835675,-0.644,-0.8220511355164324,0.8220511355164324
2026-09-16 03:43:49,degradation_rate,-3.5905,-0.28888816138464435,-7.0316,-3.3016118386153557,3.3016118386153557
2026-09-16 03:43:50,degradation_rate,0.4668,-0.4139727404874254,6.0793,0.8807727404874254,0.8807727404874254
2026-09-16 03:43:51,degradation_rate,1.8045,-0.002547286963083817,-3.7158,1.8070472869630838,1.8070472869630838
2026-09-16 03:43:52,degradation_rate,-0.5867,-0.2941041374222806,-3.2083,-0.2925958625777194,0.2925958625777194
2026-09-16 03:43:53,degradation_rate,-5.1856,-0.11987813895115274,-2.6309,-5.065721861048847,5.065721861048847
2026-09-16 03:43:54,degradation_rate,6.7758,0.2946090684214284,2.011,6.481190931578572,6.481190931578572
2026-09-16 03:43:55,degradation_rate,1.0949,-0.3702871879985232,-1.6921,1.4651871879985232,1.4651871879985232
2026-09-16 03:43:56,degradation_rate,-2.7174,-0.3574922576973041,6.6078,-2.359907742302696,2.359907742302696
2026-09-16 03:43:57,degradation_rate,-2.0258,-0.8235201727780375,3.2881,-1.2022798272219624,1.2022798272219624
2026-09-16 03:43:58,degradation_rate,3.1041,-0.8607969690232647,-1.1036,3.9648969690232647,3.9648969690232647
2026-09-16 03:43:59,degradation_rate,-1.054,-0.3441623855833642,-3.5905,-0.7098376144166358,0.7098376144166358
2026-09-16 03:44:00,degradation_rate,-1.931,0.2568213197841671,0.4668,-2.187821319784167,2.187821319784167
2026-09-16 03:44:01,degradation_rate,3.4897,-0.38860443656301413,1.8045,3.878304436563014,3.878304436563014
2026-09-16 03:44:02,degradation_rate,1.5334,-0.15505358251778883,-0.5867,1.6884535825177889,1.6884535825177889
2026-09-16 03:44:03,degradation_rate,-2.3066,0.5302886395700366,-5.1856,-2.8368886395700366,2.8368886395700366
2026-09-16 03:44:04,degradation_rate,1.6202,-0.21298646055452064,6.7758,1.8331864605545207,1.8331864605545207
2026-09-16 03:44:05,degradation_rate,-1.8021,0.003078148095994937,1.0949,-1.805178148095995,1.805178148095995
2026-09-16 03:44:06,degradation_rate,-0.7293,-0.46265793245285414,-2.7174,-0.2666420675471458,0.2666420675471458
2026-09-16 03:44:07,degradation_rate,1.3829,-0.3163476446612872,-2.0258,1.6992476446612872,1.6992476446612872
2026-09-16 03:44:08,degradation_rate,-2.0482,-0.4348850085644722,3.1041,-1.6133149914355278,1.6133149914355278
2026-09-16 03:44:09,degradation_rate,0.4554,-0.8544928080752126,-1.054,1.3098928080752126,1.3098928080752126
2026-09-16 03:44:10,degradation_rate,0.7351,-0.6355286653372236,-1.931,1.3706286653372235,1.3706286653372235
2026-09-16 03:44:11,degradation_rate,-1.5476,-0.3277359998890117,3.4897,-1.2198640001109884,1.2198640001109884
2026-09-16 03:44:12,degradation_rate,3.2542,-0.8586560726086991,1.5334,4.112856072608699,4.112856072608699
2026-09-16 03:44:13,degradation_rate,-4.6,0.2744139264951597,-2.3066,-4.874413926495159,4.874413926495159
2026-09-16 03:44:14,degradation_rate,6.1782,-0.4658859865973892,1.6202,6.644085986597389,6.644085986597389
2026-09-16 03:44:15,degradation_rate,-3.2448,-0.35597938102245097,-1.8021,-2.888820618977549,2.888820618977549
2026-09-16 03:44:16,degradation_rate,1.6305,0.008316049032010886,-0.7293,1.6221839509679892,1.6221839509679892
2026-09-16 03:44:17,degradation_rate,0.1525,-0.8145924008891183,1.3829,0.9670924008891183,0.9670924008891183
2026-09-16 03:44:18,degradation_rate,-6.2862,-0.38550479915606806,-2.0482,-5.900695200843932,5.900695200843932
2026-09-16 03:44:19,degradation_rate,4.5309,-0.3735095737571489,0.4554,4.904409573757149,4.904409573757149
2026-09-16 03:44:20,degradation_rate,1.8719,-0.3444551533005499,0.7351,2.2163551533005497,2.2163551533005497
2026-09-16 03:44:21,degradation_rate,0.7056,-0.24418095669046247,-1.5476,0.9497809566904625,0.9497809566904625
2026-09-16 03:44:22,degradation_rate,-1.408,-0.3257167434987567,3.2542,-1.0822832565012432,1.0822832565012432
2026-09-16 03:44:23,degradation_rate,-3.386,0.051511013275960416,-4.6,-3.4375110132759605,3.4375110132759605
2026-09-16 03:44:24,degradation_rate,-0.4324,-0.7973082859701277,6.1782,0.3649082859701277,0.3649082859701277
2026-09-16 03:44:25,degradation_rate,8.542,-0.5283621745282128,-3.2448,9.070362174528213,9.070362174528213
2026-09-16 03:44:26,degradation_rate,-2.8681,-0.9565211033122831,1.6305,-1.911578896687717,1.911578896687717
2026-09-16 03:44:27,degradation_rate,-3.4168,-0.01275088418667697,0.1525,-3.404049115813323,3.404049115813323
2026-09-16 03:44:28,degradation_rate,0.2165,-0.004026387797862796,-6.2862,0.2205263877978628,0.2205263877978628
2026-09-16 03:44:29,degradation_rate,4.8669,-0.09157201867036147,4.5309,4.958472018670362,4.958472018670362
2026-09-16 03:44:30,degradation_rate,-1.4887,0.23052735609673647,1.8719,-1.7192273560967364,1.7192273560967364
2026-09-16 03:44:31,degradation_rate,0.6723,-0.5721457119223547,0.7056,1.2444457119223546,1.2444457119223546
2026-09-16 03:44:32,degradation_rate,1.5215,-0.8310026548075835,-1.408,2.3525026548075836,2.3525026548075836
2026-09-16 03:44:33,degradation_rate,3.3959,-0.31698621216929235,-3.386,3.7128862121692925,3.7128862121692925
2026-09-16 03:44:34,degradation_rate,-3.2183,-0.43166625935002306,-0.4324,-2.786633740649977,2.786633740649977
2026-09-16 03:44:35,degradation_rate,-1.2953,0.1769992476442397,8.542,-1.4722992476442396,1.4722992476442396
2026-09-16 03:44:36,degradation_rate,-0.5993,-0.9469530748943544,-2.8681,0.3476530748943544,0.3476530748943544
2026-09-16 03:44:37,degradation_rate,1.0779,-0.4977343820178568,-3.4168,1.5756343820178569,1.5756343820178569
2026-09-16 03:44:38,degradation_rate,-1.8512,0.4495964928984055,0.2165,-2.3007964928984053,2.3007964928984053
2026-09-16 03:44:39,degradation_rate,0.1073,-0.02520772637337032,4.8669,0.13250772637337033,0.13250772637337033
2026-09-16 03:44:40,degradation_rate,0.4632,-0.2814176963494248,-1.4887,0.7446176963494249,0.7446176963494249
2026-09-16 03:44:41,degradation_rate,-0.7953,-0.7770895354016031,0.6723,-0.018210464598396925,0.018210464598396925
2026-09-16 03:44:42,degradation_rate,0.1256,-0.5785328737552673,1.5215,0.7041328737552672,0.7041328737552672
2026-09-16 03:44:43,degradation_rate,3.3664,-0.2164605708791556,3.3959,3.5828605708791557,3.5828605708791557
2026-09-16 03:44:44,degradation_rate,-11.0155,-0.25554521704663014,-3.2183,-10.759954782953368,10.759954782953368
2026-09-16 03:44:45,degradation_rate,6.6878,-0.7043958717121414,-1.2953,7.392195871712142,7.392195871712142
2026-09-16 03:44:46,degradation_rate,1.9227,-0.3300576121601252,-0.5993,2.252757612160125,2.252757612160125
2026-09-16 03:44:47,degradation_rate,-4.3348,-0.6130795053463953,1.0779,-3.721720494653605,3.721720494653605
2026-09-16 03:44:48,degradation_rate,3.7208,-0.1421066100681403,-1.8512,3.8629066100681406,3.8629066100681406
2026-09-16 03:44:49,degradation_rate,-3.367,-0.9773335498847555,0.1073,-2.3896664501152447,2.3896664501152447
2026-09-16 03:44:50,degradation_rate,2.0076,-0.5223860515380774,0.4632,2.5299860515380774,2.5299860515380774
2026-09-16 03:44:51,degradation_rate,1.3196,-0.5329188509937143,-0.7953,1.8525188509937145,1.8525188509937145
2026-09-16 03:44:52,degradation_rate,-3.2266,-0.6661902370941679,0.1256,-2.5604097629058318,2.5604097629058318
2026-09-16 03:44:53,degradation_rate,5.9709,-0.7304926883095146,3.3664,6.7013926883095145,6.7013926883095145
2026-09-16 03:44:54,degradation_rate,-5.1947,-0.20556822483291093,-11.0155,-4.989131775167089,4.989131775167089
2026-09-16 03:44:55,degradation_rate,1.319,-0.08589400811891235,6.6878,1.4048940081189123,1.4048940081189123
2026-09-16 03:44:56,degradation_rate,-5.489,-0.6613680328702813,1.9227,-4.827631967129719,4.827631967129719
2026-09-16 03:44:57,degradation_rate,4.573,-0.42623485863039434,-4.3348,4.999234858630395,4.999234858630395
2026-09-16 03:44:58,degradation_rate,-5.7907,-0.21620439881665687,3.7208,-5.574495601183344,5.574495601183344
2026-09-16 03:44:59,degradation_rate,5.8337,-0.16754577438093143,-3.367,6.001245774380932,6.001245774380932
2026-09-16 03:45:00,degradation_rate,0.1295,0.3434243523254481,2.0076,-0.2139243523254481,0.2139243523254481
2026-09-16 03:45:01,degradation_rate,3.0271,-1.3590686466835982,1.3196,4.386168646683598,4.386168646683598
2026-09-16 03:45:02,degradation_rate,-3.8532,-0.039796309303778976,-3.2266,-3.813403690696221,3.813403690696221
2026-09-16 03:45:03,degradation_rate,0.2797,-0.3992222382751889,5.9709,0.6789222382751889,0.6789222382751889
2026-09-16 03:45:04,degradation_rate,-4.7226,-0.2895016370932675,-5.1947,-4.433098362906732,4.433098362906732
2026-09-16 03:45:05,degradation_rate,-1.203,-0.4794271376981989,1.319,-0.7235728623018012,0.7235728623018012
2026-09-16 03:45:06,degradation_rate,7.2387,-0.8056513244264156,-5.489,8.044351324426415,8.044351324426415
2026-09-16 03:45:07,degradation_rate,0.3263,-0.023083619362194163,4.573,0.34938361936219414,0.34938361936219414
2026-09-16 03:45:08,degradation_rate,-8.8584,-0.6018563274866233,-5.7907,-8.256543672513377,8.256543672513377
2026-09-16 03:45:09,degradation_rate,-4.0353,-0.4209179683593183,5.8337,-3.614382031640682,3.614382031640682
2026-09-16 03:45:10,degradation_rate,4.4968,-0.2282507769919251,0.1295,4.725050776991925,4.725050776991925
2026-09-16 03:45:11,degradation_rate,5.3897,-0.5236579182430474,3.0271,5.913357918243047,5.913357918243047
2026-09-16 03:45:12,degradation_rate,-3.3677,-1.1789000863990227,-3.8532,-2.1887999136009775,2.1887999136009775
2026-09-16 03:45:13,degradation_rate,-1.6306,-0.5481120405496642,0.2797,-1.0824879594503358,1.0824879594503358
2026-09-16 03:45:14,degradation_rate,4.9326,-0.5506498563472286,-4.7226,5.4832498563472285,5.4832498563472285
2026-09-16 03:45:15,degradation_rate,-4.1017,0.22148939650920219,-1.203,-4.3231893965092025,4.3231893965092025
2026-09-16 03:45:16,degradation_rate,0.2283,-0.18189970598711724,7.2387,0.41019970598711725,0.41019970598711725
2026-09-16 03:45:17,degradation_rate,1.1359,0.0431079597567961,0.3263,1.0927920402432039,1.0927920402432039
2026-09-16 03:45:18,degradation_rate,0.0192,-0.0464185986002299,-8.8584,0.0656185986002299,0.0656185986002299
2026-09-16 03:45:19,degradation_rate,-3.0732,0.04307339920829811,-4.0353,-3.116273399208298,3.116273399208298
2026-09-16 03:45:20,degradation_rate,1.0085,-0.401085561292545,4.4968,1.409585561292545,1.409585561292545
2026-09-16 03:45:21,degradation_rate,1.9176,-0.4827243140657611,5.3897,2.4003243140657613,2.4003243140657613
2026-09-16 03:45:22,degradation_rate,0.9204,-0.3932282513203198,-3.3677,1.3136282513203197,1.3136282513203197
2026-09-16 03:45:23,degradation_rate,-2.3865,-0.31855320398993503,-1.6306,-2.067946796010065,2.067946796010065
2026-09-16 03:45:24,degradation_rate,2.5359,-0.47390938193331955,4.9326,3.0098093819333194,3.0098093819333194
2026-09-16 03:45:25,degradation_rate,-1.0633,-0.16071837669113664,-4.1017,-0.9025816233088633,0.9025816233088633
2026-09-16 03:45:26,degradation_rate,-1.8248,-1.0147891188661644,0.2283,-0.8100108811338356,0.8100108811338356
2026-09-16 03:45:27,degradation_rate,3.5339,-0.36878823810051586,1.1359,3.9026882381005157,3.9026882381005157
2026-09-16 03:45:28,degradation_rate,2.2676,-0.36142437640511776,0.0192,2.6290243764051175,2.6290243764051175
2026-09-16 03:45:29,degradation_rate,-6.7026,-0.03147961155631318,-3.0732,-6.671120388443687,6.671120388443687
2026-09-16 03:45:30,degradation_rate,6.554,-0.0338411943769974,1.0085,6.587841194376997,6.587841194376997
2026-09-16 03:45:31,degradation_rate,0.023,-0.7651170517717272,1.9176,0.7881170517717272,0.7881170517717272
2026-09-16 03:45:32,degradation_rate,7.4172,-0.2979283830658136,0.9204,7.715128383065814,7.715128383065814
2026-09-16 03:45:33,degradation_rate,-11.9455,-0.712589281175569,-2.3865,-11.23291071882443,11.23291071882443
2026-09-16 03:45:34,degradation_rate,3.4551,-0.34513871441101296,2.5359,3.800238714411013,3.800238714411013
2026-09-16 03:45:35,degradation_rate,0.5973,-0.2556089627740047,-1.0633,0.8529089627740047,0.8529089627740047
2026-09-16 03:45:36,degradation_rate,3.1407,-0.5551679370707163,-1.8248,3.695867937070716,3.695867937070716
2026-09-16 03:45:37,degradation_rate,-2.0769,-0.29581844513019107,3.5339,-1.7810815548698091,1.7810815548698091
2026-09-16 03:45:38,degradation_rate,-0.3319,-0.2962987892274156,2.2676,-0.03560121077258438,0.03560121077258438
2026-09-16 03:45:39,degradation_rate,-0.1412,-0.18683010135087574,-6.7026,0.04563010135087575,0.04563010135087575
2026-09-16 03:45:40,degradation_rate,-4.0978,0.26433576860713437,6.554,-4.362135768607135,4.362135768607135
2026-09-16 03:45:41,degradation_rate,9.6529,-0.5226632952948869,0.023,10.175563295294888,10.175563295294888
2026-09-16 03:45:42,degradation_rate,-8.4809,-0.20683899597278188,7.4172,-8.274061004027217,8.274061004027217
2026-09-16 03:45:43,degradation_rate,4.6119,-0.5515807242481152,-11.9455,5.1634807242481155,5.1634807242481155
2026-09-16 03:45:44,degradation_rate,-3.5108,0.06794882450361595,3.4551,-3.578748824503616,3.578748824503616
2026-09-16 03:45:45,degradation_rate,3.3139,0.34216945311228614,0.5973,2.9717305468877138,2.9717305468877138
2026-09-16 03:45:46,degradation_rate,0.2022,-0.27643149788730925,3.1407,0.47863149788730924,0.47863149788730924
2026-09-16 03:45:47,degradation_rate,2.6324,-0.1299279845874246,-2.0769,2.762327984587425,2.762327984587425
2026-09-16 03:45:48,degradation_rate,-1.9893,-0.11079516420431776,-0.3319,-1.8785048357956824,1.8785048357956824
2026-09-16 03:45:49,degradation_rate,5.536,-0.3256143770922107,-0.1412,5.86161437709221,5.86161437709221
2026-09-16 03:45:50,degradation_rate,-0.5709,-0.1086162692042727,-4.0978,-0.46228373079572727,0.46228373079572727
2026-09-16 03:45:51,degradation_rate,-3.9919,-1.1523609842123541,9.6529,-2.8395390157876457,2.8395390157876457
2026-09-16 03:45:52,degradation_rate,0.2429,-0.1813464568512959,-8.4809,0.4242464568512959,0.4242464568512959
2026-09-16 03:45:53,degradation_rate,-0.9992,-0.28189091479368145,4.6119,-0.7173090852063185,0.7173090852063185
2026-09-16 03:45:54,degradation_rate,1.7922,0.12777260874572205,-3.5108,1.664427391254278,1.664427391254278
2026-09-16 03:45:55,degradation_rate,-3.4514,-0.679431900105465,3.3139,-2.771968099894535,2.771968099894535
2026-09-16 03:45:56,degradation_rate,1.3656,-1.185476967694942,0.2022,2.551076967694942,2.551076967694942
2026-09-16 03:45:57,degradation_rate,-0.9316,-0.39740098976427696,2.6324,-0.534199010235723,0.534199010235723
2026-09-16 03:45:58,degradation_rate,1.4318,-0.25989447261898313,-1.9893,1.691694472618983,1.691694472618983
2026-09-16 03:45:59,degradation_rate,5.5464,0.25142000212039495,5.536,5.294979997879605,5.294979997879605
2026-09-16 03:46:00,degradation_rate,-5.3471,-0.9651972594795359,-0.5709,-4.381902740520465,4.381902740520465
2026-09-16 03:46:01,degradation_rate,0.0938,-0.33939944953243417,-3.9919,0.43319944953243417,0.43319944953243417
2026-09-16 03:46:02,degradation_rate,0.0341,-0.3264212015113036,0.2429,0.3605212015113036,0.3605212015113036
2026-09-16 03:46:03,degradation_rate,7.4461,-0.7101880823661726,-0.9992,8.156288082366173,8.156288082366173
2026-09-16 03:46:04,degradation_rate,-10.3694,0.21401429854641907,1.7922,-10.583414298546419,10.583414298546419
2026-09-16 03:46:05,degradation_rate,1.1941,-0.28113149051350605,-3.4514,1.475231490513506,1.475231490513506
2026-09-16 03:46:06,degradation_rate,1.1766,-0.6176194916484863,1.3656,1.7942194916484864,1.7942194916484864
2026-09-16 03:46:07,degradation_rate,4.4897,-0.3665260999747464,-0.9316,4.856226099974746,4.856226099974746
2026-09-16 03:46:08,degradation_rate,4.8605,-0.30909956658490056,1.4318,5.169599566584901,5.169599566584901
2026-09-16 03:46:09,degradation_rate,-5.8135,0.2245594951002019,5.5464,-6.038059495100202,6.038059495100202
2026-09-16 03:46:10,degradation_rate,-1.9494,-1.1084796360036417,-5.3471,-0.8409203639963583,0.8409203639963583
2026-09-16 03:46:11,degradation_rate,-8.1591,-1.12377590563031,0.0938,-7.03532409436969,7.03532409436969
2026-09-16 03:46:12,degradation_rate,12.2145,-0.30154060898051216,0.0341,12.51604060898051,12.51604060898051
2026-09-16 03:46:13,degradation_rate,-6.2132,0.34200422968439526,7.4461,-6.555204229684395,6.555204229684395
2026-09-16 03:46:14,degradation_rate,0.4421,-0.8007586722445392,-10.3694,1.2428586722445392,1.2428586722445392
2026-09-16 03:46:15,degradation_rate,6.0741,-0.18086548801561841,1.1941,6.254965488015618,6.254965488015618
2026-09-16 03:46:16,degradation_rate,-3.988,-0.25997656920076007,1.1766,-3.72802343079924,3.72802343079924
2026-09-16 03:46:17,degradation_rate,2.0184,-0.5213809515752326,4.4897,2.5397809515752328,2.5397809515752328
2026-09-16 03:46:18,degradation_rate,1.4809,-0.5569392994393203,4.8605,2.0378392994393204,2.0378392994393204
2026-09-16 03:46:19,degradation_rate,-5.8417,-0.8423092808659929,-5.8135,-4.9993907191340075,4.9993907191340075
2026-09-16 03:46:20,degradation_rate,2.594,-0.6296157612610827,-1.9494,3.2236157612610823,3.2236157612610823
2026-09-16 03:46:21,degradation_rate,6.653,0.11412007544438296,-8.1591,6.538879924555617,6.538879924555617
2026-09-16 03:46:22,degradation_rate,-5.0823,-0.10795991172451025,12.2145,-4.97434008827549,4.97434008827549
2026-09-16 03:46:23,degradation_rate,-0.0101,-0.5049882256393081,-6.2132,0.4948882256393081,0.4948882256393081
2026-09-16 03:46:24,degradation_rate,4.6351,-0.32772173896359985,0.4421,4.9628217389636005,4.9628217389636005
2026-09-16 03:46:25,degradation_rate,-3.1142,-0.2671749052622703,6.0741,-2.8470250947377296,2.8470250947377296
2026-09-16 03:46:26,degradation_rate,-2.3772,-1.2064428980978028,-3.988,-1.1707571019021974,1.1707571019021974
2026-09-16 03:46:27,degradation_rate,3.318,-0.5022434508685056,2.0184,3.8202434508685057,3.8202434508685057
2026-09-16 03:46:28,degradation_rate,-0.8244,-0.8408159368042991,1.4809,0.01641593680429909,0.01641593680429909
2026-09-16 03:46:29,degradation_rate,-0.0393,-0.9303594096381911,-5.8417,0.8910594096381911,0.8910594096381911
2026-09-16 03:46:30,degradation_rate,0.4672,-0.2115922165750166,2.594,0.6787922165750166,0.6787922165750166
2026-09-16 03:46:31,degradation_rate,-3.4601,-0.06752047936322736,6.653,-3.392579520636773,3.392579520636773
2026-09-16 03:46:32,degradation_rate,4.101,-0.1942755955111366,-5.0823,4.295275595511137,4.295275595511137
2026-09-16 03:46:33,degradation_rate,-3.3943,-0.08389778581596312,-0.0101,-3.3104022141840366,3.3104022141840366
2026-09-16 03:46:34,degradation_rate,2.5105,0.22314896022789377,4.6351,2.287351039772106,2.287351039772106
2026-09-16 03:46:35,degradation_rate,3.5979,-0.8652446233099518,-3.1142,4.463144623309952,4.463144623309952
2026-09-16 03:46:36,degradation_rate,-2.308,-0.7879273768884303,-2.3772,-1.5200726231115695,1.5200726231115695
2026-09-16 03:46:37,degradation_rate,-5.7236,0.130176246004448,3.318,-5.853776246004449,5.853776246004449
2026-09-16 03:46:38,degradation_rate,2.276,-0.4439460399084744,-0.8244,2.719946039908474,2.719946039908474
2026-09-16 03:46:39,degradation_rate,1.5475,-1.043697668094596,-0.0393,2.591197668094596,2.591197668094596
2026-09-16 03:46:40,degradation_rate,5.7581,-0.6309278433255419,0.4672,6.389027843325541,6.389027843325541
2026-09-16 03:46:41,degradation_rate,-1.9843,-0.5180309278869228,-3.4601,-1.466269072113077,1.466269072113077
2026-09-16 03:46:42,degradation_rate,-3.8366,-0.6185065155010765,4.101,-3.2180934844989233,3.2180934844989233
2026-09-16 03:46:43,degradation_rate,-1.6135,-0.8671820645689277,-3.3943,-0.7463179354310723,0.7463179354310723
2026-09-16 03:46:44,degradation_rate,4.7471,-0.8486145980093096,2.5105,5.595714598009309,5.595714598009309
2026-09-16 03:46:45,degradation_rate,-1.4892,-0.028334268837661547,3.5979,-1.4608657311623385,1.4608657311623385
2026-09-16 03:46:46,degradation_rate,-2.4344,-0.7668315713581149,-2.308,-1.6675684286418853,1.6675684286418853
2026-09-16 03:46:47,degradation_rate,1.9908,-0.581588776236643,-5.7236,2.572388776236643,2.572388776236643
2026-09-16 03:46:48,degradation_rate,6.1162,-0.18386760360109466,2.276,6.300067603601095,6.300067603601095
2026-09-16 03:46:49,degradation_rate,-5.4587,-0.4520955842232568,1.5475,-5.006604415776744,5.006604415776744
2026-09-16 03:46:50,degradation_rate,2.57,-0.882649467792394,5.7581,3.452649467792394,3.452649467792394
2026-09-16 03:46:51,degradation_rate,-1.332,-0.3533968898908726,-1.9843,-0.9786031101091275,0.9786031101091275
2026-09-16 03:46:52,degradation_rate,-1.3084,-0.8642355244651743,-3.8366,-0.44416447553482574,0.44416447553482574
2026-09-16 03:46:53,degradation_rate,-2.8591,-0.7141131223913455,-1.6135,-2.1449868776086545,2.1449868776086545
2026-09-16 03:46:54,degradation_rate,5.2485,-0.6348939005478274,4.7471,5.883393900547827,5.883393900547827
2026-09-16 03:46:55,degradation_rate,-0.9523,-1.2587579932949537,-1.4892,0.3064579932949537,0.3064579932949537
2026-09-16 03:46:56,degradation_rate,-3.1975,-0.32139336133123386,-2.4344,-2.876106638668766,2.876106638668766
2026-09-16 03:46:57,degradation_rate,-4.2959,-0.29686958179867085,1.9908,-3.999030418201329,3.999030418201329
2026-09-16 03:46:58,degradation_rate,4.5633,-0.3560847852406308,6.1162,4.919384785240631,4.919384785240631
2026-09-16 03:46:59,degradation_rate,3.9205,-0.3122273947242844,-5.4587,4.232727394724284,4.232727394724284
2026-09-16 03:47:00,degradation_rate,-5.0917,-1.4778070720905627,2.57,-3.6138929279094376,3.6138929279094376
2026-09-16 03:47:01,degradation_rate,2.8211,-0.0007701940309725597,-1.332,2.8218701940309723,2.8218701940309723
2026-09-16 03:47:02,degradation_rate,1.6539,-0.4977884273503438,-1.3084,2.1516884273503436,2.1516884273503436
2026-09-16 03:47:03,degradation_rate,-2.2465,-0.7171890323365742,-2.8591,-1.529310967663426,1.529310967663426
2026-09-16 03:47:04,degradation_rate,-0.8901,-0.06157297131066386,5.2485,-0.8285270286893361,0.8285270286893361
2026-09-16 03:47:05,degradation_rate,-5.2761,-0.908416238330307,-0.9523,-4.367683761669692,4.367683761669692
2026-09-16 03:47:06,degradation_rate,4.4795,-0.04161106575392148,-3.1975,4.521111065753921,4.521111065753921
2026-09-16 03:47:07,degradation_rate,-5.8362,-1.0267073860197695,-4.2959,-4.809492613980231,4.809492613980231
2026-09-16 03:47:08,degradation_rate,-0.3771,-0.7616300180642934,4.5633,0.38453001806429343,0.38453001806429343
2026-09-16 03:47:09,degradation_rate,7.892,-0.512298473387983,3.9205,8.404298473387984,8.404298473387984
2026-09-16 03:47:10,degradation_rate,-3.811,-0.6703522662539321,-5.0917,-3.140647733746068,3.140647733746068
2026-09-16 03:47:11,degradation_rate,0.2517,-0.6994912170005163,2.8211,0.9511912170005163,0.9511912170005163
2026-09-16 03:47:12,degradation_rate,-6.9354,-1.0393662493891618,1.6539,-5.896033750610838,5.896033750610838
2026-09-16 03:47:13,degradation_rate,3.7493,-1.133302195845186,-2.2465,4.882602195845186,4.882602195845186
2026-09-16 03:47:14,degradation_rate,6.8654,-0.4211016011534431,-0.8901,7.286501601153443,7.286501601153443
2026-09-16 03:47:15,degradation_rate,-9.4381,-0.5477368251556074,-5.2761,-8.890363174844392,8.890363174844392
2026-09-16 03:47:16,degradation_rate,2.2206,-0.11671679437611271,4.4795,2.337316794376113,2.337316794376113
2026-09-16 03:47:17,degradation_rate,2.7801,-0.2181741561321484,-5.8362,2.9982741561321484,2.9982741561321484
2026-09-16 03:47:18,degradation_rate,0.8824,-0.46820712275781423,-0.3771,1.3506071227578142,1.3506071227578142
2026-09-16 03:47:19,degradation_rate,-2.1965,-0.5613766100639284,7.892,-1.6351233899360715,1.6351233899360715
2026-09-16 03:47:20,degradation_rate,0.318,-0.36519728487576986,-3.811,0.6831972848757699,0.6831972848757699
2026-09-16 03:47:21,degradation_rate,1.7787,-0.739421886927099,0.2517,2.5181218869270987,2.5181218869270987
2026-09-16 03:47:22,degradation_rate,-1.7665,-0.5206717768184879,-6.9354,-1.245828223181512,1.245828223181512
2026-09-16 03:47:23,degradation_rate,-0.765,-0.691259836766914,3.7493,-0.07374016323308596,0.07374016323308596
2026-09-16 03:47:24,degradation_rate,6.8379,-0.43269080712383357,6.8654,7.270590807123834,7.270590807123834
2026-09-16 03:47:25,degradation_rate,-15.2223,-0.4147246965063385,-9.4381,-14.807575303493662,14.807575303493662
2026-09-16 03:47:26,degradation_rate,12.7306,-0.5059013651038731,2.2206,13.236501365103873,13.236501365103873
2026-09-16 03:47:27,degradation_rate,0.1874,-0.8267308324698339,2.7801,1.014130832469834,1.014130832469834
2026-09-16 03:47:28,degradation_rate,-2.9435,-0.254803596162133,0.8824,-2.688696403837867,2.688696403837867
2026-09-16 03:47:29,degradation_rate,1.07,-0.4653913905114766,-2.1965,1.5353913905114767,1.5353913905114767
2026-09-16 03:47:30,degradation_rate,3.0437,-1.2055832412025582,0.318,4.2492832412025585,4.2492832412025585
2026-09-16 03:47:31,degradation_rate,-2.0996,-0.5939225236953958,1.7787,-1.5056774763046044,1.5056774763046044
2026-09-16 03:47:32,degradation_rate,-1.3891,-1.0548371550538633,-1.7665,-0.3342628449461367,0.3342628449461367
2026-09-16 03:47:33,degradation_rate,0.3509,-0.25133777077794517,-0.765,0.6022377707779452,0.6022377707779452
2026-09-16 03:47:34,degradation_rate,-0.4749,-0.7261809047379852,6.8379,0.25128090473798526,0.25128090473798526
2026-09-16 03:47:35,degradation_rate,1.5549,-0.046619194157331734,-15.2223,1.6015191941573317,1.6015191941573317
2026-09-16 03:47:36,degradation_rate,-0.6158,0.3301754417906064,12.7306,-0.9459754417906064,0.9459754417906064
2026-09-16 03:47:37,degradation_rate,1.9303,-0.6474169051414738,0.1874,2.5777169051414734,2.5777169051414734
2026-09-16 03:47:38,degradation_rate,-6.593,-0.9962449066640062,-2.9435,-5.596755093335994,5.596755093335994
2026-09-16 03:47:39,degradation_rate,-2.5685,-0.6336182499630778,1.07,-1.934881750036922,1.934881750036922
2026-09-16 03:47:40,degradation_rate,-1.5022,-0.6379037541004529,3.0437,-0.8642962458995471,0.8642962458995471
2026-09-16 03:47:41,degradation_rate,0.3791,-0.4426636795397205,-2.0996,0.8217636795397205,0.8217636795397205
2026-09-16 03:47:42,degradation_rate,6.8457,-0.9404445371843806,-1.3891,7.786144537184381,7.786144537184381
2026-09-16 03:47:43,degradation_rate,0.5723,-0.4388455170199286,0.3509,1.0111455170199286,1.0111455170199286
2026-09-16 03:47:44,degradation_rate,-3.8791,-0.7278029199654081,-0.4749,-3.151297080034592,3.151297080034592
2026-09-16 03:47:45,degradation_rate,-3.9295,0.3429176451503939,1.5549,-4.272417645150394,4.272417645150394
2026-09-16 03:47:46,degradation_rate,3.0168,-0.4819194352066459,-0.6158,3.4987194352066457,3.4987194352066457
2026-09-16 03:47:47,degradation_rate,2.4775,-0.07387543861298695,1.9303,2.551375438612987,2.551375438612987
2026-09-16 03:47:48,degradation_rate,-2.7457,-0.4848261601435535,-6.593,-2.2608738398564463,2.2608738398564463
2026-09-16 03:47:49,degradation_rate,4.5398,0.08382924625184751,-2.5685,4.4559707537481525,4.4559707537481525
2026-09-16 03:47:50,degradation_rate,-5.5742,-0.11530112780931545,-1.5022,-5.458898872190685,5.458898872190685
2026-09-16 03:47:51,degradation_rate,2.5444,-0.19199764296070854,0.3791,2.7363976429607084,2.7363976429607084
2026-09-16 03:47:52,degradation_rate,-1.7569,-0.4812375003772029,6.8457,-1.275662499622797,1.275662499622797
2026-09-16 03:47:53,degradation_rate,1.3282,-0.3147076473551612,0.5723,1.6429076473551611,1.6429076473551611
2026-09-16 03:47:54,degradation_rate,-0.0452,-0.7859340035560405,-3.8791,0.7407340035560405,0.7407340035560405
2026-09-16 03:47:55,degradation_rate,-1.9052,-0.41721400844879675,-3.9295,-1.4879859915512033,1.4879859915512033
2026-09-16 03:47:56,degradation_rate,1.2516,-1.087804900133655,3.0168,2.3394049001336548,2.3394049001336548
2026-09-16 03:47:57,degradation_rate,2.9321,-0.6040260092996292,2.4775,3.5361260092996294,3.5361260092996294
2026-09-16 03:47:58,degradation_rate,1.1186,-1.2297926993830672,-2.7457,2.3483926993830675,2.3483926993830675
2026-09-16 03:47:59,degradation_rate,0.4016,-0.7262064734658278,4.5398,1.1278064734658277,1.1278064734658277
2026-09-16 03:48:00,degradation_rate,2.2562,-0.09555929559930654,-5.5742,2.3517592955993067,2.3517592955993067
2026-09-16 03:48:01,degradation_rate,-3.3536,-0.009813668841139656,2.5444,-3.3437863311588605,3.3437863311588605
2026-09-16 03:48:02,degradation_rate,1.7621,-0.3587866501741439,-1.7569,2.120886650174144,2.120886650174144
2026-09-16 03:48:03,degradation_rate,-0.7242,-0.4120784210685857,1.3282,-0.31212157893141423,0.31212157893141423
2026-09-16 03:48:04,degradation_rate,-0.6046,-1.0372243597269881,-0.0452,0.4326243597269881,0.4326243597269881
2026-09-16 03:48:05,degradation_rate,-1.6679,-0.37104940728091296,-1.9052,-1.296850592719087,1.296850592719087
2026-09-16 03:48:06,degradation_rate,5.0229,-0.9696371461789022,1.2516,5.992537146178902,5.992537146178902
2026-09-16 03:48:07,degradation_rate,-0.5883,-0.24253619129266601,2.9321,-0.34576380870733403,0.34576380870733403
2026-09-16 03:48:08,degradation_rate,-4.7877,-0.9505000782642405,1.1186,-3.8371999217357597,3.8371999217357597
2026-09-16 03:48:09,degradation_rate,3.3241,-1.1685638267268794,0.4016,4.492663826726879,4.492663826726879
2026-09-16 03:48:10,degradation_rate,3.5225,-0.7989679552717366,2.2562,4.3214679552717365,4.3214679552717365
2026-09-16 03:48:11,degradation_rate,-1.8142,-0.10846668819490768,-3.3536,-1.7057333118050924,1.7057333118050924
2026-09-16 03:48:12,degradation_rate,-4.828,-0.4975340930269596,1.7621,-4.330465906973041,4.330465906973041
2026-09-16 03:48:13,degradation_rate,6.9115,-0.36771690791992123,-0.7242,7.279216907919921,7.279216907919921
2026-09-16 03:48:14,degradation_rate,-5.4954,-0.5211827437267332,-0.6046,-4.974217256273267,4.974217256273267
2026-09-16 03:48:15,degradation_rate,1.8684,-0.44681445151034005,-1.6679,2.3152144515103403,2.3152144515103403
2026-09-16 03:48:16,degradation_rate,6.38,0.009212712901583764,5.0229,6.370787287098416,6.370787287098416
2026-09-16 03:48:17,degradation_rate,-1.6533,0.06368721544582467,-0.5883,-1.7169872154458248,1.7169872154458248
2026-09-16 03:48:18,degradation_rate,-3.5017,-0.3188224540139881,-4.7877,-3.182877545986012,3.182877545986012
2026-09-16 03:48:19,degradation_rate,-3.9593,-0.7239887786595864,3.3241,-3.2353112213404134,3.2353112213404134
2026-09-16 03:48:20,degradation_rate,6.1448,-0.9198783903660983,3.5225,7.064678390366098,7.064678390366098
2026-09-16 03:48:21,degradation_rate,-4.3994,-0.586674547700414,-1.8142,-3.8127254522995857,3.8127254522995857
2026-09-16 03:48:22,degradation_rate,-4.6442,-0.14244478197400667,-4.828,-4.501755218025993,4.501755218025993
2026-09-16 03:48:23,degradation_rate,7.8928,0.5248127222740449,6.9115,7.367987277725955,7.367987277725955
2026-09-16 03:48:24,degradation_rate,2.6641,-0.5542905558013711,-5.4954,3.218390555801371,3.218390555801371
2026-09-16 03:48:25,degradation_rate,-3.6465,-0.32006269267084986,1.8684,-3.32643730732915,3.32643730732915
2026-09-16 03:48:26,degradation_rate,-1.7758,-0.8488169584758483,6.38,-0.9269830415241518,0.9269830415241518
2026-09-16 03:48:27,degradation_rate,2.4217,-0.12215121228657888,-1.6533,2.5438512122865786,2.5438512122865786
2026-09-16 03:48:28,degradation_rate,-4.3143,-0.049410960635202894,-3.5017,-4.264889039364798,4.264889039364798
2026-09-16 03:48:29,degradation_rate,0.5011,0.010129433829894285,-3.9593,0.4909705661701057,0.4909705661701057
2026-09-16 03:48:30,degradation_rate,-2.3458,-0.4846479714613201,6.1448,-1.86115202853868,1.86115202853868
2026-09-16 03:48:31,degradation_rate,5.0794,-0.6454944160949472,-4.3994,5.724894416094947,5.724894416094947
2026-09-16 03:48:32,degradation_rate,-1.5228,-0.19232418555322273,-4.6442,-1.3304758144467772,1.3304758144467772
2026-09-16 03:48:33,degradation_rate,2.8554,-0.570737265680445,7.8928,3.426137265680445,3.426137265680445
2026-09-16 03:48:34,degradation_rate,0.0391,-0.14038712138949316,2.6641,0.17948712138949316,0.17948712138949316
2026-09-16 03:48:35,degradation_rate,-0.9794,-1.3567681373523812,-3.6465,0.37736813735238117,0.37736813735238117
2026-09-16 03:48:36,degradation_rate,-3.4948,-0.8498623159479992,-1.7758,-2.644937684052001,2.644937684052001
2026-09-16 03:48:37,degradation_rate,-2.1004,-1.286517972992601,2.4217,-0.813882027007399,0.813882027007399
2026-09-16 03:48:38,degradation_rate,-6.0075,-0.3478549299523954,-4.3143,-5.659645070047604,5.659645070047604
2026-09-16 03:48:39,degradation_rate,6.2914,-0.10036998156794685,0.5011,6.391769981567947,6.391769981567947
2026-09-16 03:48:40,degradation_rate,-0.0056,-0.5375020004161659,-2.3458,0.5319020004161659,0.5319020004161659
2026-09-16 03:48:41,degradation_rate,-1.8369,0.06880148657312368,5.0794,-1.9057014865731237,1.9057014865731237
2026-09-16 03:48:42,degradation_rate,1.2934,0.05031749034722455,-1.5228,1.2430825096527756,1.2430825096527756
2026-09-16 03:48:43,degradation_rate,-2.0203,-0.5272358776770423,2.8554,-1.493064122322958,1.493064122322958
2026-09-16 03:48:44,degradation_rate,1.065,-0.524625144629748,0.0391,1.589625144629748,1.589625144629748
2026-09-16 03:48:45,degradation_rate,2.8442,-0.1115687932559638,-0.9794,2.9557687932559635,2.9557687932559635
2026-09-16 03:48:46,degradation_rate,-1.912,-0.5406496508709289,-3.4948,-1.371350349129071,1.371350349129071
2026-09-16 03:48:47,degradation_rate,2.6884,-0.16518373218157922,-2.1004,2.8535837321815793,2.8535837321815793
2026-09-16 03:48:48,degradation_rate,-0.584,0.16722183201023189,-6.0075,-0.7512218320102318,0.7512218320102318
2026-09-16 03:48:49,degradation_rate,0.7789,0.20282915396880252,6.2914,0.5760708460311975,0.5760708460311975
2026-09-16 03:48:50,degradation_rate,-1.752,-0.2945751502920316,-0.0056,-1.4574248497079685,1.4574248497079685
2026-09-16 03:48:51,degradation_rate,-1.8272,-0.8287468145905912,-1.8369,-0.9984531854094087,0.9984531854094087
2026-09-16 03:48:52,degradation_rate,-0.4084,0.27698842783660504,1.2934,-0.685388427836605,0.685388427836605
2026-09-16 03:48:53,degradation_rate,4.572,-0.5470673183366512,-2.0203,5.1190673183366515,5.1190673183366515
2026-09-16 03:48:54,degradation_rate,-0.5406,-0.9247780628682085,1.065,0.38417806286820855,0.38417806286820855
2026-09-16 03:48:55,degradation_rate,2.94,-0.2287913977635343,2.8442,3.1687913977635342,3.1687913977635342
2026-09-16 03:48:56,degradation_rate,-6.5565,-0.49092014490125435,-1.912,-6.065579855098745,6.065579855098745
2026-09-16 03:48:57,degradation_rate,2.1838,-0.24119939854222228,2.6884,2.4249993985422225,2.4249993985422225
2026-09-16 03:48:58,degradation_rate,5.0578,0.20188194395268932,-0.584,4.855918056047311,4.855918056047311
2026-09-16 03:48:59,degradation_rate,-0.1004,-0.9812621617960423,0.7789,0.8808621617960423,0.8808621617960423
2026-09-16 03:49:00,degradation_rate,1.6396,-0.15439614516239297,-1.752,1.793996145162393,1.793996145162393
2026-09-16 03:49:01,degradation_rate,-9.3158,-0.2532856580372147,-1.8272,-9.062514341962785,9.062514341962785
2026-09-16 03:49:02,degradation_rate,6.3656,0.16236205640591628,-0.4084,6.203237943594083,6.203237943594083
2026-09-16 03:49:03,degradation_rate,-7.9803,-0.09869224414721867,4.572,-7.881607755852781,7.881607755852781
2026-09-16 03:49:04,degradation_rate,5.0049,-0.9970519103708244,-0.5406,6.001951910370824,6.001951910370824
2026-09-16 03:49:05,degradation_rate,-0.9962,-1.3555462284298971,2.94,0.35934622842989716,0.35934622842989716
2026-09-16 03:49:06,degradation_rate,-3.4729,-0.616799559795151,-6.5565,-2.856100440204849,2.856100440204849
2026-09-16 03:49:07,degradation_rate,10.0525,-0.20117084213059844,2.1838,10.2536708421306,10.2536708421306
2026-09-16 03:49:08,degradation_rate,1.353,0.03169790862778754,5.0578,1.3213020913722124,1.3213020913722124
2026-09-16 03:49:09,degradation_rate,1.6969,-0.606662291600817,-0.1004,2.303562291600817,2.303562291600817
2026-09-16 03:49:10,degradation_rate,-3.8652,-0.6831147385498457,1.6396,-3.1820852614501547,3.1820852614501547
2026-09-16 03:49:11,degradation_rate,4.575,-0.09207130705978273,-9.3158,4.667071307059783,4.667071307059783
2026-09-16 03:49:12,degradation_rate,-4.6403,0.3133290022029529,6.3656,-4.953629002202953,4.953629002202953
2026-09-16 03:49:13,degradation_rate,2.4016,-0.4667193923774926,-7.9803,2.868319392377493,2.868319392377493
2026-09-16 03:49:14,degradation_rate,-3.7001,-0.42991878746867673,5.0049,-3.270181212531323,3.270181212531323
2026-09-16 03:49:15,degradation_rate,4.2689,-0.813628886781141,-0.9962,5.082528886781141,5.082528886781141
2026-09-16 03:49:16,degradation_rate,-2.9589,-0.4327425796690183,-3.4729,-2.5261574203309816,2.5261574203309816
2026-09-16 03:49:17,degradation_rate,3.3233,-0.30502256320519017,10.0525,3.6283225632051903,3.6283225632051903
2026-09-16 03:49:18,degradation_rate,-6.8201,-0.9699851159321329,1.353,-5.850114884067867,5.850114884067867
2026-09-16 03:49:19,degradation_rate,-0.4864,-0.4915805809289815,1.6969,0.005180580928981493,0.005180580928981493
2026-09-16 03:49:20,degradation_rate,-2.0927,-0.8349496584648293,-3.8652,-1.2577503415351705,1.2577503415351705
2026-09-16 03:49:21,degradation_rate,1.6106,-1.3454261010637154,4.575,2.956026101063715,2.956026101063715
2026-09-16 03:49:22,degradation_rate,0.7182,-0.33166774824724676,-4.6403,1.0498677482472467,1.0498677482472467
2026-09-16 03:49:23,degradation_rate,1.236,-0.3714396547000085,2.4016,1.6074396547000085,1.6074396547000085
2026-09-16 03:49:24,degradation_rate,0.5046,-0.5101670480462923,-3.7001,1.0147670480462923,1.0147670480462923
2026-09-16 03:49:25,degradation_rate,-1.0484,-0.4315184525080671,4.2689,-0.6168815474919329,0.6168815474919329
2026-09-16 03:49:26,degradation_rate,-1.0383,-0.807721089749978,-2.9589,-0.23057891025002197,0.23057891025002197
2026-09-16 03:49:27,degradation_rate,-5.9965,-0.744945613950057,3.3233,-5.251554386049943,5.251554386049943
2026-09-16 03:49:28,degradation_rate,4.6887,-1.2076942675924345,-6.8201,5.896394267592434,5.896394267592434
2026-09-16 03:49:29,degradation_rate,0.0504,-0.4441565492417432,-0.4864,0.4945565492417432,0.4945565492417432
2026-09-16 03:49:30,degradation_rate,2.2081,-0.17854379156770994,-2.0927,2.38664379156771,2.38664379156771
2026-09-16 03:49:31,degradation_rate,1.2629,-0.7349014285974051,1.6106,1.997801428597405,1.997801428597405
2026-09-16 03:49:32,degradation_rate,-3.6855,-0.6907502902990448,0.7182,-2.9947497097009554,2.9947497097009554
2026-09-16 03:49:33,degradation_rate,2.4287,-0.6715901684761183,1.236,3.1002901684761186,3.1002901684761186
2026-09-16 03:49:34,degradation_rate,-0.4153,-0.6466190104805608,0.5046,0.2313190104805608,0.2313190104805608
2026-09-16 03:49:35,degradation_rate,1.1459,-0.48584005889157955,-1.0484,1.6317400588915794,1.6317400588915794
2026-09-16 03:49:36,degradation_rate,-0.3804,-0.02360904541368991,-1.0383,-0.3567909545863101,0.3567909545863101
2026-09-16 03:49:37,degradation_rate,-2.2335,-0.5326136815311022,-5.9965,-1.7008863184688976,1.7008863184688976
2026-09-16 03:49:38,degradation_rate,-1.1089,-0.290090648802364,4.6887,-0.818809351197636,0.818809351197636
2026-09-16 03:49:39,degradation_rate,2.1831,-0.48236154926353625,0.0504,2.6654615492635365,2.6654615492635365
2026-09-16 03:49:40,degradation_rate,-1.2863,-0.12764649081464396,2.2081,-1.158653509185356,1.158653509185356
2026-09-16 03:49:41,degradation_rate,-1.0381,-0.9724564121881498,1.2629,-0.0656435878118502,0.0656435878118502
2026-09-16 03:49:42,degradation_rate,-5.3356,-0.3906233620653339,-3.6855,-4.9449766379346665,4.9449766379346665
2026-09-16 03:49:43,degradation_rate,5.9809,-1.0130228990841923,2.4287,6.993922899084192,6.993922899084192
2026-09-16 03:49:44,degradation_rate,-0.903,-0.3670133700784407,-0.4153,-0.5359866299215593,0.5359866299215593
2026-09-16 03:49:45,degradation_rate,-4.5942,-0.10417380929829556,1.1459,-4.4900261907017045,4.4900261907017045
2026-09-16 03:49:46,degradation_rate,8.5047,-0.5159302265585723,-0.3804,9.020630226558572,9.020630226558572
2026-09-16 03:49:47,degradation_rate,-6.7934,0.2434843076978317,-2.2335,-7.036884307697832,7.036884307697832
2026-09-16 03:49:48,degradation_rate,7.5206,0.04387528138737795,-1.1089,7.476724718612622,7.476724718612622
2026-09-16 03:49:49,degradation_rate,-1.6896,-0.9143468781379522,2.1831,-0.7752531218620478,0.7752531218620478
2026-09-16 03:49:50,degradation_rate,-4.3595,-0.438374728329182,-1.2863,-3.921125271670818,3.921125271670818
2026-09-16 03:49:51,degradation_rate,5.3338,-0.7222240035058785,-1.0381,6.056024003505879,6.056024003505879
2026-09-16 03:49:52,degradation_rate,-2.7467,-0.26031118402545506,-5.3356,-2.486388815974545,2.486388815974545
2026-09-16 03:49:53,degradation_rate,2.1968,-0.6948495710114226,5.9809,2.8916495710114227,2.8916495710114227
2026-09-16 03:49:54,degradation_rate,1.2191,-1.2369651896303318,-0.903,2.4560651896303316,2.4560651896303316
2026-09-16 03:49:55,degradation_rate,-9.358,0.11202768045724465,-4.5942,-9.470027680457246,9.470027680457246
2026-09-16 03:49:56,degradation_rate,9.3604,-1.3283784562677852,8.5047,10.688778456267785,10.688778456267785
2026-09-16 03:49:57,degradation_rate,-7.88,-0.35114738073374596,-6.7934,-7.528852619266254,7.528852619266254
2026-09-16 03:49:58,degradation_rate,5.3919,-0.6936819624275881,7.5206,6.085581962427588,6.085581962427588
2026-09-16 03:49:59,degradation_rate,-2.1497,-0.2324989377956337,-1.6896,-1.9172010622043665,1.9172010622043665
2026-09-16 03:50:00,degradation_rate,-0.0989,-0.29788117869686026,-4.3595,0.19898117869686027,0.19898117869686027
2026-09-16 03:50:01,degradation_rate,2.8384,-0.8262805503413926,5.3338,3.6646805503413926,3.6646805503413926
2026-09-16 03:50:02,degradation_rate,-6.2379,-0.12514898438524513,-2.7467,-6.112751015614755,6.112751015614755
2026-09-16 03:50:03,degradation_rate,0.8485,-0.7384208762223321,2.1968,1.5869208762223321,1.5869208762223321
2026-09-16 03:50:04,degradation_rate,-1.0756,-0.3198327301468158,1.2191,-0.7557672698531841,0.7557672698531841
2026-09-16 03:50:05,degradation_rate,6.6407,-0.05871075762803102,-9.358,6.699410757628031,6.699410757628031
2026-09-16 03:50:06,degradation_rate,-2.5908,0.1563872099762147,9.3604,-2.747187209976215,2.747187209976215
2026-09-16 03:50:07,degradation_rate,-7.0621,-0.18721920417335003,-7.88,-6.87488079582665,6.87488079582665
2026-09-16 03:50:08,degradation_rate,0.7872,-0.8195105150789468,5.3919,1.6067105150789467,1.6067105150789467
2026-09-16 03:50:09,degradation_rate,5.9628,-0.7457183292222658,-2.1497,6.708518329222265,6.708518329222265
2026-09-16 03:50:10,degradation_rate,-5.6718,-0.3995495129560636,-0.0989,-5.272250487043936,5.272250487043936
2026-09-16 03:50:11,degradation_rate,5.759,0.3215547256677822,2.8384,5.437445274332218,5.437445274332218
2026-09-16 03:50:12,degradation_rate,-3.4352,-0.8577416574101111,-6.2379,-2.577458342589889,2.577458342589889
2026-09-16 03:50:13,degradation_rate,-2.171,-0.14320377810768525,0.8485,-2.0277962218923147,2.0277962218923147
2026-09-16 03:50:14,degradation_rate,4.3499,-0.03586092988609302,-1.0756,4.385760929886093,4.385760929886093
2026-09-16 03:50:15,degradation_rate,-4.9929,-0.5206044682076882,6.6407,-4.472295531792311,4.472295531792311
2026-09-16 03:50:16,degradation_rate,3.7321,-0.6849412544636677,-2.5908,4.417041254463667,4.417041254463667
2026-09-16 03:50:17,degradation_rate,-3.7055,-0.6881985803823838,-7.0621,-3.017301419617616,3.017301419617616
2026-09-16 03:50:18,degradation_rate,-4.4546,0.34399889415096413,0.7872,-4.798598894150964,4.798598894150964
2026-09-16 03:50:19,degradation_rate,5.3172,-0.36351054147197726,5.9628,5.680710541471977,5.680710541471977
2026-09-16 03:50:20,degradation_rate,0.8889,-0.20283083189621287,-5.6718,1.091730831896213,1.091730831896213
2026-09-16 03:50:21,degradation_rate,1.2925,-1.1703789380637373,5.759,2.4628789380637373,2.4628789380637373
2026-09-16 03:50:22,degradation_rate,2.3453,-0.5306553531618734,-3.4352,2.8759553531618733,2.8759553531618733
2026-09-16 03:50:23,degradation_rate,-3.2545,0.009957556567560921,-2.171,-3.264457556567561,3.264457556567561
2026-09-16 03:50:24,degradation_rate,-2.7274,-0.5060623173283689,4.3499,-2.221337682671631,2.221337682671631
2026-09-16 03:50:25,degradation_rate,1.521,-0.026450905892381193,-4.9929,1.547450905892381,1.547450905892381
2026-09-16 03:50:26,degradation_rate,0.3739,-0.6773794822775159,3.7321,1.0512794822775158,1.0512794822775158
2026-09-16 03:50:27,degradation_rate,-1.1995,-0.05238804011994436,-3.7055,-1.1471119598800557,1.1471119598800557
2026-09-16 03:50:28,degradation_rate,6.4838,-0.1629568142431399,-4.4546,6.6467568142431395,6.6467568142431395
2026-09-16 03:50:29,degradation_rate,-4.532,-0.20334533858322423,5.3172,-4.328654661416776,4.328654661416776
2026-09-16 03:50:30,degradation_rate,-2.0537,0.12621327734503873,0.8889,-2.179913277345039,2.179913277345039
2026-09-16 03:50:31,degradation_rate,-1.5546,-0.5308632534346027,1.2925,-1.0237367465653973,1.0237367465653973
2026-09-16 03:50:32,degradation_rate,1.1105,-1.018483939577783,2.3453,2.128983939577783,2.128983939577783
2026-09-16 03:50:33,degradation_rate,3.9482,-0.4428354831844481,-3.2545,4.391035483184448,4.391035483184448
2026-09-16 03:50:34,degradation_rate,-2.3191,-0.15093831339657848,-2.7274,-2.1681616866034217,2.1681616866034217
2026-09-16 03:50:35,degradation_rate,-6.5083,-0.21935235553915433,1.521,-6.288947644460846,6.288947644460846
2026-09-16 03:50:36,degradation_rate,5.8193,-0.06319240991436448,0.3739,5.882492409914365,5.882492409914365
2026-09-16 03:50:37,degradation_rate,-3.3079,-0.8024605839149153,-1.1995,-2.5054394160850846,2.5054394160850846
2026-09-16 03:50:38,degradation_rate,1.0541,0.03495089958309272,6.4838,1.0191491004169073,1.0191491004169073
2026-09-16 03:50:39,degradation_rate,0.8297,-0.22510642222099708,-4.532,1.054806422220997,1.054806422220997
2026-09-16 03:50:40,degradation_rate,-3.5611,-0.2941512648340965,-2.0537,-3.2669487351659035,3.2669487351659035
2026-09-16 03:50:41,degradation_rate,9.7558,-0.014584582183466255,-1.5546,9.770384582183468,9.770384582183468
2026-09-16 03:50:42,degradation_rate,-10.4795,-0.07747728329656511,1.1105,-10.402022716703435,10.402022716703435
2026-09-16 03:50:43,degradation_rate,7.0719,-0.3643833529680194,3.9482,7.43628335296802,7.43628335296802
2026-09-16 03:50:44,degradation_rate,-3.4615,-0.3211812012598074,-2.3191,-3.140318798740193,3.140318798740193
2026-09-16 03:50:45,degradation_rate,-2.3007,0.013264764269278473,-6.5083,-2.3139647642692784,2.3139647642692784
2026-09-16 03:50:46,degradation_rate,-3.0312,0.02851723284546459,5.8193,-3.0597172328454647,3.0597172328454647
2026-09-16 03:50:47,degradation_rate,1.6201,-0.14218831413498156,-3.3079,1.7622883141349817,1.7622883141349817
2026-09-16 03:50:48,degradation_rate,-0.8749,-0.34851252357544493,1.0541,-0.5263874764245551,0.5263874764245551
2026-09-16 03:50:49,degradation_rate,1.6571,-0.09510384120381776,0.8297,1.752203841203818,1.752203841203818
2026-09-16 03:50:50,degradation_rate,0.2752,-0.06337393531096858,-3.5611,0.3385739353109686,0.3385739353109686
2026-09-16 03:50:51,degradation_rate,-1.6625,-0.40466757861983105,9.7558,-1.257832421380169,1.257832421380169
2026-09-16 03:50:52,degradation_rate,8.2424,0.19197705037931634,-10.4795,8.050422949620684,8.050422949620684
2026-09-16 03:50:53,degradation_rate,-4.7742,-0.44024787345259675,7.0719,-4.333952126547404,4.333952126547404
2026-09-16 03:50:54,degradation_rate,-4.0598,-0.0029063928262500482,-3.4615,-4.05689360717375,4.05689360717375
2026-09-16 03:50:55,degradation_rate,4.0458,0.019682358796331734,-2.3007,4.026117641203668,4.026117641203668
2026-09-16 03:50:56,degradation_rate,0.0587,0.06713481702076596,-3.0312,-0.008434817020765956,0.008434817020765956
2026-09-16 03:50:57,degradation_rate,-4.1273,0.055482409534799215,1.6201,-4.182782409534799,4.182782409534799
2026-09-16 03:50:58,degradation_rate,5.5322,-0.06455600256876981,-0.8749,5.596756002568769,5.596756002568769
2026-09-16 03:50:59,degradation_rate,-2.0124,-0.43156791000753425,1.6571,-1.5808320899924657,1.5808320899924657
2026-09-16 03:51:00,degradation_rate,-3.0781,-0.4565589668829253,0.2752,-2.621541033117075,2.621541033117075
2026-09-16 03:51:01,degradation_rate,1.8309,-0.689198974598407,-1.6625,2.520098974598407,2.520098974598407
2026-09-16 03:51:02,degradation_rate,-6.8999,-0.8109620194019591,8.2424,-6.088937980598041,6.088937980598041
2026-09-16 03:51:03,degradation_rate,13.1779,0.01334040476049747,-4.7742,13.164559595239503,13.164559595239503
2026-09-16 03:51:04,degradation_rate,2.8985,-0.017182111225580776,-4.0598,2.9156821112255806,2.9156821112255806
2026-09-16 03:51:05,degradation_rate,-4.323,0.014896293980423359,4.0458,-4.337896293980424,4.337896293980424
2026-09-16 03:51:06,degradation_rate,3.4042,-0.4361973972706533,0.0587,3.840397397270653,3.840397397270653
2026-09-16 03:51:07,degradation_rate,-4.5559,-0.24755352516955664,-4.1273,-4.308346474830444,4.308346474830444
2026-09-16 03:51:08,degradation_rate,8.5332,0.35806528985620023,5.5322,8.175134710143801,8.175134710143801
2026-09-16 03:51:09,degradation_rate,-3.094,-0.15718906858671344,-2.0124,-2.9368109314132864,2.9368109314132864
2026-09-16 03:51:10,degradation_rate,0.9086,-0.09789897277985071,-3.0781,1.0064989727798506,1.0064989727798506
2026-09-16 03:51:11,degradation_rate,-2.1862,-0.026254286233664104,1.8309,-2.159945713766336,2.159945713766336
2026-09-16 03:51:12,degradation_rate,4.6571,-0.1328616086331591,-6.8999,4.789961608633159,4.789961608633159
2026-09-16 03:51:13,degradation_rate,-6.7806,-0.756872296768794,13.1779,-6.023727703231206,6.023727703231206
2026-09-16 03:51:14,degradation_rate,5.8435,-0.16532882223471512,2.8985,6.008828822234715,6.008828822234715
2026-09-16 03:51:15,degradation_rate,-1.9984,-0.31529633885083186,-4.323,-1.683103661149168,1.683103661149168
2026-09-16 03:51:16,degradation_rate,-1.4805,-0.016663179592693922,3.4042,-1.463836820407306,1.463836820407306
2026-09-16 03:51:17,degradation_rate,2.1058,-0.31811430554314235,-4.5559,2.4239143055431422,2.4239143055431422
2026-09-16 03:51:18,degradation_rate,-3.11,0.08359580499653596,8.5332,-3.193595804996536,3.193595804996536
2026-09-16 03:51:19,degradation_rate,-1.2988,0.1974655998338939,-3.094,-1.4962655998338938,1.4962655998338938
2026-09-16 03:51:20,degradation_rate,2.3757,-0.12795429447864748,0.9086,2.5036542944786477,2.5036542944786477
2026-09-16 03:51:21,degradation_rate,-3.7777,-0.23370490041146486,-2.1862,-3.543995099588535,3.543995099588535
2026-09-16 03:51:22,degradation_rate,3.6988,-0.33612447083591945,4.6571,4.03492447083592,4.03492447083592
2026-09-16 03:51:23,degradation_rate,-1.1828,-0.13123524807945142,-6.7806,-1.0515647519205487,1.0515647519205487
2026-09-16 03:51:24,degradation_rate,1.2734,0.4390340837111948,5.8435,0.8343659162888053,0.8343659162888053
2026-09-16 03:51:25,degradation_rate,-4.8563,-0.8122339128666383,-1.9984,-4.044066087133362,4.044066087133362
2026-09-16 03:51:26,degradation_rate,2.3199,-0.2817224045197184,-1.4805,2.6016224045197185,2.6016224045197185
2026-09-16 03:51:27,degradation_rate,0.1118,-0.3350349328410065,2.1058,0.4468349328410065,0.4468349328410065
2026-09-16 03:51:28,degradation_rate,1.2453,-0.11517257715039397,-3.11,1.360472577150394,1.360472577150394
2026-09-16 03:51:29,degradation_rate,0.626,0.01743801014078783,-1.2988,0.6085619898592122,0.6085619898592122
2026-09-16 03:51:30,degradation_rate,-0.3691,0.03661425231495352,2.3757,-0.4057142523149535,0.4057142523149535
2026-09-16 03:51:31,degradation_rate,-5.2557,0.0812040288144793,-3.7777,-5.336904028814479,5.336904028814479
2026-09-16 03:51:32,degradation_rate,3.447,-0.06863979767049333,3.6988,3.5156397976704934,3.5156397976704934
2026-09-16 03:51:33,degradation_rate,2.2951,-0.11529186697369331,-1.1828,2.4103918669736935,2.4103918669736935
2026-09-16 03:51:34,degradation_rate,-4.8123,-0.28377207024917017,1.2734,-4.52852792975083,4.52852792975083
2026-09-16 03:51:35,degradation_rate,1.3347,-0.544782952618954,-4.8563,1.879482952618954,1.879482952618954
2026-09-16 03:51:36,degradation_rate,-0.4444,-0.378999647982861,2.3199,-0.06540035201713901,0.06540035201713901
2026-09-16 03:51:37,degradation_rate,1.1891,-0.6308249346607899,0.1118,1.81992493466079,1.81992493466079
2026-09-16 03:51:38,degradation_rate,-0.0793,-0.19121419923236105,1.2453,0.11191419923236105,0.11191419923236105
2026-09-16 03:51:39,degradation_rate,-3.5667,0.2006166809383919,0.626,-3.767316680938392,3.767316680938392
2026-09-16 03:51:40,degradation_rate,-1.7849,-0.6626031359963003,-0.3691,-1.1222968640036997,1.1222968640036997
2026-09-16 03:51:41,degradation_rate,-2.9711,0.007760799402350749,-5.2557,-2.9788607994023506,2.9788607994023506
2026-09-16 03:51:42,degradation_rate,-0.8063,-0.3705606354153699,3.447,-0.43573936458463014,0.43573936458463014
2026-09-16 03:51:43,degradation_rate,-0.8828,-0.27215847153744743,2.2951,-0.6106415284625526,0.6106415284625526
2026-09-16 03:51:44,degradation_rate,4.1806,-0.28582225716709964,-4.8123,4.4664222571671,4.4664222571671
2026-09-16 03:51:45,degradation_rate,7.6412,-0.22589122583423582,1.3347,7.867091225834236,7.867091225834236
2026-09-16 03:51:46,degradation_rate,-7.0028,-0.07734084313255146,-0.4444,-6.925459156867448,6.925459156867448
2026-09-16 03:51:47,degradation_rate,0.9288,-0.7564155159213899,1.1891,1.68521551592139,1.68521551592139
2026-09-16 03:51:48,degradation_rate,0.4537,0.39482256230010077,-0.0793,0.05887743769989923,0.05887743769989923
2026-09-16 03:51:49,degradation_rate,-0.4183,-0.36625429848280744,-3.5667,-0.052045701517192566,0.052045701517192566
2026-09-16 03:51:50,degradation_rate,-0.3651,-0.2637256679740356,-1.7849,-0.10137433202596435,0.10137433202596435
2026-09-16 03:51:51,degradation_rate,4.6639,0.332243764524057,-2.9711,4.331656235475943,4.331656235475943
2026-09-16 03:51:52,degradation_rate,-8.2059,0.3301407113656931,-0.8063,-8.536040711365693,8.536040711365693
2026-09-16 03:51:53,degradation_rate,4.9252,-0.5355884025176005,-0.8828,5.460788402517601,5.460788402517601
2026-09-16 03:51:54,degradation_rate,-1.2547,-0.303825834222347,4.1806,-0.9508741657776529,0.9508741657776529
2026-09-16 03:51:55,degradation_rate,2.8939,0.043297127934622814,7.6412,2.850602872065377,2.850602872065377
2026-09-16 03:51:56,degradation_rate,-3.1032,-0.3596689584266626,-7.0028,-2.7435310415733376,2.7435310415733376
2026-09-16 03:51:57,degradation_rate,-1.3588,-0.18176757138966348,0.9288,-1.1770324286103366,1.1770324286103366
2026-09-16 03:51:58,degradation_rate,-0.2163,-0.44145002750976914,0.4537,0.22515002750976915,0.22515002750976915
2026-09-16 03:51:59,degradation_rate,-1.8145,-0.6737745931255633,-0.4183,-1.1407254068744366,1.1407254068744366
2026-09-16 03:52:00,degradation_rate,3.0191,-0.643182376002493,-0.3651,3.662282376002493,3.662282376002493
2026-09-16 03:52:01,degradation_rate,3.2957,0.28421245392962735,4.6639,3.0114875460703727,3.0114875460703727
2026-09-16 03:52:02,degradation_rate,-5.5249,0.27885745572991105,-8.2059,-5.803757455729911,5.803757455729911
2026-09-16 03:52:03,degradation_rate,-0.5011,-0.409383120489891,4.9252,-0.09171687951010898,0.09171687951010898
2026-09-16 03:52:04,degradation_rate,3.7634,0.29795504318566435,-1.2547,3.4654449568143355,3.4654449568143355
2026-09-16 03:52:05,degradation_rate,-5.8431,-0.26544826633123897,2.8939,-5.577651733668761,5.577651733668761
2026-09-16 03:52:06,degradation_rate,6.5497,-0.4295935189423914,-3.1032,6.9792935189423915,6.9792935189423915
2026-09-16 03:52:07,degradation_rate,0.942,-0.4817274226706919,-1.3588,1.4237274226706917,1.4237274226706917
2026-09-16 03:52:08,degradation_rate,-3.1033,0.05230472069981268,-0.2163,-3.1556047206998126,3.1556047206998126
2026-09-16 03:52:09,degradation_rate,2.0477,0.12901212760612135,-1.8145,1.9186878723938785,1.9186878723938785
2026-09-16 03:52:10,degradation_rate,-2.1802,-0.1102794352314409,3.0191,-2.0699205647685592,2.0699205647685592
2026-09-16 03:52:11,degradation_rate,-1.6986,-0.694255029451813,3.2957,-1.004344970548187,1.004344970548187
2026-09-16 03:52:12,degradation_rate,5.7982,-0.6835315063592526,-5.5249,6.481731506359252,6.481731506359252
2026-09-16 03:52:13,degradation_rate,-9.3259,0.22543388555091837,-0.5011,-9.55133388555092,9.55133388555092
2026-09-16 03:52:14,degradation_rate,0.4042,0.03527795120089294,3.7634,0.36892204879910706,0.36892204879910706
2026-09-16 03:52:15,degradation_rate,1.0478,-0.04397668223824791,-5.8431,1.091776682238248,1.091776682238248
2026-09-16 03:52:16,degradation_rate,3.3034,0.19379453695505955,6.5497,3.1096054630449403,3.1096054630449403
2026-09-16 03:52:17,degradation_rate,2.4438,0.06929133917720376,0.942,2.374508660822796,2.374508660822796
2026-09-16 03:52:18,degradation_rate,-3.0831,-0.29505207577262516,-3.1033,-2.788047924227375,2.788047924227375
2026-09-16 03:52:19,degradation_rate,-1.96,-0.2573107727377675,2.0477,-1.7026892272622325,1.7026892272622325
2026-09-16 03:52:20,degradation_rate,6.331,-0.44875635131158975,-2.1802,6.77975635131159,6.77975635131159
2026-09-16 03:52:21,degradation_rate,-0.7973,0.11554840654629017,-1.6986,-0.9128484065462902,0.9128484065462902
2026-09-16 03:52:22,degradation_rate,-1.4919,-0.17518248195801522,5.7982,-1.3167175180419848,1.3167175180419848
2026-09-16 03:52:23,degradation_rate,-3.1118,0.04581940282089114,-9.3259,-3.1576194028208913,3.1576194028208913
2026-09-16 03:52:24,degradation_rate,2.4217,0.1151553627338629,0.4042,2.306544637266137,2.306544637266137
2026-09-16 03:52:25,degradation_rate,2.7525,-0.2946981003982425,1.0478,3.0471981003982425,3.0471981003982425
2026-09-16 03:52:26,degradation_rate,-0.2318,-0.14004655711200797,3.3034,-0.09175344288799203,0.09175344288799203
2026-09-16 03:52:27,degradation_rate,-5.6681,-0.22904141490102692,2.4438,-5.439058585098973,5.439058585098973
2026-09-16 03:52:28,degradation_rate,4.8117,0.06245968008777947,-3.0831,4.749240319912221,4.749240319912221
2026-09-16 03:52:29,degradation_rate,-1.4373,0.05882110635497373,-1.96,-1.4961211063549738,1.4961211063549738
2026-09-16 03:52:30,degradation_rate,-1.2272,-0.8323911565615623,6.331,-0.3948088434384378,0.3948088434384378
2026-09-16 03:52:31,degradation_rate,-2.874,-0.5777340946410657,-0.7973,-2.2962659053589345,2.2962659053589345
2026-09-16 03:52:32,degradation_rate,2.6096,-0.28403580455435584,-1.4919,2.8936358045543558,2.8936358045543558
2026-09-16 03:52:33,degradation_rate,2.479,0.2812820637074056,-3.1118,2.1977179362925945,2.1977179362925945
2026-09-16 03:52:34,degradation_rate,-0.9327,0.04682153253037802,2.4217,-0.979521532530378,0.979521532530378
2026-09-16 03:52:35,degradation_rate,6.393,-0.1298505062478421,2.7525,6.522850506247842,6.522850506247842
2026-09-16 03:52:36,degradation_rate,-6.3364,0.06277395382499124,-0.2318,-6.399173953824992,6.399173953824992
2026-09-16 03:52:37,degradation_rate,4.2228,-0.2869311277056763,-5.6681,4.509731127705677,4.509731127705677
2026-09-16 03:52:38,degradation_rate,-2.2902,-0.558785165991531,4.8117,-1.731414834008469,1.731414834008469
2026-09-16 03:52:39,degradation_rate,-3.7281,-0.3097282902479903,-1.4373,-3.4183717097520097,3.4183717097520097
2026-09-16 03:52:40,degradation_rate,-2.7639,-0.2023572506275606,-1.2272,-2.5615427493724394,2.5615427493724394
2026-09-16 03:52:41,degradation_rate,-0.6518,-0.38496629110421265,-2.874,-0.2668337088957874,0.2668337088957874
2026-09-16 03:52:42,degradation_rate,4.7846,-0.13243203342787835,2.6096,4.917032033427878,4.917032033427878
2026-09-16 03:52:43,degradation_rate,-1.7855,-0.1742588117295214,2.479,-1.6112411882704787,1.6112411882704787
2026-09-16 03:52:44,degradation_rate,0.7249,-0.20842349283812123,-0.9327,0.9333234928381212,0.9333234928381212
2026-09-16 03:52:45,degradation_rate,-0.3231,-0.10603789708353517,6.393,-0.21706210291646483,0.21706210291646483
2026-09-16 03:52:46,degradation_rate,1.6265,-0.5478127016027043,-6.3364,2.1743127016027044,2.1743127016027044
2026-09-16 03:52:47,degradation_rate,-3.5979,-0.4269511088296758,4.2228,-3.1709488911703243,3.1709488911703243
2026-09-16 03:52:48,degradation_rate,6.5141,0.00775059386800292,-2.2902,6.5063494061319975,6.5063494061319975
2026-09-16 03:52:49,degradation_rate,-2.2882,-0.008763180657223035,-3.7281,-2.2794368193427768,2.2794368193427768
2026-09-16 03:52:50,degradation_rate,-2.1195,0.19500414189365411,-2.7639,-2.314504141893654,2.314504141893654
2026-09-16 03:52:51,degradation_rate,2.832,-0.001021497990133624,-0.6518,2.8330214979901336,2.8330214979901336
2026-09-16 03:52:52,degradation_rate,-1.5378,0.4248981359977213,4.7846,-1.9626981359977214,1.9626981359977214
2026-09-16 03:52:53,degradation_rate,-1.0285,-0.39498641322025874,-1.7855,-0.6335135867797412,0.6335135867797412
2026-09-16 03:52:54,degradation_rate,-3.2226,0.17712836035640545,0.7249,-3.3997283603564052,3.3997283603564052
2026-09-16 03:52:55,degradation_rate,5.3141,-0.16673007166825937,-0.3231,5.480830071668259,5.480830071668259
2026-09-16 03:52:56,degradation_rate,0.4219,-0.6303339690750489,1.6265,1.0522339690750488,1.0522339690750488
2026-09-16 03:52:57,degradation_rate,-7.3599,-0.1931054128958345,-3.5979,-7.166794587104166,7.166794587104166
2026-09-16 03:52:58,degradation_rate,0.3635,0.038790900278232066,6.5141,0.3247090997217679,0.3247090997217679
2026-09-16 03:52:59,degradation_rate,5.7461,-0.2979173416010732,-2.2882,6.044017341601073,6.044017341601073
2026-09-16 03:53:00,degradation_rate,-3.5316,-0.14832706435970722,-2.1195,-3.383272935640293,3.383272935640293
2026-09-16 03:53:01,degradation_rate,2.412,-0.060108427054906155,2.832,2.472108427054906,2.472108427054906
2026-09-16 03:53:02,degradation_rate,2.8697,-0.0774819950192216,-1.5378,2.9471819950192213,2.9471819950192213
2026-09-16 03:53:03,degradation_rate,-0.5523,0.011256799904218129,-1.0285,-0.5635567999042181,0.5635567999042181
2026-09-16 03:53:04,degradation_rate,1.2452,0.09686591605682926,-3.2226,1.1483340839431708,1.1483340839431708
2026-09-16 03:53:05,degradation_rate,-2.0165,0.14532828651425067,5.3141,-2.161828286514251,2.161828286514251
2026-09-16 03:53:06,degradation_rate,-1.7138,-0.338591629812578,0.4219,-1.375208370187422,1.375208370187422
2026-09-16 03:53:07,degradation_rate,3.1779,-0.4009516724362694,-7.3599,3.5788516724362696,3.5788516724362696
2026-09-16 03:53:08,degradation_rate,0.8564,0.15014244245392425,0.3635,0.7062575575460758,0.7062575575460758
2026-09-16 03:53:09,degradation_rate,-3.5295,-0.11253549780858663,5.7461,-3.4169645021914135,3.4169645021914135
2026-09-16 03:53:10,degradation_rate,3.2028,-0.4497953157848178,-3.5316,3.6525953157848177,3.6525953157848177
2026-09-16 03:53:11,degradation_rate,-0.5262,-0.18904683385299004,2.412,-0.33715316614700996,0.33715316614700996
2026-09-16 03:53:12,degradation_rate,0.634,-0.28737232799247625,2.8697,0.9213723279924763,0.9213723279924763
2026-09-16 03:53:13,degradation_rate,-3.8894,-0.6410326992148203,-0.5523,-3.24836730078518,3.24836730078518
2026-09-16 03:53:14,degradation_rate,-1.2445,0.030785002886902113,1.2452,-1.275285002886902,1.275285002886902
2026-09-16 03:53:15,degradation_rate,0.0289,-0.3282218407462876,-2.0165,0.35712184074628756,0.35712184074628756
2026-09-16 03:53:16,degradation_rate,1.9446,0.18333436607395326,-1.7138,1.7612656339260468,1.7612656339260468
2026-09-16 03:53:17,degradation_rate,-2.3019,0.030562623263274524,3.1779,-2.3324626232632744,2.3324626232632744
2026-09-16 03:53:18,degradation_rate,-1.0168,-0.04329378008097151,0.8564,-0.9735062199190284,0.9735062199190284
2026-09-16 03:53:19,degradation_rate,5.4481,0.004325602364056991,-3.5295,5.443774397635943,5.443774397635943
2026-09-16 03:53:20,degradation_rate,-2.2646,-0.5270935889804882,3.2028,-1.737506411019512,1.737506411019512
2026-09-16 03:53:21,degradation_rate,-0.3679,-0.06165586623719593,-0.5262,-0.30624413376280407,0.30624413376280407
2026-09-16 03:53:22,degradation_rate,0.6046,-0.26281632856283776,0.634,0.8674163285628378,0.8674163285628378
2026-09-16 03:53:23,degradation_rate,3.8582,0.06570913022388059,-3.8894,3.7924908697761195,3.7924908697761195
2026-09-16 03:53:24,degradation_rate,-4.9694,-0.377557861809639,-1.2445,-4.591842138190361,4.591842138190361
2026-09-16 03:53:25,degradation_rate,2.0405,-0.45860097485938767,0.0289,2.4991009748593878,2.4991009748593878
2026-09-16 03:53:26,degradation_rate,-0.5989,0.4268624179445708,1.9446,-1.0257624179445708,1.0257624179445708
2026-09-16 03:53:27,degradation_rate,1.1918,-0.47809230584330886,-2.3019,1.6698923058433088,1.6698923058433088
2026-09-16 03:53:28,degradation_rate,-2.0497,0.10294245573907501,-1.0168,-2.152642455739075,2.152642455739075
2026-09-16 03:53:29,degradation_rate,-0.4061,-0.05505785085062165,5.4481,-0.35104214914937837,0.35104214914937837
2026-09-16 03:53:30,degradation_rate,2.6577,-0.21309367663016943,-2.2646,2.8707936766301696,2.8707936766301696
2026-09-16 03:53:31,degradation_rate,-3.0375,-0.2295881372600844,-0.3679,-2.8079118627399158,2.8079118627399158
2026-09-16 03:53:32,degradation_rate,-1.478,-0.6811117994327505,0.6046,-0.7968882005672495,0.7968882005672495
2026-09-16 03:53:33,degradation_rate,-0.4167,-0.1738815845626247,3.8582,-0.2428184154373753,0.2428184154373753
2026-09-16 03:53:34,degradation_rate,3.471,-0.1018373875350429,-4.9694,3.572837387535043,3.572837387535043
2026-09-16 03:53:35,degradation_rate,-4.1676,0.057264166643573144,2.0405,-4.224864166643574,4.224864166643574
2026-09-16 03:53:36,degradation_rate,-1.5763,0.34489202962348664,-0.5989,-1.9211920296234868,1.9211920296234868
2026-09-16 03:53:37,degradation_rate,4.3025,-0.37881407987899895,1.1918,4.681314079878999,4.681314079878999
2026-09-16 03:53:38,degradation_rate,4.0145,-0.22036243309187808,-2.0497,4.2348624330918785,4.2348624330918785
2026-09-16 03:53:39,degradation_rate,-3.7003,0.37472782468231725,-0.4061,-4.0750278246823175,4.0750278246823175
2026-09-16 03:53:40,degradation_rate,-2.1404,-0.0846332704228856,2.6577,-2.0557667295771145,2.0557667295771145
2026-09-16 03:53:41,degradation_rate,1.5693,-0.018226805121412504,-3.0375,1.5875268051214124,1.5875268051214124
2026-09-16 03:53:42,degradation_rate,0.544,-0.3793786735417408,-1.478,0.9233786735417409,0.9233786735417409
2026-09-16 03:53:43,degradation_rate,3.5041,-0.2561481677974732,-0.4167,3.7602481677974735,3.7602481677974735
2026-09-16 03:53:44,degradation_rate,-0.9965,0.34227570102504057,3.471,-1.3387757010250407,1.3387757010250407
2026-09-16 03:53:45,degradation_rate,0.8928,-0.6819205255159395,-4.1676,1.5747205255159396,1.5747205255159396
2026-09-16 03:53:46,degradation_rate,-0.2341,0.0552403745298049,-1.5763,-0.2893403745298049,0.2893403745298049
2026-09-16 03:53:47,degradation_rate,-7.5713,-0.5068001452315585,4.3025,-7.0644998547684414,7.0644998547684414
2026-09-16 03:53:48,degradation_rate,5.489,-0.3358760241914709,4.0145,5.824876024191471,5.824876024191471
2026-09-16 03:53:49,degradation_rate,1.119,0.13029731270556244,-3.7003,0.9887026872944376,0.9887026872944376
2026-09-16 03:53:50,degradation_rate,3.0252,-0.21501708747805504,-2.1404,3.240217087478055,3.240217087478055
2026-09-16 03:53:51,degradation_rate,-7.2446,-0.3399485692200359,1.5693,-6.904651430779964,6.904651430779964
2026-09-16 03:53:52,degradation_rate,4.0253,0.11705415263353536,0.544,3.908245847366464,3.908245847366464
2026-09-16 03:53:53,degradation_rate,-4.5047,-0.4885377346407802,3.5041,-4.0161622653592195,4.0161622653592195
2026-09-16 03:53:54,degradation_rate,-1.1505,0.06107998392319758,-0.9965,-1.2115799839231975,1.2115799839231975
2026-09-16 03:53:55,degradation_rate,8.4363,-0.15841275360548757,0.8928,8.594712753605487,8.594712753605487
2026-09-16 03:53:56,degradation_rate,-5.6721,-0.003618129854426555,-0.2341,-5.668481870145574,5.668481870145574
2026-09-16 03:53:57,degradation_rate,6.9515,-0.13311927797862033,-7.5713,7.084619277978621,7.084619277978621
2026-09-16 03:53:58,degradation_rate,-5.2473,-0.09846089430447336,5.489,-5.148839105695527,5.148839105695527
2026-09-16 03:53:59,degradation_rate,-0.7373,-0.20200681112574315,1.119,-0.5352931888742568,0.5352931888742568
2026-09-16 03:54:00,degradation_rate,-3.1133,-0.30447006400084886,3.0252,-2.8088299359991513,2.8088299359991513
2026-09-16 03:54:01,degradation_rate,0.2419,-0.07766423527636324,-7.2446,0.31956423527636324,0.31956423527636324
2026-09-16 03:54:02,degradation_rate,8.3058,-0.218101233199822,4.0253,8.523901233199823,8.523901233199823
2026-09-16 03:54:03,degradation_rate,-4.8204,-0.05546083859687201,-4.5047,-4.764939161403128,4.764939161403128
2026-09-16 03:54:04,degradation_rate,2.6557,-0.2292482452973047,-1.1505,2.8849482452973048,2.8849482452973048
2026-09-16 03:54:05,degradation_rate,-1.37,0.3219642317066409,8.4363,-1.691964231706641,1.691964231706641
2026-09-16 03:54:06,degradation_rate,-3.8373,-0.16099822894370952,-5.6721,-3.6763017710562904,3.6763017710562904
2026-09-16 03:54:07,degradation_rate,0.0975,-0.2411724995114124,6.9515,0.33867249951141243,0.33867249951141243
2026-09-16 03:54:08,degradation_rate,5.1349,-0.30806996275308407,-5.2473,5.442969962753084,5.442969962753084
2026-09-16 03:54:09,degradation_rate,-6.4891,0.12142195675819512,-0.7373,-6.610521956758195,6.610521956758195
2026-09-16 03:54:10,degradation_rate,3.5239,-0.019279293821545807,-3.1133,3.5431792938215456,3.5431792938215456
2026-09-16 03:54:11,degradation_rate,0.4062,0.2048345319276426,0.2419,0.20136546807235742,0.20136546807235742
2026-09-16 03:54:12,degradation_rate,-5.5465,0.0205715837026208,8.3058,-5.567071583702621,5.567071583702621
2026-09-16 03:54:13,degradation_rate,7.9449,-0.4382566123484235,-4.8204,8.383156612348422,8.383156612348422
2026-09-16 03:54:14,degradation_rate,0.2928,-0.09129793303155953,2.6557,0.38409793303155954,0.38409793303155954
2026-09-16 03:54:15,degradation_rate,-3.6246,-0.12301292021910348,-1.37,-3.5015870797808963,3.5015870797808963
2026-09-16 03:54:16,degradation_rate,3.3722,-0.27938010494455234,-3.8373,3.651580104944552,3.651580104944552
2026-09-16 03:54:17,degradation_rate,2.8192,0.28583254968991745,0.0975,2.5333674503100827,2.5333674503100827
2026-09-16 03:54:18,degradation_rate,-7.3518,0.22872651629598284,5.1349,-7.580526516295983,7.580526516295983
2026-09-16 03:54:19,degradation_rate,4.4384,-0.3444038253494437,-6.4891,4.782803825349443,4.782803825349443
2026-09-16 03:54:20,degradation_rate,-1.8716,-0.5545667096245634,3.5239,-1.3170332903754365,1.3170332903754365
2026-09-16 03:54:21,degradation_rate,-2.9614,0.0411210919068819,0.4062,-3.002521091906882,3.002521091906882
2026-09-16 03:54:22,degradation_rate,-0.6352,0.3315328589020723,-5.5465,-0.9667328589020723,0.9667328589020723
2026-09-16 03:54:23,degradation_rate,6.359,-0.2998883371995218,7.9449,6.658888337199522,6.658888337199522
2026-09-16 03:54:24,degradation_rate,-1.4294,0.00011902481266734544,0.2928,-1.4295190248126675,1.4295190248126675
2026-09-16 03:54:25,degradation_rate,-2.0729,-0.8450847501066936,-3.6246,-1.2278152498933066,1.2278152498933066
2026-09-16 03:54:26,degradation_rate,0.4386,0.523122551621892,3.3722,-0.08452255162189204,0.08452255162189204
2026-09-16 03:54:27,degradation_rate,-0.7346,-0.5556575146016143,2.8192,-0.17894248539838575,0.17894248539838575
2026-09-16 03:54:28,degradation_rate,-4.1773,0.0205302148005293,-7.3518,-4.197830214800529,4.197830214800529
2026-09-16 03:54:29,degradation_rate,4.9362,-0.5362570501771504,4.4384,5.472457050177151,5.472457050177151
2026-09-16 03:54:30,degradation_rate,-0.6492,0.20228380367571663,-1.8716,-0.8514838036757166,0.8514838036757166
2026-09-16 03:54:31,degradation_rate,-3.8074,0.35058829177235884,-2.9614,-4.157988291772359,4.157988291772359
2026-09-16 03:54:32,degradation_rate,6.4661,-0.021733847074345447,-0.6352,6.487833847074345,6.487833847074345
2026-09-16 03:54:33,degradation_rate,3.1967,-0.04597360272236806,6.359,3.242673602722368,3.242673602722368
2026-09-16 03:54:34,degradation_rate,-6.3447,-0.258524061907778,-1.4294,-6.086175938092222,6.086175938092222
2026-09-16 03:54:35,degradation_rate,-0.2952,-0.40144584339655354,-2.0729,0.10624584339655352,0.10624584339655352
2026-09-16 03:54:36,degradation_rate,2.2537,0.17437715125045994,0.4386,2.07932284874954,2.07932284874954
2026-09-16 03:54:37,degradation_rate,-4.148,-0.028170387392953855,-0.7346,-4.119829612607046,4.119829612607046
2026-09-16 03:54:38,degradation_rate,1.9612,-0.10241915627720832,-4.1773,2.063619156277208,2.063619156277208
2026-09-16 03:54:39,degradation_rate,-2.8141,-0.2332486295846259,4.9362,-2.580851370415374,2.580851370415374
2026-09-16 03:54:40,degradation_rate,0.2364,-0.2948277365076636,-0.6492,0.5312277365076636,0.5312277365076636
2026-09-16 03:54:41,degradation_rate,5.0877,-0.12714991476004167,-3.8074,5.214849914760041,5.214849914760041
2026-09-16 03:54:42,degradation_rate,1.8534,0.1640760111667383,6.4661,1.6893239888332616,1.6893239888332616
2026-09-16 03:54:43,degradation_rate,-5.6159,0.04778647778232825,3.1967,-5.663686477782328,5.663686477782328
2026-09-16 03:54:44,degradation_rate,4.0692,-0.7037390502496619,-6.3447,4.772939050249662,4.772939050249662
2026-09-16 03:54:45,degradation_rate,-4.514,-0.10727484302430479,-0.2952,-4.406725156975695,4.406725156975695
2026-09-16 03:54:46,degradation_rate,5.393,0.16379360354733707,2.2537,5.229206396452662,5.229206396452662
2026-09-16 03:54:47,degradation_rate,-2.9486,0.1667255047075118,-4.148,-3.1153255047075117,3.1153255047075117
2026-09-16 03:54:48,degradation_rate,-1.8144,-0.23311695619838457,1.9612,-1.5812830438016154,1.5812830438016154
2026-09-16 03:54:49,degradation_rate,2.9859,0.158769575502967,-2.8141,2.827130424497033,2.827130424497033
2026-09-16 03:54:50,degradation_rate,0.9926,-0.34076304375501626,0.2364,1.3333630437550164,1.3333630437550164
2026-09-16 03:54:51,degradation_rate,-8.1898,-0.19814300541371654,5.0877,-7.991656994586283,7.991656994586283
2026-09-16 03:54:52,degradation_rate,4.2858,-0.2919802839543759,1.8534,4.577780283954376,4.577780283954376
2026-09-16 03:54:53,degradation_rate,-0.243,-0.5746179473710189,-5.6159,0.3316179473710189,0.3316179473710189
2026-09-16 03:54:54,degradation_rate,0.0134,-0.07328837324122528,4.0692,0.08668837324122527,0.08668837324122527
2026-09-16 03:54:55,degradation_rate,0.1126,-0.36165463461691694,-4.514,0.47425463461691697,0.47425463461691697
2026-09-16 03:54:56,degradation_rate,3.179,0.042387696225376637,5.393,3.136612303774623,3.136612303774623
2026-09-16 03:54:57,degradation_rate,-1.8264,-0.2560133817194319,-2.9486,-1.5703866182805681,1.5703866182805681
2026-09-16 03:54:58,degradation_rate,-1.8392,0.16855765826531766,-1.8144,-2.0077576582653176,2.0077576582653176
2026-09-16 03:54:59,degradation_rate,3.67,0.35605145906385305,2.9859,3.313948540936147,3.313948540936147
2026-09-16 03:55:00,degradation_rate,-4.1614,-0.09942665672095485,0.9926,-4.061973343279045,4.061973343279045
2026-09-16 03:55:01,degradation_rate,-2.0172,-0.12269057242748893,-8.1898,-1.894509427572511,1.894509427572511
2026-09-16 03:55:02,degradation_rate,10.5213,-0.49884204990033787,4.2858,11.020142049900338,11.020142049900338
2026-09-16 03:55:03,degradation_rate,-4.5554,-0.016511805697883936,-0.243,-4.538888194302116,4.538888194302116
2026-09-16 03:55:04,degradation_rate,-1.0831,-0.0932801679930375,0.0134,-0.9898198320069624,0.9898198320069624
2026-09-16 03:55:05,degradation_rate,5.8526,0.037083399051824256,0.1126,5.815516600948175,5.815516600948175
2026-09-16 03:55:06,degradation_rate,-3.9565,0.020707083335926857,3.179,-3.977207083335927,3.977207083335927
2026-09-16 03:55:07,degradation_rate,-1.0856,-0.7646214452759383,-1.8264,-0.32097855472406156,0.32097855472406156
2026-09-16 03:55:08,degradation_rate,2.6636,0.02791154781169336,-1.8392,2.635688452188307,2.635688452188307
2026-09-16 03:55:09,degradation_rate,-1.8033,-0.3853187450868205,3.67,-1.4179812549131794,1.4179812549131794
2026-09-16 03:55:10,degradation_rate,-3.6401,-0.1809053930109772,-4.1614,-3.4591946069890227,3.4591946069890227
2026-09-16 03:55:11,degradation_rate,3.656,0.051350873854072,-2.0172,3.604649126145928,3.604649126145928
2026-09-16 03:55:12,degradation_rate,-7.7801,-0.12710417827978837,10.5213,-7.652995821720212,7.652995821720212
2026-09-16 03:55:13,degradation_rate,6.4449,0.12416961123122139,-4.5554,6.320730388768778,6.320730388768778
2026-09-16 03:55:14,degradation_rate,-3.8071,-0.45066625413696215,-1.0831,-3.356433745863038,3.356433745863038
2026-09-16 03:55:15,degradation_rate,7.2818,-0.1741157834779834,5.8526,7.455915783477983,7.455915783477983
2026-09-16 03:55:16,degradation_rate,-3.5488,-0.18486131090292224,-3.9565,-3.3639386890970777,3.3639386890970777
2026-09-16 03:55:17,degradation_rate,-0.8012,-0.08320113533814322,-1.0856,-0.7179988646618568,0.7179988646618568
2026-09-16 03:55:18,degradation_rate,-1.506,-0.02292011385078796,2.6636,-1.483079886149212,1.483079886149212
2026-09-16 03:55:19,degradation_rate,4.2812,-0.14374102575644487,-1.8033,4.4249410257564445,4.4249410257564445
2026-09-16 03:55:20,degradation_rate,-1.3395,-0.06083058702249389,-3.6401,-1.278669412977506,1.278669412977506
2026-09-16 03:55:21,degradation_rate,1.5107,0.3361901340710691,3.656,1.1745098659289308,1.1745098659289308
2026-09-16 03:55:22,degradation_rate,-3.9762,-0.70456116548716,-7.7801,-3.27163883451284,3.27163883451284
2026-09-16 03:55:23,degradation_rate,6.1687,0.27323269845324294,6.4449,5.895467301546757,5.895467301546757
2026-09-16 03:55:24,degradation_rate,-3.8718,0.5156825132404164,-3.8071,-4.387482513240416,4.387482513240416
2026-09-16 03:55:25,degradation_rate,2.5833,-0.9026495346708989,7.2818,3.485949534670899,3.485949534670899
2026-09-16 03:55:26,degradation_rate,-3.948,0.15661500803724726,-3.5488,-4.104615008037247,4.104615008037247
2026-09-16 03:55:27,degradation_rate,-1.2529,-0.35128201578798396,-0.8012,-0.901617984212016,0.901617984212016
2026-09-16 03:55:28,degradation_rate,4.2725,0.1332381791749888,-1.506,4.139261820825011,4.139261820825011
2026-09-16 03:55:29,degradation_rate,-1.3239,0.07319384158091502,4.2812,-1.397093841580915,1.397093841580915
2026-09-16 03:55:30,degradation_rate,0.1645,-0.09318753235520472,-1.3395,0.2576875323552047,0.2576875323552047
2026-09-16 03:55:31,degradation_rate,-2.5023,-0.6332322425726451,1.5107,-1.8690677574273549,1.8690677574273549
2026-09-16 03:55:32,degradation_rate,-0.2883,-0.017941493514388895,-3.9762,-0.2703585064856111,0.2703585064856111
2026-09-16 03:55:33,degradation_rate,2.3021,0.05703088743231621,6.1687,2.2450691125676836,2.2450691125676836
2026-09-16 03:55:34,degradation_rate,3.2748,0.03929003291471833,-3.8718,3.2355099670852816,3.2355099670852816
2026-09-16 03:55:35,degradation_rate,1.7806,-0.16223278779261685,2.5833,1.9428327877926168,1.9428327877926168
2026-09-16 03:55:36,degradation_rate,-4.3394,-0.5270738011048217,-3.948,-3.8123261988951787,3.8123261988951787
2026-09-16 03:55:37,degradation_rate,-3.6632,-0.14560933857735914,-1.2529,-3.5175906614226404,3.5175906614226404
2026-09-16 03:55:38,degradation_rate,4.1708,0.12459686749577159,4.2725,4.046203132504228,4.046203132504228
2026-09-16 03:55:39,degradation_rate,0.5962,-0.3671321825754399,-1.3239,0.9633321825754398,0.9633321825754398
2026-09-16 03:55:40,degradation_rate,-4.1965,-0.14709741663269213,0.1645,-4.049402583367308,4.049402583367308
2026-09-16 03:55:41,degradation_rate,4.4445,0.2692230366062889,-2.5023,4.175276963393711,4.175276963393711
2026-09-16 03:55:42,degradation_rate,-1.4374,0.02982082599921393,-0.2883,-1.4672208259992139,1.4672208259992139
2026-09-16 03:55:43,degradation_rate,4.8898,-0.3142701436383608,2.3021,5.204070143638361,5.204070143638361
2026-09-16 03:55:44,degradation_rate,-8.2566,-0.15288109756660306,3.2748,-8.103718902433398,8.103718902433398
2026-09-16 03:55:45,degradation_rate,5.6462,-0.4722963174193209,1.7806,6.118496317419321,6.118496317419321
2026-09-16 03:55:46,degradation_rate,-2.7319,-0.012514682244387565,-4.3394,-2.7193853177556124,2.7193853177556124
2026-09-16 03:55:47,degradation_rate,-0.7431,-0.11153492269396681,-3.6632,-0.6315650773060332,0.6315650773060332
2026-09-16 03:55:48,degradation_rate,-0.6851,0.2612834674811766,4.1708,-0.9463834674811766,0.9463834674811766
2026-09-16 03:55:49,degradation_rate,0.6986,-0.4414095952190903,0.5962,1.1400095952190903,1.1400095952190903
2026-09-16 03:55:50,degradation_rate,0.0399,-0.2876757472425253,-4.1965,0.3275757472425253,0.3275757472425253
2026-09-16 03:55:51,degradation_rate,1.1068,-0.38800261905410593,4.4445,1.494802619054106,1.494802619054106
2026-09-16 03:55:52,degradation_rate,-1.7161,0.36793556823825724,-1.4374,-2.0840355682382574,2.0840355682382574
2026-09-16 03:55:53,degradation_rate,2.0972,0.02085016084879321,4.8898,2.0763498391512067,2.0763498391512067
2026-09-16 03:55:54,degradation_rate,-4.3814,-0.5210082595526426,-8.2566,-3.8603917404473576,3.8603917404473576
2026-09-16 03:55:55,degradation_rate,0.7063,0.13789942067739247,5.6462,0.5684005793226076,0.5684005793226076
2026-09-16 03:55:56,degradation_rate,-2.0572,-0.22992230823349358,-2.7319,-1.8272776917665063,1.8272776917665063
2026-09-16 03:55:57,degradation_rate,1.8714,0.24143955095269065,-0.7431,1.6299604490473092,1.6299604490473092
2026-09-16 03:55:58,degradation_rate,5.3086,-0.3409503670585276,-0.6851,5.649550367058528,5.649550367058528
2026-09-16 03:55:59,degradation_rate,-4.7723,-0.3381928503877868,0.6986,-4.434107149612213,4.434107149612213
2026-09-16 03:56:00,degradation_rate,3.2068,0.14418659677214404,0.0399,3.062613403227856,3.062613403227856
2026-09-16 03:56:01,degradation_rate,-3.4486,-0.0878908378491372,1.1068,-3.3607091621508625,3.3607091621508625
2026-09-16 03:56:02,degradation_rate,5.0372,0.2633467408122738,-1.7161,4.773853259187726,4.773853259187726
2026-09-16 03:56:03,degradation_rate,-2.9041,-0.36799283147241857,2.0972,-2.5361071685275816,2.5361071685275816
2026-09-16 03:56:04,degradation_rate,-2.3055,-0.36175408482800275,-4.3814,-1.9437459151719971,1.9437459151719971
2026-09-16 03:56:05,degradation_rate,3.682,0.07068581692525211,0.7063,3.611314183074748,3.611314183074748
2026-09-16 03:56:06,degradation_rate,-5.9285,-0.04200740989145224,-2.0572,-5.886492590108547,5.886492590108547
2026-09-16 03:56:07,degradation_rate,-1.0626,-0.026030638052341848,1.8714,-1.0365693619476581,1.0365693619476581
2026-09-16 03:56:08,degradation_rate,6.0512,-0.3321434525674709,5.3086,6.383343452567471,6.383343452567471
2026-09-16 03:56:09,degradation_rate,-2.1709,0.20166822550322117,-4.7723,-2.372568225503221,2.372568225503221
2026-09-16 03:56:10,degradation_rate,3.7995,0.044517359575967586,3.2068,3.7549826404240325,3.7549826404240325
2026-09-16 03:56:11,degradation_rate,-4.5613,-0.5687332036569228,-3.4486,-3.9925667963430773,3.9925667963430773
2026-09-16 03:56:12,degradation_rate,6.1935,-0.4883003434651947,5.0372,6.681800343465195,6.681800343465195
2026-09-16 03:56:13,degradation_rate,-0.9179,0.24660265939771975,-2.9041,-1.1645026593977197,1.1645026593977197
2026-09-16 03:56:14,degradation_rate,0.4902,-0.053092960283581014,-2.3055,0.543292960283581,0.543292960283581
2026-09-16 03:56:15,degradation_rate,-3.0848,-0.08033794988929,3.682,-3.00446205011071,3.00446205011071
2026-09-16 03:56:16,degradation_rate,-0.9661,0.06360134101444981,-5.9285,-1.0297013410144498,1.0297013410144498
2026-09-16 03:56:17,degradation_rate,2.5604,-0.034689015874077356,-1.0626,2.5950890158740774,2.5950890158740774
2026-09-16 03:56:18,degradation_rate,-4.4743,0.00467786667754666,6.0512,-4.478977866677547,4.478977866677547
2026-09-16 03:56:19,degradation_rate,5.6313,-0.1343959223483795,-2.1709,5.76569592234838,5.76569592234838
2026-09-16 03:56:20,degradation_rate,-6.9451,-0.7091565678658869,3.7995,-6.235943432134113,6.235943432134113
2026-09-16 03:56:21,degradation_rate,5.3011,0.04280035795989434,-4.5613,5.258299642040106,5.258299642040106
2026-09-16 03:56:22,degradation_rate,1.0931,-0.46617031067614434,6.1935,1.5592703106761443,1.5592703106761443
2026-09-16 03:56:23,degradation_rate,3.8765,-0.23996241484303282,-0.9179,4.116462414843033,4.116462414843033
2026-09-16 03:56:24,degradation_rate,-6.4663,-0.16252045548429844,0.4902,-6.303779544515702,6.303779544515702
2026-09-16 03:56:25,degradation_rate,0.8509,-0.1858739790567987,-3.0848,1.0367739790567987,1.0367739790567987
2026-09-16 03:56:26,degradation_rate,1.1027,-0.003842506510415622,-0.9661,1.1065425065104155,1.1065425065104155
2026-09-16 03:56:27,degradation_rate,4.9342,0.008346661574399672,2.5604,4.9258533384256005,4.9258533384256005
2026-09-16 03:56:28,degradation_rate,-5.1679,-0.1694287640805312,-4.4743,-4.998471235919469,4.998471235919469
2026-09-16 03:56:29,degradation_rate,-0.1426,0.32861539020510655,5.6313,-0.47121539020510655,0.47121539020510655
2026-09-16 03:56:30,degradation_rate,0.2677,-0.6192390912533607,-6.9451,0.8869390912533608,0.8869390912533608
2026-09-16 03:56:31,degradation_rate,5.7662,-0.04903949239838745,5.3011,5.815239492398388,5.815239492398388
2026-09-16 03:56:32,degradation_rate,-8.6848,-0.585044732756079,1.0931,-8.09975526724392,8.09975526724392
2026-09-16 03:56:33,degradation_rate,4.3723,-0.7580060624527389,3.8765,5.130306062452739,5.130306062452739
2026-09-16 03:56:34,degradation_rate,-1.8516,-0.31871758593496313,-6.4663,-1.5328824140650368,1.5328824140650368
2026-09-16 03:56:35,degradation_rate,0.4621,0.03608302312876155,0.8509,0.42601697687123846,0.42601697687123846
2026-09-16 03:56:36,degradation_rate,0.5729,-0.3748556604362483,1.1027,0.9477556604362483,0.9477556604362483
2026-09-16 03:56:37,degradation_rate,-4.7097,-0.051295219325389496,4.9342,-4.65840478067461,4.65840478067461
2026-09-16 03:56:38,degradation_rate,1.3192,-0.1883094688575735,-5.1679,1.5075094688575734,1.5075094688575734
2026-09-16 03:56:39,degradation_rate,0.8573,0.13694192719243126,-0.1426,0.7203580728075687,0.7203580728075687
2026-09-16 03:56:40,degradation_rate,0.9406,-0.632181603022977,0.2677,1.5727816030229769,1.5727816030229769
2026-09-16 03:56:41,degradation_rate,-0.9894,-0.021870824105366893,5.7662,-0.967529175894633,0.967529175894633
2026-09-16 03:56:42,degradation_rate,3.0192,0.13600571783606696,-8.6848,2.883194282163933,2.883194282163933
2026-09-16 03:56:43,degradation_rate,-1.3528,-0.36520440735468185,4.3723,-0.9875955926453182,0.9875955926453182
2026-09-16 03:56:44,degradation_rate,-1.4655,-0.33740122863851774,-1.8516,-1.1280987713614823,1.1280987713614823
2026-09-16 03:56:45,degradation_rate,-0.8059,-0.3014219726682666,0.4621,-0.5044780273317333,0.5044780273317333
2026-09-16 03:56:46,degradation_rate,1.9027,-0.05246434400455091,0.5729,1.955164344004551,1.955164344004551
2026-09-16 03:56:47,degradation_rate,0.0897,0.047197225225148465,-4.7097,0.04250277477485154,0.04250277477485154
2026-09-16 03:56:48,degradation_rate,-2.2361,0.19383451025348286,1.3192,-2.429934510253483,2.429934510253483
2026-09-16 03:56:49,degradation_rate,7.3747,0.38443158086035994,0.8573,6.99026841913964,6.99026841913964
2026-09-16 03:56:50,degradation_rate,-5.7031,-0.2541892662387183,0.9406,-5.448910733761282,5.448910733761282
2026-09-16 03:56:51,degradation_rate,-0.8816,-0.46602383641555256,-0.9894,-0.4155761635844475,0.4155761635844475
2026-09-16 03:56:52,degradation_rate,3.9767,-0.28620467951030903,3.0192,4.262904679510309,4.262904679510309
2026-09-16 03:56:53,degradation_rate,-4.3013,-0.34211591257171636,-1.3528,-3.9591840874282838,3.9591840874282838
2026-09-16 03:56:54,degradation_rate,-0.2194,-0.03045582964340987,-1.4655,-0.18894417035659014,0.18894417035659014
2026-09-16 03:56:55,degradation_rate,-0.4136,0.16245899077143944,-0.8059,-0.5760589907714395,0.5760589907714395
2026-09-16 03:56:56,degradation_rate,-4.6365,-0.31572669497107,1.9027,-4.32077330502893,4.32077330502893
2026-09-16 03:56:57,degradation_rate,0.2715,-0.32837945016299136,0.0897,0.5998794501629914,0.5998794501629914
2026-09-16 03:56:58,degradation_rate,10.7123,0.3007828853617829,-2.2361,10.411517114638219,10.411517114638219
2026-09-16 03:56:59,degradation_rate,-4.0887,-0.3765541976023057,7.3747,-3.7121458023976945,3.7121458023976945
2026-09-16 03:57:00,degradation_rate,0.0443,0.02130029933423394,-5.7031,0.022999700665766058,0.022999700665766058
2026-09-16 03:57:01,degradation_rate,-1.2572,-0.1101176015256714,-0.8816,-1.1470823984743288,1.1470823984743288
2026-09-16 03:57:02,degradation_rate,2.0246,-0.5225722160763357,3.9767,2.5471722160763357,2.5471722160763357
2026-09-16 03:57:03,degradation_rate,-1.3162,0.1349594606054607,-4.3013,-1.4511594606054607,1.4511594606054607
2026-09-16 03:57:04,degradation_rate,-2.835,-0.36013549200985784,-0.2194,-2.474864507990142,2.474864507990142
2026-09-16 03:57:05,degradation_rate,5.4684,-0.014003101112753713,-0.4136,5.482403101112753,5.482403101112753
2026-09-16 03:57:06,degradation_rate,-2.7548,-0.12654460385147015,-4.6365,-2.6282553961485298,2.6282553961485298
2026-09-16 03:57:07,degradation_rate,-1.3449,-0.08459373650394364,0.2715,-1.2603062634960565,1.2603062634960565
2026-09-16 03:57:08,degradation_rate,1.3392,-0.07499716157571257,10.7123,1.4141971615757125,1.4141971615757125
2026-09-16 03:57:09,degradation_rate,0.4276,-0.0280906505894869,-4.0887,0.4556906505894869,0.4556906505894869
2026-09-16 03:57:10,degradation_rate,-2.214,-0.5551759768421546,0.0443,-1.6588240231578455,1.6588240231578455
2026-09-16 03:57:11,degradation_rate,4.8054,-0.22335879689657556,-1.2572,5.028758796896575,5.028758796896575
2026-09-16 03:57:12,degradation_rate,-1.887,-0.07201995910598491,2.0246,-1.814980040894015,1.814980040894015
2026-09-16 03:57:13,degradation_rate,-9.5375,-0.4094789676049915,-1.3162,-9.128021032395008,9.128021032395008
2026-09-16 03:57:14,degradation_rate,6.6046,-0.1579174574677027,-2.835,6.762517457467702,6.762517457467702
2026-09-16 03:57:15,degradation_rate,-0.3778,0.034174451354868296,5.4684,-0.4119744513548683,0.4119744513548683
2026-09-16 03:57:16,degradation_rate,6.6369,0.11888081449729127,-2.7548,6.518019185502709,6.518019185502709
2026-09-16 03:57:17,degradation_rate,-5.2848,0.13703437108748417,-1.3449,-5.421834371087484,5.421834371087484
2026-09-16 03:57:18,degradation_rate,-0.7823,-0.1470955471315858,1.3392,-0.6352044528684142,0.6352044528684142
2026-09-16 03:57:19,degradation_rate,4.0675,0.1507047780221547,0.4276,3.916795221977845,3.916795221977845
2026-09-16 03:57:20,degradation_rate,-1.7987,-0.5414541975782503,-2.214,-1.2572458024217497,1.2572458024217497
2026-09-16 03:57:21,degradation_rate,3.2512,-0.4001413494223085,4.8054,3.6513413494223084,3.6513413494223084
2026-09-16 03:57:22,degradation_rate,-7.4736,-0.2847613073343036,-1.887,-7.188838692665697,7.188838692665697
2026-09-16 03:57:23,degradation_rate,6.4748,-0.06716349931401666,-9.5375,6.541963499314017,6.541963499314017
2026-09-16 03:57:24,degradation_rate,-3.0938,0.14677145216803478,6.6046,-3.2405714521680347,3.2405714521680347
2026-09-16 03:57:25,degradation_rate,-3.8348,0.061161477533066166,-0.3778,-3.895961477533066,3.895961477533066
2026-09-16 03:57:26,degradation_rate,6.455,-0.2739475799457498,6.6369,6.72894757994575,6.72894757994575
2026-09-16 03:57:27,degradation_rate,-3.2996,-0.3356451329978576,-5.2848,-2.9639548670021423,2.9639548670021423
2026-09-16 03:57:28,degradation_rate,2.7653,-0.24635454762811626,-0.7823,3.0116545476281162,3.0116545476281162
2026-09-16 03:57:29,degradation_rate,-1.2238,-0.6522735717128958,4.0675,-0.5715264282871042,0.5715264282871042
2026-09-16 03:57:30,degradation_rate,3.618,0.18601566244975354,-1.7987,3.4319843375502463,3.4319843375502463
2026-09-16 03:57:31,degradation_rate,-3.1064,-0.32124084526937446,3.2512,-2.7851591547306254,2.7851591547306254
2026-09-16 03:57:32,degradation_rate,-2.3214,-0.022331219175456773,-7.4736,-2.2990687808245434,2.2990687808245434
2026-09-16 03:57:33,degradation_rate,0.7389,-0.39559165535466256,6.4748,1.1344916553546627,1.1344916553546627
2026-09-16 03:57:34,degradation_rate,2.8451,0.4841882567658886,-3.0938,2.3609117432341113,2.3609117432341113
2026-09-16 03:57:35,degradation_rate,1.445,0.4511406944017442,-3.8348,0.9938593055982559,0.9938593055982559
2026-09-16 03:57:36,degradation_rate,-7.5891,-0.5528753915522255,6.455,-7.036224608447775,7.036224608447775
2026-09-16 03:57:37,degradation_rate,8.7071,-0.0978397911145632,-3.2996,8.804939791114563,8.804939791114563
2026-09-16 03:57:38,degradation_rate,-6.2788,-0.28299132621799883,2.7653,-5.995808673782001,5.995808673782001
2026-09-16 03:57:39,degradation_rate,1.7031,0.08872935703105189,-1.2238,1.6143706429689482,1.6143706429689482
2026-09-16 03:57:40,degradation_rate,-1.2919,-0.7362012380822347,3.618,-0.5556987619177653,0.5556987619177653
2026-09-16 03:57:41,degradation_rate,0.5345,-0.1310505744113759,-3.1064,0.6655505744113759,0.6655505744113759
2026-09-16 03:57:42,degradation_rate,3.6371,-0.34568059920713456,-2.3214,3.9827805992071346,3.9827805992071346
2026-09-16 03:57:43,degradation_rate,-8.6015,-0.13940432975822414,0.7389,-8.462095670241776,8.462095670241776
2026-09-16 03:57:44,degradation_rate,8.9194,-0.0033614618305120025,2.8451,8.922761461830511,8.922761461830511
2026-09-16 03:57:45,degradation_rate,-0.2128,0.053824373719029595,1.445,-0.2666243737190296,0.2666243737190296
2026-09-16 03:57:46,degradation_rate,-5.1141,-0.25992320441254524,-7.5891,-4.854176795587454,4.854176795587454
2026-09-16 03:57:47,degradation_rate,3.2348,0.19941553181014982,8.7071,3.03538446818985,3.03538446818985
2026-09-16 03:57:48,degradation_rate,0.3275,-0.23824304175754918,-6.2788,0.5657430417575492,0.5657430417575492
2026-09-16 03:57:49,degradation_rate,-5.0336,-0.02667023265122581,1.7031,-5.006929767348774,5.006929767348774
2026-09-16 03:57:50,degradation_rate,4.2533,0.17547757203863945,-1.2919,4.077822427961361,4.077822427961361
2026-09-16 03:57:51,degradation_rate,-2.0128,-0.17744494771252228,0.5345,-1.8353550522874778,1.8353550522874778
2026-09-16 03:57:52,degradation_rate,6.7328,0.08537827289920541,3.6371,6.647421727100795,6.647421727100795
2026-09-16 03:57:53,degradation_rate,-1.6924,-0.309323210305271,-8.6015,-1.383076789694729,1.383076789694729
2026-09-16 03:57:54,degradation_rate,-2.8255,-0.41668374887406756,8.9194,-2.4088162511259323,2.4088162511259323
2026-09-16 03:57:55,degradation_rate,-3.2631,-0.26494690057852527,-0.2128,-2.998153099421475,2.998153099421475
2026-09-16 03:57:56,degradation_rate,1.8443,0.3277737321258982,-5.1141,1.5165262678741018,1.5165262678741018
2026-09-16 03:57:57,degradation_rate,-1.2154,-0.1330381748806766,3.2348,-1.0823618251193234,1.0823618251193234
2026-09-16 03:57:58,degradation_rate,3.5879,-0.43008774213829315,0.3275,4.017987742138293,4.017987742138293
2026-09-16 03:57:59,degradation_rate,-9.0947,0.3123725604304921,-5.0336,-9.407072560430493,9.407072560430493
2026-09-16 03:58:00,degradation_rate,6.5995,-0.2755963720974304,4.2533,6.87509637209743,6.87509637209743
2026-09-16 03:58:01,degradation_rate,0.3159,0.06899090951855191,-2.0128,0.2469090904814481,0.2469090904814481
2026-09-16 03:58:02,degradation_rate,3.9137,-0.26426487966541146,6.7328,4.177964879665412,4.177964879665412
2026-09-16 03:58:03,degradation_rate,-0.5419,-0.2801227752545754,-1.6924,-0.26177722474542464,0.26177722474542464
2026-09-16 03:58:04,degradation_rate,-2.2639,-0.1569034754250791,-2.8255,-2.106996524574921,2.106996524574921
2026-09-16 03:58:05,degradation_rate,-5.9409,-0.3949071130240771,-3.2631,-5.545992886975923,5.545992886975923
2026-09-16 03:58:06,degradation_rate,7.8089,0.09256958187938569,1.8443,7.716330418120615,7.716330418120615
2026-09-16 03:58:07,degradation_rate,-3.7443,0.1439219586267575,-1.2154,-3.8882219586267572,3.8882219586267572
2026-09-16 03:58:08,degradation_rate,-0.5631,-0.047298200373310895,3.5879,-0.5158017996266892,0.5158017996266892
2026-09-16 03:58:09,degradation_rate,9.3526,0.263066426795163,-9.0947,9.089533573204838,9.089533573204838
2026-09-16 03:58:10,degradation_rate,-5.8588,0.05205032484521155,6.5995,-5.910850324845211,5.910850324845211
2026-09-16 03:58:11,degradation_rate,-5.6156,-0.540699326851614,0.3159,-5.074900673148385,5.074900673148385
2026-09-16 03:58:12,degradation_rate,5.7041,-0.27507958985002334,3.9137,5.979179589850023,5.979179589850023
2026-09-16 03:58:13,degradation_rate,-6.1173,-0.11621290525887779,-0.5419,-6.001087094741123,6.001087094741123
2026-09-16 03:58:14,degradation_rate,1.7498,-0.5160830708087629,-2.2639,2.265883070808763,2.265883070808763
2026-09-16 03:58:15,degradation_rate,1.7406,0.45675942170224726,-5.9409,1.2838405782977527,1.2838405782977527
2026-09-16 03:58:16,degradation_rate,0.6294,0.0140987703033435,7.8089,0.6153012296966565,0.6153012296966565
2026-09-16 03:58:17,degradation_rate,1.7481,-0.028795573955330056,-3.7443,1.77689557395533,1.77689557395533
2026-09-16 03:58:18,degradation_rate,1.0644,-0.3119426728921815,-0.5631,1.3763426728921815,1.3763426728921815
2026-09-16 03:58:19,degradation_rate,-2.7209,0.3074728822929096,9.3526,-3.0283728822929095,3.0283728822929095
2026-09-16 03:58:20,degradation_rate,1.0849,-0.6340298851398742,-5.8588,1.7189298851398742,1.7189298851398742
2026-09-16 03:58:21,degradation_rate,-2.7034,0.09515493524882324,-5.6156,-2.798554935248823,2.798554935248823
2026-09-16 03:58:22,degradation_rate,-3.6449,-0.2408306491228034,5.7041,-3.4040693508771964,3.4040693508771964
2026-09-16 03:58:23,degradation_rate,2.6962,-0.2962980687851884,-6.1173,2.9924980687851885,2.9924980687851885
2026-09-16 03:58:24,degradation_rate,4.0713,-0.11611092055640704,1.7498,4.187410920556407,4.187410920556407
2026-09-16 03:58:25,degradation_rate,-0.4924,-0.16542386995216662,1.7406,-0.3269761300478334,0.3269761300478334
2026-09-16 03:58:26,degradation_rate,0.1179,0.11743865143921339,0.6294,0.0004613485607866119,0.0004613485607866119
2026-09-16 03:58:27,degradation_rate,-1.7332,0.28571877859484696,1.7481,-2.018918778594847,2.018918778594847
2026-09-16 03:58:28,degradation_rate,-0.155,-0.44738124864073003,1.0644,0.29238124864073,0.29238124864073
2026-09-16 03:58:29,degradation_rate,1.4085,-0.046940536740397665,-2.7209,1.4554405367403978,1.4554405367403978
2026-09-16 03:58:30,degradation_rate,-3.2236,-0.3963107450460015,1.0849,-2.8272892549539983,2.8272892549539983
2026-09-16 03:58:31,degradation_rate,7.9456,-0.06795758184930811,-2.7034,8.013557581849309,8.013557581849309
2026-09-16 03:58:32,degradation_rate,-6.7795,-0.011988385363733922,-3.6449,-6.767511614636266,6.767511614636266
2026-09-16 03:58:33,degradation_rate,3.334,0.026504777110801125,2.6962,3.307495222889199,3.307495222889199
2026-09-16 03:58:34,degradation_rate,-1.5873,-0.23501812393668242,4.0713,-1.3522818760633175,1.3522818760633175
2026-09-16 03:58:35,degradation_rate,-1.3674,-0.3153286387514933,-0.4924,-1.0520713612485066,1.0520713612485066
2026-09-16 03:58:36,degradation_rate,-2.4199,0.14615777249807652,0.1179,-2.566057772498077,2.566057772498077
2026-09-16 03:58:37,degradation_rate,4.308,-0.17935854843426458,-1.7332,4.487358548434265,4.487358548434265
2026-09-16 03:58:38,degradation_rate,-1.1142,-0.4184410835592751,-0.155,-0.695758916440725,0.695758916440725
2026-09-16 03:58:39,degradation_rate,-3.0954,0.10302818666708213,1.4085,-3.1984281866670825,3.1984281866670825
2026-09-16 03:58:40,degradation_rate,-3.0149,-0.2906373345324842,-3.2236,-2.7242626654675157,2.7242626654675157
2026-09-16 03:58:41,degradation_rate,7.4634,0.21012445182418737,7.9456,7.253275548175813,7.253275548175813
2026-09-16 03:58:42,degradation_rate,-5.5215,-0.026819957823501994,-6.7795,-5.494680042176498,5.494680042176498
2026-09-16 03:58:43,degradation_rate,1.5536,-0.027562868159154874,3.334,1.581162868159155,1.581162868159155
2026-09-16 03:58:44,degradation_rate,0.9528,-0.03834923350270225,-1.5873,0.9911492335027022,0.9911492335027022
2026-09-16 03:58:45,degradation_rate,1.7966,0.21273349451693369,-1.3674,1.5838665054830663,1.5838665054830663
2026-09-16 03:58:46,degradation_rate,-1.686,-0.05281431011783999,-2.4199,-1.63318568988216,1.63318568988216
2026-09-16 03:58:47,degradation_rate,-2.5729,0.12557922170379676,4.308,-2.698479221703797,2.698479221703797
2026-09-16 03:58:48,degradation_rate,0.4951,-0.14319248102302196,-1.1142,0.6382924810230219,0.6382924810230219
2026-09-16 03:58:49,degradation_rate,-1.4409,-0.18091560504163962,-3.0954,-1.2599843949583605,1.2599843949583605
2026-09-16 03:58:50,degradation_rate,6.3781,0.14180004021804882,-3.0149,6.236299959781951,6.236299959781951
2026-09-16 03:58:51,degradation_rate,-5.7508,-0.3276212273204937,7.4634,-5.423178772679506,5.423178772679506
2026-09-16 03:58:52,degradation_rate,10.5731,0.34608498108160646,-5.5215,10.227015018918394,10.227015018918394
2026-09-16 03:58:53,degradation_rate,-1.8678,-0.20939100628923013,1.5536,-1.6584089937107698,1.6584089937107698
2026-09-16 03:58:54,degradation_rate,-0.4994,-0.26041323203228883,0.9528,-0.23898676796771118,0.23898676796771118
2026-09-16 03:58:55,degradation_rate,-0.2945,-0.05855357224506297,1.7966,-0.23594642775493702,0.23594642775493702
2026-09-16 03:58:56,degradation_rate,-4.7988,-0.5863973249913221,-1.686,-4.212402675008677,4.212402675008677
2026-09-16 03:58:57,degradation_rate,6.7466,-0.17410994600064544,-2.5729,6.920709946000645,6.920709946000645
2026-09-16 03:58:58,degradation_rate,-3.9676,0.00935558320458757,0.4951,-3.9769555832045875,3.9769555832045875
2026-09-16 03:58:59,degradation_rate,-2.1486,-0.3579450240583857,-1.4409,-1.7906549759416144,1.7906549759416144
2026-09-16 03:59:00,degradation_rate,1.3117,0.21962761736526915,6.3781,1.092072382634731,1.092072382634731
2026-09-16 03:59:01,degradation_rate,-1.4018,-0.647890837652719,-5.7508,-0.7539091623472809,0.7539091623472809
2026-09-16 03:59:02,degradation_rate,2.4246,0.14851823091031235,10.5731,2.2760817690896875,2.2760817690896875
2026-09-16 03:59:03,degradation_rate,-2.4653,-0.3820183578918206,-1.8678,-2.0832816421081795,2.0832816421081795
2026-09-16 03:59:04,degradation_rate,-0.4411,-0.20217697785831779,-0.4994,-0.2389230221416822,0.2389230221416822
2026-09-16 03:59:05,degradation_rate,3.1747,-0.2802088292873912,-0.2945,3.4549088292873913,3.4549088292873913
2026-09-16 03:59:06,degradation_rate,-5.4837,-0.1280212219140635,-4.7988,-5.355678778085936,5.355678778085936
2026-09-16 03:59:07,degradation_rate,3.1712,-0.0929717271534587,6.7466,3.2641717271534585,3.2641717271534585
2026-09-16 03:59:08,degradation_rate,-1.7947,-0.1922798531003087,-3.9676,-1.6024201468996913,1.6024201468996913
2026-09-16 03:59:09,degradation_rate,0.3641,-0.1424361643275569,-2.1486,0.5065361643275569,0.5065361643275569
2026-09-16 03:59:10,degradation_rate,1.3095,0.07422638171232165,1.3117,1.2352736182876785,1.2352736182876785
2026-09-16 03:59:11,degradation_rate,-6.4293,0.16809715116424973,-1.4018,-6.597397151164249,6.597397151164249
2026-09-16 03:59:12,degradation_rate,10.5705,-0.3267306623100934,2.4246,10.897230662310093,10.897230662310093
2026-09-16 03:59:13,degradation_rate,-5.6409,-0.2746512358740647,-2.4653,-5.3662487641259355,5.3662487641259355
2026-09-16 03:59:14,degradation_rate,3.4195,-0.05438327814557348,-0.4411,3.4738832781455735,3.4738832781455735
2026-09-16 03:59:15,degradation_rate,-2.832,-0.685183117077456,3.1747,-2.146816882922544,2.146816882922544
2026-09-16 03:59:16,degradation_rate,0.0928,0.22719159115727017,-5.4837,-0.13439159115727017,0.13439159115727017
2026-09-16 03:59:17,degradation_rate,2.9288,-0.403393050525362,3.1712,3.332193050525362,3.332193050525362
2026-09-16 03:59:18,degradation_rate,-0.2547,0.05111477639344275,-1.7947,-0.30581477639344273,0.30581477639344273
2026-09-16 03:59:19,degradation_rate,0.4877,-0.14899234992414578,0.3641,0.6366923499241458,0.6366923499241458
2026-09-16 03:59:20,degradation_rate,0.1185,-0.5113554360681949,1.3095,0.6298554360681949,0.6298554360681949
2026-09-16 03:59:21,degradation_rate,-1.2964,0.13924383261336004,-6.4293,-1.43564383261336,1.43564383261336
2026-09-16 03:59:22,degradation_rate,-6.4029,0.6339151156401801,10.5705,-7.03681511564018,7.03681511564018
2026-09-16 03:59:23,degradation_rate,6.7038,-0.6099418746238268,-5.6409,7.313741874623827,7.313741874623827
2026-09-16 03:59:24,degradation_rate,-3.2206,-0.23721255326944268,3.4195,-2.9833874467305574,2.9833874467305574
2026-09-16 03:59:25,degradation_rate,-0.7883,-0.3338421085027692,-2.832,-0.4544578914972308,0.4544578914972308
2026-09-16 03:59:26,degradation_rate,2.2071,0.4601501284707426,0.0928,1.7469498715292575,1.7469498715292575
2026-09-16 03:59:27,degradation_rate,1.8033,-0.2820032390091227,2.9288,2.0853032390091224,2.0853032390091224
2026-09-16 03:59:28,degradation_rate,-2.6866,-0.28455706036821804,-0.2547,-2.402042939631782,2.402042939631782
2026-09-16 03:59:29,degradation_rate,-0.4268,-0.06543975955223591,0.4877,-0.3613602404477641,0.3613602404477641
2026-09-16 03:59:30,degradation_rate,4.3505,-0.1652825942364009,0.1185,4.515782594236401,4.515782594236401
2026-09-16 03:59:31,degradation_rate,-3.1286,0.16329976626214293,-1.2964,-3.291899766262143,3.291899766262143
2026-09-16 03:59:32,degradation_rate,1.4158,-0.026468713361062157,-6.4029,1.442268713361062,1.442268713361062
2026-09-16 03:59:33,degradation_rate,-6.2119,-0.14785085625531824,6.7038,-6.064049143744682,6.064049143744682
2026-09-16 03:59:34,degradation_rate,2.1746,-0.08472051178195583,-3.2206,2.2593205117819557,2.2593205117819557
2026-09-16 03:59:35,degradation_rate,7.0052,-0.051121509405846144,-0.7883,7.056321509405846,7.056321509405846
2026-09-16 03:59:36,degradation_rate,-8.0194,-0.2817674026683248,2.2071,-7.737632597331674,7.737632597331674
2026-09-16 03:59:37,degradation_rate,10.875,-0.11013067691460443,1.8033,10.985130676914604,10.985130676914604
2026-09-16 03:59:38,degradation_rate,-9.0469,-0.15445392036326933,-2.6866,-8.89244607963673,8.89244607963673
2026-09-16 03:59:39,degradation_rate,2.8274,0.22893912793553567,-0.4268,2.5984608720644644,2.5984608720644644
2026-09-16 03:59:40,degradation_rate,0.9365,-0.42202044810788664,4.3505,1.3585204481078867,1.3585204481078867
2026-09-16 03:59:41,degradation_rate,-1.3221,-0.13096322995996346,-3.1286,-1.1911367700400366,1.1911367700400366
2026-09-16 03:59:42,degradation_rate,-3.7802,0.05218096008674977,1.4158,-3.8323809600867493,3.8323809600867493
2026-09-16 03:59:43,degradation_rate,7.4638,0.09516634041935745,-6.2119,7.3686336595806425,7.3686336595806425
2026-09-16 03:59:44,degradation_rate,-5.487,-0.32851423794629797,2.1746,-5.158485762053703,5.158485762053703
2026-09-16 03:59:45,degradation_rate,8.9216,-0.22945593904549266,7.0052,9.151055939045492,9.151055939045492
2026-09-16 03:59:46,degradation_rate,-10.8925,0.16865886068755565,-8.0194,-11.061158860687556,11.061158860687556
2026-09-16 03:59:47,degradation_rate,4.7112,-0.25708346766539236,10.875,4.968283467665392,4.968283467665392
2026-09-16 03:59:48,degradation_rate,1.141,-0.12225046222119573,-9.0469,1.2632504622211957,1.2632504622211957
2026-09-16 03:59:49,degradation_rate,-6.2569,-0.1319031971894038,2.8274,-6.124996802810596,6.124996802810596
2026-09-16 03:59:50,degradation_rate,2.6973,-0.2529754326763466,0.9365,2.9502754326763463,2.9502754326763463
2026-09-16 03:59:51,degradation_rate,5.8191,-0.45088904923343787,-1.3221,6.269989049233438,6.269989049233438
2026-09-16 03:59:52,degradation_rate,-7.0559,-0.07421892373818384,-3.7802,-6.981681076261816,6.981681076261816
2026-09-16 03:59:53,degradation_rate,4.4079,0.1898716620014973,7.4638,4.218028337998502,4.218028337998502
2026-09-16 03:59:54,degradation_rate,-2.0136,-0.3524624824105471,-5.487,-1.6611375175894527,1.6611375175894527
2026-09-16 03:59:55,degradation_rate,5.6849,-0.3648002247718747,8.9216,6.0497002247718745,6.0497002247718745
2026-09-16 03:59:56,degradation_rate,-2.0038,-0.42747817220791795,-10.8925,-1.576321827792082,1.576321827792082
2026-09-16 03:59:57,degradation_rate,-1.7689,-0.11645838352910332,4.7112,-1.6524416164708966,1.6524416164708966
2026-09-16 03:59:58,degradation_rate,2.655,-0.29937925786178177,1.141,2.9543792578617816,2.9543792578617816
2026-09-16 03:59:59,degradation_rate,-4.7285,0.6855511596267307,-6.2569,-5.414051159626731,5.414051159626731
2026-09-16 04:00:00,degradation_rate,-2.8447,-0.5226240877579755,2.6973,-2.3220759122420245,2.3220759122420245
2026-09-16 04:00:01,degradation_rate,5.6744,0.2202602358347976,5.8191,5.454139764165203,5.454139764165203
2026-09-16 04:00:02,degradation_rate,-0.2999,-0.0619450305923408,-7.0559,-0.2379549694076592,0.2379549694076592
2026-09-16 04:00:03,degradation_rate,-1.0337,-0.14014263683207417,4.4079,-0.8935573631679259,0.8935573631679259
2026-09-16 04:00:04,degradation_rate,0.1494,-0.143481419657298,-2.0136,0.29288141965729797,0.29288141965729797
2026-09-16 04:00:05,degradation_rate,0.4752,-0.18835747231776345,5.6849,0.6635574723177635,0.6635574723177635
2026-09-16 04:00:06,degradation_rate,2.5397,-0.15302208820089014,-2.0038,2.69272208820089,2.69272208820089
2026-09-16 04:00:07,degradation_rate,1.4976,-0.13596824528679607,-1.7689,1.6335682452867961,1.6335682452867961
2026-09-16 04:00:08,degradation_rate,-2.6253,-0.4130000180652025,2.655,-2.2122999819347977,2.2122999819347977
2026-09-16 04:00:09,degradation_rate,-0.3718,-0.10781222873769902,-4.7285,-0.263987771262301,0.263987771262301
2026-09-16 04:00:10,degradation_rate,-4.8669,0.02159423058123977,-2.8447,-4.88849423058124,4.88849423058124
2026-09-16 04:00:11,degradation_rate,3.7601,-0.07792558579629638,5.6744,3.8380255857962964,3.8380255857962964
2026-09-16 04:00:12,degradation_rate,2.3435,-0.05820170286680057,-0.2999,2.401701702866801,2.401701702866801
2026-09-16 04:00:13,degradation_rate,-7.6507,-0.2831751689078852,-1.0337,-7.367524831092115,7.367524831092115
2026-09-16 04:00:14,degradation_rate,5.4316,-0.05190000151193913,0.1494,5.483500001511939,5.483500001511939
2026-09-16 04:00:15,degradation_rate,-1.195,-0.2563069566714841,0.4752,-0.9386930433285159,0.9386930433285159
2026-09-16 04:00:16,degradation_rate,-0.3379,-0.5262644838872403,2.5397,0.18836448388724036,0.18836448388724036
2026-09-16 04:00:17,degradation_rate,-2.3414,-0.15335435011902532,1.4976,-2.1880456498809746,2.1880456498809746
2026-09-16 04:00:18,degradation_rate,0.1009,0.14279359753152487,-2.6253,-0.04189359753152487,0.04189359753152487
2026-09-16 04:00:19,degradation_rate,4.0155,0.2575354560081413,-0.3718,3.757964543991859,3.757964543991859
2026-09-16 04:00:20,degradation_rate,2.6521,0.191210241562497,-4.8669,2.460889758437503,2.460889758437503
2026-09-16 04:00:21,degradation_rate,-3.1976,-0.115007613185369,3.7601,-3.082592386814631,3.082592386814631
2026-09-16 04:00:22,degradation_rate,-3.8427,0.011692883856130543,2.3435,-3.8543928838561303,3.8543928838561303
2026-09-16 04:00:23,degradation_rate,1.9843,-0.2091770266546238,-7.6507,2.193477026654624,2.193477026654624
2026-09-16 04:00:24,degradation_rate,1.716,0.10915970438091449,5.4316,1.6068402956190855,1.6068402956190855
2026-09-16 04:00:25,degradation_rate,-2.3144,-0.2714018214149886,-1.195,-2.0429981785850115,2.0429981785850115
2026-09-16 04:00:26,degradation_rate,1.759,0.053911217377608345,-0.3379,1.7050887826223915,1.7050887826223915
2026-09-16 04:00:27,degradation_rate,2.2262,-0.5215709866617153,-2.3414,2.747770986661715,2.747770986661715
2026-09-16 04:00:28,degradation_rate,-5.3528,-0.06219880778356214,0.1009,-5.290601192216438,5.290601192216438
2026-09-16 04:00:29,degradation_rate,3.1613,-0.44250982043239606,4.0155,3.6038098204323963,3.6038098204323963
2026-09-16 04:00:30,degradation_rate,2.3811,-0.20073899443054932,2.6521,2.5818389944305493,2.5818389944305493
2026-09-16 04:00:31,degradation_rate,1.4827,0.22614416834760043,-3.1976,1.2565558316523995,1.2565558316523995
2026-09-16 04:00:32,degradation_rate,-5.9398,-0.5852617916590863,-3.8427,-5.354538208340914,5.354538208340914
2026-09-16 04:00:33,degradation_rate,-0.0183,0.17663922169944457,1.9843,-0.19493922169944458,0.19493922169944458
2026-09-16 04:00:34,degradation_rate,2.1615,0.2796768633362787,1.716,1.8818231366637215,1.8818231366637215
2026-09-16 04:00:35,degradation_rate,-0.1226,-0.5191206087344591,-2.3144,0.3965206087344591,0.3965206087344591
2026-09-16 04:00:36,degradation_rate,-5.3693,-0.25682734266046436,1.759,-5.112472657339536,5.112472657339536
2026-09-16 04:00:37,degradation_rate,0.7414,-0.3133410990671086,2.2262,1.0547410990671087,1.0547410990671087
2026-09-16 04:00:38,degradation_rate,3.0072,0.25527610012668145,-5.3528,2.7519238998733186,2.7519238998733186
2026-09-16 04:00:39,degradation_rate,0.2381,-0.23716109042587252,3.1613,0.4752610904258725,0.4752610904258725
2026-09-16 04:00:40,degradation_rate,1.9292,0.08061743511957786,2.3811,1.8485825648804222,1.8485825648804222
2026-09-16 04:00:41,degradation_rate,-0.9742,-0.8617713588645071,1.4827,-0.11242864113549289,0.11242864113549289
2026-09-16 04:00:42,degradation_rate,0.1757,-0.1067304600762009,-5.9398,0.2824304600762009,0.2824304600762009
2026-09-16 04:00:43,degradation_rate,-1.0547,-0.11102316019451933,-0.0183,-0.9436768398054807,0.9436768398054807
2026-09-16 04:00:44,degradation_rate,-0.8398,-0.107946282760925,2.1615,-0.731853717239075,0.731853717239075
2026-09-16 04:00:45,degradation_rate,1.9189,0.00047791980306327586,-0.1226,1.9184220801969367,1.9184220801969367
2026-09-16 04:00:46,degradation_rate,-4.4632,-0.0808688493932701,-5.3693,-4.3823311506067295,4.3823311506067295
2026-09-16 04:00:47,degradation_rate,4.225,-0.08052170442242257,0.7414,4.305521704422422,4.305521704422422
2026-09-16 04:00:48,degradation_rate,-0.9662,-0.21083645257486516,3.0072,-0.7553635474251348,0.7553635474251348
2026-09-16 04:00:49,degradation_rate,0.0005,-0.17408267692572624,0.2381,0.17458267692572624,0.17458267692572624
2026-09-16 04:00:50,degradation_rate,5.3389,-0.640520872940116,1.9292,5.979420872940116,5.979420872940116
2026-09-16 04:00:51,degradation_rate,-5.5725,-0.04493627844638681,-0.9742,-5.527563721553613,5.527563721553613
2026-09-16 04:00:52,degradation_rate,5.5229,-0.5006180039909406,0.1757,6.02351800399094,6.02351800399094
2026-09-16 04:00:53,degradation_rate,-1.9785,0.08886230396826922,-1.0547,-2.0673623039682694,2.0673623039682694
2026-09-16 04:00:54,degradation_rate,-1.1493,0.18946053237388571,-0.8398,-1.3387605323738856,1.3387605323738856
2026-09-16 04:00:55,degradation_rate,-6.9162,-0.7123791440325979,1.9189,-6.203820855967402,6.203820855967402
2026-09-16 04:00:56,degradation_rate,4.4874,0.3599454583543853,-4.4632,4.127454541645615,4.127454541645615
2026-09-16 04:00:57,degradation_rate,2.8892,-0.01158087187090917,4.225,2.9007808718709094,2.9007808718709094
2026-09-16 04:00:58,degradation_rate,-2.0062,0.0684704371851359,-0.9662,-2.0746704371851363,2.0746704371851363
2026-09-16 04:00:59,degradation_rate,-0.6597,-0.13639438873051915,0.0005,-0.5233056112694808,0.5233056112694808
2026-09-16 04:01:00,degradation_rate,-3.3801,-0.644290917245856,5.3389,-2.735809082754144,2.735809082754144
2026-09-16 04:01:01,degradation_rate,-0.65,-0.39842216277857023,-5.5725,-0.2515778372214298,0.2515778372214298
2026-09-16 04:01:02,degradation_rate,4.2252,-0.49230572938830175,5.5229,4.717505729388302,4.717505729388302
2026-09-16 04:01:03,degradation_rate,1.9278,-0.17373574395419822,-1.9785,2.101535743954198,2.101535743954198
2026-09-16 04:01:04,degradation_rate,-0.264,-0.162049666112422,-1.1493,-0.10195033388757802,0.10195033388757802
2026-09-16 04:01:05,degradation_rate,2.2437,-0.15913861698120524,-6.9162,2.4028386169812053,2.4028386169812053
2026-09-16 04:01:06,degradation_rate,1.0956,0.5965285512559491,4.4874,0.49907144874405085,0.49907144874405085
2026-09-16 04:01:07,degradation_rate,-8.0483,-0.04156004600365781,2.8892,-8.006739953996341,8.006739953996341
2026-09-16 04:01:08,degradation_rate,4.3141,-0.20960160906129532,-2.0062,4.523701609061295,4.523701609061295
2026-09-16 04:01:09,degradation_rate,-1.6645,-0.24425630508429835,-0.6597,-1.4202436949157018,1.4202436949157018
2026-09-16 04:01:10,degradation_rate,0.2558,0.036041426726794334,-3.3801,0.2197585732732057,0.2197585732732057
2026-09-16 04:01:11,degradation_rate,-1.6311,0.18572441359038938,-0.65,-1.8168244135903895,1.8168244135903895
2026-09-16 04:01:12,degradation_rate,6.802,-0.6328651127800198,4.2252,7.434865112780019,7.434865112780019
2026-09-16 04:01:13,degradation_rate,-5.4607,-0.12543045496128968,1.9278,-5.33526954503871,5.33526954503871
2026-09-16 04:01:14,degradation_rate,4.3701,-0.7474125058104009,-0.264,5.117512505810401,5.117512505810401
2026-09-16 04:01:15,degradation_rate,-4.2938,0.4350683145810379,2.2437,-4.728868314581038,4.728868314581038
2026-09-16 04:01:16,degradation_rate,5.1322,0.11300171222869726,1.0956,5.019198287771303,5.019198287771303
2026-09-16 04:01:17,degradation_rate,-6.2857,-0.34119781927070036,-8.0483,-5.9445021807293,5.9445021807293
2026-09-16 04:01:18,degradation_rate,-1.9001,-0.24429391227628106,4.3141,-1.6558060877237188,1.6558060877237188
2026-09-16 04:01:19,degradation_rate,5.1293,-0.271690319712818,-1.6645,5.400990319712818,5.400990319712818
2026-09-16 04:01:20,degradation_rate,-4.4451,0.09219944872461511,0.2558,-4.537299448724615,4.537299448724615
2026-09-16 04:01:21,degradation_rate,6.4612,-0.4624028679254142,-1.6311,6.923602867925414,6.923602867925414
2026-09-16 04:01:22,degradation_rate,-4.1493,0.0779503609786536,6.802,-4.227250360978654,4.227250360978654
2026-09-16 04:01:23,degradation_rate,5.9174,-0.6897649063048403,-5.4607,6.60716490630484,6.60716490630484
2026-09-16 04:01:24,degradation_rate,-3.2018,-0.02931712705496281,4.3701,-3.172482872945037,3.172482872945037
2026-09-16 04:01:25,degradation_rate,2.1461,-0.30003573744487344,-4.2938,2.4461357374448736,2.4461357374448736
2026-09-16 04:01:26,degradation_rate,0.6983,-0.4855597747307465,5.1322,1.1838597747307467,1.1838597747307467
2026-09-16 04:01:27,degradation_rate,-4.8982,0.3536749136948014,-6.2857,-5.2518749136948015,5.2518749136948015
2026-09-16 04:01:28,degradation_rate,-0.6703,-0.12566231825063778,-1.9001,-0.5446376817493622,0.5446376817493622
2026-09-16 04:01:29,degradation_rate,5.0425,-0.12662123232177347,5.1293,5.169121232321774,5.169121232321774
2026-09-16 04:01:30,degradation_rate,-8.4453,0.04644338232450451,-4.4451,-8.491743382324504,8.491743382324504
2026-09-16 04:01:31,degradation_rate,4.3004,-0.1380791908967236,6.4612,4.438479190896723,4.438479190896723
2026-09-16 04:01:32,degradation_rate,-0.7686,-0.07881242714016778,-4.1493,-0.6897875728598322,0.6897875728598322
2026-09-16 04:01:33,degradation_rate,3.1048,-0.057980329070037584,5.9174,3.1627803290700376,3.1627803290700376
2026-09-16 04:01:34,degradation_rate,1.8253,-0.16707460238249006,-3.2018,1.99237460238249,1.99237460238249
2026-09-16 04:01:35,degradation_rate,-3.1326,-0.1978518500056543,2.1461,-2.9347481499943457,2.9347481499943457
2026-09-16 04:01:36,degradation_rate,0.3391,-0.3891724013695367,0.6983,0.7282724013695367,0.7282724013695367
2026-09-16 04:01:37,degradation_rate,1.2297,-0.16343095682609832,-4.8982,1.3931309568260983,1.3931309568260983
2026-09-16 04:01:38,degradation_rate,-4.9334,0.13974153396456468,-0.6703,-5.073141533964565,5.073141533964565
2026-09-16 04:01:39,degradation_rate,5.2032,-0.0715762560035147,5.0425,5.2747762560035145,5.2747762560035145
2026-09-16 04:01:40,degradation_rate,-7.6931,-0.06259198771895491,-8.4453,-7.630508012281045,7.630508012281045
2026-09-16 04:01:41,degradation_rate,5.5129,0.0063356565009300425,4.3004,5.50656434349907,5.50656434349907
2026-09-16 04:01:42,degradation_rate,-1.3481,0.11275978161803135,-0.7686,-1.4608597816180313,1.4608597816180313
2026-09-16 04:01:43,degradation_rate,0.4973,-0.40629813634802225,3.1048,0.9035981363480223,0.9035981363480223
2026-09-16 04:01:44,degradation_rate,-2.2299,-0.6416709003825414,1.8253,-1.5882290996174588,1.5882290996174588
2026-09-16 04:01:45,degradation_rate,0.3981,0.06614080563688063,-3.1326,0.3319591943631194,0.3319591943631194
2026-09-16 04:01:46,degradation_rate,1.5447,-0.28668400013289214,0.3391,1.831384000132892,1.831384000132892
2026-09-16 04:01:47,degradation_rate,1.2898,-0.1686676683472761,1.2297,1.4584676683472761,1.4584676683472761
2026-09-16 04:01:48,degradation_rate,-0.6109,-0.07759659762728077,-4.9334,-0.5333034023727192,0.5333034023727192
2026-09-16 04:01:49,degradation_rate,-4.2008,-0.08214118076007804,5.2032,-4.118658819239922,4.118658819239922
2026-09-16 04:01:50,degradation_rate,6.274,-0.38177405142873155,-7.6931,6.655774051428732,6.655774051428732
2026-09-16 04:01:51,degradation_rate,-5.1615,0.4233987080452595,5.5129,-5.58489870804526,5.58489870804526
2026-09-16 04:01:52,degradation_rate,5.577,-0.5062703232591964,-1.3481,6.083270323259196,6.083270323259196
2026-09-16 04:01:53,degradation_rate,2.6085,0.1034916705052975,0.4973,2.5050083294947023,2.5050083294947023
2026-09-16 04:01:54,degradation_rate,-8.2227,-0.6069929254310924,-2.2299,-7.615707074568907,7.615707074568907
2026-09-16 04:01:55,degradation_rate,3.98,-0.12280513151242234,0.3981,4.102805131512422,4.102805131512422
2026-09-16 04:01:56,degradation_rate,-1.7815,-0.0737478280742192,1.5447,-1.7077521719257809,1.7077521719257809
2026-09-16 04:01:57,degradation_rate,-3.8422,-0.7446814579055645,1.2898,-3.0975185420944356,3.0975185420944356
2026-09-16 04:01:58,degradation_rate,0.0134,0.4880161562317753,-0.6109,-0.4746161562317753,0.4746161562317753
2026-09-16 04:01:59,degradation_rate,7.8993,-0.33894949404374985,-4.2008,8.23824949404375,8.23824949404375
2026-09-16 04:02:00,degradation_rate,0.6778,0.19911825641109537,6.274,0.4786817435889046,0.4786817435889046
2026-09-16 04:02:01,degradation_rate,-2.969,-0.11840568893741388,-5.1615,-2.850594311062586,2.850594311062586
2026-09-16 04:02:02,degradation_rate,-0.12,0.0402723360119408,5.577,-0.1602723360119408,0.1602723360119408
2026-09-16 04:02:03,degradation_rate,0.0189,-0.3503159647008527,2.6085,0.3692159647008527,0.3692159647008527
2026-09-16 04:02:04,degradation_rate,-5.9583,0.1358933505403801,-8.2227,-6.0941933505403805,6.0941933505403805
2026-09-16 04:02:05,degradation_rate,6.0193,-0.1522806415581397,3.98,6.1715806415581405,6.1715806415581405
2026-09-16 04:02:06,degradation_rate,-1.11,0.036494358623361256,-1.7815,-1.1464943586233614,1.1464943586233614
2026-09-16 04:02:07,degradation_rate,4.4897,-0.16150515938355836,-3.8422,4.651205159383558,4.651205159383558
2026-09-16 04:02:08,degradation_rate,-2.5939,-0.04791667627664696,0.0134,-2.545983323723353,2.545983323723353
2026-09-16 04:02:09,degradation_rate,-4.3911,-0.1545989915465409,7.8993,-4.236501008453459,4.236501008453459
2026-09-16 04:02:10,degradation_rate,4.8557,0.3126721050681834,0.6778,4.543027894931816,4.543027894931816
2026-09-16 04:02:11,degradation_rate,-3.555,-0.25219084898642397,-2.969,-3.302809151013576,3.302809151013576
2026-09-16 04:02:12,degradation_rate,-3.6173,-0.2978613463490154,-0.12,-3.319438653650985,3.319438653650985
2026-09-16 04:02:13,degradation_rate,3.2287,-0.2646622136978629,0.0189,3.493362213697863,3.493362213697863
2026-09-16 04:02:14,degradation_rate,-0.4356,0.045781468210543075,-5.9583,-0.48138146821054306,0.48138146821054306
2026-09-16 04:02:15,degradation_rate,2.5061,0.3435904424213465,6.0193,2.1625095575786535,2.1625095575786535
2026-09-16 04:02:16,degradation_rate,1.8197,-0.3318648303176621,-1.11,2.151564830317662,2.151564830317662
2026-09-16 04:02:17,degradation_rate,-2.003,-0.35909844608297004,4.4897,-1.64390155391703,1.64390155391703
2026-09-16 04:02:18,degradation_rate,0.5454,-0.031880520281039715,-2.5939,0.5772805202810397,0.5772805202810397
2026-09-16 04:02:19,degradation_rate,-2.0352,0.47059808184577445,-4.3911,-2.5057980818457746,2.5057980818457746
2026-09-16 04:02:20,degradation_rate,0.9975,-0.11639907335050115,4.8557,1.1138990733505012,1.1138990733505012
2026-09-16 04:02:21,degradation_rate,-0.2946,-0.24528811136030138,-3.555,-0.0493118886396986,0.0493118886396986
2026-09-16 04:02:22,degradation_rate,1.6699,-0.0037192283027365214,-3.6173,1.6736192283027365,1.6736192283027365
2026-09-16 04:02:23,degradation_rate,1.5344,-0.10719712481362276,3.2287,1.6415971248136227,1.6415971248136227
2026-09-16 04:02:24,degradation_rate,-6.8711,-0.22190754906086937,-0.4356,-6.649192450939131,6.649192450939131
2026-09-16 04:02:25,degradation_rate,1.4267,0.10343004819719015,2.5061,1.32326995180281,1.32326995180281
2026-09-16 04:02:26,degradation_rate,-1.6465,-0.4794291255227967,1.8197,-1.1670708744772034,1.1670708744772034
2026-09-16 04:02:27,degradation_rate,7.5831,-0.01870232686706741,-2.003,7.601802326867068,7.601802326867068
2026-09-16 04:02:28,degradation_rate,-9.4045,-0.4982293418421583,0.5454,-8.906270658157842,8.906270658157842
2026-09-16 04:02:29,degradation_rate,1.7312,-0.2604717086383137,-2.0352,1.9916717086383138,1.9916717086383138
2026-09-16 04:02:30,degradation_rate,9.5094,-0.03339052457982339,0.9975,9.542790524579823,9.542790524579823
2026-09-16 04:02:31,degradation_rate,-6.0856,-0.15914072316591057,-0.2946,-5.926459276834089,5.926459276834089
2026-09-16 04:02:32,degradation_rate,2.9988,0.3074006450650133,1.6699,2.691399354934987,2.691399354934987
2026-09-16 04:02:33,degradation_rate,3.2239,0.00038756855580968086,1.5344,3.22351243144419,3.22351243144419
2026-09-16 04:02:34,degradation_rate,-3.9032,-0.1098485024022482,-6.8711,-3.793351497597752,3.793351497597752
2026-09-16 04:02:35,degradation_rate,-3.7656,0.03763660975812022,1.4267,-3.8032366097581205,3.8032366097581205
2026-09-16 04:02:36,degradation_rate,0.9846,0.06630671249568065,-1.6465,0.9182932875043194,0.9182932875043194
2026-09-16 04:02:37,degradation_rate,1.1207,0.041508905613686586,7.5831,1.0791910943863134,1.0791910943863134
2026-09-16 04:02:38,degradation_rate,0.2768,-0.2820772169581005,-9.4045,0.5588772169581004,0.5588772169581004
2026-09-16 04:02:39,degradation_rate,3.6528,0.11816360926579272,1.7312,3.5346363907342075,3.5346363907342075
2026-09-16 04:02:40,degradation_rate,-5.7372,-0.618315849269619,9.5094,-5.118884150730381,5.118884150730381
2026-09-16 04:02:41,degradation_rate,2.7421,0.009206903742172479,-6.0856,2.7328930962578277,2.7328930962578277
2026-09-16 04:02:42,degradation_rate,0.2398,-0.21346632884539885,2.9988,0.45326632884539886,0.45326632884539886
2026-09-16 04:02:43,degradation_rate,5.2565,0.18867654754361896,3.2239,5.0678234524563806,5.0678234524563806
2026-09-16 04:02:44,degradation_rate,-1.7031,-0.5503023059100021,-3.9032,-1.152797694089998,1.152797694089998
2026-09-16 04:02:45,degradation_rate,-5.1386,-0.007188641689183761,-3.7656,-5.1314113583108165,5.1314113583108165
2026-09-16 04:02:46,degradation_rate,0.4001,0.18545682546052467,0.9846,0.21464317453947535,0.21464317453947535
2026-09-16 04:02:47,degradation_rate,-4.4769,0.29836729406072005,1.1207,-4.77526729406072,4.77526729406072
2026-09-16 04:02:48,degradation_rate,1.7934,-0.18566602501230212,0.2768,1.9790660250123022,1.9790660250123022
2026-09-16 04:02:49,degradation_rate,3.6194,-0.01271676189757498,3.6528,3.632116761897575,3.632116761897575
2026-09-16 04:02:50,degradation_rate,-1.9633,-0.19063686636830734,-5.7372,-1.7726631336316927,1.7726631336316927
2026-09-16 04:02:51,degradation_rate,3.0172,-0.22569634914653403,2.7421,3.242896349146534,3.242896349146534
2026-09-16 04:02:52,degradation_rate,-2.4843,-0.5358821919910212,0.2398,-1.948417808008979,1.948417808008979
2026-09-16 04:02:53,degradation_rate,-3.6334,-0.24098914651608894,5.2565,-3.392410853483911,3.392410853483911
2026-09-16 04:02:54,degradation_rate,11.6313,-0.38134273620442016,-1.7031,12.01264273620442,12.01264273620442
2026-09-16 04:02:55,degradation_rate,-8.263,0.052006392197387896,-5.1386,-8.315006392197388,8.315006392197388
2026-09-16 04:02:56,degradation_rate,0.7224,0.16987101331893173,0.4001,0.5525289866810683,0.5525289866810683
2026-09-16 04:02:57,degradation_rate,1.9192,-0.4037660081402814,-4.4769,2.3229660081402814,2.3229660081402814
2026-09-16 04:02:58,degradation_rate,0.4128,0.6727505095527355,1.7934,-0.2599505095527355,0.2599505095527355
2026-09-16 04:02:59,degradation_rate,0.9306,0.15200470572862246,3.6194,0.7785952942713775,0.7785952942713775
2026-09-16 04:03:00,degradation_rate,-6.5897,-0.13607159051194717,-1.9633,-6.4536284094880525,6.4536284094880525
2026-09-16 04:03:01,degradation_rate,2.4552,-0.3414880333594432,3.0172,2.7966880333594433,2.7966880333594433
2026-09-16 04:03:02,degradation_rate,5.4647,-0.0597067696041349,-2.4843,5.524406769604134,5.524406769604134
2026-09-16 04:03:03,degradation_rate,-6.2811,0.08334374690364577,-3.6334,-6.364443746903646,6.364443746903646
2026-09-16 04:03:04,degradation_rate,-0.0699,-0.7552309362466989,11.6313,0.6853309362466989,0.6853309362466989
2026-09-16 04:03:05,degradation_rate,0.6453,-0.15109423674817535,-8.263,0.7963942367481753,0.7963942367481753
2026-09-16 04:03:06,degradation_rate,4.0208,0.3671327427535731,0.7224,3.6536672572464273,3.6536672572464273
2026-09-16 04:03:07,degradation_rate,-3.6495,-0.24088783710877992,1.9192,-3.4086121628912203,3.4086121628912203
2026-09-16 04:03:08,degradation_rate,0.3324,0.19109418403754327,0.4128,0.1413058159624567,0.1413058159624567
2026-09-16 04:03:09,degradation_rate,-1.3358,-0.7503071149369441,0.9306,-0.585492885063056,0.585492885063056
2026-09-16 04:03:10,degradation_rate,1.7459,0.1352593192952476,-6.5897,1.6106406807047524,1.6106406807047524
2026-09-16 04:03:11,degradation_rate,4.6675,0.28485896616514816,2.4552,4.382641033834853,4.382641033834853
2026-09-16 04:03:12,degradation_rate,-6.9044,-0.0855927541172834,5.4647,-6.8188072458827165,6.8188072458827165
2026-09-16 04:03:13,degradation_rate,1.1854,-0.08906001686026332,-6.2811,1.2744600168602633,1.2744600168602633
2026-09-16 04:03:14,degradation_rate,4.8421,0.035132912693985524,-0.0699,4.806967087306015,4.806967087306015
2026-09-16 04:03:15,degradation_rate,0.4384,-0.3198966115970663,0.6453,0.7582966115970663,0.7582966115970663
2026-09-16 04:03:16,degradation_rate,-1.244,0.02491440764370223,4.0208,-1.2689144076437022,1.2689144076437022
2026-09-16 04:03:17,degradation_rate,0.5588,-0.08649326951462832,-3.6495,0.6452932695146283,0.6452932695146283
2026-09-16 04:03:18,degradation_rate,-2.1829,-0.3698300570009824,0.3324,-1.8130699429990176,1.8130699429990176
2026-09-16 04:03:19,degradation_rate,-4.5796,-0.094560124550082,-1.3358,-4.485039875449918,4.485039875449918
2026-09-16 04:03:20,degradation_rate,7.0764,-0.6836379724405097,1.7459,7.760037972440509,7.760037972440509
2026-09-16 04:03:21,degradation_rate,1.1354,-0.2644336823500666,4.6675,1.3998336823500666,1.3998336823500666
2026-09-16 04:03:22,degradation_rate,-5.1155,0.06468397888242716,-6.9044,-5.180183978882427,5.180183978882427
2026-09-16 04:03:23,degradation_rate,0.7425,-0.3109305141821881,1.1854,1.053430514182188,1.053430514182188
2026-09-16 04:03:24,degradation_rate,-1.489,-0.260202704219358,4.8421,-1.2287972957806421,1.2287972957806421
2026-09-16 04:03:25,degradation_rate,1.8396,0.16026852958633186,0.4384,1.679331470413668,1.679331470413668
2026-09-16 04:03:26,degradation_rate,-4.5625,-0.345528821674292,-1.244,-4.216971178325708,4.216971178325708
2026-09-16 04:03:27,degradation_rate,11.21,0.07297470821790647,0.5588,11.137025291782095,11.137025291782095
2026-09-16 04:03:28,degradation_rate,-6.5501,-0.3551645976367137,-2.1829,-6.194935402363286,6.194935402363286
2026-09-16 04:03:29,degradation_rate,-4.6909,0.6484251084989872,-4.5796,-5.339325108498987,5.339325108498987
2026-09-16 04:03:30,degradation_rate,2.6273,-0.21280957083234675,7.0764,2.8401095708323467,2.8401095708323467
2026-09-16 04:03:31,degradation_rate,-0.3251,-0.11761147111751957,1.1354,-0.20748852888248043,0.20748852888248043
2026-09-16 04:03:32,degradation_rate,4.9655,-0.055948347596231685,-5.1155,5.021448347596231,5.021448347596231
2026-09-16 04:03:33,degradation_rate,-3.7126,0.0852001636641373,0.7425,-3.7978001636641374,3.7978001636641374
2026-09-16 04:03:34,degradation_rate,-2.5296,-0.05044219322623489,-1.489,-2.479157806773765,2.479157806773765
2026-09-16 04:03:35,degradation_rate,4.1462,-0.09820845332612094,1.8396,4.2444084533261215,4.2444084533261215
2026-09-16 04:03:36,degradation_rate,-3.4851,-0.39089894471151965,-4.5625,-3.0942010552884804,3.0942010552884804
2026-09-16 04:03:37,degradation_rate,6.7616,0.03050649608918654,11.21,6.731093503910813,6.731093503910813
2026-09-16 04:03:38,degradation_rate,-9.3616,-0.4811823305101637,-6.5501,-8.880417669489836,8.880417669489836
2026-09-16 04:03:39,degradation_rate,13.0932,0.38062927488107334,-4.6909,12.712570725118926,12.712570725118926
2026-09-16 04:03:40,degradation_rate,-15.941,-0.26200616162269963,2.6273,-15.678993838377302,15.678993838377302
2026-09-16 04:03:41,degradation_rate,5.6327,0.2045786634651055,-0.3251,5.428121336534894,5.428121336534894
2026-09-16 04:03:42,degradation_rate,4.0356,-0.19964263748421374,4.9655,4.235242637484213,4.235242637484213
2026-09-16 04:03:43,degradation_rate,-3.3013,-0.14310781208436696,-3.7126,-3.158192187915633,3.158192187915633
2026-09-16 04:03:44,degradation_rate,0.1282,0.14615682495913207,-2.5296,-0.01795682495913206,0.01795682495913206
2026-09-16 04:03:45,degradation_rate,-7.0534,-0.3332689066012007,4.1462,-6.720131093398799,6.720131093398799
2026-09-16 04:03:46,degradation_rate,6.6953,-0.022949410133237702,-3.4851,6.718249410133238,6.718249410133238
2026-09-16 04:03:47,degradation_rate,-3.0609,-0.1295830365183095,6.7616,-2.9313169634816907,2.9313169634816907
2026-09-16 04:03:48,degradation_rate,5.9943,-0.54624618783272,-9.3616,6.54054618783272,6.54054618783272
2026-09-16 04:03:49,degradation_rate,-0.9018,0.4150230789591909,13.0932,-1.316823078959191,1.316823078959191
2026-09-16 04:03:50,degradation_rate,-1.3066,0.13380951778551342,-15.941,-1.4404095177855134,1.4404095177855134
2026-09-16 04:03:51,degradation_rate,2.1818,-0.16374530780871233,5.6327,2.3455453078087123,2.3455453078087123
2026-09-16 04:03:52,degradation_rate,-1.5123,0.15138551168954084,4.0356,-1.6636855116895408,1.6636855116895408
2026-09-16 04:03:53,degradation_rate,1.9676,0.11925474530091273,-3.3013,1.8483452546990873,1.8483452546990873
2026-09-16 04:03:54,degradation_rate,-1.1768,-0.16970163053292567,0.1282,-1.0070983694670743,1.0070983694670743
2026-09-16 04:03:55,degradation_rate,-3.3313,0.23732332877083362,-7.0534,-3.5686233287708338,3.5686233287708338
2026-09-16 04:03:56,degradation_rate,8.0773,0.29936153699887225,6.6953,7.777938463001127,7.777938463001127
2026-09-16 04:03:57,degradation_rate,-7.4461,-0.3767098468882426,-3.0609,-7.069390153111758,7.069390153111758
2026-09-16 04:03:58,degradation_rate,3.9668,-0.44450811687127345,5.9943,4.4113081168712736,4.4113081168712736
2026-09-16 04:03:59,degradation_rate,-3.1327,-0.4868681892826523,-0.9018,-2.6458318107173477,2.6458318107173477
2026-09-16 04:04:00,degradation_rate,-0.6439,0.026247704251100457,-1.3066,-0.6701477042511005,0.6701477042511005
2026-09-16 04:04:01,degradation_rate,5.1276,-0.391445046986163,2.1818,5.519045046986163,5.519045046986163
2026-09-16 04:04:02,degradation_rate,-0.496,-0.22834233624017153,-1.5123,-0.26765766375982847,0.26765766375982847
2026-09-16 04:04:03,degradation_rate,-4.2051,0.0030339646146786414,1.9676,-4.208133964614678,4.208133964614678
2026-09-16 04:04:04,degradation_rate,0.5263,-0.22457771893320788,-1.1768,0.7508777189332079,0.7508777189332079
2026-09-16 04:04:05,degradation_rate,6.0424,-0.0745321247315216,-3.3313,6.116932124731521,6.116932124731521
2026-09-16 04:04:06,degradation_rate,-2.6232,0.22721802301516814,8.0773,-2.8504180230151683,2.8504180230151683
2026-09-16 04:04:07,degradation_rate,-3.9327,-0.20109424590712965,-7.4461,-3.7316057540928704,3.7316057540928704
2026-09-16 04:04:08,degradation_rate,1.9198,0.4280576902185551,3.9668,1.4917423097814448,1.4917423097814448
2026-09-16 04:04:09,degradation_rate,-1.729,-0.4890426583800962,-3.1327,-1.239957341619904,1.239957341619904
2026-09-16 04:04:10,degradation_rate,-0.204,-0.02554740930078736,-0.6439,-0.17845259069921263,0.17845259069921263
2026-09-16 04:04:11,degradation_rate,4.4318,0.18471984244447626,5.1276,4.247080157555524,4.247080157555524
2026-09-16 04:04:12,degradation_rate,5.358,-0.4303041105324854,-0.496,5.788304110532485,5.788304110532485
2026-09-16 04:04:13,degradation_rate,-14.1539,-0.18489261616967134,-4.2051,-13.969007383830329,13.969007383830329
2026-09-16 04:04:14,degradation_rate,4.4721,-0.36869962795329647,0.5263,4.840799627953297,4.840799627953297
2026-09-16 04:04:15,degradation_rate,1.9905,-0.06644635382698194,6.0424,2.056946353826982,2.056946353826982
2026-09-16 04:04:16,degradation_rate,3.8755,-0.0973418254240892,-2.6232,3.9728418254240894,3.9728418254240894
2026-09-16 04:04:17,degradation_rate,-5.2142,-0.48344296069900317,-3.9327,-4.730757039300997,4.730757039300997
2026-09-16 04:04:18,degradation_rate,-2.2939,0.03242648919064073,1.9198,-2.326326489190641,2.326326489190641
2026-09-16 04:04:19,degradation_rate,4.7058,-0.6928992788570612,-1.729,5.398699278857061,5.398699278857061
2026-09-16 04:04:20,degradation_rate,-5.2833,0.09986918910635781,-0.204,-5.383169189106358,5.383169189106358
2026-09-16 04:04:21,degradation_rate,5.2532,0.2670627339384133,4.4318,4.986137266061586,4.986137266061586
2026-09-16 04:04:22,degradation_rate,-3.7814,-0.38522578968722154,5.358,-3.3961742103127786,3.3961742103127786
2026-09-16 04:04:23,degradation_rate,3.6607,-0.49490212592781724,-14.1539,4.1556021259278175,4.1556021259278175
2026-09-16 04:04:24,degradation_rate,-2.5245,-0.028814741489752826,4.4721,-2.4956852585102474,2.4956852585102474
2026-09-16 04:04:25,degradation_rate,5.0639,0.18057796792984115,1.9905,4.88332203207016,4.88332203207016
2026-09-16 04:04:26,degradation_rate,-8.7037,-0.16829268163253586,3.8755,-8.535407318367463,8.535407318367463
2026-09-16 04:04:27,degradation_rate,6.1176,0.07786115224736889,-5.2142,6.0397388477526315,6.0397388477526315
2026-09-16 04:04:28,degradation_rate,-3.9171,-0.20724622415216576,-2.2939,-3.7098537758478343,3.7098537758478343
2026-09-16 04:04:29,degradation_rate,24.2174,-0.1262745623612913,4.7058,24.343674562361294,24.343674562361294
2026-09-16 04:04:30,degradation_rate,-8.1515,-0.2808242182930769,-5.2833,-7.8706757817069235,7.8706757817069235
2026-09-16 04:04:31,degradation_rate,-0.544,-0.2997405107827671,5.2532,-0.24425948921723295,0.24425948921723295
2026-09-16 04:04:32,degradation_rate,-2.2325,-0.22317945308633735,-3.7814,-2.0093205469136626,2.0093205469136626
2026-09-16 04:04:33,degradation_rate,7.9278,0.008438483869667834,3.6607,7.919361516130333,7.919361516130333
2026-09-16 04:04:34,degradation_rate,-5.9823,0.43917006841383,-2.5245,-6.42147006841383,6.42147006841383
2026-09-16 04:04:35,degradation_rate,3.5409,-0.3971872967786938,5.0639,3.938087296778694,3.938087296778694
2026-09-16 04:04:36,degradation_rate,-3.7465,-0.578693824284894,-8.7037,-3.167806175715106,3.167806175715106
2026-09-16 04:04:37,degradation_rate,4.1185,0.08082703809103364,6.1176,4.037672961908966,4.037672961908966
2026-09-16 04:04:38,degradation_rate,-0.2314,-0.1694323763026535,-3.9171,-0.061967623697346486,0.061967623697346486
2026-09-16 04:04:39,degradation_rate,-0.0472,-0.1372924290826525,24.2174,0.0900924290826525,0.0900924290826525
2026-09-16 04:04:40,degradation_rate,-0.1708,-0.21995806883654812,-8.1515,0.04915806883654811,0.04915806883654811
2026-09-16 04:04:41,degradation_rate,-3.5603,-0.5101110513968109,-0.544,-3.050188948603189,3.050188948603189
2026-09-16 04:04:42,degradation_rate,2.0423,-0.4333758204186269,-2.2325,2.475675820418627,2.475675820418627
2026-09-16 04:04:43,degradation_rate,-4.2719,0.2790019005993223,7.9278,-4.550901900599322,4.550901900599322
2026-09-16 04:04:44,degradation_rate,-2.6401,0.43811618302884003,-5.9823,-3.07821618302884,3.07821618302884
2026-09-16 04:04:45,degradation_rate,8.8706,-0.857399073101559,3.5409,9.727999073101559,9.727999073101559
2026-09-16 04:04:46,degradation_rate,-1.1118,-0.41782857333515944,-3.7465,-0.6939714266648405,0.6939714266648405
2026-09-16 04:04:47,degradation_rate,-2.5459,0.004598943057113836,4.1185,-2.550498943057114,2.550498943057114
2026-09-16 04:04:48,degradation_rate,2.1586,-0.05333710791080784,-0.2314,2.2119371079108077,2.2119371079108077
2026-09-16 04:04:49,degradation_rate,1.9762,-0.6614374010544777,-0.0472,2.6376374010544774,2.6376374010544774
2026-09-16 04:04:50,degradation_rate,-3.0898,-0.6117186595942518,-0.1708,-2.478081340405748,2.478081340405748
2026-09-16 04:04:51,degradation_rate,1.0358,-0.47119186633817467,-3.5603,1.5069918663381747,1.5069918663381747
2026-09-16 04:04:52,degradation_rate,-3.6745,-0.656888526251568,2.0423,-3.017611473748432,3.017611473748432
2026-09-16 04:04:53,degradation_rate,2.3218,-0.03045240785401848,-4.2719,2.3522524078540186,2.3522524078540186
2026-09-16 04:04:54,degradation_rate,-3.4961,-0.14517769534788405,-2.6401,-3.350922304652116,3.350922304652116
2026-09-16 04:04:55,degradation_rate,-0.198,0.3828295501536143,8.8706,-0.5808295501536143,0.5808295501536143
2026-09-16 04:04:56,degradation_rate,0.914,-0.2853470308774919,-1.1118,1.199347030877492,1.199347030877492
2026-09-16 04:04:57,degradation_rate,-2.3853,-0.6152069557940618,-2.5459,-1.7700930442059382,1.7700930442059382
2026-09-16 04:04:58,degradation_rate,5.1051,0.8170059166702839,2.1586,4.2880940833297165,4.2880940833297165
2026-09-16 04:04:59,degradation_rate,-6.9969,-1.0698364645944531,1.9762,-5.927063535405547,5.927063535405547
2026-09-16 04:05:00,degradation_rate,2.8311,-0.6982310738776567,-3.0898,3.529331073877657,3.529331073877657
2026-09-16 04:05:01,degradation_rate,-2.6109,-0.006259295308024937,1.0358,-2.604640704691975,2.604640704691975
2026-09-16 04:05:02,degradation_rate,7.5118,-0.02301450497462154,-3.6745,7.534814504974621,7.534814504974621
2026-09-16 04:05:03,degradation_rate,-4.2711,-1.0820629495015779,2.3218,-3.189037050498422,3.189037050498422
2026-09-16 04:05:04,degradation_rate,2.7424,-0.5902049638941316,-3.4961,3.3326049638941315,3.3326049638941315
2026-09-16 04:05:05,degradation_rate,-5.0702,-0.3530682940528085,-0.198,-4.7171317059471916,4.7171317059471916
2026-09-16 04:05:06,degradation_rate,6.0811,-0.3020121840690525,0.914,6.383112184069053,6.383112184069053
2026-09-16 04:05:07,degradation_rate,-5.912,-0.25327022563689816,-2.3853,-5.658729774363102,5.658729774363102
2026-09-16 04:05:08,degradation_rate,4.2464,-0.57596457396175,5.1051,4.8223645739617504,4.8223645739617504
2026-09-16 04:05:09,degradation_rate,-1.7904,-0.8838416634400517,-6.9969,-0.9065583365599483,0.9065583365599483
2026-09-16 04:05:10,degradation_rate,-1.6533,-0.2223195408870513,2.8311,-1.4309804591129487,1.4309804591129487
2026-09-16 04:05:11,degradation_rate,0.0593,-0.49376137903412776,-2.6109,0.5530613790341278,0.5530613790341278
2026-09-16 04:05:12,degradation_rate,-0.8376,0.06148880212537655,7.5118,-0.8990888021253766,0.8990888021253766
2026-09-16 04:05:13,degradation_rate,1.0861,-0.3155525906947121,-4.2711,1.4016525906947122,1.4016525906947122
2026-09-16 04:05:14,degradation_rate,-3.5167,-0.4461771372614227,2.7424,-3.0705228627385774,3.0705228627385774
2026-09-16 04:05:15,degradation_rate,1.4386,-0.5485395297699673,-5.0702,1.9871395297699674,1.9871395297699674
2026-09-16 04:05:16,degradation_rate,2.627,-0.34819796759327737,6.0811,2.975197967593277,2.975197967593277
2026-09-16 04:05:17,degradation_rate,-4.0382,-0.013413422524835461,-5.912,-4.024786577475164,4.024786577475164
2026-09-16 04:05:18,degradation_rate,0.9498,-0.3398783391780187,4.2464,1.2896783391780187,1.2896783391780187
2026-09-16 04:05:19,degradation_rate,-0.5983,-0.5667154416039151,-1.7904,-0.03158455839608498,0.03158455839608498
2026-09-16 04:05:20,degradation_rate,2.1011,0.34695494862126686,-1.6533,1.7541450513787333,1.7541450513787333
2026-09-16 04:05:21,degradation_rate,0.2059,-0.4636013313960321,0.0593,0.6695013313960321,0.6695013313960321
2026-09-16 04:05:22,degradation_rate,2.0853,-0.1719337329452746,-0.8376,2.2572337329452745,2.2572337329452745
2026-09-16 04:05:23,degradation_rate,-4.6077,-0.4748229059320712,1.0861,-4.132877094067929,4.132877094067929
2026-09-16 04:05:24,degradation_rate,-2.0522,-0.37622526344112517,-3.5167,-1.6759747365588749,1.6759747365588749
2026-09-16 04:05:25,degradation_rate,0.4594,-0.11587953755629998,1.4386,0.5752795375563,0.5752795375563
2026-09-16 04:05:26,degradation_rate,1.2994,-0.27847549730046994,2.627,1.57787549730047,1.57787549730047
2026-09-16 04:05:27,degradation_rate,4.4283,-0.5800213488223145,-4.0382,5.008321348822315,5.008321348822315
2026-09-16 04:05:28,degradation_rate,-10.7215,-0.2606565736226252,0.9498,-10.460843426377375,10.460843426377375
2026-09-16 04:05:29,degradation_rate,4.5639,-0.27349030804625957,-0.5983,4.83739030804626,4.83739030804626
2026-09-16 04:05:30,degradation_rate,3.1353,-0.36658702594146586,2.1011,3.501887025941466,3.501887025941466
2026-09-16 04:05:31,degradation_rate,-5.705,-0.4716996872873038,0.2059,-5.2333003127126965,5.2333003127126965
2026-09-16 04:05:32,degradation_rate,-0.7072,-0.8710540780684557,2.0853,0.16385407806845564,0.16385407806845564
2026-09-16 04:05:33,degradation_rate,-3.799,0.08450292291914963,-4.6077,-3.8835029229191496,3.8835029229191496
2026-09-16 04:05:34,degradation_rate,6.8713,0.20376296718109188,-2.0522,6.667537032818908,6.667537032818908
2026-09-16 04:05:35,degradation_rate,-1.069,0.1999274208252927,0.4594,-1.2689274208252925,1.2689274208252925
2026-09-16 04:05:36,degradation_rate,8.7052,-0.22683464140303955,1.2994,8.932034641403039,8.932034641403039
2026-09-16 04:05:37,degradation_rate,-8.2983,0.02155466538670847,4.4283,-8.319854665386707,8.319854665386707
2026-09-16 04:05:38,degradation_rate,-1.4357,-0.3341553755481943,-10.7215,-1.1015446244518057,1.1015446244518057
2026-09-16 04:05:39,degradation_rate,4.4439,0.10907149537670868,4.5639,4.3348285046232915,4.3348285046232915
2026-09-16 04:05:40,degradation_rate,0.6726,-0.5169116674363448,3.1353,1.1895116674363448,1.1895116674363448
2026-09-16 04:05:41,degradation_rate,-2.01,-0.42965836309276373,-5.705,-1.580341636907236,1.580341636907236
2026-09-16 04:05:42,degradation_rate,-0.407,-0.40780651935272594,-0.7072,0.0008065193527259651,0.0008065193527259651
2026-09-16 04:05:43,degradation_rate,6.0176,0.3148944315447264,-3.799,5.702705568455274,5.702705568455274
2026-09-16 04:05:44,degradation_rate,-2.8137,-0.3880179612814878,6.8713,-2.425682038718512,2.425682038718512
2026-09-16 04:05:45,degradation_rate,-9.467,-0.3584098298948908,-1.069,-9.10859017010511,9.10859017010511
2026-09-16 04:05:46,degradation_rate,12.2508,0.36742874382813184,8.7052,11.883371256171868,11.883371256171868
2026-09-16 04:05:47,degradation_rate,-10.1544,-0.238462981736264,-8.2983,-9.915937018263737,9.915937018263737
2026-09-16 04:05:48,degradation_rate,-0.3436,-0.6526106001561149,-1.4357,0.3090106001561149,0.3090106001561149
2026-09-16 04:05:49,degradation_rate,3.6017,-0.1884080080185182,4.4439,3.7901080080185183,3.7901080080185183
2026-09-16 04:05:50,degradation_rate,1.6108,-0.10180960996293187,0.6726,1.7126096099629318,1.7126096099629318
2026-09-16 04:05:51,degradation_rate,-2.1819,-0.5032203896936251,-2.01,-1.678679610306375,1.678679610306375
2026-09-16 04:05:52,degradation_rate,-1.7466,-0.026452823833390537,-0.407,-1.7201471761666094,1.7201471761666094
2026-09-16 04:05:53,degradation_rate,4.1778,-0.26199616741259213,6.0176,4.4397961674125925,4.4397961674125925
2026-09-16 04:05:54,degradation_rate,-1.0603,-0.19930494970331702,-2.8137,-0.860995050296683,0.860995050296683
2026-09-16 04:05:55,degradation_rate,-2.5678,-0.3508770665891987,-9.467,-2.2169229334108014,2.2169229334108014
2026-09-16 04:05:56,degradation_rate,-2.6061,0.08118121114549659,12.2508,-2.6872812111454967,2.6872812111454967
2026-09-16 04:05:57,degradation_rate,8.005,0.08041749449338376,-10.1544,7.924582505506617,7.924582505506617
2026-09-16 04:05:58,degradation_rate,-7.4284,0.2871884332232648,-0.3436,-7.715588433223265,7.715588433223265
2026-09-16 04:05:59,degradation_rate,1.2331,-0.1533596756418132,3.6017,1.3864596756418133,1.3864596756418133
2026-09-16 04:06:00,degradation_rate,4.6226,-0.4362914343483293,1.6108,5.05889143434833,5.05889143434833
2026-09-16 04:06:01,degradation_rate,-5.6283,-0.4289092318824992,-2.1819,-5.199390768117501,5.199390768117501
2026-09-16 04:06:02,degradation_rate,-7.7987,-0.26853034729153924,-1.7466,-7.5301696527084605,7.5301696527084605
2026-09-16 04:06:03,degradation_rate,13.413,-0.2065739710390524,4.1778,13.619573971039053,13.619573971039053
2026-09-16 04:06:04,degradation_rate,-4.2759,-0.6962968657439481,-1.0603,-3.579603134256052,3.579603134256052
2026-09-16 04:06:05,degradation_rate,-3.5787,-0.025311102972503274,-2.5678,-3.5533888970274967,3.5533888970274967
2026-09-16 04:06:06,degradation_rate,5.552,0.08612436594736295,-2.6061,5.465875634052637,5.465875634052637
2026-09-16 04:06:07,degradation_rate,3.0647,-0.5037350712695599,8.005,3.56843507126956,3.56843507126956
2026-09-16 04:06:08,degradation_rate,-11.8101,0.06141817098040381,-7.4284,-11.871518170980405,11.871518170980405
2026-09-16 04:06:09,degradation_rate,5.077,-0.2726018657321949,1.2331,5.349601865732195,5.349601865732195
2026-09-16 04:06:10,degradation_rate,0.7668,-0.057749736820033704,4.6226,0.8245497368200337,0.8245497368200337
2026-09-16 04:06:11,degradation_rate,-2.4918,-0.18263763641243447,-5.6283,-2.3091623635875655,2.3091623635875655
2026-09-16 04:06:12,degradation_rate,1.2965,0.26823975089407703,-7.7987,1.028260249105923,1.028260249105923
2026-09-16 04:06:13,degradation_rate,2.7808,-0.311649465889948,13.413,3.092449465889948,3.092449465889948
2026-09-16 04:06:14,degradation_rate,-6.7298,-0.49252973580488435,-4.2759,-6.237270264195116,6.237270264195116
2026-09-16 04:06:15,degradation_rate,4.6926,-0.19917366138814563,-3.5787,4.891773661388145,4.891773661388145
2026-09-16 04:06:16,degradation_rate,-5.2784,-0.14375717922851727,5.552,-5.134642820771483,5.134642820771483
2026-09-16 04:06:17,degradation_rate,7.8488,-0.3871684494371954,3.0647,8.235968449437195,8.235968449437195
2026-09-16 04:06:18,degradation_rate,-0.7656,0.17545303860608996,-11.8101,-0.9410530386060899,0.9410530386060899
2026-09-16 04:06:19,degradation_rate,-7.1641,0.15388153516255176,5.077,-7.317981535162552,7.317981535162552
2026-09-16 04:06:20,degradation_rate,6.9684,-0.48802774355477385,0.7668,7.456427743554774,7.456427743554774
2026-09-16 04:06:21,degradation_rate,-3.8036,-0.01105093388697087,-2.4918,-3.792549066113029,3.792549066113029
2026-09-16 04:06:22,degradation_rate,-0.9817,-0.19259587801989708,1.2965,-0.7891041219801029,0.7891041219801029
2026-09-16 04:06:23,degradation_rate,-1.746,-0.05286528699619586,2.7808,-1.6931347130038041,1.6931347130038041
2026-09-16 04:06:24,degradation_rate,1.32,-0.1472198743435129,-6.7298,1.467219874343513,1.467219874343513
2026-09-16 04:06:25,degradation_rate,3.2234,0.17893491006445483,4.6926,3.044465089935545,3.044465089935545
2026-09-16 04:06:26,degradation_rate,-3.5425,-0.1908281587513132,-5.2784,-3.351671841248687,3.351671841248687
2026-09-16 04:06:27,degradation_rate,3.4266,-0.15584184456635786,7.8488,3.582441844566358,3.582441844566358
2026-09-16 04:06:28,degradation_rate,-1.2581,-0.2294930492790873,-0.7656,-1.0286069507209126,1.0286069507209126
2026-09-16 04:06:29,degradation_rate,-5.5574,0.2534571664595777,-7.1641,-5.810857166459578,5.810857166459578
2026-09-16 04:06:30,degradation_rate,1.9819,-0.6663453588099424,6.9684,2.6482453588099424,2.6482453588099424
2026-09-16 04:06:31,degradation_rate,-1.0616,0.1909469294383963,-3.8036,-1.2525469294383964,1.2525469294383964
2026-09-16 04:06:32,degradation_rate,5.7448,0.14044114662989293,-0.9817,5.6043588533701065,5.6043588533701065
2026-09-16 04:06:33,degradation_rate,-1.6897,-0.24137381578683081,-1.746,-1.4483261842131692,1.4483261842131692
2026-09-16 04:06:34,degradation_rate,-2.6247,-0.06994864623423647,1.32,-2.5547513537657633,2.5547513537657633
2026-09-16 04:06:35,degradation_rate,-0.5944,-0.1498647113914715,3.2234,-0.44453528860852853,0.44453528860852853
2026-09-16 04:06:36,degradation_rate,0.656,-0.23643337174846657,-3.5425,0.8924333717484666,0.8924333717484666
2026-09-16 04:06:37,degradation_rate,-4.513,-0.042842197838228735,3.4266,-4.470157802161771,4.470157802161771
2026-09-16 04:06:38,degradation_rate,0.9491,0.00683206294964811,-1.2581,0.942267937050352,0.942267937050352
2026-09-16 04:06:39,degradation_rate,2.0828,0.03535223573461721,-5.5574,2.047447764265383,2.047447764265383
2026-09-16 04:06:40,degradation_rate,3.8176,0.1649841239210088,1.9819,3.6526158760789915,3.6526158760789915
2026-09-16 04:06:41,degradation_rate,-5.3751,-0.19391805714639065,-1.0616,-5.181181942853609,5.181181942853609
2026-09-16 04:06:42,degradation_rate,3.7206,-0.2897732271108273,5.7448,4.010373227110827,4.010373227110827
2026-09-16 04:06:43,degradation_rate,2.07,-0.2933854054568479,-1.6897,2.3633854054568477,2.3633854054568477
2026-09-16 04:06:44,degradation_rate,-1.7457,0.08222974188981258,-2.6247,-1.8279297418898126,1.8279297418898126
2026-09-16 04:06:45,degradation_rate,-2.4571,-0.15362746112520997,-0.5944,-2.3034725388747903,2.3034725388747903
2026-09-16 04:06:46,degradation_rate,-2.0489,-0.03655068388162097,0.656,-2.012349316118379,2.012349316118379
2026-09-16 04:06:47,degradation_rate,7.1819,0.28200441056162884,-4.513,6.899895589438371,6.899895589438371
2026-09-16 04:06:48,degradation_rate,-1.2662,-0.5284641002271622,0.9491,-0.7377358997728378,0.7377358997728378
2026-09-16 04:06:49,degradation_rate,-6.6692,0.3010465787365444,2.0828,-6.970246578736544,6.970246578736544
2026-09-16 04:06:50,degradation_rate,6.9577,-0.2730382961054416,3.8176,7.230738296105441,7.230738296105441
2026-09-16 04:06:51,degradation_rate,-4.7912,-0.102715851436467,-5.3751,-4.688484148563533,4.688484148563533
2026-09-16 04:06:52,degradation_rate,3.227,0.2384002443709612,3.7206,2.9885997556290387,2.9885997556290387
2026-09-16 04:06:53,degradation_rate,-2.663,-0.2860956316270111,2.07,-2.3769043683729887,2.3769043683729887
2026-09-16 04:06:54,degradation_rate,-4.4707,-0.4739490321228874,-1.7457,-3.9967509678771123,3.9967509678771123
2026-09-16 04:06:55,degradation_rate,-0.5056,0.023293654469580538,-2.4571,-0.5288936544695806,0.5288936544695806
2026-09-16 04:06:56,degradation_rate,3.513,0.40218949470882936,-2.0489,3.1108105052911705,3.1108105052911705
2026-09-16 04:06:57,degradation_rate,-5.0888,0.2928256387264243,7.1819,-5.381625638726424,5.381625638726424
2026-09-16 04:06:58,degradation_rate,2.9084,-0.47046684956832585,-1.2662,3.378866849568326,3.378866849568326
2026-09-16 04:06:59,degradation_rate,1.7184,0.13446141686341662,-6.6692,1.5839385831365833,1.5839385831365833
2026-09-16 04:07:00,degradation_rate,3.8383,0.42503676591975026,6.9577,3.4132632340802496,3.4132632340802496
2026-09-16 04:07:01,degradation_rate,-2.8739,0.13014037231052455,-4.7912,-3.0040403723105245,3.0040403723105245
2026-09-16 04:07:02,degradation_rate,-0.9876,-0.4444300901777405,3.227,-0.5431699098222595,0.5431699098222595
2026-09-16 04:07:03,degradation_rate,-1.6288,-0.2354024449832961,-2.663,-1.393397555016704,1.393397555016704
2026-09-16 04:07:04,degradation_rate,-0.6787,-0.13726834772018748,-4.4707,-0.5414316522798125,0.5414316522798125
2026-09-16 04:07:05,degradation_rate,2.7395,-0.2273381804607652,-0.5056,2.966838180460765,2.966838180460765
2026-09-16 04:07:06,degradation_rate,-6.4693,0.4338270605841248,3.513,-6.903127060584124,6.903127060584124
2026-09-16 04:07:07,degradation_rate,0.6332,-0.21663904288871905,-5.0888,0.849839042888719,0.849839042888719
2026-09-16 04:07:08,degradation_rate,7.9308,-0.5145882541129154,2.9084,8.445388254112915,8.445388254112915
2026-09-16 04:07:09,degradation_rate,0.595,0.19286228885553602,1.7184,0.40213771114446395,0.40213771114446395
2026-09-16 04:07:10,degradation_rate,-2.9048,-0.17216755487222057,3.8383,-2.7326324451277793,2.7326324451277793
2026-09-16 04:07:11,degradation_rate,-7.4254,-0.2570138548080796,-2.8739,-7.168386145191921,7.168386145191921
2026-09-16 04:07:12,degradation_rate,8.2516,-0.07014072855894593,-0.9876,8.321740728558947,8.321740728558947
2026-09-16 04:07:13,degradation_rate,-5.7983,-0.14061993732549416,-1.6288,-5.6576800626745065,5.6576800626745065
2026-09-16 04:07:14,degradation_rate,7.5473,-0.2505567911807425,-0.6787,7.797856791180743,7.797856791180743
2026-09-16 04:07:15,degradation_rate,-3.548,-0.19767036643750346,2.7395,-3.3503296335624966,3.3503296335624966
2026-09-16 04:07:16,degradation_rate,2.0285,0.345326829791043,-6.4693,1.6831731702089572,1.6831731702089572
2026-09-16 04:07:17,degradation_rate,-4.2221,0.1861015523426222,0.6332,-4.408201552342622,4.408201552342622
2026-09-16 04:07:18,degradation_rate,1.2705,0.08151690651831789,7.9308,1.188983093481682,1.188983093481682
2026-09-16 04:07:19,degradation_rate,-2.4251,-0.12753685596994802,0.595,-2.297563144030052,2.297563144030052
2026-09-16 04:07:20,degradation_rate,-3.1376,-0.689727134467971,-2.9048,-2.447872865532029,2.447872865532029
2026-09-16 04:07:21,degradation_rate,4.3243,0.02284281381121911,-7.4254,4.301457186188781,4.301457186188781
2026-09-16 04:07:22,degradation_rate,-3.3767,-0.09259594369289559,8.2516,-3.2841040563071044,3.2841040563071044
2026-09-16 04:07:23,degradation_rate,1.1333,0.013701285702189203,-5.7983,1.1195987142978108,1.1195987142978108
2026-09-16 04:07:24,degradation_rate,-0.6457,-0.026915270104124644,7.5473,-0.6187847298958754,0.6187847298958754
2026-09-16 04:07:25,degradation_rate,0.4857,-0.18690675913496246,-3.548,0.6726067591349625,0.6726067591349625
2026-09-16 04:07:26,degradation_rate,1.0068,-0.055418913982518525,2.0285,1.0622189139825184,1.0622189139825184
2026-09-16 04:07:27,degradation_rate,-0.6188,-0.0542513878792521,-4.2221,-0.5645486121207479,0.5645486121207479
2026-09-16 04:07:28,degradation_rate,-1.4112,-0.13006314429198929,1.2705,-1.2811368557080107,1.2811368557080107
2026-09-16 04:07:29,degradation_rate,7.113,-0.054284050049265176,-2.4251,7.167284050049266,7.167284050049266
2026-09-16 04:07:30,degradation_rate,-8.8111,0.2008523780878395,-3.1376,-9.01195237808784,9.01195237808784
2026-09-16 04:07:31,degradation_rate,7.861,0.11560020481546207,4.3243,7.745399795184538,7.745399795184538
2026-09-16 04:07:32,degradation_rate,-7.3383,-0.24167046567406025,-3.3767,-7.09662953432594,7.09662953432594
2026-09-16 04:07:33,degradation_rate,4.872,0.10226023503324733,1.1333,4.769739764966753,4.769739764966753
2026-09-16 04:07:34,degradation_rate,-5.0006,0.15756924839148923,-0.6457,-5.15816924839149,5.15816924839149
2026-09-16 04:07:35,degradation_rate,0.0311,-0.2775893851701301,0.4857,0.3086893851701301,0.3086893851701301
2026-09-16 04:07:36,degradation_rate,1.2122,0.13460793148077388,1.0068,1.077592068519226,1.077592068519226
2026-09-16 04:07:37,degradation_rate,1.3352,-0.7396230027229965,-0.6188,2.0748230027229964,2.0748230027229964
2026-09-16 04:07:38,degradation_rate,-3.6343,0.26093579456105553,-1.4112,-3.8952357945610556,3.8952357945610556
2026-09-16 04:07:39,degradation_rate,4.3441,-0.5529716513253193,7.113,4.897071651325319,4.897071651325319
2026-09-16 04:07:40,degradation_rate,-6.1255,0.06151483995660101,-8.8111,-6.187014839956601,6.187014839956601
2026-09-16 04:07:41,degradation_rate,5.0237,0.6396778307589805,7.861,4.384022169241019,4.384022169241019
2026-09-16 04:07:42,degradation_rate,0.1257,-0.24179846253739257,-7.3383,0.3674984625373926,0.3674984625373926
2026-09-16 04:07:43,degradation_rate,0.1513,0.27998091452999674,4.872,-0.12868091452999675,0.12868091452999675
2026-09-16 04:07:44,degradation_rate,-3.2421,0.3084023864568932,-5.0006,-3.5505023864568934,3.5505023864568934
2026-09-16 04:07:45,degradation_rate,-1.2659,0.3020022203836407,0.0311,-1.5679022203836408,1.5679022203836408
2026-09-16 04:07:46,degradation_rate,6.4772,-0.5629942148605933,1.2122,7.040194214860593,7.040194214860593
2026-09-16 04:07:47,degradation_rate,-4.3545,0.21498576620542376,1.3352,-4.569485766205424,4.569485766205424
2026-09-16 04:07:48,degradation_rate,-5.2133,-0.20949226492322648,-3.6343,-5.003807735076774,5.003807735076774
2026-09-16 04:07:49,degradation_rate,-0.3015,0.2613160731195796,4.3441,-0.5628160731195796,0.5628160731195796
2026-09-16 04:07:50,degradation_rate,2.4647,-0.1192502412241172,-6.1255,2.5839502412241173,2.5839502412241173
2026-09-16 04:07:51,degradation_rate,-2.6023,-0.49724995497458213,5.0237,-2.105050045025418,2.105050045025418
2026-09-16 04:07:52,degradation_rate,7.2796,0.3358858416902648,0.1257,6.943714158309735,6.943714158309735
2026-09-16 04:07:53,degradation_rate,1.3951,-0.4120746660716136,0.1513,1.8071746660716137,1.8071746660716137
2026-09-16 04:07:54,degradation_rate,-1.1984,-0.021555755334371707,-3.2421,-1.1768442446656282,1.1768442446656282
2026-09-16 04:07:55,degradation_rate,-1.9136,0.3447553735110038,-1.2659,-2.258355373511004,2.258355373511004
2026-09-16 04:07:56,degradation_rate,-3.4047,0.404194602135167,6.4772,-3.808894602135167,3.808894602135167
2026-09-16 04:07:57,degradation_rate,-4.2166,-0.25662923113505354,-4.3545,-3.959970768864946,3.959970768864946
2026-09-16 04:07:58,degradation_rate,11.9367,0.2696700611123104,-5.2133,11.66702993888769,11.66702993888769
2026-09-16 04:07:59,degradation_rate,-6.0878,0.20861230355138494,-0.3015,-6.296412303551385,6.296412303551385
2026-09-16 04:08:00,degradation_rate,-3.6293,0.40833842343431836,2.4647,-4.037638423434318,4.037638423434318
2026-09-16 04:08:01,degradation_rate,2.3179,-0.5930820230552944,-2.6023,2.9109820230552943,2.9109820230552943
2026-09-16 04:08:02,degradation_rate,-2.03,-0.0702193948348313,7.2796,-1.9597806051651685,1.9597806051651685
2026-09-16 04:08:03,degradation_rate,-3.923,-0.17689549575518426,1.3951,-3.7461045042448156,3.7461045042448156
2026-09-16 04:08:04,degradation_rate,6.5632,0.2402550521926965,-1.1984,6.322944947807303,6.322944947807303
2026-09-16 04:08:05,degradation_rate,1.1978,-0.14533266195961247,-1.9136,1.3431326619596125,1.3431326619596125
2026-09-16 04:08:06,degradation_rate,1.3043,0.003962496395479853,-3.4047,1.3003375036045202,1.3003375036045202
2026-09-16 04:08:07,degradation_rate,-8.0198,0.021327045735394456,-4.2166,-8.041127045735394,8.041127045735394
2026-09-16 04:08:08,degradation_rate,6.4576,0.49394196524525036,11.9367,5.96365803475475,5.96365803475475
2026-09-16 04:08:09,degradation_rate,-6.5455,0.3321520482832909,-6.0878,-6.877652048283291,6.877652048283291
2026-09-16 04:08:10,degradation_rate,8.6946,0.22284921186033557,-3.6293,8.471750788139664,8.471750788139664
2026-09-16 04:08:11,degradation_rate,-5.1382,0.2530688746959755,2.3179,-5.391268874695976,5.391268874695976
2026-09-16 04:08:12,degradation_rate,0.2706,0.18958685654423224,-2.03,0.08101314345576777,0.08101314345576777
2026-09-16 04:08:13,degradation_rate,4.617,-0.15158908582463493,-3.923,4.768589085824635,4.768589085824635
2026-09-16 04:08:14,degradation_rate,-2.0352,-0.4093227838229456,6.5632,-1.6258772161770545,1.6258772161770545
2026-09-16 04:08:15,degradation_rate,-1.7108,0.08427395921139103,1.1978,-1.7950739592113911,1.7950739592113911
2026-09-16 04:08:16,degradation_rate,2.1807,-0.26890087506997506,1.3043,2.449600875069975,2.449600875069975
2026-09-16 04:08:17,degradation_rate,-2.7862,0.14215260551537057,-8.0198,-2.9283526055153706,2.9283526055153706
2026-09-16 04:08:18,degradation_rate,-9.5869,0.6177554008635919,6.4576,-10.204655400863592,10.204655400863592
2026-09-16 04:08:19,degradation_rate,6.8403,0.047822662268711014,-6.5455,6.792477337731289,6.792477337731289
2026-09-16 04:08:20,degradation_rate,2.6706,0.03572275604733477,8.6946,2.634877243952665,2.634877243952665
2026-09-16 04:08:21,degradation_rate,-4.051,0.020150431151226833,-5.1382,-4.071150431151227,4.071150431151227
2026-09-16 04:08:22,degradation_rate,0.2615,0.0060899687514301415,0.2706,0.25541003124856987,0.25541003124856987
2026-09-16 04:08:23,degradation_rate,2.8917,0.2523559657061778,4.617,2.6393440342938224,2.6393440342938224
2026-09-16 04:08:24,degradation_rate,-4.308,0.28074634135609156,-2.0352,-4.588746341356091,4.588746341356091
2026-09-16 04:08:25,degradation_rate,1.4511,-0.052484784875618695,-1.7108,1.5035847848756188,1.5035847848756188
2026-09-16 04:08:26,degradation_rate,1.3823,-0.017771603786331802,2.1807,1.4000716037863319,1.4000716037863319
2026-09-16 04:08:27,degradation_rate,0.9181,-0.25776186921040267,-2.7862,1.1758618692104026,1.1758618692104026
2026-09-16 04:08:28,degradation_rate,1.2116,0.48504565813403744,-9.5869,0.7265543418659626,0.7265543418659626
2026-09-16 04:08:29,degradation_rate,-5.6112,0.5476999504260203,6.8403,-6.1588999504260205,6.1588999504260205
2026-09-16 04:08:30,degradation_rate,8.1708,0.4350696876007403,2.6706,7.73573031239926,7.73573031239926
2026-09-16 04:08:31,degradation_rate,-10.4383,-0.0036384050329303363,-4.051,-10.43466159496707,10.43466159496707
2026-09-16 04:08:32,degradation_rate,4.1369,0.13902535408877514,0.2615,3.9978746459112244,3.9978746459112244
2026-09-16 04:08:33,degradation_rate,-0.0175,0.12499815665808756,2.8917,-0.14249815665808757,0.14249815665808757
2026-09-16 04:08:34,degradation_rate,3.9797,-0.3765057851628266,-4.308,4.356205785162826,4.356205785162826
2026-09-16 04:08:35,degradation_rate,-4.2002,-0.2107938031372134,1.4511,-3.9894061968627863,3.9894061968627863
2026-09-16 04:08:36,degradation_rate,1.262,-0.04555620057217924,1.3823,1.3075562005721793,1.3075562005721793
2026-09-16 04:08:37,degradation_rate,-5.2966,-0.13594938803712864,0.9181,-5.160650611962871,5.160650611962871
2026-09-16 04:08:38,degradation_rate,0.4801,0.20420477707211204,1.2116,0.275895222927888,0.275895222927888
2026-09-16 04:08:39,degradation_rate,3.5324,0.03681951432554431,-5.6112,3.4955804856744557,3.4955804856744557
2026-09-16 04:08:40,degradation_rate,-4.0124,0.3503129984201774,8.1708,-4.362712998420178,4.362712998420178
2026-09-16 04:08:41,degradation_rate,4.6152,-0.0022581123360687627,-10.4383,4.6174581123360685,4.6174581123360685
2026-09-16 04:08:42,degradation_rate,0.924,0.36847247259159355,4.1369,0.5555275274084065,0.5555275274084065
2026-09-16 04:08:43,degradation_rate,2.457,-0.08486116583613634,-0.0175,2.5418611658361363,2.5418611658361363
2026-09-16 04:08:44,degradation_rate,-7.5773,-0.03725855936237865,3.9797,-7.540041440637621,7.540041440637621
2026-09-16 04:08:45,degradation_rate,2.3034,0.16969565153041266,-4.2002,2.1337043484695872,2.1337043484695872
2026-09-16 04:08:46,degradation_rate,-1.6026,-0.28462452548565853,1.262,-1.3179754745143415,1.3179754745143415
2026-09-16 04:08:47,degradation_rate,0.7421,0.5516314036166845,-5.2966,0.19046859638331548,0.19046859638331548
2026-09-16 04:08:48,degradation_rate,4.6955,0.49004288702448306,0.4801,4.205457112975517,4.205457112975517
2026-09-16 04:08:49,degradation_rate,2.6397,-0.3818966247403828,3.5324,3.0215966247403827,3.0215966247403827
2026-09-16 04:08:50,degradation_rate,-6.1328,-0.23219743309113072,-4.0124,-5.900602566908869,5.900602566908869
2026-09-16 04:08:51,degradation_rate,2.0863,0.038617430112950046,4.6152,2.04768256988705,2.04768256988705
2026-09-16 04:08:52,degradation_rate,0.9114,0.3650592291262593,0.924,0.5463407708737407,0.5463407708737407
2026-09-16 04:08:53,degradation_rate,-7.4928,0.12487892185232408,2.457,-7.617678921852324,7.617678921852324
2026-09-16 04:08:54,degradation_rate,3.9791,-0.19963657102112364,-7.5773,4.1787365710211235,4.1787365710211235
2026-09-16 04:08:55,degradation_rate,-1.8453,0.10872227666280798,2.3034,-1.954022276662808,1.954022276662808
2026-09-16 04:08:56,degradation_rate,0.4196,0.055009037404953665,-1.6026,0.3645909625950463,0.3645909625950463
2026-09-16 04:08:57,degradation_rate,-3.2464,0.44226657250862833,0.7421,-3.6886665725086285,3.6886665725086285
2026-09-16 04:08:58,degradation_rate,2.8495,-0.08662831108914393,4.6955,2.936128311089144,2.936128311089144
2026-09-16 04:08:59,degradation_rate,1.1974,0.2998039694811796,2.6397,0.8975960305188204,0.8975960305188204
2026-09-16 04:09:00,degradation_rate,0.6864,-0.09568863668574767,-6.1328,0.7820886366857477,0.7820886366857477
2026-09-16 04:09:01,degradation_rate,0.124,0.4782140507073871,2.0863,-0.3542140507073871,0.3542140507073871
2026-09-16 04:09:02,degradation_rate,-5.0287,-0.14220204782884438,0.9114,-4.886497952171156,4.886497952171156
2026-09-16 04:09:03,degradation_rate,2.8015,-0.23084718248143155,-7.4928,3.0323471824814314,3.0323471824814314
2026-09-16 04:09:04,degradation_rate,0.5358,-0.12091674033737654,3.9791,0.6567167403373766,0.6567167403373766
2026-09-16 04:09:05,degradation_rate,1.8589,0.41025433606285455,-1.8453,1.4486456639371454,1.4486456639371454
2026-09-16 04:09:06,degradation_rate,-1.5602,-0.006823570113286659,0.4196,-1.5533764298867134,1.5533764298867134
2026-09-16 04:09:07,degradation_rate,-3.69,-0.03566441627055772,-3.2464,-3.6543355837294422,3.6543355837294422
2026-09-16 04:09:08,degradation_rate,4.8377,-0.057995272487562755,2.8495,4.895695272487563,4.895695272487563
2026-09-16 04:09:09,degradation_rate,-1.2104,-0.47290333284037267,1.1974,-0.7374966671596273,0.7374966671596273
2026-09-16 04:09:10,degradation_rate,-1.8324,0.1396659340233084,0.6864,-1.9720659340233084,1.9720659340233084
2026-09-16 04:09:11,degradation_rate,3.4524,-0.36140138036034086,0.124,3.8138013803603408,3.8138013803603408
2026-09-16 04:09:12,degradation_rate,-7.1869,-0.04850608883501906,-5.0287,-7.138393911164981,7.138393911164981
2026-09-16 04:09:13,degradation_rate,8.0399,0.12204515310303243,2.8015,7.917854846896967,7.917854846896967
2026-09-16 04:09:14,degradation_rate,-5.0749,-0.07112750062753093,0.5358,-5.003772499372469,5.003772499372469
2026-09-16 04:09:15,degradation_rate,-1.7227,0.27985346899977404,1.8589,-2.002553468999774,2.002553468999774
2026-09-16 04:09:16,degradation_rate,3.5584,-0.055665312660239774,-1.5602,3.6140653126602396,3.6140653126602396
2026-09-16 04:09:17,degradation_rate,-2.5728,0.3879857708715524,-3.69,-2.9607857708715524,2.9607857708715524
2026-09-16 04:09:18,degradation_rate,2.3249,-0.2308801645266252,4.8377,2.555780164526625,2.555780164526625
2026-09-16 04:09:19,degradation_rate,-1.6511,-0.046179414824703,-1.2104,-1.604920585175297,1.604920585175297
2026-09-16 04:09:20,degradation_rate,-1.6391,0.1346114204868636,-1.8324,-1.7737114204868636,1.7737114204868636
2026-09-16 04:09:21,degradation_rate,3.1624,-0.29399012280003944,3.4524,3.4563901228000393,3.4563901228000393
2026-09-16 04:09:22,degradation_rate,-0.8537,0.5003790939537369,-7.1869,-1.3540790939537368,1.3540790939537368
2026-09-16 04:09:23,degradation_rate,1.5109,-0.09749497326328083,8.0399,1.6083949732632807,1.6083949732632807
2026-09-16 04:09:24,degradation_rate,-2.863,-0.029320912527555976,-5.0749,-2.833679087472444,2.833679087472444
2026-09-16 04:09:25,degradation_rate,-3.4343,0.09287539806179046,-1.7227,-3.5271753980617904,3.5271753980617904
2026-09-16 04:09:26,degradation_rate,1.9463,0.05232482307286146,3.5584,1.8939751769271385,1.8939751769271385
2026-09-16 04:09:27,degradation_rate,-0.6689,-0.10158867743481848,-2.5728,-0.5673113225651816,0.5673113225651816
2026-09-16 04:09:28,degradation_rate,6.2893,-0.1630598805925616,2.3249,6.452359880592562,6.452359880592562
2026-09-16 04:09:29,degradation_rate,-5.7891,-0.31843599515858667,-1.6511,-5.470664004841414,5.470664004841414
2026-09-16 04:09:30,degradation_rate,1.2118,0.30419278628330293,-1.6391,0.9076072137166971,0.9076072137166971
2026-09-16 04:09:31,degradation_rate,0.4613,-0.30098373688316205,3.1624,0.7622837368831621,0.7622837368831621
2026-09-16 04:09:32,degradation_rate,-2.3811,-0.16893454839686894,-0.8537,-2.212165451603131,2.212165451603131
2026-09-16 04:09:33,degradation_rate,4.0627,0.461202278528249,1.5109,3.6014977214717514,3.6014977214717514
2026-09-16 04:09:34,degradation_rate,-3.3542,-0.13288233497319935,-2.863,-3.2213176650268007,3.2213176650268007
2026-09-16 04:09:35,degradation_rate,-4.2749,0.15086928563814617,-3.4343,-4.425769285638146,4.425769285638146
2026-09-16 04:09:36,degradation_rate,-3.2523,0.02422842707545403,1.9463,-3.276528427075454,3.276528427075454
2026-09-16 04:09:37,degradation_rate,9.6098,0.11170201265906277,-0.6689,9.498097987340937,9.498097987340937
2026-09-16 04:09:38,degradation_rate,-6.3236,-0.1117517870946072,6.2893,-6.211848212905393,6.211848212905393
2026-09-16 04:09:39,degradation_rate,-1.0426,-0.20669158666502696,-5.7891,-0.835908413334973,0.835908413334973
2026-09-16 04:09:40,degradation_rate,0.08,0.018960428560524267,1.2118,0.061039571439475734,0.061039571439475734
2026-09-16 04:09:41,degradation_rate,4.1845,-0.003038339873610907,0.4613,4.187538339873611,4.187538339873611
2026-09-16 04:09:42,degradation_rate,-2.4104,0.04765565692684426,-2.3811,-2.4580556569268444,2.4580556569268444
2026-09-16 04:09:43,degradation_rate,2.4461,-0.46766085670225355,4.0627,2.9137608567022535,2.9137608567022535
2026-09-16 04:09:44,degradation_rate,-3.0669,0.05698829227071167,-3.3542,-3.1238882922707116,3.1238882922707116
2026-09-16 04:09:45,degradation_rate,-1.3041,0.20209749312760206,-4.2749,-1.506197493127602,1.506197493127602
2026-09-16 04:09:46,degradation_rate,3.1078,0.33530931689953425,-3.2523,2.772490683100466,2.772490683100466
2026-09-16 04:09:47,degradation_rate,-1.8027,0.014322942779813275,9.6098,-1.8170229427798132,1.8170229427798132
2026-09-16 04:09:48,degradation_rate,7.2232,-0.11477657759428439,-6.3236,7.337976577594285,7.337976577594285
2026-09-16 04:09:49,degradation_rate,-8.2321,0.35160836690903774,-1.0426,-8.583708366909038,8.583708366909038
2026-09-16 03:32:24,degradation_index,18.8077,20.123989285218254,16.9666,-1.3162892852182537,1.3162892852182537
2026-09-16 03:32:25,degradation_index,17.5748,18.937288811904757,13.4808,-1.3624888119047576,1.3624888119047576
2026-09-16 03:32:26,degradation_index,19.6838,18.443782745169415,18.3127,1.2400172548305868,1.2400172548305868
2026-09-16 03:32:27,degradation_index,22.4361,19.14572026309524,18.1614,3.290379736904761,3.290379736904761
2026-09-16 03:32:28,degradation_index,15.38,19.095178435714285,20.2917,-3.715178435714284,3.715178435714284
2026-09-16 03:32:29,degradation_index,19.388,18.250051852579364,14.3672,1.1379481474206372,1.1379481474206372
2026-09-16 03:32:30,degradation_index,13.163,17.32797169424603,17.6513,-4.164971694246031,4.164971694246031
2026-09-16 03:32:31,degradation_index,15.4392,17.90585442522547,16.6503,-2.466654425225471,2.466654425225471
2026-09-16 03:32:32,degradation_index,17.6712,19.128811616098485,22.9766,-1.457611616098486,1.457611616098486
2026-09-16 03:32:33,degradation_index,15.7734,18.71300099434524,16.2956,-2.9396009943452395,2.9396009943452395
2026-09-16 03:32:34,degradation_index,13.4908,18.504085571329366,18.8077,-5.013285571329366,5.013285571329366
2026-09-16 03:32:35,degradation_index,18.6451,17.925597212040042,17.5748,0.7195027879599571,0.7195027879599571
2026-09-16 03:32:36,degradation_index,16.6553,18.34788922589286,19.6838,-1.6925892258928599,1.6925892258928599
2026-09-16 03:32:37,degradation_index,18.3548,19.479200348908734,22.4361,-1.1244003489087326,1.1244003489087326
2026-09-16 03:32:38,degradation_index,20.5502,18.69749636845238,15.38,1.8527036315476195,1.8527036315476195
2026-09-16 03:32:39,degradation_index,18.261,19.372430591107506,19.388,-1.1114305911075064,1.1114305911075064
2026-09-16 03:32:40,degradation_index,18.5841,17.97100756815476,13.163,0.6130924318452387,0.6130924318452387
2026-09-16 03:32:41,degradation_index,19.9089,18.141623130257937,15.4392,1.7672768697420622,1.7672768697420622
2026-09-16 03:32:42,degradation_index,18.2028,18.496662763690473,17.6712,-0.29386276369047337,0.29386276369047337
2026-09-16 03:32:43,degradation_index,14.4572,17.08142549920635,15.7734,-2.62422549920635,2.62422549920635
2026-09-16 03:32:44,degradation_index,18.4638,16.526105760119048,13.4908,1.9376942398809511,1.9376942398809511
2026-09-16 03:32:45,degradation_index,18.3492,16.841172952678573,18.6451,1.508027047321427,1.508027047321427
2026-09-16 03:32:46,degradation_index,17.3654,17.25920997589286,16.6553,0.10619002410714273,0.10619002410714273
2026-09-16 03:32:47,degradation_index,14.1037,17.72277221170635,18.3548,-3.6190722117063494,3.6190722117063494
2026-09-16 03:32:48,degradation_index,18.612,17.1507985281746,20.5502,1.4612014718253974,1.4612014718253974
2026-09-16 03:32:49,degradation_index,15.1472,18.83699100565476,18.261,-3.68979100565476,3.68979100565476
2026-09-16 03:32:50,degradation_index,16.2585,17.54220729293831,18.5841,-1.2837072929383098,1.2837072929383098
2026-09-16 03:32:51,degradation_index,11.1579,17.63867225188492,19.9089,-6.48077225188492,6.48077225188492
2026-09-16 03:32:52,degradation_index,19.9332,18.043951785876622,18.2028,1.889248214123377,1.889248214123377
2026-09-16 03:32:53,degradation_index,12.0896,17.39019998468615,14.4572,-5.300599984686148,5.300599984686148
2026-09-16 03:32:54,degradation_index,15.595,17.851034584325394,18.4638,-2.256034584325393,2.256034584325393
2026-09-16 03:32:55,degradation_index,14.0989,17.760732902083333,18.3492,-3.661832902083333,3.661832902083333
2026-09-16 03:32:56,degradation_index,15.732,17.401632156737016,17.3654,-1.6696321567370163,1.6696321567370163
2026-09-16 03:32:57,degradation_index,13.4977,16.95168097361111,14.1037,-3.4539809736111113,3.4539809736111113
2026-09-16 03:32:58,degradation_index,14.7172,17.036077240873013,18.612,-2.3188772408730127,2.3188772408730127
2026-09-16 03:32:59,degradation_index,13.6286,16.787565472420635,15.1472,-3.1589654724206344,3.1589654724206344
2026-09-16 03:33:00,degradation_index,11.778,16.844226316612556,16.2585,-5.066226316612555,5.066226316612555
2026-09-16 03:33:01,degradation_index,16.9876,15.835443495436508,11.1579,1.152156504563493,1.152156504563493
2026-09-16 03:33:02,degradation_index,14.9913,16.681068303968253,19.9332,-1.6897683039682523,1.6897683039682523
2026-09-16 03:33:03,degradation_index,10.3496,16.055656542288965,12.0896,-5.706056542288964,5.706056542288964
2026-09-16 03:33:04,degradation_index,13.7904,15.753538996789322,15.595,-1.963138996789322,1.963138996789322
2026-09-16 03:33:05,degradation_index,10.9056,15.94975239811508,14.0989,-5.044152398115081,5.044152398115081
2026-09-16 03:33:06,degradation_index,13.7867,16.204843687896826,15.732,-2.4181436878968263,2.4181436878968263
2026-09-16 03:33:07,degradation_index,19.9957,15.961290453128814,13.4977,4.034409546871185,4.034409546871185
2026-09-16 03:33:08,degradation_index,11.0573,15.666266146816378,14.7172,-4.608966146816378,4.608966146816378
2026-09-16 03:33:09,degradation_index,13.1462,14.89767115357143,13.6286,-1.7514711535714298,1.7514711535714298
2026-09-16 03:33:10,degradation_index,13.4709,14.886396185615082,11.778,-1.4154961856150816,1.4154961856150816
2026-09-16 03:33:11,degradation_index,12.8104,15.09793568837482,16.9876,-2.2875356883748204,2.2875356883748204
2026-09-16 03:33:12,degradation_index,12.517,15.41840382718254,14.9913,-2.9014038271825413,2.9014038271825413
2026-09-16 03:33:13,degradation_index,8.9857,14.352529170833334,10.3496,-5.366829170833334,5.366829170833334
2026-09-16 03:33:14,degradation_index,14.4884,14.367264593452381,13.7904,0.12113540654761934,0.12113540654761934
2026-09-16 03:33:15,degradation_index,12.9995,13.909213667261907,10.9056,-0.9097136672619079,0.9097136672619079
2026-09-16 03:33:16,degradation_index,12.4131,13.855367822420634,13.7867,-1.442267822420634,1.442267822420634
2026-09-16 03:33:17,degradation_index,8.5091,15.297323229960318,19.9957,-6.788223229960318,6.788223229960318
2026-09-16 03:33:18,degradation_index,5.7439,14.718915001289684,11.0573,-8.975015001289684,8.975015001289684
2026-09-16 03:33:19,degradation_index,11.5513,14.304056448196249,13.1462,-2.7527564481962497,2.7527564481962497
2026-09-16 03:33:20,degradation_index,14.1535,13.685724683459597,13.4709,0.4677753165404024,0.4677753165404024
2026-09-16 03:33:21,degradation_index,11.6746,14.011148760912697,12.8104,-2.336548760912697,2.336548760912697
2026-09-16 03:33:22,degradation_index,10.4039,13.706570446031746,12.517,-3.3026704460317458,3.3026704460317458
2026-09-16 03:33:23,degradation_index,14.6436,11.134230328075397,8.9857,3.5093696719246026,3.5093696719246026
2026-09-16 03:33:24,degradation_index,14.4838,13.239192733234127,14.4884,1.2446072667658736,1.2446072667658736
2026-09-16 03:33:25,degradation_index,9.2196,13.155425566341991,12.9995,-3.9358255663419914,3.9358255663419914
2026-09-16 03:33:26,degradation_index,12.1032,13.422495722420635,12.4131,-1.3192957224206356,1.3192957224206356
2026-09-16 03:33:27,degradation_index,14.8208,13.192063541369048,8.5091,1.6287364586309518,1.6287364586309518
2026-09-16 03:33:28,degradation_index,12.3689,10.210027047718253,5.7439,2.1588729522817474,2.1588729522817474
2026-09-16 03:33:29,degradation_index,10.6177,11.090288129960316,11.5513,-0.4725881299603163,0.4725881299603163
2026-09-16 03:33:30,degradation_index,18.2411,11.635833957936505,14.1535,6.605266042063494,6.605266042063494
2026-09-16 03:33:31,degradation_index,9.5518,12.313326313095237,11.6746,-2.7615263130952368,2.7615263130952368
2026-09-16 03:33:32,degradation_index,21.5418,11.763018411210316,10.4039,9.778781588789682,9.778781588789682
2026-09-16 03:33:33,degradation_index,16.7,12.484174199007937,14.6436,4.215825800992063,4.215825800992063
2026-09-16 03:33:34,degradation_index,12.8908,12.541697696130951,14.4838,0.3491023038690493,0.3491023038690493
2026-09-16 03:33:35,degradation_index,8.9078,12.366272806051587,9.2196,-3.458472806051587,3.458472806051587
2026-09-16 03:33:36,degradation_index,11.327,11.792288175198411,12.1032,-0.4652881751984115,0.4652881751984115
2026-09-16 03:33:37,degradation_index,8.6215,12.361331127831892,14.8208,-3.739831127831893,3.739831127831893
2026-09-16 03:33:38,degradation_index,9.8995,12.569969150892858,12.3689,-2.670469150892858,2.670469150892858
2026-09-16 03:33:39,degradation_index,7.7851,12.170515628174602,10.6177,-4.385415628174602,4.385415628174602
2026-09-16 03:33:40,degradation_index,13.1946,13.325171520337305,18.2411,-0.13057152033730546,0.13057152033730546
2026-09-16 03:33:41,degradation_index,8.8418,12.800184928869047,9.5518,-3.958384928869048,3.958384928869048
2026-09-16 03:33:42,degradation_index,14.384,15.785275830952376,21.5418,-1.4012758309523754,1.4012758309523754
2026-09-16 03:33:43,degradation_index,8.1475,15.076513246825398,16.7,-6.929013246825397,6.929013246825397
2026-09-16 03:33:44,degradation_index,8.8383,14.127864599900793,12.8908,-5.2895645999007925,5.2895645999007925
2026-09-16 03:33:45,degradation_index,10.8744,13.102738346726191,8.9078,-2.2283383467261917,2.2283383467261917
2026-09-16 03:33:46,degradation_index,8.7617,12.40441700262446,11.327,-3.64271700262446,3.64271700262446
2026-09-16 03:33:47,degradation_index,11.4634,12.128781901785715,8.6215,-0.6653819017857145,0.6653819017857145
2026-09-16 03:33:48,degradation_index,10.1115,11.167400695156926,9.8995,-1.055900695156927,1.055900695156927
2026-09-16 03:33:49,degradation_index,9.9857,10.673074102777779,7.7851,-0.6873741027777793,0.6873741027777793
2026-09-16 03:33:50,degradation_index,11.2089,12.05087214751984,13.1946,-0.8419721475198401,0.8419721475198401
2026-09-16 03:33:51,degradation_index,8.2356,11.566574177876983,8.8418,-3.3309741778769837,3.3309741778769837
2026-09-16 03:33:52,degradation_index,12.6447,11.885595136904762,14.384,0.7591048630952386,0.7591048630952386
2026-09-16 03:33:53,degradation_index,8.7691,11.62214468938492,8.1475,-2.8530446893849195,2.8530446893849195
2026-09-16 03:33:54,degradation_index,9.2151,10.810830206249998,8.8383,-1.595730206249998,1.595730206249998
2026-09-16 03:33:55,degradation_index,11.7113,10.803725510479797,10.8744,0.9075744895202025,0.9075744895202025
2026-09-16 03:33:56,degradation_index,10.6194,11.195004310737179,8.7617,-0.5756043107371784,0.5756043107371784
2026-09-16 03:33:57,degradation_index,11.9452,11.35799195406746,11.4634,0.58720804593254,0.58720804593254
2026-09-16 03:33:58,degradation_index,6.5749,10.876895001497113,10.1115,-4.3019950014971124,4.3019950014971124
2026-09-16 03:33:59,degradation_index,10.1712,10.316200874603174,9.9857,-0.14500087460317346,0.14500087460317346
2026-09-16 03:34:00,degradation_index,11.2501,11.381267374007937,11.2089,-0.1311673740079371,0.1311673740079371
2026-09-16 03:34:01,degradation_index,3.6083,10.41105676279762,8.2356,-6.802756762797619,6.802756762797619
2026-09-16 03:34:02,degradation_index,7.1541,10.895891691369048,12.6447,-3.7417916913690483,3.7417916913690483
2026-09-16 03:34:03,degradation_index,10.6541,10.338159027831889,8.7691,0.3159409721681108,0.3159409721681108
2026-09-16 03:34:04,degradation_index,7.0785,10.179566471428572,9.2151,-3.101066471428572,3.101066471428572
2026-09-16 03:34:05,degradation_index,7.0645,10.590963501641415,11.7113,-3.526463501641415,3.526463501641415
2026-09-16 03:34:06,degradation_index,7.6,10.853931480465368,10.6194,-3.2539314804653685,3.2539314804653685
2026-09-16 03:34:07,degradation_index,3.19,10.9970611171627,11.9452,-7.8070611171627,7.8070611171627
2026-09-16 03:34:08,degradation_index,0.6415,10.282611659424603,6.5749,-9.641111659424602,9.641111659424602
2026-09-16 03:34:09,degradation_index,7.6708,10.459559645634922,10.1712,-2.788759645634922,2.788759645634922
2026-09-16 03:34:10,degradation_index,4.6419,10.410593595734126,11.2501,-5.768693595734126,5.768693595734126
2026-09-16 03:34:11,degradation_index,4.1229,8.70443537946429,3.6083,-4.58153537946429,4.58153537946429
2026-09-16 03:34:12,degradation_index,0.9324,8.754001524931319,7.1541,-7.821601524931318,7.821601524931318
2026-09-16 03:34:13,degradation_index,4.7635,9.66462212172619,10.6541,-4.90112212172619,4.90112212172619
2026-09-16 03:34:14,degradation_index,6.0495,9.322245000198413,7.0785,-3.2727450001984124,3.2727450001984124
2026-09-16 03:34:15,degradation_index,1.5947,8.957941729861112,7.0645,-7.363241729861112,7.363241729861112
2026-09-16 03:34:16,degradation_index,4.3188,8.755194102876983,7.6,-4.436394102876982,4.436394102876982
2026-09-16 03:34:17,degradation_index,3.6726,6.715011084253248,3.19,-3.0424110842532484,3.0424110842532484
2026-09-16 03:34:18,degradation_index,2.8264,5.654489679067456,0.6415,-2.8280896790674563,2.8280896790674563
2026-09-16 03:34:19,degradation_index,8.8081,7.600429637003968,7.6708,1.2076703629960317,1.2076703629960317
2026-09-16 03:34:20,degradation_index,9.3708,6.664247537400794,4.6419,2.7065524625992055,2.7065524625992055
2026-09-16 03:34:21,degradation_index,9.9614,5.680599127281747,4.1229,4.2808008727182525,4.2808008727182525
2026-09-16 03:34:22,degradation_index,4.6699,5.1947010258928605,0.9324,-0.5248010258928604,0.5248010258928604
2026-09-16 03:34:23,degradation_index,5.8119,5.659855320734127,4.7635,0.15204467926587295,0.15204467926587295
2026-09-16 03:34:24,degradation_index,5.5395,6.291496873412698,6.0495,-0.7519968734126978,0.7519968734126978
2026-09-16 03:34:25,degradation_index,6.5787,5.309775647420639,1.5947,1.2689243525793614,1.2689243525793614
2026-09-16 03:34:26,degradation_index,7.8277,5.625116391946249,4.3188,2.202583608053751,2.202583608053751
2026-09-16 03:34:27,degradation_index,3.1084,5.606212716071429,3.6726,-2.497812716071429,2.497812716071429
2026-09-16 03:34:28,degradation_index,6.4682,4.822665758829365,2.8264,1.645534241170635,1.645534241170635
2026-09-16 03:34:29,degradation_index,9.5293,6.493908996130951,8.8081,3.035391003869048,3.035391003869048
2026-09-16 03:34:30,degradation_index,14.3763,6.361725733035713,9.3708,8.014574266964289,8.014574266964289
2026-09-16 03:34:31,degradation_index,6.2031,7.221572039621489,9.9614,-1.0184720396214892,1.0184720396214892
2026-09-16 03:34:32,degradation_index,5.9871,6.172269771230159,4.6699,-0.18516977123015899,0.18516977123015899
2026-09-16 03:34:33,degradation_index,5.1344,6.020278518154761,5.8119,-0.8858785181547608,0.8858785181547608
2026-09-16 03:34:34,degradation_index,10.2016,6.930587918452381,5.5395,3.2710120815476182,3.2710120815476182
2026-09-16 03:34:35,degradation_index,6.3835,6.565574372222223,6.5787,-0.1820743722222229,0.1820743722222229
2026-09-16 03:34:36,degradation_index,8.4664,6.803758655952381,7.8277,1.6626413440476195,1.6626413440476195
2026-09-16 03:34:37,degradation_index,8.1356,5.627007458928572,3.1084,2.508592541071428,2.508592541071428
2026-09-16 03:34:38,degradation_index,4.7032,6.52637164186508,6.4682,-1.8231716418650805,1.8231716418650805
2026-09-16 03:34:39,degradation_index,8.5272,6.922033338095235,9.5293,1.6051666619047653,1.6051666619047653
2026-09-16 03:34:40,degradation_index,10.3092,8.857436552976186,14.3763,1.451763447023815,1.451763447023815
2026-09-16 03:34:41,degradation_index,7.6832,7.700332651488095,6.2031,-0.01713265148809473,0.01713265148809473
2026-09-16 03:34:42,degradation_index,12.1428,7.124304138095237,5.9871,5.018495861904762,5.018495861904762
2026-09-16 03:34:43,degradation_index,10.1403,7.437272876289683,5.1344,2.703027123710317,2.703027123710317
2026-09-16 03:34:44,degradation_index,5.2319,7.80212029563492,10.2016,-2.570220295634919,2.570220295634919
2026-09-16 03:34:45,degradation_index,10.1181,7.92351475843254,6.3835,2.1945852415674603,2.1945852415674603
2026-09-16 03:34:46,degradation_index,7.9293,7.2812768066537625,8.4664,0.648023193346237,0.648023193346237
2026-09-16 03:34:47,degradation_index,8.0743,7.063165157936508,8.1356,1.0111348420634911,1.0111348420634911
2026-09-16 03:34:48,degradation_index,7.3145,6.9501318973214286,4.7032,0.3643681026785712,0.3643681026785712
2026-09-16 03:34:49,degradation_index,9.5507,7.681912031448412,8.5272,1.8687879685515885,1.8687879685515885
2026-09-16 03:34:50,degradation_index,10.0184,8.153467067757935,10.3092,1.8649329322420645,1.8649329322420645
2026-09-16 03:34:51,degradation_index,12.2518,7.769520674206349,7.6832,4.48227932579365,4.48227932579365
2026-09-16 03:34:52,degradation_index,13.2282,8.187549273404372,12.1428,5.0406507265956275,5.0406507265956275
2026-09-16 03:34:53,degradation_index,1.1588,8.366663859523808,10.1403,-7.207863859523807,7.207863859523807
2026-09-16 03:34:54,degradation_index,8.3124,8.386113679265872,5.2319,-0.07371367926587169,0.07371367926587169
2026-09-16 03:34:55,degradation_index,9.4845,8.732457250108224,10.1181,0.7520427498917766,0.7520427498917766
2026-09-16 03:34:56,degradation_index,11.4248,8.664953673809524,7.9293,2.759846326190475,2.759846326190475
2026-09-16 03:34:57,degradation_index,9.4708,8.81931478363095,8.0743,0.6514852163690499,0.6514852163690499
2026-09-16 03:34:58,degradation_index,10.9826,8.31059329861111,7.3145,2.6720067013888897,2.6720067013888897
2026-09-16 03:34:59,degradation_index,11.3279,8.082838372519843,9.5507,3.2450616274801565,3.2450616274801565
2026-09-16 03:35:00,degradation_index,15.8703,8.352741009523807,10.0184,7.517558990476193,7.517558990476193
2026-09-16 03:35:01,degradation_index,10.2014,8.88573928231421,12.2518,1.3156607176857893,1.3156607176857893
2026-09-16 03:35:02,degradation_index,8.5213,9.222629416170633,13.2282,-0.7013294161706334,0.7013294161706334
2026-09-16 03:35:03,degradation_index,9.5084,7.464887591369042,1.1588,2.043512408630958,2.043512408630958
2026-09-16 03:35:04,degradation_index,13.3863,7.8816249548791495,8.3124,5.504675045120851,5.504675045120851
2026-09-16 03:35:05,degradation_index,15.6723,8.376645477083333,9.4845,7.295654522916667,7.295654522916667
2026-09-16 03:35:06,degradation_index,16.7066,9.742314404464285,11.4248,6.964285595535717,6.964285595535717
2026-09-16 03:35:07,degradation_index,15.5956,9.637921310416667,9.4708,5.957678689583332,5.957678689583332
2026-09-16 03:35:08,degradation_index,13.5696,8.622483098376625,10.9826,4.9471169016233745,4.9471169016233745
2026-09-16 03:35:09,degradation_index,17.564,9.793714843154762,11.3279,7.7702851568452385,7.7702851568452385
2026-09-16 03:35:10,degradation_index,10.4296,12.083944097222219,15.8703,-1.6543440972222179,1.6543440972222179
2026-09-16 03:35:11,degradation_index,16.8445,10.610583781944444,10.2014,6.2339162180555565,6.2339162180555565
2026-09-16 03:35:12,degradation_index,11.2004,10.130287428571428,8.5213,1.070112571428572,1.070112571428572
2026-09-16 03:35:13,degradation_index,17.4216,9.613612795535714,9.5084,7.807987204464288,7.807987204464288
2026-09-16 03:35:14,degradation_index,11.028,10.661264980357142,13.3863,0.36673501964285826,0.36673501964285826
2026-09-16 03:35:15,degradation_index,15.6938,12.591408342243867,15.6723,3.102391657756133,3.102391657756133
2026-09-16 03:35:16,degradation_index,12.2794,12.145002688194445,16.7066,0.13439731180555547,0.13439731180555547
2026-09-16 03:35:17,degradation_index,13.6317,13.209399258531743,15.5956,0.42230074146825736,0.42230074146825736
2026-09-16 03:35:18,degradation_index,17.0364,12.677233324206348,13.5696,4.359166675793652,4.359166675793652
2026-09-16 03:35:19,degradation_index,16.2736,14.364206674900796,17.564,1.9093933250992023,1.9093933250992023
2026-09-16 03:35:20,degradation_index,17.3534,13.399631398611112,10.4296,3.953768601388889,3.953768601388889
2026-09-16 03:35:21,degradation_index,12.3761,14.300624495039683,16.8445,-1.9245244950396838,1.9245244950396838
2026-09-16 03:35:22,degradation_index,13.3972,13.211238913988096,11.2004,0.1859610860119041,0.1859610860119041
2026-09-16 03:35:23,degradation_index,13.5285,13.74885099980159,17.4216,-0.22035099980159067,0.22035099980159067
2026-09-16 03:35:24,degradation_index,17.512,13.607392325099205,11.028,3.904607674900795,3.904607674900795
2026-09-16 03:35:25,degradation_index,24.5057,14.0340401703373,15.6938,10.4716598296627,10.4716598296627
2026-09-16 03:35:26,degradation_index,17.2311,14.262701601190479,12.2794,2.968398398809523,2.968398398809523
2026-09-16 03:35:27,degradation_index,19.3721,13.474534138492064,13.6317,5.897565861507935,5.897565861507935
2026-09-16 03:35:28,degradation_index,19.9454,15.05765899970238,17.0364,4.88774100029762,4.88774100029762
2026-09-16 03:35:29,degradation_index,16.1793,14.244210481944446,16.2736,1.9350895180555554,1.9350895180555554
2026-09-16 03:35:30,degradation_index,16.9938,15.323628971825396,17.3534,1.6701710281746038,1.6701710281746038
2026-09-16 03:35:31,degradation_index,18.6097,14.321939073611114,12.3761,4.287760926388886,4.287760926388886
2026-09-16 03:35:32,degradation_index,18.2112,14.28543282194264,13.3972,3.9257671780573613,3.9257671780573613
2026-09-16 03:35:33,degradation_index,19.0657,13.919057729960317,13.5285,5.146642270039683,5.146642270039683
2026-09-16 03:35:34,degradation_index,18.8291,14.721590406845237,17.512,4.107509593154763,4.107509593154763
2026-09-16 03:35:35,degradation_index,21.2578,18.013499058134922,24.5057,3.2443009418650774,3.2443009418650774
2026-09-16 03:35:36,degradation_index,22.4541,16.220197268353175,17.2311,6.233902731646825,6.233902731646825
2026-09-16 03:35:37,degradation_index,16.8038,15.97793949583333,19.3721,0.8258605041666698,0.8258605041666698
2026-09-16 03:35:38,degradation_index,17.2092,17.35701791001984,19.9454,-0.14781791001984246,0.14781791001984246
2026-09-16 03:35:39,degradation_index,19.5474,17.278343108928574,16.1793,2.2690568910714255,2.2690568910714255
2026-09-16 03:35:40,degradation_index,18.6111,17.24951575892857,16.9938,1.36158424107143,1.36158424107143
2026-09-16 03:35:41,degradation_index,20.5482,17.111146556646823,18.6097,3.4370534433531787,3.4370534433531787
2026-09-16 03:35:42,degradation_index,17.5492,17.252196885515875,18.2112,0.29700311448412364,0.29700311448412364
2026-09-16 03:35:43,degradation_index,14.6518,17.344615350766595,19.0657,-2.6928153507665957,2.6928153507665957
2026-09-16 03:35:44,degradation_index,19.6931,17.205432348214288,18.8291,2.4876676517857135,2.4876676517857135
2026-09-16 03:35:45,degradation_index,26.363,18.905758754464284,21.2578,7.457241245535716,7.457241245535716
2026-09-16 03:35:46,degradation_index,19.1352,19.085737064736655,22.4541,0.049462935263346,0.049462935263346
2026-09-16 03:35:47,degradation_index,22.4799,19.125833748214284,16.8038,3.354066251785717,3.354066251785717
2026-09-16 03:35:48,degradation_index,15.4506,18.25828575327381,17.2092,-2.8076857532738106,2.8076857532738106
2026-09-16 03:35:49,degradation_index,28.3096,18.327468581150793,19.5474,9.982131418849207,9.982131418849207
2026-09-16 03:35:50,degradation_index,27.9664,18.272667309920635,18.6111,9.693732690079365,9.693732690079365
2026-09-16 03:35:51,degradation_index,18.8608,18.749633661607145,20.5482,0.11116633839285583,0.11116633839285583
2026-09-16 03:35:52,degradation_index,18.5041,18.747486386507937,17.5492,-0.24338638650793598,0.24338638650793598
2026-09-16 03:35:53,degradation_index,21.8066,17.930984218650792,14.6518,3.8756157813492074,3.8756157813492074
2026-09-16 03:35:54,degradation_index,22.6002,18.248999065079367,19.6931,4.351200934920634,4.351200934920634
2026-09-16 03:35:55,degradation_index,25.4673,20.712602636219337,26.363,4.754697363780664,4.754697363780664
2026-09-16 03:35:56,degradation_index,19.8007,19.512585328472223,19.1352,0.2881146715277758,0.2881146715277758
2026-09-16 03:35:57,degradation_index,23.1137,19.46522819494048,22.4799,3.648471805059522,3.648471805059522
2026-09-16 03:35:58,degradation_index,25.1258,18.706232563988095,15.4506,6.419567436011906,6.419567436011906
2026-09-16 03:35:59,degradation_index,23.3794,22.286399341071423,28.3096,1.0930006589285775,1.0930006589285775
2026-09-16 03:36:00,degradation_index,22.1788,24.049003302083335,27.9664,-1.8702033020833362,1.8702033020833362
2026-09-16 03:36:01,degradation_index,19.8295,21.525821924179294,18.8608,-1.6963219241792942,1.6963219241792942
2026-09-16 03:36:02,degradation_index,22.2485,20.399740893055558,18.5041,1.848759106944442,1.848759106944442
2026-09-16 03:36:03,degradation_index,28.0831,20.51909609107143,21.8066,7.564003908928573,7.564003908928573
2026-09-16 03:36:04,degradation_index,24.9303,21.23587298888889,22.6002,3.6944270111111095,3.6944270111111095
2026-09-16 03:36:05,degradation_index,24.5971,22.64079620338204,25.4673,1.9563037966179628,1.9563037966179628
2026-09-16 03:36:06,degradation_index,29.1682,21.17801136220238,19.8007,7.990188637797619,7.990188637797619
2026-09-16 03:36:07,degradation_index,28.223,20.913570378670634,23.1137,7.309429621329365,7.309429621329365
2026-09-16 03:36:08,degradation_index,20.8971,22.63074309156746,25.1258,-1.7336430915674619,1.7336430915674619
2026-09-16 03:36:09,degradation_index,27.4927,23.189717114880953,23.3794,4.302982885119047,4.302982885119047
2026-09-16 03:36:10,degradation_index,31.7894,22.48919786954365,22.1788,9.300202130456352,9.300202130456352
2026-09-16 03:36:11,degradation_index,25.0595,21.34034291875,19.8295,3.7191570812499997,3.7191570812499997
2026-09-16 03:36:12,degradation_index,26.3718,21.76171400089286,22.2485,4.610085999107142,4.610085999107142
2026-09-16 03:36:13,degradation_index,26.575,23.63059237470238,28.0831,2.944407625297618,2.944407625297618
2026-09-16 03:36:14,degradation_index,29.5024,23.581621458531746,24.9303,5.920778541468255,5.920778541468255
2026-09-16 03:36:15,degradation_index,24.2288,23.429755133333337,24.5971,0.7990448666666623,0.7990448666666623
2026-09-16 03:36:16,degradation_index,26.7175,24.264049406547617,29.1682,2.4534505934523843,2.4534505934523843
2026-09-16 03:36:17,degradation_index,28.9097,25.8067118703373,28.223,3.1029881296627018,3.1029881296627018
2026-09-16 03:36:18,degradation_index,27.4626,24.339081065972223,20.8971,3.123518934027775,3.123518934027775
2026-09-16 03:36:19,degradation_index,30.5913,25.49373168531746,27.4927,5.09756831468254,5.09756831468254
2026-09-16 03:36:20,degradation_index,25.8486,25.983517602281744,31.7894,-0.13491760228174243,0.13491760228174243
2026-09-16 03:36:21,degradation_index,26.2694,26.506989718425324,25.0595,-0.23758971842532262,0.23758971842532262
2026-09-16 03:36:22,degradation_index,29.3434,25.549244770238097,26.3718,3.794155229761902,3.794155229761902
2026-09-16 03:36:23,degradation_index,32.8074,25.38955854077381,26.575,7.417841459226192,7.417841459226192
2026-09-16 03:36:24,degradation_index,26.9852,26.51603654434524,29.5024,0.46916345565475837,0.46916345565475837
2026-09-16 03:36:25,degradation_index,25.8302,26.12968274315476,24.2288,-0.2994827431547584,0.2994827431547584
2026-09-16 03:36:26,degradation_index,26.6282,25.756841502579366,26.7175,0.8713584974206334,0.8713584974206334
2026-09-16 03:36:27,degradation_index,33.6016,26.418529546924603,28.9097,7.183070453075395,7.183070453075395
2026-09-16 03:36:28,degradation_index,28.3324,26.380330888392855,27.4626,1.9520691116071447,1.9520691116071447
2026-09-16 03:36:29,degradation_index,30.0448,27.463070535813493,30.5913,2.5817294641865054,2.5817294641865054
2026-09-16 03:36:30,degradation_index,29.9023,26.82889453611111,25.8486,3.0734054638888892,3.0734054638888892
2026-09-16 03:36:31,degradation_index,29.2777,26.965473865674603,26.2694,2.312226134325396,2.312226134325396
2026-09-16 03:36:32,degradation_index,27.0827,27.41687805287698,29.3434,-0.33417805287698243,0.33417805287698243
2026-09-16 03:36:33,degradation_index,32.7755,29.210564784722223,32.8074,3.564935215277778,3.564935215277778
2026-09-16 03:36:34,degradation_index,35.1062,28.169569178814932,26.9852,6.936630821185069,6.936630821185069
2026-09-16 03:36:35,degradation_index,28.7659,27.200763078075397,25.8302,1.5651369219246014,1.5651369219246014
2026-09-16 03:36:36,degradation_index,30.181,27.501797370833334,26.6282,2.6792026291666673,2.6792026291666673
2026-09-16 03:36:37,degradation_index,29.4351,28.910633615575396,33.6016,0.5244663844246027,0.5244663844246027
2026-09-16 03:36:38,degradation_index,30.2072,29.865444251984126,28.3324,0.34175574801587416,0.34175574801587416
2026-09-16 03:36:39,degradation_index,35.2053,28.663816759487734,30.0448,6.541483240512267,6.541483240512267
2026-09-16 03:36:40,degradation_index,34.3021,28.338619171924606,29.9023,5.963480828075397,5.963480828075397
2026-09-16 03:36:41,degradation_index,34.2588,28.691553947123015,29.2777,5.567246052876985,5.567246052876985
2026-09-16 03:36:42,degradation_index,32.9401,28.747326860119045,27.0827,4.192773139880956,4.192773139880956
2026-09-16 03:36:43,degradation_index,32.2942,29.86948974434524,32.7755,2.4247102556547553,2.4247102556547553
2026-09-16 03:36:44,degradation_index,35.4374,30.159915180357142,35.1062,5.277484819642854,5.277484819642854
2026-09-16 03:36:45,degradation_index,30.6207,29.54779400109127,28.7659,1.0729059989087304,1.0729059989087304
2026-09-16 03:36:46,degradation_index,32.7459,29.849780058928573,30.181,2.896119941071426,2.896119941071426
2026-09-16 03:36:47,degradation_index,37.2935,29.950478072186147,29.4351,7.343021927813854,7.343021927813854
2026-09-16 03:36:48,degradation_index,33.746,30.06609743670635,30.2072,3.679902563293652,3.679902563293652
2026-09-16 03:36:49,degradation_index,37.2758,31.17899775486111,35.2053,6.0968022451388855,6.0968022451388855
2026-09-16 03:36:50,degradation_index,32.4394,30.793922073511908,34.3021,1.6454779264880912,1.6454779264880912
2026-09-16 03:36:51,degradation_index,37.9828,31.431622856646825,34.2588,6.551177143353172,6.551177143353172
2026-09-16 03:36:52,degradation_index,35.0993,31.47858364920635,32.9401,3.62071635079365,3.62071635079365
2026-09-16 03:36:53,degradation_index,30.8575,31.68052157186147,32.2942,-0.8230215718614673,0.8230215718614673
2026-09-16 03:36:54,degradation_index,33.3307,33.13414003095237,35.4374,0.19655996904762674,0.19655996904762674
2026-09-16 03:36:55,degradation_index,29.7104,32.03213049342533,30.6207,-2.321730493425328,2.321730493425328
2026-09-16 03:36:56,degradation_index,36.2725,31.875574396527778,32.7459,4.396925603472223,4.396925603472223
2026-09-16 03:36:57,degradation_index,41.873,32.8566734941829,37.2935,9.016326505817098,9.016326505817098
2026-09-16 03:36:58,degradation_index,32.8567,32.72663045157829,33.746,0.1300695484217087,0.1300695484217087
2026-09-16 03:36:59,degradation_index,36.7684,33.287668981845236,37.2758,3.4807310181547635,3.4807310181547635
2026-09-16 03:37:00,degradation_index,34.5853,33.4144170125992,32.4394,1.1708829874007947,1.1708829874007947
2026-09-16 03:37:01,degradation_index,37.3175,33.233881687499995,37.9828,4.083618312500008,4.083618312500008
2026-09-16 03:37:02,degradation_index,37.1396,34.085112650099205,35.0993,3.0544873499007963,3.0544873499007963
2026-09-16 03:37:03,degradation_index,36.117,33.24564930416667,30.8575,2.8713506958333284,2.8713506958333284
2026-09-16 03:37:04,degradation_index,35.0745,33.412466502281745,33.3307,1.6620334977182551,1.6620334977182551
2026-09-16 03:37:05,degradation_index,38.5708,32.54515858869048,29.7104,6.025641411309522,6.025641411309522
2026-09-16 03:37:06,degradation_index,37.8177,33.64727265625,36.2725,4.170427343749999,4.170427343749999
2026-09-16 03:37:07,degradation_index,42.2652,35.55237440565476,41.873,6.71282559434524,6.71282559434524
2026-09-16 03:37:08,degradation_index,35.1339,33.57903726299603,32.8567,1.5548627370039654,1.5548627370039654
2026-09-16 03:37:09,degradation_index,38.9824,34.385627859623014,36.7684,4.596772140376984,4.596772140376984
2026-09-16 03:37:10,degradation_index,38.4333,34.21902606388888,34.5853,4.21427393611112,4.21427393611112
2026-09-16 03:37:11,degradation_index,35.1677,34.76680121676588,37.3175,0.4008987832341262,0.4008987832341262
2026-09-16 03:37:12,degradation_index,40.0761,35.664778364781746,37.1396,4.4113216352182505,4.4113216352182505
2026-09-16 03:37:13,degradation_index,44.4797,35.11860482450397,36.117,9.361095175496033,9.361095175496033
2026-09-16 03:37:14,degradation_index,42.0389,34.612458379193725,35.0745,7.426441620806273,7.426441620806273
2026-09-16 03:37:15,degradation_index,44.6053,35.35508007400793,38.5708,9.25021992599207,9.25021992599207
2026-09-16 03:37:16,degradation_index,44.0411,35.689385934704184,37.8177,8.351714065295816,8.351714065295816
2026-09-16 03:37:17,degradation_index,42.7085,37.12176678353175,42.2652,5.586733216468254,5.586733216468254
2026-09-16 03:37:18,degradation_index,36.9407,36.33482290833333,35.1339,0.6058770916666703,0.6058770916666703
2026-09-16 03:37:19,degradation_index,42.0252,36.28339210029762,38.9824,5.74180789970238,5.74180789970238
2026-09-16 03:37:20,degradation_index,39.822,37.088400490773815,38.4333,2.733599509226188,2.733599509226188
2026-09-16 03:37:21,degradation_index,46.2059,36.45953504097223,35.1677,9.746364959027773,9.746364959027773
2026-09-16 03:37:22,degradation_index,44.0869,36.741099919237016,40.0761,7.345800080762984,7.345800080762984
2026-09-16 03:37:23,degradation_index,46.0788,37.81106706755953,44.4797,8.267732932440474,8.267732932440474
2026-09-16 03:37:24,degradation_index,45.2631,38.76711440704365,42.0389,6.495985592956352,6.495985592956352
2026-09-16 03:37:25,degradation_index,39.1146,39.27569114672619,44.6053,-0.16109114672618574,0.16109114672618574
2026-09-16 03:37:26,degradation_index,39.4325,40.825162944146825,44.0411,-1.392662944146828,1.392662944146828
2026-09-16 03:37:27,degradation_index,40.2945,40.72431321458333,42.7085,-0.42981321458333355,0.42981321458333355
2026-09-16 03:37:28,degradation_index,45.6225,39.39186301994047,36.9407,6.230636980059529,6.230636980059529
2026-09-16 03:37:29,degradation_index,42.2979,40.010136891071426,42.0252,2.287763108928573,2.287763108928573
2026-09-16 03:37:30,degradation_index,48.6867,40.51821702827381,39.822,8.168482971726192,8.168482971726192
2026-09-16 03:37:31,degradation_index,45.2614,40.79826959494048,46.2059,4.463130405059523,4.463130405059523
2026-09-16 03:37:32,degradation_index,44.8482,40.77032162777778,44.0869,4.077878372222216,4.077878372222216
2026-09-16 03:37:33,degradation_index,51.1094,40.93302219375,46.0788,10.176377806250002,10.176377806250002
2026-09-16 03:37:34,degradation_index,44.4172,41.64391074239718,45.2631,2.773289257602819,2.773289257602819
2026-09-16 03:37:35,degradation_index,42.4439,41.325790302976195,39.1146,1.1181096970238045,1.1181096970238045
2026-09-16 03:37:36,degradation_index,41.2401,41.21121956438492,39.4325,0.028880435615079136,0.028880435615079136
2026-09-16 03:37:37,degradation_index,46.9107,40.9268627561508,40.2945,5.983837243849202,5.983837243849202
2026-09-16 03:37:38,degradation_index,44.3009,40.81918044572511,45.6225,3.481719554274889,3.481719554274889
2026-09-16 03:37:39,degradation_index,41.9311,42.00558631041667,42.2979,-0.07448631041666687,0.07448631041666687
2026-09-16 03:37:40,degradation_index,47.2278,42.74376915724207,48.6867,4.484030842757932,4.484030842757932
2026-09-16 03:37:41,degradation_index,46.2116,42.847623878769845,45.2614,3.363976121230152,3.363976121230152
2026-09-16 03:37:42,degradation_index,49.4331,43.196205652886,44.8482,6.236894347114003,6.236894347114003
2026-09-16 03:37:43,degradation_index,49.7278,45.29256346357323,51.1094,4.435236536426771,4.435236536426771
2026-09-16 03:37:44,degradation_index,46.8701,44.752298805059525,44.4172,2.1178011949404763,2.1178011949404763
2026-09-16 03:37:45,degradation_index,45.3437,43.270043272916666,42.4439,2.073656727083332,2.073656727083332
2026-09-16 03:37:46,degradation_index,45.5838,42.788638888095235,41.2401,2.7951611119047612,2.7951611119047612
2026-09-16 03:37:47,degradation_index,47.8847,43.04955120228175,46.9107,4.835148797718254,4.835148797718254
2026-09-16 03:37:48,degradation_index,53.8998,43.91799226548521,44.3009,9.981807734514788,9.981807734514788
2026-09-16 03:37:49,degradation_index,51.3075,42.651921800198416,41.9311,8.655578199801582,8.655578199801582
2026-09-16 03:37:50,degradation_index,47.9183,42.67400834623016,47.2278,5.244291653769842,5.244291653769842
2026-09-16 03:37:51,degradation_index,53.5567,43.10780345684523,46.2116,10.448896543154767,10.448896543154767
2026-09-16 03:37:52,degradation_index,49.9019,44.69917633769842,49.4331,5.20272366230158,5.20272366230158
2026-09-16 03:37:53,degradation_index,47.2219,45.6375171827381,49.7278,1.584382817261897,1.584382817261897
2026-09-16 03:37:54,degradation_index,49.3432,45.393220586805555,46.8701,3.9499794131944483,3.9499794131944483
2026-09-16 03:37:55,degradation_index,54.0894,44.75552526517857,45.3437,9.333874734821428,9.333874734821428
2026-09-16 03:37:56,degradation_index,51.5043,44.64713104077381,45.5838,6.857168959226193,6.857168959226193
2026-09-16 03:37:57,degradation_index,48.5082,45.03984578412699,47.8847,3.4683542158730134,3.4683542158730134
2026-09-16 03:37:58,degradation_index,52.0848,48.20675093125,53.8998,3.878049068750002,3.878049068750002
2026-09-16 03:37:59,degradation_index,50.3933,47.744077654365086,51.3075,2.649222345634918,2.649222345634918
2026-09-16 03:38:00,degradation_index,52.3812,47.13817203601191,47.9183,5.243027963988091,5.243027963988091
2026-09-16 03:38:01,degradation_index,47.0859,48.62538270773809,53.5567,-1.5394827077380882,1.5394827077380882
2026-09-16 03:38:02,degradation_index,53.992,48.442654264781744,49.9019,5.549345735218253,5.549345735218253
2026-09-16 03:38:03,degradation_index,52.5609,47.75031479662698,47.2219,4.810585203373016,4.810585203373016
2026-09-16 03:38:04,degradation_index,50.8665,46.93159548005953,49.3432,3.934904519940474,3.934904519940474
2026-09-16 03:38:05,degradation_index,53.6181,48.51220348720238,54.0894,5.105896512797621,5.105896512797621
2026-09-16 03:38:06,degradation_index,55.309,49.86299110505952,51.5043,5.446008894940476,5.446008894940476
2026-09-16 03:38:07,degradation_index,54.264,48.487922195048704,48.5082,5.776077804951299,5.776077804951299
2026-09-16 03:38:08,degradation_index,60.8674,48.12710565843254,52.0848,12.740294341567463,12.740294341567463
2026-09-16 03:38:09,degradation_index,53.7088,49.0714532155754,50.3933,4.637346784424594,4.637346784424594
2026-09-16 03:38:10,degradation_index,60.961,49.613074312301585,52.3812,11.347925687698414,11.347925687698414
2026-09-16 03:38:11,degradation_index,54.0262,49.42909137589286,47.0859,4.597108624107143,4.597108624107143
2026-09-16 03:38:12,degradation_index,53.4494,49.21484563373015,53.992,4.2345543662698475,4.2345543662698475
2026-09-16 03:38:13,degradation_index,56.1595,49.1943115797619,52.5609,6.9651884202381,6.9651884202381
2026-09-16 03:38:14,degradation_index,54.162,49.81883089484127,50.8665,4.343169105158729,4.343169105158729
2026-09-16 03:38:15,degradation_index,52.2183,50.12676447023809,53.6181,2.091535529761906,2.091535529761906
2026-09-16 03:38:16,degradation_index,62.246,50.95359108095238,55.309,11.292408919047624,11.292408919047624
2026-09-16 03:38:17,degradation_index,57.6001,51.11282427641595,54.264,6.487275723584048,6.487275723584048
2026-09-16 03:38:18,degradation_index,56.0715,54.568274422916666,60.8674,1.5032255770833345,1.5032255770833345
2026-09-16 03:38:19,degradation_index,57.4531,52.4871936875992,53.7088,4.965906312400797,4.965906312400797
2026-09-16 03:38:20,degradation_index,56.2207,54.92357420039682,60.961,1.2971257996031795,1.2971257996031795
2026-09-16 03:38:21,degradation_index,56.8394,54.00177471939935,54.0262,2.8376252806006477,2.8376252806006477
2026-09-16 03:38:22,degradation_index,58.2926,52.94477341121031,53.4494,5.347826588789687,5.347826588789687
2026-09-16 03:38:23,degradation_index,51.39,53.432585320932546,56.1595,-2.0425853209325453,2.0425853209325453
2026-09-16 03:38:24,degradation_index,56.7078,53.13380425079365,54.162,3.5739957492063468,3.5739957492063468
2026-09-16 03:38:25,degradation_index,58.8244,53.24487194960317,52.2183,5.579528050396824,5.579528050396824
2026-09-16 03:38:26,degradation_index,51.401,55.046877925992064,62.246,-3.6458779259920604,3.6458779259920604
2026-09-16 03:38:27,degradation_index,55.5779,54.49322201061508,57.6001,1.0846779893849217,1.0846779893849217
2026-09-16 03:38:28,degradation_index,58.7371,54.69530301633297,56.0715,4.041796983667027,4.041796983667027
2026-09-16 03:38:29,degradation_index,64.7517,53.9481561578373,57.4531,10.803543842162696,10.803543842162696
2026-09-16 03:38:30,degradation_index,59.5512,54.80329299186508,56.2207,4.7479070081349235,4.7479070081349235
2026-09-16 03:38:31,degradation_index,62.5504,55.45672187113095,56.8394,7.093678128869051,7.093678128869051
2026-09-16 03:38:32,degradation_index,62.6287,55.02975985565476,58.2926,7.598940144345242,7.598940144345242
2026-09-16 03:38:33,degradation_index,60.8214,54.731581937003966,51.39,6.089818062996031,6.089818062996031
2026-09-16 03:38:34,degradation_index,62.756,54.67703679494048,56.7078,8.078963205059523,8.078963205059523
2026-09-16 03:38:35,degradation_index,61.4827,55.18501138581349,58.8244,6.297688614186512,6.297688614186512
2026-09-16 03:38:36,degradation_index,61.7079,55.306499919246036,51.401,6.401400080753966,6.401400080753966
2026-09-16 03:38:37,degradation_index,63.6311,55.00594978740981,55.5779,8.625150212590192,8.625150212590192
2026-09-16 03:38:38,degradation_index,65.3302,54.88090665040584,58.7371,10.449293349594164,10.449293349594164
2026-09-16 03:38:39,degradation_index,60.875,58.09855894771825,64.7517,2.776441052281747,2.776441052281747
2026-09-16 03:38:40,degradation_index,59.8019,57.10561372222222,59.5512,2.69628627777778,2.69628627777778
2026-09-16 03:38:41,degradation_index,62.1149,57.32733788541667,62.5504,4.787562114583331,4.787562114583331
2026-09-16 03:38:42,degradation_index,70.8926,58.40889974444445,62.6287,12.483700255555554,12.483700255555554
2026-09-16 03:38:43,degradation_index,63.0739,58.459172588591265,60.8214,4.614727411408737,4.614727411408737
2026-09-16 03:38:44,degradation_index,65.2049,59.49900049375,62.756,5.705899506249992,5.705899506249992
2026-09-16 03:38:45,degradation_index,65.8454,58.8597532969246,61.4827,6.985646703075396,6.985646703075396
2026-09-16 03:38:46,degradation_index,63.2289,59.29023582351191,61.7079,3.9386641764880963,3.9386641764880963
2026-09-16 03:38:47,degradation_index,65.2402,59.72637023611111,63.6311,5.513829763888893,5.513829763888893
2026-09-16 03:38:48,degradation_index,62.7063,60.210899454761915,65.3302,2.495400545238084,2.495400545238084
2026-09-16 03:38:49,degradation_index,63.5145,60.436421030023446,60.875,3.078078969976552,3.078078969976552
2026-09-16 03:38:50,degradation_index,70.3923,59.32333731269841,59.8019,11.068962687301592,11.068962687301592
2026-09-16 03:38:51,degradation_index,65.386,59.61558994454365,62.1149,5.770410055456345,5.770410055456345
2026-09-16 03:38:52,degradation_index,66.5783,63.95268002976191,70.8926,2.625619970238091,2.625619970238091
2026-09-16 03:38:53,degradation_index,63.3818,62.08237157301588,63.0739,1.2994284269841216,1.2994284269841216
2026-09-16 03:38:54,degradation_index,64.3895,60.89266893670634,65.2049,3.496831063293655,3.496831063293655
2026-09-16 03:38:55,degradation_index,69.921,61.88817295615079,65.8454,8.032827043849217,8.032827043849217
2026-09-16 03:38:56,degradation_index,68.1922,62.62699180892857,63.2289,5.565208191071427,5.565208191071427
2026-09-16 03:38:57,degradation_index,71.3001,62.5995760876443,65.2402,8.700523912355699,8.700523912355699
2026-09-16 03:38:58,degradation_index,69.9797,62.70697771507936,62.7063,7.272722284920633,7.272722284920633
2026-09-16 03:38:59,degradation_index,63.3382,62.28371142094156,63.5145,1.054488579058443,1.054488579058443
2026-09-16 03:39:00,degradation_index,61.567,64.88315106646826,70.3923,-3.316151066468258,3.316151066468258
2026-09-16 03:39:01,degradation_index,65.9741,63.514488559913005,65.386,2.459611440087002,2.459611440087002
2026-09-16 03:39:02,degradation_index,68.4567,63.469942563392856,66.5783,4.986757436607142,4.986757436607142
2026-09-16 03:39:03,degradation_index,76.815,63.60254005586219,63.3818,13.212459944137805,13.212459944137805
2026-09-16 03:39:04,degradation_index,71.4035,63.117629506259014,64.3895,8.28587049374098,8.28587049374098
2026-09-16 03:39:05,degradation_index,72.1287,65.23800139573413,69.921,6.8906986042658644,6.8906986042658644
2026-09-16 03:39:06,degradation_index,70.7429,65.20684821339286,68.1922,5.536051786607146,5.536051786607146
2026-09-16 03:39:07,degradation_index,73.2564,65.82234025039683,71.3001,7.434059749603165,7.434059749603165
2026-09-16 03:39:08,degradation_index,69.0434,65.8952491688492,69.9797,3.148150831150801,3.148150831150801
2026-09-16 03:39:09,degradation_index,68.9597,65.18884614867424,63.3382,3.7708538513257537,3.7708538513257537
2026-09-16 03:39:10,degradation_index,70.3297,65.29582205595239,61.567,5.033877944047617,5.033877944047617
2026-09-16 03:39:11,degradation_index,67.1386,64.88207704345238,65.9741,2.256522956547613,2.256522956547613
2026-09-16 03:39:12,degradation_index,70.4789,65.70546078214285,68.4567,4.773439217857145,4.773439217857145
2026-09-16 03:39:13,degradation_index,74.964,69.5079032923611,76.815,5.456096707638892,5.456096707638892
2026-09-16 03:39:14,degradation_index,72.2782,67.89177375039682,71.4035,4.386426249603176,4.386426249603176
2026-09-16 03:39:15,degradation_index,74.2286,67.722576359623,72.1287,6.506023640376995,6.506023640376995
2026-09-16 03:39:16,degradation_index,71.687,67.76700633184524,70.7429,3.91999366815476,3.91999366815476
2026-09-16 03:39:17,degradation_index,73.9509,68.67619560147006,73.2564,5.274704398529948,5.274704398529948
2026-09-16 03:39:18,degradation_index,72.2852,69.46896972831891,69.0434,2.8162302716810927,2.8162302716810927
2026-09-16 03:39:19,degradation_index,77.466,67.83751849439032,68.9597,9.62848150560967,9.62848150560967
2026-09-16 03:39:20,degradation_index,76.6594,68.2612268543741,70.3297,8.398173145625904,8.398173145625904
2026-09-16 03:39:21,degradation_index,74.5967,67.9105118830808,67.1386,6.6861881169191975,6.6861881169191975
2026-09-16 03:39:22,degradation_index,78.5871,68.2250640672619,70.4789,10.36203593273811,10.36203593273811
2026-09-16 03:39:23,degradation_index,74.2084,69.40705823015874,74.964,4.801341769841258,4.801341769841258
2026-09-16 03:39:24,degradation_index,72.0737,69.56527267559524,72.2782,2.5084273244047637,2.5084273244047637
2026-09-16 03:39:25,degradation_index,76.6792,69.91693212738095,74.2286,6.762267872619049,6.762267872619049
2026-09-16 03:39:26,degradation_index,75.4936,69.8826375782738,71.687,5.6109624217261995,5.6109624217261995
2026-09-16 03:39:27,degradation_index,74.4737,70.47167084137807,73.9509,4.002029158621923,4.002029158621923
2026-09-16 03:39:28,degradation_index,73.7674,70.55793088045635,72.2852,3.209469119543641,3.209469119543641
2026-09-16 03:39:29,degradation_index,72.9018,72.28902705982142,77.466,0.6127729401785729,0.6127729401785729
2026-09-16 03:39:30,degradation_index,77.8713,72.46329475863095,76.6594,5.408005241369054,5.408005241369054
2026-09-16 03:39:31,degradation_index,73.7976,71.93279514940475,74.5967,1.8648048505952488,1.8648048505952488
2026-09-16 03:39:32,degradation_index,73.2546,73.3425164857143,78.5871,-0.08791648571430244,0.08791648571430244
2026-09-16 03:39:33,degradation_index,77.345,73.02298853814935,74.2084,4.32201146185065,4.32201146185065
2026-09-16 03:39:34,degradation_index,77.3946,72.8048614625992,72.0737,4.589738537400791,4.589738537400791
2026-09-16 03:39:35,degradation_index,75.9089,72.99451979246031,76.6792,2.9143802075396934,2.9143802075396934
2026-09-16 03:39:36,degradation_index,72.6882,73.16167679434524,75.4936,-0.47347679434524537,0.47347679434524537
2026-09-16 03:39:37,degradation_index,78.003,73.36956098551586,74.4737,4.633439014484139,4.633439014484139
2026-09-16 03:39:38,degradation_index,79.2268,72.32830874970237,73.7674,6.898491250297624,6.898491250297624
2026-09-16 03:39:39,degradation_index,75.4356,72.7303897189484,72.9018,2.705210281051592,2.705210281051592
2026-09-16 03:39:40,degradation_index,73.3988,73.19283882202382,77.8713,0.20596117797617808,0.20596117797617808
2026-09-16 03:39:41,degradation_index,76.745,73.83948414630231,73.7976,2.9055158536976933,2.9055158536976933
2026-09-16 03:39:42,degradation_index,75.3673,73.56894831607143,73.2546,1.7983516839285727,1.7983516839285727
2026-09-16 03:39:43,degradation_index,73.8711,73.10714900804473,77.345,0.7639509919552694,0.7639509919552694
2026-09-16 03:39:44,degradation_index,71.5459,73.89656970912698,77.3946,-2.3506697091269757,2.3506697091269757
2026-09-16 03:39:45,degradation_index,75.5619,74.1654613282738,75.9089,1.3964386717261874,1.3964386717261874
2026-09-16 03:39:46,degradation_index,81.1678,74.29621516904761,72.6882,6.871584830952386,6.871584830952386
2026-09-16 03:39:47,degradation_index,71.9442,73.74104139454364,78.003,-1.796841394543648,1.796841394543648
2026-09-16 03:39:48,degradation_index,70.8526,74.89498257708333,79.2268,-4.04238257708333,4.04238257708333
2026-09-16 03:39:49,degradation_index,71.3121,75.06069973452381,75.4356,-3.7485997345238076,3.7485997345238076
2026-09-16 03:39:50,degradation_index,74.8016,74.68377104583332,73.3988,0.11782895416666861,0.11782895416666861
2026-09-16 03:39:51,degradation_index,70.2583,74.66885925417569,76.745,-4.410559254175681,4.410559254175681
2026-09-16 03:39:52,degradation_index,77.0284,74.89525258051046,75.3673,2.1331474194895463,2.1331474194895463
2026-09-16 03:39:53,degradation_index,72.3092,74.53357871964286,73.8711,-2.224378719642857,2.224378719642857
2026-09-16 03:39:54,degradation_index,68.7124,73.62256103194444,71.5459,-4.91016103194444,4.91016103194444
2026-09-16 03:39:55,degradation_index,70.0544,73.7343939109127,75.5619,-3.6799939109126996,3.6799939109126996
2026-09-16 03:39:56,degradation_index,66.8154,75.64512475099207,81.1678,-8.82972475099207,8.82972475099207
2026-09-16 03:39:57,degradation_index,71.7999,74.37637675357142,71.9442,-2.576476753571427,2.576476753571427
2026-09-16 03:39:58,degradation_index,74.6396,73.4603700439484,70.8526,1.1792299560516,1.1792299560516
2026-09-16 03:39:59,degradation_index,71.4005,72.80332174404762,71.3121,-1.4028217440476283,1.4028217440476283
2026-09-16 03:40:00,degradation_index,66.2481,73.71297260129869,74.8016,-7.464872601298694,7.464872601298694
2026-09-16 03:40:01,degradation_index,69.4494,72.7609248371122,70.2583,-3.311524837112202,3.311524837112202
2026-09-16 03:40:02,degradation_index,70.4251,72.38130451121032,77.0284,-1.9562045112103164,1.9562045112103164
2026-09-16 03:40:03,degradation_index,66.0339,73.40128104970239,72.3092,-7.367381049702388,7.367381049702388
2026-09-16 03:40:04,degradation_index,69.0761,71.63533473224207,68.7124,-2.559234732242075,2.559234732242075
2026-09-16 03:40:05,degradation_index,70.9319,71.62098183840187,70.0544,-0.6890818384018758,0.6890818384018758
2026-09-16 03:40:06,degradation_index,71.7594,70.17347816563853,66.8154,1.5859218343614714,1.5859218343614714
2026-09-16 03:40:07,degradation_index,75.8058,71.0431116952471,71.7999,4.762688304752899,4.762688304752899
2026-09-16 03:40:08,degradation_index,70.7684,72.2075297625,74.6396,-1.4391297625000021,1.4391297625000021
2026-09-16 03:40:09,degradation_index,64.8791,71.27092762711038,71.4005,-6.391827627110388,6.391827627110388
2026-09-16 03:40:10,degradation_index,73.9067,69.59501120486111,66.2481,4.311688795138892,4.311688795138892
2026-09-16 03:40:11,degradation_index,72.0049,69.98976067808441,69.4494,2.0151393219155977,2.0151393219155977
2026-09-16 03:40:12,degradation_index,71.2653,70.62989331141775,70.4251,0.6354066885822505,0.6354066885822505
2026-09-16 03:40:13,degradation_index,72.2066,69.27503848432539,66.0339,2.931561515674602,2.931561515674602
2026-09-16 03:40:14,degradation_index,68.6252,68.84804647342172,69.0761,-0.22284647342171127,0.22284647342171127
2026-09-16 03:40:15,degradation_index,68.8902,68.75554704266774,70.9319,0.1346529573322499,0.1346529573322499
2026-09-16 03:40:16,degradation_index,68.07,69.4276539170635,71.7594,-1.3576539170635016,1.3576539170635016
2026-09-16 03:40:17,degradation_index,69.3213,70.31235750277779,75.8058,-0.9910575027777924,0.9910575027777924
2026-09-16 03:40:18,degradation_index,70.142,70.7110263968254,70.7684,-0.5690263968254072,0.5690263968254072
2026-09-16 03:40:19,degradation_index,65.9955,69.05994148650792,64.8791,-3.064441486507917,3.064441486507917
2026-09-16 03:40:20,degradation_index,73.1358,70.18995934296537,73.9067,2.945840657034637,2.945840657034637
2026-09-16 03:40:21,degradation_index,70.4979,70.18810154237013,72.0049,0.30979845762986713,0.30979845762986713
2026-09-16 03:40:22,degradation_index,66.9896,70.7007655587933,71.2653,-3.7111655587932972,3.7111655587932972
2026-09-16 03:40:23,degradation_index,67.5099,69.11663405695346,72.2066,-1.6067340569534565,1.6067340569534565
2026-09-16 03:40:24,degradation_index,66.2819,68.90765571220238,68.6252,-2.625755712202391,2.625755712202391
2026-09-16 03:40:25,degradation_index,66.8385,69.78331683898809,68.8902,-2.944816838988089,2.944816838988089
2026-09-16 03:40:26,degradation_index,71.2093,69.06615808055555,68.07,2.143141919444446,2.143141919444446
2026-09-16 03:40:27,degradation_index,73.1331,69.34886849078282,69.3213,3.7842315092171788,3.7842315092171788
2026-09-16 03:40:28,degradation_index,76.5426,68.83016890773808,70.142,7.712431092261909,7.712431092261909
2026-09-16 03:40:29,degradation_index,68.2814,67.53950826339286,65.9955,0.741891736607144,0.741891736607144
2026-09-16 03:40:30,degradation_index,69.8611,68.13250989335317,73.1358,1.72859010664682,1.72859010664682
2026-09-16 03:40:31,degradation_index,64.1834,69.03123603382937,70.4979,-4.847836033829367,4.847836033829367
2026-09-16 03:40:32,degradation_index,72.128,69.12676394712301,66.9896,3.0012360528769904,3.0012360528769904
2026-09-16 03:40:33,degradation_index,70.7587,68.40745008850108,67.5099,2.3512499114989254,2.3512499114989254
2026-09-16 03:40:34,degradation_index,64.6942,67.68883522619046,66.2819,-2.994635226190468,2.994635226190468
2026-09-16 03:40:35,degradation_index,70.1517,67.82915541280663,66.8385,2.322544587193377,2.322544587193377
2026-09-16 03:40:36,degradation_index,67.9703,68.18959343830267,71.2093,-0.219293438302671,0.219293438302671
2026-09-16 03:40:37,degradation_index,69.2786,68.65042082600108,73.1331,0.628179173998916,0.628179173998916
2026-09-16 03:40:38,degradation_index,70.669,70.40951701603326,76.5426,0.2594829839667341,0.2594829839667341
2026-09-16 03:40:39,degradation_index,65.9839,68.62374836438492,68.2814,-2.6398483643849175,2.6398483643849175
2026-09-16 03:40:40,degradation_index,73.5385,69.41015655030664,69.8611,4.128343449693361,4.128343449693361
2026-09-16 03:40:41,degradation_index,68.5081,68.13077806458334,64.1834,0.3773219354166599,0.3773219354166599
2026-09-16 03:40:42,degradation_index,68.891,69.1887999373106,72.128,-0.29779993731060017,0.29779993731060017
2026-09-16 03:40:43,degradation_index,70.9956,69.7073089291847,70.7587,1.2882910708152906,1.2882910708152906
2026-09-16 03:40:44,degradation_index,70.7281,67.40256438234127,64.6942,3.32553561765873,3.32553561765873
2026-09-16 03:40:45,degradation_index,72.7373,68.04291408750902,70.1517,4.694385912490986,4.694385912490986
2026-09-16 03:40:46,degradation_index,74.4448,68.20777022242063,67.9703,6.237029777579366,6.237029777579366
2026-09-16 03:40:47,degradation_index,70.505,68.24624568939393,69.2786,2.258754310606065,2.258754310606065
2026-09-16 03:40:48,degradation_index,72.5722,68.52264284316378,70.669,4.049557156836215,4.049557156836215
2026-09-16 03:40:49,degradation_index,70.5742,67.13791669297439,65.9839,3.4362833070256187,3.4362833070256187
2026-09-16 03:40:50,degradation_index,70.7205,68.89942430010822,73.5385,1.8210756998917788,1.8210756998917788
2026-09-16 03:40:51,degradation_index,75.8906,68.46141814553572,68.5081,7.429181854464289,7.429181854464289
2026-09-16 03:40:52,degradation_index,77.2949,68.03492080477093,68.891,9.259979195229064,9.259979195229064
2026-09-16 03:40:53,degradation_index,74.358,68.76063237291666,70.9956,5.597367627083344,5.597367627083344
2026-09-16 03:40:54,degradation_index,78.3578,68.30572117093254,70.7281,10.052078829067455,10.052078829067455
2026-09-16 03:40:55,degradation_index,74.588,69.10188979880952,72.7373,5.4861102011904705,5.4861102011904705
2026-09-16 03:40:56,degradation_index,71.3919,69.61801261737013,74.4448,1.77388738262988,1.77388738262988
2026-09-16 03:40:57,degradation_index,73.9186,69.58905423789682,70.505,4.32954576210318,4.32954576210318
2026-09-16 03:40:58,degradation_index,77.7307,69.87397863691378,72.5722,7.856721363086223,7.856721363086223
2026-09-16 03:40:59,degradation_index,77.6565,69.31941205310245,70.5742,8.33708794689754,8.33708794689754
2026-09-16 03:41:00,degradation_index,72.8385,69.47761999047619,70.7205,3.360880009523811,3.360880009523811
2026-09-16 03:41:01,degradation_index,80.316,70.37547446805556,75.8906,9.940525531944445,9.940525531944445
2026-09-16 03:41:02,degradation_index,77.1792,72.14879095922619,77.2949,5.0304090407738045,5.0304090407738045
2026-09-16 03:41:03,degradation_index,72.3809,71.19055003598486,74.358,1.190349964015141,1.190349964015141
2026-09-16 03:41:04,degradation_index,76.5221,72.89229128660713,78.3578,3.629808713392862,3.629808713392862
2026-09-16 03:41:05,degradation_index,78.1369,72.87884443725649,74.588,5.2580555627435075,5.2580555627435075
2026-09-16 03:41:06,degradation_index,74.4532,72.62359604034091,71.3919,1.8296039596590816,1.8296039596590816
2026-09-16 03:41:07,degradation_index,75.8349,72.23204683740079,73.9186,3.6028531625992173,3.6028531625992173
2026-09-16 03:41:08,degradation_index,78.6646,72.78283589771826,77.7307,5.8817641022817355,5.8817641022817355
2026-09-16 03:41:09,degradation_index,80.7336,73.79596811309523,77.6565,6.937631886904768,6.937631886904768
2026-09-16 03:41:10,degradation_index,77.0342,72.65253592590187,72.8385,4.381664074098126,4.381664074098126
2026-09-16 03:41:11,degradation_index,77.6371,74.42289481875001,80.316,3.2142051812499943,3.2142051812499943
2026-09-16 03:41:12,degradation_index,78.1281,75.18848973888889,77.1792,2.9396102611111132,2.9396102611111132
2026-09-16 03:41:13,degradation_index,75.9068,73.54096071646825,72.3809,2.3658392835317557,2.3658392835317557
2026-09-16 03:41:14,degradation_index,83.1431,73.83242621061508,76.5221,9.310673789384921,9.310673789384921
2026-09-16 03:41:15,degradation_index,74.8918,74.26403083948412,78.1369,0.6277691605158822,0.6277691605158822
2026-09-16 03:41:16,degradation_index,77.3429,74.80098387400793,74.4532,2.541916125992074,2.541916125992074
2026-09-16 03:41:17,degradation_index,79.0068,73.99113266795635,75.8349,5.015667332043648,5.015667332043648
2026-09-16 03:41:18,degradation_index,78.1177,74.31647460595238,78.6646,3.80122539404762,3.80122539404762
2026-09-16 03:41:19,degradation_index,72.8603,75.90034594434523,80.7336,-3.0400459443452377,3.0400459443452377
2026-09-16 03:41:20,degradation_index,75.1291,75.96270177222222,77.0342,-0.8336017722222238,0.8336017722222238
2026-09-16 03:41:21,degradation_index,81.9645,75.48103856424964,77.6371,6.483461435750357,6.483461435750357
2026-09-16 03:41:22,degradation_index,81.9856,76.02067641201299,78.1281,5.964923587987016,5.964923587987016
2026-09-16 03:41:23,degradation_index,74.6922,76.08315723214287,75.9068,-1.390957232142867,1.390957232142867
2026-09-16 03:41:24,degradation_index,79.4623,77.74114823422619,83.1431,1.7211517657738113,1.7211517657738113
2026-09-16 03:41:25,degradation_index,78.2118,76.37355423214287,74.8918,1.8382457678571313,1.8382457678571313
2026-09-16 03:41:26,degradation_index,77.3611,75.71327508482143,77.3429,1.6478249151785604,1.6478249151785604
2026-09-16 03:41:27,degradation_index,77.4849,76.21371181835318,79.0068,1.2711881816468207,1.2711881816468207
2026-09-16 03:41:28,degradation_index,78.884,76.45469007410715,78.1177,2.429309925892852,2.429309925892852
2026-09-16 03:41:29,degradation_index,81.0187,76.03899872460318,72.8603,4.97970127539682,4.97970127539682
2026-09-16 03:41:30,degradation_index,75.3864,75.79446366578283,75.1291,-0.4080636657828336,0.4080636657828336
2026-09-16 03:41:31,degradation_index,82.5383,77.02069086891234,81.9645,5.517609131087667,5.517609131087667
2026-09-16 03:41:32,degradation_index,77.5787,77.4873935535985,81.9856,0.09130644640150365,0.09130644640150365
2026-09-16 03:41:33,degradation_index,74.7248,76.62473374950397,74.6922,-1.8999337495039725,1.8999337495039725
2026-09-16 03:41:34,degradation_index,72.0169,76.41183630804473,79.4623,-4.39493630804472,4.39493630804472
2026-09-16 03:41:35,degradation_index,75.58,76.86463654642857,78.2118,-1.2846365464285725,1.2846365464285725
2026-09-16 03:41:36,degradation_index,77.8971,77.42986526130952,77.3611,0.46723473869047893,0.46723473869047893
2026-09-16 03:41:37,degradation_index,79.83,76.9583460594246,77.4849,2.871653940575399,2.871653940575399
2026-09-16 03:41:38,degradation_index,77.6038,76.54432237838203,78.884,1.0594776216179724,1.0594776216179724
2026-09-16 03:41:39,degradation_index,75.3805,77.07684009108044,81.0187,-1.6963400910804438,1.6963400910804438
2026-09-16 03:41:40,degradation_index,79.6815,76.74138506001984,75.3864,2.9401149399801625,2.9401149399801625
2026-09-16 03:41:41,degradation_index,78.0067,77.30505756041667,82.5383,0.7016424395833241,0.7016424395833241
2026-09-16 03:41:42,degradation_index,81.5857,77.61732584000721,77.5787,3.9683741599927913,3.9683741599927913
2026-09-16 03:41:43,degradation_index,80.8795,76.97699104494048,74.7248,3.902508955059517,3.902508955059517
2026-09-16 03:41:44,degradation_index,79.7348,75.57653801121033,72.0169,4.1582619887896755,4.1582619887896755
2026-09-16 03:41:45,degradation_index,84.8815,75.67662439939573,75.58,9.204875600604268,9.204875600604268
2026-09-16 03:41:46,degradation_index,75.997,76.01087186568361,77.8971,-0.013871865683611873,0.013871865683611873
2026-09-16 03:41:47,degradation_index,76.9523,76.61070885873917,79.83,0.341591141260821,0.341591141260821
2026-09-16 03:41:48,degradation_index,78.1442,76.33918921174244,77.6038,1.8050107882575617,1.8050107882575617
2026-09-16 03:41:49,degradation_index,76.595,76.09252035664683,75.3805,0.5024796433531691,0.5024796433531691
2026-09-16 03:41:50,degradation_index,83.6963,76.5559272519751,79.6815,7.1403727480248875,7.1403727480248875
2026-09-16 03:41:51,degradation_index,76.5253,77.68725806418651,78.0067,-1.161958064186507,1.161958064186507
2026-09-16 03:41:52,degradation_index,75.9221,77.37388451894842,81.5857,-1.4517845189484149,1.4517845189484149
2026-09-16 03:41:53,degradation_index,79.8484,77.19364380664682,80.8795,2.6547561933531796,2.6547561933531796
2026-09-16 03:41:54,degradation_index,79.6778,77.23120512519841,79.7348,2.4465948748015904,2.4465948748015904
2026-09-16 03:41:55,degradation_index,79.1432,79.07407964126985,84.8815,0.06912035873014588,0.06912035873014588
2026-09-16 03:41:56,degradation_index,76.5961,77.84737669503969,75.997,-1.251276695039678,1.251276695039678
2026-09-16 03:41:57,degradation_index,79.225,77.33840445902777,76.9523,1.8865955409722233,1.8865955409722233
2026-09-16 03:41:58,degradation_index,77.8649,77.25521356865981,78.1442,0.6096864313401937,0.6096864313401937
2026-09-16 03:41:59,degradation_index,81.1871,77.22019364136905,76.595,3.9669063586309505,3.9669063586309505
2026-09-16 03:42:00,degradation_index,73.7761,78.99938915763889,83.6963,-5.223289157638888,5.223289157638888
2026-09-16 03:42:01,degradation_index,79.4924,77.05055910763889,76.5253,2.441840892361114,2.441840892361114
2026-09-16 03:42:02,degradation_index,79.894,77.52892621369048,75.9221,2.365073786309523,2.365073786309523
2026-09-16 03:42:03,degradation_index,80.8277,76.70450637718254,79.8484,4.123193622817453,4.123193622817453
2026-09-16 03:42:04,degradation_index,76.6523,77.48119391150794,79.6778,-0.8288939115079472,0.8288939115079472
2026-09-16 03:42:05,degradation_index,80.0904,77.92292911071428,79.1432,2.167470889285724,2.167470889285724
2026-09-16 03:42:06,degradation_index,76.0629,77.29828362522548,76.5961,-1.2353836252254808,1.2353836252254808
2026-09-16 03:42:07,degradation_index,78.0115,77.52318224088204,79.225,0.4883177591179617,0.4883177591179617
2026-09-16 03:42:08,degradation_index,72.036,77.99810886801949,77.8649,-5.9621088680194845,5.9621088680194845
2026-09-16 03:42:09,degradation_index,76.4824,77.62139883343254,81.1871,-1.138998833432538,1.138998833432538
2026-09-16 03:42:10,degradation_index,81.4432,77.28296217956348,73.7761,4.160237820436521,4.160237820436521
2026-09-16 03:42:11,degradation_index,77.0462,77.31691246607143,79.4924,-0.27071246607142996,0.27071246607142996
2026-09-16 03:42:12,degradation_index,71.1303,77.8306245614358,79.894,-6.700324561435792,6.700324561435792
2026-09-16 03:42:13,degradation_index,73.1204,77.55969195655663,80.8277,-4.43929195655663,4.43929195655663
2026-09-16 03:42:14,degradation_index,78.939,78.1934080140873,76.6523,0.7455919859126965,0.7455919859126965
2026-09-16 03:42:15,degradation_index,77.5983,77.66574389881855,80.0904,-0.06744389881855284,0.06744389881855284
2026-09-16 03:42:16,degradation_index,75.6303,77.51764967824676,76.0629,-1.8873496782467498,1.8873496782467498
2026-09-16 03:42:17,degradation_index,77.1378,77.34390809296536,78.0115,-0.20610809296536559,0.20610809296536559
2026-09-16 03:42:18,degradation_index,76.4002,75.67326468845599,72.036,0.7269353115440111,0.7269353115440111
2026-09-16 03:42:19,degradation_index,79.7507,76.18503504713203,76.4824,3.5656649528679623,3.5656649528679623
2026-09-16 03:42:20,degradation_index,78.6673,77.19074992411618,81.4432,1.4765500758838215,1.4765500758838215
2026-09-16 03:42:21,degradation_index,77.6501,76.67088487609126,77.0462,0.9792151239087303,0.9792151239087303
2026-09-16 03:42:22,degradation_index,75.49,75.14645082367424,71.1303,0.34354917632575166,0.34354917632575166
2026-09-16 03:42:23,degradation_index,84.436,74.06693246082251,73.1204,10.369067539177493,10.369067539177493
2026-09-16 03:42:24,degradation_index,79.2316,76.18424178195346,78.939,3.04735821804654,3.04735821804654
2026-09-16 03:42:25,degradation_index,78.0448,76.31272007033729,77.5983,1.732079929662703,1.732079929662703
2026-09-16 03:42:26,degradation_index,76.1251,75.74732580515874,75.6303,0.3777741948412654,0.3777741948412654
2026-09-16 03:42:27,degradation_index,80.5385,75.0776549107233,77.1378,5.460845089276702,5.460845089276702
2026-09-16 03:42:28,degradation_index,76.8364,75.25341037053572,76.4002,1.5829896294642793,1.5829896294642793
2026-09-16 03:42:29,degradation_index,76.3365,76.48584322520743,79.7507,-0.14934322520743137,0.14934322520743137
2026-09-16 03:42:30,degradation_index,71.3599,76.21912964642857,78.6673,-4.859229646428574,4.859229646428574
2026-09-16 03:42:31,degradation_index,77.3705,75.9281152367785,77.6501,1.4423847632215114,1.4423847632215114
2026-09-16 03:42:32,degradation_index,74.2228,75.89886956398809,75.49,-1.6760695639880794,1.6760695639880794
2026-09-16 03:42:33,degradation_index,75.8211,78.21459094623017,84.436,-2.393490946230173,2.393490946230173
2026-09-16 03:42:34,degradation_index,79.3582,77.82464952579365,79.2316,1.5335504742063506,1.5335504742063506
2026-09-16 03:42:35,degradation_index,80.7701,76.81506729136905,78.0448,3.9550327086309522,3.9550327086309522
2026-09-16 03:42:36,degradation_index,73.4255,76.66532502619047,76.1251,-3.2398250261904735,3.2398250261904735
2026-09-16 03:42:37,degradation_index,76.731,76.36901707539683,80.5385,0.3619829246031685,0.3619829246031685
2026-09-16 03:42:38,degradation_index,71.7916,78.04556529037698,76.8364,-6.253965290376982,6.253965290376982
2026-09-16 03:42:39,degradation_index,77.1189,76.17511481488096,76.3365,0.9437851851190402,0.9437851851190402
2026-09-16 03:42:40,degradation_index,75.5733,75.4911758400523,71.3599,0.08212415994769628,0.08212415994769628
2026-09-16 03:42:41,degradation_index,77.9316,75.70794173373017,77.3705,2.2236582662698368,2.2236582662698368
2026-09-16 03:42:42,degradation_index,74.1439,75.83025518988096,74.2228,-1.6863551898809561,1.6863551898809561
2026-09-16 03:42:43,degradation_index,76.8365,75.47808402758838,75.8211,1.3584159724116205,1.3584159724116205
2026-09-16 03:42:44,degradation_index,80.7963,75.75670563346861,79.3582,5.039594366531389,5.039594366531389
2026-09-16 03:42:45,degradation_index,79.1666,76.28466965695347,80.7701,2.881930343046534,2.881930343046534
2026-09-16 03:42:46,degradation_index,72.6494,75.87666270436507,73.4255,-3.2272627043650743,3.2272627043650743
2026-09-16 03:42:47,degradation_index,69.3394,76.1858922544733,76.731,-6.846492254473304,6.846492254473304
2026-09-16 03:42:48,degradation_index,76.4495,75.40536606230158,71.7916,1.044133937698419,1.044133937698419
2026-09-16 03:42:49,degradation_index,74.8702,75.95837944921536,77.1189,-1.0881794492153603,1.0881794492153603
2026-09-16 03:42:50,degradation_index,76.6999,75.84558995654763,75.5733,0.8543100434523723,0.8543100434523723
2026-09-16 03:42:51,degradation_index,77.7408,75.2225329683622,77.9316,2.518267031637791,2.518267031637791
2026-09-16 03:42:52,degradation_index,79.2128,75.25435812013889,74.1439,3.9584418798611125,3.9584418798611125
2026-09-16 03:42:53,degradation_index,75.8055,75.278829665386,76.8365,0.5266703346139963,0.5266703346139963
2026-09-16 03:42:54,degradation_index,78.4698,76.051896555763,80.7963,2.4179034442370124,2.4179034442370124
2026-09-16 03:42:55,degradation_index,75.8989,76.12751017142857,79.1666,-0.22861017142857065,0.22861017142857065
2026-09-16 03:42:56,degradation_index,75.9891,75.00225507466631,72.6494,0.9868449253336848,0.9868449253336848
2026-09-16 03:42:57,degradation_index,74.0278,73.9666640375,69.3394,0.061135962500003416,0.061135962500003416
2026-09-16 03:42:58,degradation_index,75.652,74.8274070309614,76.4495,0.8245929690386049,0.8245929690386049
2026-09-16 03:42:59,degradation_index,79.5168,75.31998865902777,74.8702,4.196811340972232,4.196811340972232
2026-09-16 03:43:00,degradation_index,73.8548,74.55441713204365,76.6999,-0.6996171320436559,0.6996171320436559
2026-09-16 03:43:01,degradation_index,82.7304,74.46287378334235,77.7408,8.267526216657657,8.267526216657657
2026-09-16 03:43:02,degradation_index,72.1636,74.96828446904762,79.2128,-2.804684469047615,2.804684469047615
2026-09-16 03:43:03,degradation_index,76.5415,75.77347607410714,75.8055,0.7680239258928623,0.7680239258928623
2026-09-16 03:43:04,degradation_index,77.5642,75.31227251578284,78.4698,2.2519274842171626,2.2519274842171626
2026-09-16 03:43:05,degradation_index,76.4714,75.74862468353174,75.8989,0.7227753164682582,0.7227753164682582
2026-09-16 03:43:06,degradation_index,75.2382,75.11474221071428,75.9891,0.12345778928572315,0.12345778928572315
2026-09-16 03:43:07,degradation_index,71.6509,74.97176184077381,74.0278,-3.3208618407738157,3.3208618407738157
2026-09-16 03:43:08,degradation_index,71.347,74.96549420735029,75.652,-3.6184942073502953,3.6184942073502953
2026-09-16 03:43:09,degradation_index,67.404,75.10018283354077,79.5168,-7.6961828335407745,7.6961828335407745
2026-09-16 03:43:10,degradation_index,72.1123,75.42041873359487,73.8548,-3.308118733594867,3.308118733594867
2026-09-16 03:43:11,degradation_index,70.3372,77.17826722539682,82.7304,-6.841067225396827,6.841067225396827
2026-09-16 03:43:12,degradation_index,72.8207,76.73276249007937,72.1636,-3.9120624900793644,3.9120624900793644
2026-09-16 03:43:13,degradation_index,66.0577,75.10258466935426,76.5415,-9.04488466935426,9.04488466935426
2026-09-16 03:43:14,degradation_index,69.1658,75.78801050804474,77.5642,-6.622210508044731,6.622210508044731
2026-09-16 03:43:15,degradation_index,68.5734,75.56568781133659,76.4714,-6.992287811336581,6.992287811336581
2026-09-16 03:43:16,degradation_index,65.6111,75.09753396795635,75.2382,-9.486433967956359,9.486433967956359
2026-09-16 03:43:17,degradation_index,69.2774,73.47146585545634,71.6509,-4.194065855456344,4.194065855456344
2026-09-16 03:43:18,degradation_index,70.7577,73.32396676339285,71.347,-2.5662667633928464,2.5662667633928464
2026-09-16 03:43:19,degradation_index,69.5345,72.2922207,67.404,-2.7577207000000072,2.7577207000000072
2026-09-16 03:43:20,degradation_index,66.2885,72.10565449583333,72.1123,-5.817154495833336,5.817154495833336
2026-09-16 03:43:21,degradation_index,63.9253,72.53125050189394,70.3372,-8.605950501893936,8.605950501893936
2026-09-16 03:43:22,degradation_index,64.2461,72.18095159256855,72.8207,-7.934851592568549,7.934851592568549
2026-09-16 03:43:23,degradation_index,71.0426,69.5856521110119,66.0577,1.456947888988097,1.456947888988097
2026-09-16 03:43:24,degradation_index,64.547,69.87353107540585,69.1658,-5.326531075405853,5.326531075405853
2026-09-16 03:43:25,degradation_index,67.5997,69.9222960749008,68.5734,-2.322596074900801,2.322596074900801
2026-09-16 03:43:26,degradation_index,68.6286,69.71076450267856,65.6111,-1.0821645026785518,1.0821645026785518
2026-09-16 03:43:27,degradation_index,73.0869,69.63576769455267,69.2774,3.451132305447331,3.451132305447331
2026-09-16 03:43:28,degradation_index,68.7165,69.44739239405664,70.7577,-0.7308923940566388,0.7308923940566388
2026-09-16 03:43:29,degradation_index,68.5897,69.33346890267856,69.5345,-0.7437689026785677,0.7437689026785677
2026-09-16 03:43:30,degradation_index,70.6075,68.69983447411616,66.2885,1.9076655258838429,1.9076655258838429
2026-09-16 03:43:31,degradation_index,71.2298,66.80732505059524,63.9253,4.422474949404759,4.422474949404759
2026-09-16 03:43:32,degradation_index,68.2287,66.6321995345238,64.2461,1.596500465476197,1.596500465476197
2026-09-16 03:43:33,degradation_index,68.0573,68.44509681211218,71.0426,-0.3877968121121853,0.3877968121121853
2026-09-16 03:43:34,degradation_index,69.5168,66.87392594494047,64.547,2.6428740550595364,2.6428740550595364
2026-09-16 03:43:35,degradation_index,73.0833,67.04769245040585,67.5997,6.035607549594147,6.035607549594147
2026-09-16 03:43:36,degradation_index,68.7696,66.2951802422619,68.6286,2.47441975773809,2.47441975773809
2026-09-16 03:43:37,degradation_index,73.3766,67.62606643433442,73.0869,5.750533565665577,5.750533565665577
2026-09-16 03:43:38,degradation_index,72.7326,68.40817807132936,68.7165,4.324421928670645,4.324421928670645
2026-09-16 03:43:39,degradation_index,65.7011,67.32230439910714,68.5897,-1.6212043991071425,1.6212043991071425
2026-09-16 03:43:40,degradation_index,71.7804,67.15946717738095,70.6075,4.620932822619054,4.620932822619054
2026-09-16 03:43:41,degradation_index,68.0646,67.71390569775433,71.2298,0.350694302245671,0.350694302245671
2026-09-16 03:43:42,degradation_index,64.8563,68.26608287668651,68.2287,-3.4097828766865064,3.4097828766865064
2026-09-16 03:43:43,degradation_index,62.2254,67.5372467232233,68.0573,-5.311846723223304,5.311846723223304
2026-09-16 03:43:44,degradation_index,64.2364,67.88675394583333,69.5168,-3.6503539458333307,3.6503539458333307
2026-09-16 03:43:45,degradation_index,62.5443,68.51170328878968,73.0833,-5.967403288789676,5.967403288789676
2026-09-16 03:43:46,degradation_index,69.1522,68.53168530386904,68.7696,0.6205146961309538,0.6205146961309538
2026-09-16 03:43:47,degradation_index,72.4402,68.69044303898809,73.3766,3.7497569610119115,3.7497569610119115
2026-09-16 03:43:48,degradation_index,71.3367,68.93055460178572,72.7326,2.406145398214278,2.406145398214278
2026-09-16 03:43:49,degradation_index,67.7462,68.52639134583333,65.7011,-0.7801913458333303,0.7801913458333303
2026-09-16 03:43:50,degradation_index,68.213,68.86850276339285,71.7804,-0.6555027633928603,0.6555027633928603
2026-09-16 03:43:51,degradation_index,70.0175,68.96952574404762,68.0646,1.0479742559523828,1.0479742559523828
2026-09-16 03:43:52,degradation_index,69.4307,67.8490399452381,64.8563,1.5816600547618975,1.5816600547618975
2026-09-16 03:43:53,degradation_index,64.2451,66.15911564821428,62.2254,-1.9140156482142885,1.9140156482142885
2026-09-16 03:43:54,degradation_index,71.0209,64.87873930060427,64.2364,6.142160699395731,6.142160699395731
2026-09-16 03:43:55,degradation_index,72.1158,65.5417505673611,62.5443,6.574049432638887,6.574049432638887
2026-09-16 03:43:56,degradation_index,69.3984,67.25133748946608,69.1522,2.147062510533914,2.147062510533914
2026-09-16 03:43:57,degradation_index,67.3727,67.94599499613997,72.4402,-0.5732949961399783,0.5732949961399783
2026-09-16 03:43:58,degradation_index,70.4767,67.93188324613095,71.3367,2.5448167538690427,2.5448167538690427
2026-09-16 03:43:59,degradation_index,69.4227,67.54995142063493,67.7462,1.87274857936508,1.87274857936508
2026-09-16 03:44:00,degradation_index,67.4917,67.33645757083333,68.213,0.15524242916666253,0.15524242916666253
2026-09-16 03:44:01,degradation_index,70.9815,68.17928944703283,70.0175,2.8022105529671677,2.8022105529671677
2026-09-16 03:44:02,degradation_index,72.5149,68.0575661344246,69.4307,4.457333865575393,4.457333865575393
2026-09-16 03:44:03,degradation_index,70.2083,66.5369216360119,64.2451,3.6713783639880972,3.6713783639880972
2026-09-16 03:44:04,degradation_index,71.8285,67.26462957054473,71.0209,4.563870429455278,4.563870429455278
2026-09-16 03:44:05,degradation_index,70.0263,67.8733151794733,72.1158,2.1529848205267115,2.1529848205267115
2026-09-16 03:44:06,degradation_index,69.2971,68.33055833323412,69.3984,0.9665416667658775,0.9665416667658775
2026-09-16 03:44:07,degradation_index,70.68,67.87754189444443,67.3727,2.802458105555573,2.802458105555573
2026-09-16 03:44:08,degradation_index,68.6318,67.60457440546536,70.4767,1.0272255945346416,1.0272255945346416
2026-09-16 03:44:09,degradation_index,69.0872,67.77806228640874,69.4227,1.3091377135912552,1.3091377135912552
2026-09-16 03:44:10,degradation_index,69.8223,68.15824060496031,67.4917,1.6640593950396863,1.6640593950396863
2026-09-16 03:44:11,degradation_index,68.2747,67.31128036836219,70.9815,0.9634196316378052,0.9634196316378052
2026-09-16 03:44:12,degradation_index,71.529,67.54537703194444,72.5149,3.983622968055556,3.983622968055556
2026-09-16 03:44:13,degradation_index,66.9289,68.920030560579,70.2083,-1.9911305605789948,1.9911305605789948
2026-09-16 03:44:14,degradation_index,73.1071,68.33422778680556,71.8285,4.7728722131944465,4.7728722131944465
2026-09-16 03:44:15,degradation_index,69.8622,69.13908452103175,70.0263,0.7231154789682535,0.7231154789682535
2026-09-16 03:44:16,degradation_index,71.4928,69.28167191130953,69.2971,2.2111280886904723,2.2111280886904723
2026-09-16 03:44:17,degradation_index,71.6453,69.23797203026696,70.68,2.4073279697330463,2.4073279697330463
2026-09-16 03:44:18,degradation_index,65.3591,68.47099206782107,68.6318,-3.111892067821074,3.111892067821074
2026-09-16 03:44:19,degradation_index,69.89,68.95544690615078,69.0872,0.9345530938492175,0.9345530938492175
2026-09-16 03:44:20,degradation_index,71.7619,68.20907025084776,69.8223,3.552829749152238,3.552829749152238
2026-09-16 03:44:21,degradation_index,72.4675,68.63673674867424,68.2747,3.830763251325763,3.830763251325763
2026-09-16 03:44:22,degradation_index,71.0595,68.70774340933441,71.529,2.3517565906655875,2.3517565906655875
2026-09-16 03:44:23,degradation_index,67.6736,68.33286488660714,66.9289,-0.6592648866071471,0.6592648866071471
2026-09-16 03:44:24,degradation_index,67.2411,68.17559241340187,73.1071,-0.9344924134018697,0.9344924134018697
2026-09-16 03:44:25,degradation_index,75.7831,69.19169766220239,69.8622,6.591402337797618,6.591402337797618
2026-09-16 03:44:26,degradation_index,72.915,68.73480018542568,71.4928,4.180199814574323,4.180199814574323
2026-09-16 03:44:27,degradation_index,69.4983,69.16370437847223,71.6453,0.3345956215277681,0.3345956215277681
2026-09-16 03:44:28,degradation_index,69.7147,68.38834661028139,65.3591,1.326353389718605,1.326353389718605
2026-09-16 03:44:29,degradation_index,74.5816,68.90757455229077,69.89,5.6740254477092265,5.6740254477092265
2026-09-16 03:44:30,degradation_index,73.0929,69.22526650982142,71.7619,3.8676334901785765,3.8676334901785765
2026-09-16 03:44:31,degradation_index,73.7652,69.10633990257936,72.4675,4.658860097420629,4.658860097420629
2026-09-16 03:44:32,degradation_index,75.2867,69.60522129345239,71.0595,5.681478706547608,5.681478706547608
2026-09-16 03:44:33,degradation_index,78.6826,68.81301031924602,67.6736,9.869589680753975,9.869589680753975
2026-09-16 03:44:34,degradation_index,75.4642,68.8813166203373,67.2411,6.582883379662704,6.582883379662704
2026-09-16 03:44:35,degradation_index,74.1689,70.46511049345239,75.7831,3.703789506547608,3.703789506547608
2026-09-16 03:44:36,degradation_index,73.5696,70.01934218660715,72.915,3.5502578133928466,3.5502578133928466
2026-09-16 03:44:37,degradation_index,74.6475,69.90905161150793,69.4983,4.73844838849206,4.73844838849206
2026-09-16 03:44:38,degradation_index,72.7963,69.0489067563492,69.7147,3.747393243650805,3.747393243650805
2026-09-16 03:44:39,degradation_index,72.9036,69.61822766160714,74.5816,3.285372338392861,3.285372338392861
2026-09-16 03:44:40,degradation_index,73.3668,70.92340567248377,73.0929,2.4433943275162306,2.4433943275162306
2026-09-16 03:44:41,degradation_index,72.5715,70.28107657023808,73.7652,2.2904234297619155,2.2904234297619155
2026-09-16 03:44:42,degradation_index,72.697,70.61638348799603,75.2867,2.080616512003971,2.080616512003971
2026-09-16 03:44:43,degradation_index,76.0634,72.93752763627135,78.6826,3.1258723637286465,3.1258723637286465
2026-09-16 03:44:44,degradation_index,65.0479,72.92890827837302,75.4642,-7.881008278373017,7.881008278373017
2026-09-16 03:44:45,degradation_index,71.7356,72.19542362797618,74.1689,-0.4598236279761778,0.4598236279761778
2026-09-16 03:44:46,degradation_index,73.6584,72.14016802926587,73.5696,1.518231970734135,1.518231970734135
2026-09-16 03:44:47,degradation_index,69.3236,72.34257577193361,74.6475,-3.0189757719336114,3.0189757719336114
2026-09-16 03:44:48,degradation_index,73.0444,72.67572315892858,72.7963,0.3686768410714194,0.3686768410714194
2026-09-16 03:44:49,degradation_index,69.6774,71.88262161815476,72.9036,-2.205221618154752,2.205221618154752
2026-09-16 03:44:50,degradation_index,71.6849,72.08503747837301,73.3668,-0.4001374783730114,0.4001374783730114
2026-09-16 03:44:51,degradation_index,73.0045,71.89405527728175,72.5715,1.110444722718242,1.110444722718242
2026-09-16 03:44:52,degradation_index,69.7779,71.84785248055556,72.697,-2.069952480555557,2.069952480555557
2026-09-16 03:44:53,degradation_index,75.7488,72.41937660396826,76.0634,3.3294233960317428,3.3294233960317428
2026-09-16 03:44:54,degradation_index,70.5542,70.53523450674604,65.0479,0.018965493253958243,0.018965493253958243
2026-09-16 03:44:55,degradation_index,71.8732,71.8280435247114,71.7356,0.0451564752885929,0.0451564752885929
2026-09-16 03:44:56,degradation_index,66.3842,71.72707628284633,73.6584,-5.342876282846319,5.342876282846319
2026-09-16 03:44:57,degradation_index,70.9571,71.51444708809524,69.3236,-0.5573470880952414,0.5573470880952414
2026-09-16 03:44:58,degradation_index,65.1665,71.63466969266774,73.0444,-6.468169692667743,6.468169692667743
2026-09-16 03:44:59,degradation_index,71.0001,70.84017021065117,69.6774,0.15992978934883695,0.15992978934883695
2026-09-16 03:45:00,degradation_index,71.1296,71.20948866945346,71.6849,-0.07988866945346729,0.07988866945346729
2026-09-16 03:45:01,degradation_index,74.1567,71.29033660496933,73.0045,2.8663633950306746,2.8663633950306746
2026-09-16 03:45:02,degradation_index,70.3035,71.03324273700397,69.7779,-0.7297427370039742,0.7297427370039742
2026-09-16 03:45:03,degradation_index,70.5832,71.38299327113997,75.7488,-0.7997932711399613,0.7997932711399613
2026-09-16 03:45:04,degradation_index,65.8606,71.03512867599206,70.5542,-5.17452867599205,5.17452867599205
2026-09-16 03:45:05,degradation_index,64.6576,71.0987291420184,71.8732,-6.441129142018397,6.441129142018397
2026-09-16 03:45:06,degradation_index,71.8963,70.71828862501805,66.3842,1.1780113749819492,1.1780113749819492
2026-09-16 03:45:07,degradation_index,72.2227,70.32770209642857,70.9571,1.8949979035714364,1.8949979035714364
2026-09-16 03:45:08,degradation_index,63.3643,69.58871221018218,65.1665,-6.22441221018218,6.22441221018218
2026-09-16 03:45:09,degradation_index,59.3291,69.62314321479077,71.0001,-10.294043214790776,10.294043214790776
2026-09-16 03:45:10,degradation_index,63.8258,69.70150603085317,71.1296,-5.875706030853166,5.875706030853166
2026-09-16 03:45:11,degradation_index,69.2155,70.19207074411976,74.1567,-0.9765707441197549,0.9765707441197549
2026-09-16 03:45:12,degradation_index,65.8478,69.83957116309524,70.3035,-3.991771163095237,3.991771163095237
2026-09-16 03:45:13,degradation_index,64.2171,69.79969733571428,70.5832,-5.582597335714283,5.582597335714283
2026-09-16 03:45:14,degradation_index,69.1497,68.78649120069444,65.8606,0.3632087993055535,0.3632087993055535
2026-09-16 03:45:15,degradation_index,65.048,67.87869753968255,64.6576,-2.8306975396825464,2.8306975396825464
2026-09-16 03:45:16,degradation_index,65.2763,69.20658693284632,71.8963,-3.9302869328463146,3.9302869328463146
2026-09-16 03:45:17,degradation_index,66.4122,69.316099609614,72.2227,-2.903899609614001,2.903899609614001
2026-09-16 03:45:18,degradation_index,66.4314,67.50582783154762,63.3643,-1.0744278315476237,1.0744278315476237
2026-09-16 03:45:19,degradation_index,63.3582,65.27996550446429,59.3291,-1.9217655044642896,1.9217655044642896
2026-09-16 03:45:20,degradation_index,64.3667,64.79031705288601,63.8258,-0.4236170528860157,0.4236170528860157
2026-09-16 03:45:21,degradation_index,66.2843,67.56883311875902,69.2155,-1.2845331187590148,1.2845331187590148
2026-09-16 03:45:22,degradation_index,67.2047,67.16804177291667,65.8478,0.036658227083336214,0.036658227083336214
2026-09-16 03:45:23,degradation_index,64.8182,65.53291152113096,64.2171,-0.7147115211309512,0.7147115211309512
2026-09-16 03:45:24,degradation_index,67.3541,65.73267529723124,69.1497,1.6214247027687634,1.6214247027687634
2026-09-16 03:45:25,degradation_index,66.2907,66.3390753671627,65.048,-0.04837536716270563,0.04837536716270563
2026-09-16 03:45:26,degradation_index,64.4659,66.15950932113095,65.2763,-1.6936093211309498,1.6936093211309498
2026-09-16 03:45:27,degradation_index,67.9998,66.32601443314394,66.4122,1.6737855668560542,1.6737855668560542
2026-09-16 03:45:28,degradation_index,70.2674,65.49699308799603,66.4314,4.770406912003963,4.770406912003963
2026-09-16 03:45:29,degradation_index,63.5648,65.48643862738095,63.3582,-1.9216386273809505,1.9216386273809505
2026-09-16 03:45:30,degradation_index,70.1189,64.845433615386,64.3667,5.273466384613997,5.273466384613997
2026-09-16 03:45:31,degradation_index,70.1419,65.25546481756855,66.2843,4.886435182431455,4.886435182431455
2026-09-16 03:45:32,degradation_index,77.5592,65.0965084420635,67.2047,12.462691557936509,12.462691557936509
2026-09-16 03:45:33,degradation_index,65.6136,65.02426302589286,64.8182,0.589336974107141,0.589336974107141
2026-09-16 03:45:34,degradation_index,69.0688,64.8453810029852,67.3541,4.2234189970147895,4.2234189970147895
2026-09-16 03:45:35,degradation_index,69.6661,64.72864367559524,66.2907,4.937456324404764,4.937456324404764
2026-09-16 03:45:36,degradation_index,72.8068,65.0597400076389,64.4659,7.747059992361102,7.747059992361102
2026-09-16 03:45:37,degradation_index,70.7299,64.79177579445346,67.9998,5.9381242055465435,5.9381242055465435
2026-09-16 03:45:38,degradation_index,70.3981,65.26365333561507,70.2674,5.1344466643849245,5.1344466643849245
2026-09-16 03:45:39,degradation_index,70.2569,65.07817552936508,63.5648,5.1787244706349185,5.1787244706349185
2026-09-16 03:45:40,degradation_index,66.159,65.38524508878967,70.1189,0.7737549112103324,0.7737549112103324
2026-09-16 03:45:41,degradation_index,75.812,66.110436952877,70.1419,9.701563047123003,9.701563047123003
2026-09-16 03:45:42,degradation_index,67.3311,70.54663672797619,77.5592,-3.215536727976186,3.215536727976186
2026-09-16 03:45:43,degradation_index,71.943,68.0372553732143,65.6136,3.9057446267857046,3.9057446267857046
2026-09-16 03:45:44,degradation_index,68.4322,66.74580090169552,69.0688,1.6863990983044772,1.6863990983044772
2026-09-16 03:45:45,degradation_index,71.7461,66.85504442767856,69.6661,4.891055572321434,4.891055572321434
2026-09-16 03:45:46,degradation_index,71.9483,68.3154906625,72.8068,3.6328093375000066,3.6328093375000066
2026-09-16 03:45:47,degradation_index,74.5807,69.12911643323413,70.7299,5.451583566765862,5.451583566765862
2026-09-16 03:45:48,degradation_index,72.5915,67.95718272981601,70.3981,4.634317270183985,4.634317270183985
2026-09-16 03:45:49,degradation_index,78.1275,67.8903890041514,70.2569,10.237110995848596,10.237110995848596
2026-09-16 03:45:50,degradation_index,77.5565,67.87994704543651,66.159,9.67655295456349,9.67655295456349
2026-09-16 03:45:51,degradation_index,73.5646,70.23517488640873,75.812,3.3294251135912702,3.3294251135912702
2026-09-16 03:45:52,degradation_index,73.8075,69.50390149895384,67.3311,4.303598501046167,4.303598501046167
2026-09-16 03:45:53,degradation_index,72.8083,68.08777399126984,71.943,4.720526008730161,4.720526008730161
2026-09-16 03:45:54,degradation_index,74.6005,68.78895088248557,68.4322,5.811549117514431,5.811549117514431
2026-09-16 03:45:55,degradation_index,71.1491,68.14432545099206,71.7461,3.004774549007948,3.004774549007948
2026-09-16 03:45:56,degradation_index,72.5147,69.16633662529762,71.9483,3.3483633747023873,3.3483633747023873
2026-09-16 03:45:57,degradation_index,71.5831,69.66100399871031,74.5807,1.9220960012896882,1.9220960012896882
2026-09-16 03:45:58,degradation_index,73.0149,69.97866022886905,72.5915,3.0362397711309512,3.0362397711309512
2026-09-16 03:45:59,degradation_index,78.5613,71.73767278767134,78.1275,6.82362721232866,6.82362721232866
2026-09-16 03:46:00,degradation_index,73.2143,73.2579428141865,77.5565,-0.04364281418651217,0.04364281418651217
2026-09-16 03:46:01,degradation_index,73.3081,72.48428704980158,73.5646,0.8238129501984162,0.8238129501984162
2026-09-16 03:46:02,degradation_index,73.3422,71.81674497311508,73.8075,1.5254550268849272,1.5254550268849272
2026-09-16 03:46:03,degradation_index,80.7884,71.8002452469246,72.8083,8.988154753075392,8.988154753075392
2026-09-16 03:46:04,degradation_index,70.419,72.29600289970237,74.6005,-1.8770028997023758,1.8770028997023758
2026-09-16 03:46:05,degradation_index,71.6131,71.99243661964286,71.1491,-0.3793366196428565,0.3793366196428565
2026-09-16 03:46:06,degradation_index,72.7896,71.66791807203283,72.5147,1.1216819279671597,1.1216819279671597
2026-09-16 03:46:07,degradation_index,77.2794,71.45025028972763,71.5831,5.829149710272361,5.829149710272361
2026-09-16 03:46:08,degradation_index,82.1399,71.32182975487012,73.0149,10.818070245129874,10.818070245129874
2026-09-16 03:46:09,degradation_index,76.3264,73.14559164642857,78.5613,3.180808353571436,3.180808353571436
2026-09-16 03:46:10,degradation_index,74.377,72.70282106722583,73.2143,1.6741789327741685,1.6741789327741685
2026-09-16 03:46:11,degradation_index,66.2179,72.51091182668651,73.3081,-6.293011826686509,6.293011826686509
2026-09-16 03:46:12,degradation_index,78.4323,72.30381946101191,73.3422,6.128480538988086,6.128480538988086
2026-09-16 03:46:13,degradation_index,72.2191,74.74422645257937,80.7884,-2.5251264525793715,2.5251264525793715
2026-09-16 03:46:14,degradation_index,72.6612,73.52653252718254,70.419,-0.8653325271825452,0.8653325271825452
2026-09-16 03:46:15,degradation_index,78.7353,72.3413087840368,71.6131,6.393991215963197,6.393991215963197
2026-09-16 03:46:16,degradation_index,74.7474,72.33254743939393,72.7896,2.4148525606060645,2.4148525606060645
2026-09-16 03:46:17,degradation_index,76.7658,73.00277008026696,77.2794,3.763029919733043,3.763029919733043
2026-09-16 03:46:18,degradation_index,78.2467,76.24777345426587,82.1399,1.998926545734136,1.998926545734136
2026-09-16 03:46:19,degradation_index,72.405,74.7491332732143,76.3264,-2.3441332732142968,2.3441332732142968
2026-09-16 03:46:20,degradation_index,74.999,73.61576531061507,74.377,1.3832346893849206,1.3832346893849206
2026-09-16 03:46:21,degradation_index,81.652,72.00587830952381,66.2179,9.646121690476193,9.646121690476193
2026-09-16 03:46:22,degradation_index,76.5697,74.05123084642857,78.4323,2.5184691535714308,2.5184691535714308
2026-09-16 03:46:23,degradation_index,76.5596,74.65440428220599,72.2191,1.9051957177940153,1.9051957177940153
2026-09-16 03:46:24,degradation_index,81.1947,72.7278519720238,72.6612,8.466848027976198,8.466848027976198
2026-09-16 03:46:25,degradation_index,78.0805,73.70820268561508,78.7353,4.372297314384923,4.372297314384923
2026-09-16 03:46:26,degradation_index,75.7033,73.27694362440477,74.7474,2.4263563755952333,2.4263563755952333
2026-09-16 03:46:27,degradation_index,79.0213,73.87712938114177,76.7658,5.144170618858226,5.144170618858226
2026-09-16 03:46:28,degradation_index,78.1969,74.11689167827382,78.2467,4.080008321726183,4.080008321726183
2026-09-16 03:46:29,degradation_index,78.1576,74.3781447827922,72.405,3.779455217207797,3.779455217207797
2026-09-16 03:46:30,degradation_index,78.6247,73.94609580268758,74.999,4.678604197312424,4.678604197312424
2026-09-16 03:46:31,degradation_index,75.1647,75.70247110902778,81.652,-0.537771109027787,0.537771109027787
2026-09-16 03:46:32,degradation_index,79.2656,75.7697147156746,76.5697,3.4958852843254107,3.4958852843254107
2026-09-16 03:46:33,degradation_index,75.8713,75.11950761904762,76.5596,0.7517923809523808,0.7517923809523808
2026-09-16 03:46:34,degradation_index,78.3818,76.00850478720238,81.1947,2.373295212797615,2.373295212797615
2026-09-16 03:46:35,degradation_index,81.9796,76.38488965674603,78.0805,5.594710343253979,5.594710343253979
2026-09-16 03:46:36,degradation_index,79.6716,75.91807482807539,75.7033,3.7535251719246077,3.7535251719246077
2026-09-16 03:46:37,degradation_index,73.948,75.80201970933442,79.0213,-1.8540197093344233,1.8540197093344233
2026-09-16 03:46:38,degradation_index,76.224,76.19173711856061,78.1969,0.03226288143939371,0.03226288143939371
2026-09-16 03:46:39,degradation_index,77.7716,75.66217613968254,78.1576,2.109423860317463,2.109423860317463
2026-09-16 03:46:40,degradation_index,83.5297,75.47570579682541,78.6247,8.053994203174597,8.053994203174597
2026-09-16 03:46:41,degradation_index,81.5453,75.90364242996031,75.1647,5.641657570039683,5.641657570039683
2026-09-16 03:46:42,degradation_index,77.7088,76.22353285903681,79.2656,1.4852671409631881,1.4852671409631881
2026-09-16 03:46:43,degradation_index,76.0953,76.33410536168832,75.8713,-0.23880536168832123,0.23880536168832123
2026-09-16 03:46:44,degradation_index,80.8424,76.50949623164682,78.3818,4.332903768353177,4.332903768353177
2026-09-16 03:46:45,degradation_index,79.3532,77.03381865824315,81.9796,2.319381341756852,2.319381341756852
2026-09-16 03:46:46,degradation_index,76.9188,77.13867747192461,79.6716,-0.2198774719246046,0.2198774719246046
2026-09-16 03:46:47,degradation_index,78.9096,76.46077826686508,73.948,2.4488217331349205,2.4488217331349205
2026-09-16 03:46:48,degradation_index,85.0258,76.58593035100108,76.224,8.439869648998922,8.439869648998922
2026-09-16 03:46:49,degradation_index,79.5671,76.11529985496033,77.7716,3.4518001450396696,3.4518001450396696
2026-09-16 03:46:50,degradation_index,82.1371,78.34952734186508,83.5297,3.78757265813492,3.78757265813492
2026-09-16 03:46:51,degradation_index,80.8051,78.28063682103175,81.5453,2.5244631789682472,2.5244631789682472
2026-09-16 03:46:52,degradation_index,79.4966,77.57570732966269,77.7088,1.9208926703373095,1.9208926703373095
2026-09-16 03:46:53,degradation_index,76.6376,76.85867236359127,76.0953,-0.22107236359126148,0.22107236359126148
2026-09-16 03:46:54,degradation_index,81.8861,77.19597637767858,80.8424,4.690123622321423,4.690123622321423
2026-09-16 03:46:55,degradation_index,80.9337,78.82689164797979,79.3532,2.1068083520202094,2.1068083520202094
2026-09-16 03:46:56,degradation_index,77.7362,77.78721189623016,76.9188,-0.051011896230164666,0.051011896230164666
2026-09-16 03:46:57,degradation_index,73.4404,76.97698639394841,78.9096,-3.5365863939484115,3.5365863939484115
2026-09-16 03:46:58,degradation_index,78.0037,79.12812096458333,85.0258,-1.1244209645833365,1.1244209645833365
2026-09-16 03:46:59,degradation_index,81.9241,79.02454605119047,79.5671,2.899553948809526,2.899553948809526
2026-09-16 03:47:00,degradation_index,76.8325,78.21684469503968,82.1371,-1.3843446950396867,1.3843446950396867
2026-09-16 03:47:01,degradation_index,79.6535,79.04843876955266,80.8051,0.6050612304473333,0.6050612304473333
2026-09-16 03:47:02,degradation_index,81.3074,78.52465069387627,79.4966,2.7827493061237334,2.7827493061237334
2026-09-16 03:47:03,degradation_index,79.0609,78.17478852281747,76.6376,0.8861114771825385,0.8861114771825385
2026-09-16 03:47:04,degradation_index,78.1708,78.24002126230158,81.8861,-0.06922126230158199,0.06922126230158199
2026-09-16 03:47:05,degradation_index,72.8947,78.58456276944445,80.9337,-5.689862769444446,5.689862769444446
2026-09-16 03:47:06,degradation_index,77.3741,78.43860262757936,77.7362,-1.0645026275793583,1.0645026275793583
2026-09-16 03:47:07,degradation_index,71.5379,76.55347128779762,73.4404,-5.015571287797627,5.015571287797627
2026-09-16 03:47:08,degradation_index,71.1608,77.73026152451298,78.0037,-6.569461524512988,6.569461524512988
2026-09-16 03:47:09,degradation_index,79.0529,78.68388588164682,81.9241,0.3690141183531779,0.3690141183531779
2026-09-16 03:47:10,degradation_index,75.2419,78.06408125595237,76.8325,-2.8221812559523727,2.8221812559523727
2026-09-16 03:47:11,degradation_index,75.4936,77.83369636102091,79.6535,-2.340096361020912,2.340096361020912
2026-09-16 03:47:12,degradation_index,68.5582,77.40064203611112,81.3074,-8.842442036111123,8.842442036111123
2026-09-16 03:47:13,degradation_index,72.3074,78.36008609623016,79.0609,-6.052686096230161,6.052686096230161
2026-09-16 03:47:14,degradation_index,79.1729,78.45331856081349,78.1708,0.7195814391865127,0.7195814391865127
2026-09-16 03:47:15,degradation_index,69.7347,76.54538329752886,72.8947,-6.810683297528854,6.810683297528854
2026-09-16 03:47:16,degradation_index,71.9554,76.61273003502886,77.3741,-4.657330035028863,4.657330035028863
2026-09-16 03:47:17,degradation_index,74.7354,75.82029646722583,71.5379,-1.0848964672258319,1.0848964672258319
2026-09-16 03:47:18,degradation_index,75.6178,74.17188912013889,71.1608,1.4459108798611169,1.4459108798611169
2026-09-16 03:47:19,degradation_index,73.4214,76.90591705635822,79.0529,-3.4845170563582144,3.4845170563582144
2026-09-16 03:47:20,degradation_index,73.7394,75.47364228105158,75.2419,-1.7342422810515785,1.7342422810515785
2026-09-16 03:47:21,degradation_index,75.5182,75.73042769384921,75.4936,-0.21222769384921492,0.21222769384921492
2026-09-16 03:47:22,degradation_index,73.7516,72.75983612291667,68.5582,0.9917638770833292,0.9917638770833292
2026-09-16 03:47:23,degradation_index,72.9866,72.94338624356061,72.3074,0.04321375643938552,0.04321375643938552
2026-09-16 03:47:24,degradation_index,79.8245,75.91336600090187,79.1729,3.9111339990981264,3.9111339990981264
2026-09-16 03:47:25,degradation_index,64.6022,74.53550398194444,69.7347,-9.933303981944448,9.933303981944448
2026-09-16 03:47:26,degradation_index,77.3328,73.20362624415584,71.9554,4.129173755844164,4.129173755844164
2026-09-16 03:47:27,degradation_index,77.5202,72.86990555070346,74.7354,4.650294449296538,4.650294449296538
2026-09-16 03:47:28,degradation_index,74.5767,73.6257506,75.6178,0.950949399999999,0.950949399999999
2026-09-16 03:47:29,degradation_index,75.6467,74.48623103720239,73.4214,1.1604689627976086,1.1604689627976086
2026-09-16 03:47:30,degradation_index,78.6904,73.36271854589647,73.7394,5.3276814541035264,5.3276814541035264
2026-09-16 03:47:31,degradation_index,76.5907,73.56131067094155,75.5182,3.0293893290584464,3.0293893290584464
2026-09-16 03:47:32,degradation_index,75.2016,73.4241811704365,73.7516,1.7774188295635014,1.7774188295635014
2026-09-16 03:47:33,degradation_index,75.5524,73.30615828690476,72.9866,2.2462417130952446,2.2462417130952446
2026-09-16 03:47:34,degradation_index,75.0775,74.64005380754871,79.8245,0.43744619245129,0.43744619245129
2026-09-16 03:47:35,degradation_index,76.6325,70.70220704484127,64.6022,5.93029295515872,5.93029295515872
2026-09-16 03:47:36,degradation_index,76.0166,72.45997716071429,77.3328,3.5566228392857084,3.5566228392857084
2026-09-16 03:47:37,degradation_index,77.947,73.75482251349207,77.5202,4.19217748650793,4.19217748650793
2026-09-16 03:47:38,degradation_index,71.354,73.30563219543652,74.5767,-1.9516321954365168,1.9516321954365168
2026-09-16 03:47:39,degradation_index,68.7854,73.80927357867965,75.6467,-5.023873578679655,5.023873578679655
2026-09-16 03:47:40,degradation_index,67.2833,74.14468440803572,78.6904,-6.861384408035718,6.861384408035718
2026-09-16 03:47:41,degradation_index,67.6623,75.1431434485119,76.5907,-7.480843448511905,7.480843448511905
2026-09-16 03:47:42,degradation_index,74.5081,74.26387627113095,75.2016,0.24422372886904498,0.24422372886904498
2026-09-16 03:47:43,degradation_index,75.0804,73.710652558171,75.5524,1.3697474418289914,1.3697474418289914
2026-09-16 03:47:44,degradation_index,71.2013,74.17155357678571,75.0775,-2.9702535767857086,2.9702535767857086
2026-09-16 03:47:45,degradation_index,67.2719,74.4426050921627,76.6325,-7.170705092162692,7.170705092162692
2026-09-16 03:47:46,degradation_index,70.2887,73.9568439043741,76.0166,-3.668143904374091,3.668143904374091
2026-09-16 03:47:47,degradation_index,72.7662,74.34627601400614,77.947,-1.5800760140061385,1.5800760140061385
2026-09-16 03:47:48,degradation_index,70.0205,74.23550547894745,71.354,-4.215005478947447,4.215005478947447
2026-09-16 03:47:49,degradation_index,74.5603,72.16079500535714,68.7854,2.3995049946428537,2.3995049946428537
2026-09-16 03:47:50,degradation_index,68.9862,71.15089457291666,67.2833,-2.164694572916659,2.164694572916659
2026-09-16 03:47:51,degradation_index,71.5306,70.74329944017857,67.6623,0.787300559821432,0.787300559821432
2026-09-16 03:47:52,degradation_index,69.7737,72.46067938214286,74.5081,-2.6869793821428516,2.6869793821428516
2026-09-16 03:47:53,degradation_index,71.1019,71.96521437033729,75.0804,-0.8633143703372923,0.8633143703372923
2026-09-16 03:47:54,degradation_index,71.0567,71.82697335952382,71.2013,-0.7702733595238129,0.7702733595238129
2026-09-16 03:47:55,degradation_index,69.1515,69.10748113700397,67.2719,0.04401886299602609,0.04401886299602609
2026-09-16 03:47:56,degradation_index,70.4031,70.97181204435427,70.2887,-0.568712044354271,0.568712044354271
2026-09-16 03:47:57,degradation_index,73.3352,71.57603225010823,72.7662,1.7591677498917733,1.7591677498917733
2026-09-16 03:47:58,degradation_index,74.4538,71.76847907529762,70.0205,2.6853209247023813,2.6853209247023813
2026-09-16 03:47:59,degradation_index,74.8554,71.14787317580266,74.5603,3.7075268241973447,3.7075268241973447
2026-09-16 03:48:00,degradation_index,77.1116,70.47749154553571,68.9862,6.6341084544642825,6.6341084544642825
2026-09-16 03:48:01,degradation_index,73.7581,70.94308492291667,71.5306,2.8150150770833307,2.8150150770833307
2026-09-16 03:48:02,degradation_index,75.5202,70.76245616696428,69.7737,4.757743833035718,4.757743833035718
2026-09-16 03:48:03,degradation_index,74.796,70.74999647292569,71.1019,4.046003527074319,4.046003527074319
2026-09-16 03:48:04,degradation_index,74.1914,70.99235746180557,71.0567,3.1990425381944334,3.1990425381944334
2026-09-16 03:48:05,degradation_index,72.5234,69.72903960578103,69.1515,2.7943603942189696,2.7943603942189696
2026-09-16 03:48:06,degradation_index,77.5463,70.22854025546536,70.4031,7.317759744534641,7.317759744534641
2026-09-16 03:48:07,degradation_index,76.958,69.75887088304474,73.3352,7.1991291169552625,7.1991291169552625
2026-09-16 03:48:08,degradation_index,72.1703,70.08628989276696,74.4538,2.0840101072330413,2.0840101072330413
2026-09-16 03:48:09,degradation_index,75.4943,70.63902785039683,74.8554,4.8552721496031666,4.8552721496031666
2026-09-16 03:48:10,degradation_index,79.0168,71.65177833670634,77.1116,7.3650216632936605,7.3650216632936605
2026-09-16 03:48:11,degradation_index,77.2026,72.09656982440477,73.7581,5.106030175595237,5.106030175595237
2026-09-16 03:48:12,degradation_index,72.3747,71.84142358376624,75.5202,0.5332764162337611,0.5332764162337611
2026-09-16 03:48:13,degradation_index,79.2861,72.29643830585319,74.796,6.989661694146818,6.989661694146818
2026-09-16 03:48:14,degradation_index,73.7907,72.06956261612554,74.1914,1.7211373838744635,1.7211373838744635
2026-09-16 03:48:15,degradation_index,75.6591,72.38088436746031,72.5234,3.278215632539684,3.278215632539684
2026-09-16 03:48:16,degradation_index,82.0391,72.6020358999008,77.5463,9.437064100099207,9.437064100099207
2026-09-16 03:48:17,degradation_index,80.3858,73.29190207656926,76.958,7.093897923430745,7.093897923430745
2026-09-16 03:48:18,degradation_index,76.8841,72.87318171577381,72.1703,4.010918284226193,4.010918284226193
2026-09-16 03:48:19,degradation_index,72.9248,72.34938722560425,75.4943,0.5754127743957582,0.5754127743957582
2026-09-16 03:48:20,degradation_index,79.0695,73.81232689682541,79.0168,5.257173103174594,5.257173103174594
2026-09-16 03:48:21,degradation_index,74.6701,74.48713118601191,77.2026,0.18296881398809717,0.18296881398809717
2026-09-16 03:48:22,degradation_index,70.026,73.50517351081349,72.3747,-3.479173510813496,3.479173510813496
2026-09-16 03:48:23,degradation_index,77.9188,73.83683479543652,79.2861,4.081965204563488,4.081965204563488
2026-09-16 03:48:24,degradation_index,80.5829,74.61442321002886,73.7907,5.968476789971135,5.968476789971135
2026-09-16 03:48:25,degradation_index,76.9363,73.99432010198413,75.6591,2.941979898015873,2.941979898015873
2026-09-16 03:48:26,degradation_index,75.1605,76.56165305803572,82.0391,-1.4011530580357174,1.4011530580357174
2026-09-16 03:48:27,degradation_index,77.5822,76.23767742460318,80.3858,1.344522575396823,1.344522575396823
2026-09-16 03:48:28,degradation_index,73.2679,75.81548707440477,76.8841,-2.547587074404774,2.547587074404774
2026-09-16 03:48:29,degradation_index,73.7689,74.68936393641775,72.9248,-0.9204639364177467,0.9204639364177467
2026-09-16 03:48:30,degradation_index,71.4231,75.3809255371122,79.0695,-3.9578255371121998,3.9578255371121998
2026-09-16 03:48:31,degradation_index,76.5025,75.83740909135102,74.6701,0.6650909086489776,0.6650909086489776
2026-09-16 03:48:32,degradation_index,74.9797,73.95523866170635,70.026,1.0244613382936478,1.0244613382936478
2026-09-16 03:48:33,degradation_index,77.8351,74.38354739008838,77.9188,3.451552609911616,3.451552609911616
2026-09-16 03:48:34,degradation_index,77.8742,75.41614216468253,80.5829,2.458057835317476,2.458057835317476
2026-09-16 03:48:35,degradation_index,76.8948,75.93331778601191,76.9363,0.9614822139880914,0.9614822139880914
2026-09-16 03:48:36,degradation_index,73.4,75.94553559136905,75.1605,-2.5455355913690454,2.5455355913690454
2026-09-16 03:48:37,degradation_index,71.2996,75.41826280685426,77.5822,-4.11866280685426,4.11866280685426
2026-09-16 03:48:38,degradation_index,65.2922,75.02688200535714,73.2679,-9.734682005357143,9.734682005357143
2026-09-16 03:48:39,degradation_index,71.5835,74.58003011737013,73.7689,-2.9965301173701278,2.9965301173701278
2026-09-16 03:48:40,degradation_index,71.5779,73.86815606349207,71.4231,-2.290256063492066,2.290256063492066
2026-09-16 03:48:41,degradation_index,69.741,74.43655166131855,76.5025,-4.695551661318547,4.695551661318547
2026-09-16 03:48:42,degradation_index,71.0343,74.60370356319444,74.9797,-3.5694035631944416,3.5694035631944416
2026-09-16 03:48:43,degradation_index,69.014,74.84280443235029,77.8351,-5.828804432350296,5.828804432350296
2026-09-16 03:48:44,degradation_index,70.079,75.01253837847223,77.8742,-4.933538378472235,4.933538378472235
2026-09-16 03:48:45,degradation_index,72.9232,75.16748632886905,76.8948,-2.2442863288690518,2.2442863288690518
2026-09-16 03:48:46,degradation_index,71.0112,75.16854274484128,73.4,-4.157342744841273,4.157342744841273
2026-09-16 03:48:47,degradation_index,73.6997,73.9746289109127,71.2996,-0.274928910912692,0.274928910912692
2026-09-16 03:48:48,degradation_index,73.1157,70.49566241676587,65.2922,2.6200375832341365,2.6200375832341365
2026-09-16 03:48:49,degradation_index,73.8946,72.2034649158189,71.5835,1.6911350841810986,1.6911350841810986
2026-09-16 03:48:50,degradation_index,72.1425,72.67124270089286,71.5779,-0.5287427008928631,0.5287427008928631
2026-09-16 03:48:51,degradation_index,70.3153,71.89551566696429,69.741,-1.5802156669642926,1.5802156669642926
2026-09-16 03:48:52,degradation_index,69.9069,70.75374211102093,71.0343,-0.8468421110209334,0.8468421110209334
2026-09-16 03:48:53,degradation_index,74.4789,70.19150290962301,69.014,4.2873970903769845,4.2873970903769845
2026-09-16 03:48:54,degradation_index,73.9383,71.00648122411616,70.079,2.9318187758838405,2.9318187758838405
2026-09-16 03:48:55,degradation_index,76.8783,71.35739731558441,72.9232,5.520902684415589,5.520902684415589
2026-09-16 03:48:56,degradation_index,70.3218,71.26893005992063,71.0112,-0.9471300599206387,0.9471300599206387
2026-09-16 03:48:57,degradation_index,72.5057,71.25747243198053,73.6997,1.2482275680194732,1.2482275680194732
2026-09-16 03:48:58,degradation_index,77.5635,70.97801493760824,73.1157,6.5854850623917685,6.5854850623917685
2026-09-16 03:48:59,degradation_index,77.4631,71.29972335039682,73.8946,6.16337664960318,6.16337664960318
2026-09-16 03:49:00,degradation_index,79.1027,71.69736669415585,72.1425,7.405333305844152,7.405333305844152
2026-09-16 03:49:01,degradation_index,69.7869,71.15469220109127,70.3153,-1.3677922010912624,1.3677922010912624
2026-09-16 03:49:02,degradation_index,76.1525,70.95072045138889,69.9069,5.201779548611114,5.201779548611114
2026-09-16 03:49:03,degradation_index,68.1722,70.96743228631854,74.4789,-2.7952322863185373,2.7952322863185373
2026-09-16 03:49:04,degradation_index,73.177,71.45720885724207,73.9383,1.7197911427579413,1.7197911427579413
2026-09-16 03:49:05,degradation_index,72.1808,72.11273543820346,76.8783,0.06806456179654674,0.06806456179654674
2026-09-16 03:49:06,degradation_index,68.7079,71.32865537704726,70.3218,-2.62075537704726,2.62075537704726
2026-09-16 03:49:07,degradation_index,78.7604,71.21345871796538,72.5057,7.5469412820346236,7.5469412820346236
2026-09-16 03:49:08,degradation_index,80.1135,72.22456641458334,77.5635,7.888933585416666,7.888933585416666
2026-09-16 03:49:09,degradation_index,81.8104,73.20671418363095,77.4631,8.603685816369051,8.603685816369051
2026-09-16 03:49:10,degradation_index,77.9452,74.08489449126984,79.1027,3.860305508730164,3.860305508730164
2026-09-16 03:49:11,degradation_index,82.5201,72.38906519742063,69.7869,10.131034802579364,10.131034802579364
2026-09-16 03:49:12,degradation_index,77.8799,72.41884874424603,76.1525,5.461051255753972,5.461051255753972
2026-09-16 03:49:13,degradation_index,80.2815,73.07243612113096,68.1722,7.209063878869031,7.209063878869031
2026-09-16 03:49:14,degradation_index,76.5813,72.30631780090188,73.177,4.274982199098119,4.274982199098119
2026-09-16 03:49:15,degradation_index,80.8503,72.33512420854078,72.1808,8.515175791459228,8.515175791459228
2026-09-16 03:49:16,degradation_index,77.8914,70.59946053511905,68.7079,7.291939464880954,7.291939464880954
2026-09-16 03:49:17,degradation_index,81.2147,73.4526542998016,78.7604,7.762045700198399,7.762045700198399
2026-09-16 03:49:18,degradation_index,74.3946,74.51555856051587,80.1135,-0.12095856051587361,0.12095856051587361
2026-09-16 03:49:19,degradation_index,73.9082,76.09376310406746,81.8104,-2.1855631040674695,2.1855631040674695
2026-09-16 03:49:20,degradation_index,71.8155,75.25866188184524,77.9452,-3.443161881845242,3.443161881845242
2026-09-16 03:49:21,degradation_index,73.4261,76.94918085873016,82.5201,-3.523080858730154,3.523080858730154
2026-09-16 03:49:22,degradation_index,74.1443,76.73614533888889,77.8799,-2.591845338888888,2.591845338888888
2026-09-16 03:49:23,degradation_index,75.3803,77.0676305320256,80.2815,-1.687330532025598,1.687330532025598
2026-09-16 03:49:24,degradation_index,75.8849,76.81707791111111,76.5813,-0.9321779111111113,0.9321779111111113
2026-09-16 03:49:25,degradation_index,74.8365,76.27888029672619,80.8503,-1.442380296726185,1.442380296726185
2026-09-16 03:49:26,degradation_index,73.7981,77.08451433700397,77.8914,-3.2864143370039614,3.2864143370039614
2026-09-16 03:49:27,degradation_index,67.8016,76.8712199796627,81.2147,-9.069619979662704,9.069619979662704
2026-09-16 03:49:28,degradation_index,72.4903,76.46911346186869,74.3946,-3.9788134618686826,3.9788134618686826
2026-09-16 03:49:29,degradation_index,72.5408,76.17043153720238,73.9082,-3.6296315372023713,3.6296315372023713
2026-09-16 03:49:30,degradation_index,74.7489,74.75654081626985,71.8155,-0.007640816269841366,0.007640816269841366
2026-09-16 03:49:31,degradation_index,76.0118,74.64313024573413,73.4261,1.3686697542658663,1.3686697542658663
2026-09-16 03:49:32,degradation_index,72.3263,74.52869589286617,74.1443,-2.202395892866164,2.202395892866164
2026-09-16 03:49:33,degradation_index,74.755,73.76276808183623,75.3803,0.9922319181637675,0.9922319181637675
2026-09-16 03:49:34,degradation_index,74.3396,74.028520690386,75.8849,0.31107930961400143,0.31107930961400143
2026-09-16 03:49:35,degradation_index,75.4856,74.25866366964286,74.8365,1.226936330357148,1.226936330357148
2026-09-16 03:49:36,degradation_index,75.1052,74.43789428450856,73.7981,0.6673057154914375,0.6673057154914375
2026-09-16 03:49:37,degradation_index,72.8717,73.49822445674603,67.8016,-0.6265244567460257,0.6265244567460257
2026-09-16 03:49:38,degradation_index,71.7627,72.96392580863997,72.4903,-1.2012258086399754,1.2012258086399754
2026-09-16 03:49:39,degradation_index,73.9458,73.35539962996032,72.5408,0.5904003700396885,0.5904003700396885
2026-09-16 03:49:40,degradation_index,72.6595,73.26606336382577,74.7489,-0.6065633638257708,0.6065633638257708
2026-09-16 03:49:41,degradation_index,71.6214,73.56735207996933,76.0118,-1.9459520799693308,1.9459520799693308
2026-09-16 03:49:42,degradation_index,66.2858,73.23233615367064,72.3263,-6.94653615367065,6.94653615367065
2026-09-16 03:49:43,degradation_index,72.2667,73.34975449237012,74.755,-1.083054492370124,1.083054492370124
2026-09-16 03:49:44,degradation_index,71.3637,73.33260698988096,74.3396,-1.9689069898809635,1.9689069898809635
2026-09-16 03:49:45,degradation_index,66.7695,73.48867755377887,75.4856,-6.719177553778877,6.719177553778877
2026-09-16 03:49:46,degradation_index,75.2741,73.49754173452381,75.1052,1.776558265476197,1.776558265476197
2026-09-16 03:49:47,degradation_index,68.4807,72.90672977896826,72.8717,-4.426029778968257,4.426029778968257
2026-09-16 03:49:48,degradation_index,76.0013,72.99784218566919,71.7627,3.0034578143308153,3.0034578143308153
2026-09-16 03:49:49,degradation_index,74.3117,72.59283629703283,73.9458,1.7188637029671696,1.7188637029671696
2026-09-16 03:49:50,degradation_index,69.9522,72.51504158165584,72.6595,-2.5628415816558316,2.5628415816558316
2026-09-16 03:49:51,degradation_index,75.286,72.66167554708693,71.6214,2.624324452913072,2.624324452913072
2026-09-16 03:49:52,degradation_index,72.5393,70.03304077698412,66.2858,2.5062592230158742,2.5062592230158742
2026-09-16 03:49:53,degradation_index,74.7361,71.0606692482233,72.2667,3.6754307517766875,3.6754307517766875
2026-09-16 03:49:54,degradation_index,75.9552,71.30532364771825,71.3637,4.649876352281751,4.649876352281751
2026-09-16 03:49:55,degradation_index,66.5972,70.66450069672618,66.7695,-4.067300696726178,4.067300696726178
2026-09-16 03:49:56,degradation_index,75.9576,71.34785732233046,75.2741,4.609742677669544,4.609742677669544
2026-09-16 03:49:57,degradation_index,68.0776,69.97716655168651,68.4807,-1.8995665516865046,1.8995665516865046
2026-09-16 03:49:58,degradation_index,73.4695,71.12164098700397,76.0013,2.3478590129960253,2.3478590129960253
2026-09-16 03:49:59,degradation_index,71.3198,71.90654029117064,74.3117,-0.5867402911706421,0.5867402911706421
2026-09-16 03:50:00,degradation_index,71.2209,71.07757590218255,69.9522,0.14332409781745525,0.14332409781745525
2026-09-16 03:50:01,degradation_index,74.0593,72.09729108224207,75.286,1.9620089177579274,1.9620089177579274
2026-09-16 03:50:02,degradation_index,67.8214,71.22505783878968,72.5393,-3.403657838789684,3.403657838789684
2026-09-16 03:50:03,degradation_index,68.6699,71.65256907252885,74.7361,-2.98266907252885,2.98266907252885
2026-09-16 03:50:04,degradation_index,67.5942,72.18216746498017,75.9552,-4.587967464980167,4.587967464980167
2026-09-16 03:50:05,degradation_index,74.235,70.42968195021645,66.5972,3.8053180497835513,3.8053180497835513
2026-09-16 03:50:06,degradation_index,71.6441,72.19321269345238,75.9576,-0.5491126934523862,0.5491126934523862
2026-09-16 03:50:07,degradation_index,64.582,71.17517853700397,68.0776,-6.593178537003979,6.593178537003979
2026-09-16 03:50:08,degradation_index,65.3693,71.56437821677488,73.4695,-6.195078216774888,6.195078216774888
2026-09-16 03:50:09,degradation_index,71.3321,71.68349057223124,71.3198,-0.3513905722312387,0.3513905722312387
2026-09-16 03:50:10,degradation_index,65.6603,70.43561442876984,71.2209,-4.775314428769832,4.775314428769832
2026-09-16 03:50:11,degradation_index,71.4193,71.29625882619047,74.0593,0.12304117380953983,0.12304117380953983
2026-09-16 03:50:12,degradation_index,67.9841,70.11091055505952,67.8214,-2.126810555059521,2.126810555059521
2026-09-16 03:50:13,degradation_index,65.813,70.44399248840188,68.6699,-4.630992488401873,4.630992488401873
2026-09-16 03:50:14,degradation_index,70.1629,70.06692737470239,67.5942,0.09597262529760542,0.09597262529760542
2026-09-16 03:50:15,degradation_index,65.17,69.71835452718254,74.235,-4.548354527182539,4.548354527182539
2026-09-16 03:50:16,degradation_index,68.9022,70.77510501785714,71.6441,-1.8729050178571498,1.8729050178571498
2026-09-16 03:50:17,degradation_index,65.1967,68.11978265615079,64.582,-2.9230826561507826,2.9230826561507826
2026-09-16 03:50:18,degradation_index,60.7421,66.95671506429473,65.3693,-6.214615064294726,6.214615064294726
2026-09-16 03:50:19,degradation_index,66.0594,69.5394447638979,71.3321,-3.480044763897908,3.480044763897908
2026-09-16 03:50:20,degradation_index,66.9482,68.72124965730521,65.6603,-1.773049657305208,1.773049657305208
2026-09-16 03:50:21,degradation_index,68.2408,69.44899595953284,71.4193,-1.2081959595328442,1.2081959595328442
2026-09-16 03:50:22,degradation_index,70.5861,68.5079498552399,67.9841,2.0781501447601016,2.0781501447601016
2026-09-16 03:50:23,degradation_index,67.3315,67.57074137886904,65.813,-0.23924137886903907,0.23924137886903907
2026-09-16 03:50:24,degradation_index,64.6041,68.6155908919733,70.1629,-4.0114908919732954,4.0114908919732954
2026-09-16 03:50:25,degradation_index,66.1251,67.8779268139881,65.17,-1.7528268139880936,1.7528268139880936
2026-09-16 03:50:26,degradation_index,66.499,68.49698545873918,68.9022,-1.9979854587391799,1.9979854587391799
2026-09-16 03:50:27,degradation_index,65.2995,67.1683414748016,65.1967,-1.8688414748015987,1.8688414748015987
2026-09-16 03:50:28,degradation_index,71.7833,64.9340554516865,60.7421,6.849244548313493,6.849244548313493
2026-09-16 03:50:29,degradation_index,67.2514,66.52080211439393,66.0594,0.7305978856060733,0.7305978856060733
2026-09-16 03:50:30,degradation_index,65.1976,65.95938241439394,66.9482,-0.7617824143939487,0.7617824143939487
2026-09-16 03:50:31,degradation_index,63.643,66.34566919872834,68.2408,-2.702669198728344,2.702669198728344
2026-09-16 03:50:32,degradation_index,64.7536,65.99936639058441,70.5861,-1.2457663905844072,1.2457663905844072
2026-09-16 03:50:33,degradation_index,68.7018,66.54569000327382,67.3315,2.1561099967261868,2.1561099967261868
2026-09-16 03:50:34,degradation_index,66.3826,66.24742274662698,64.6041,0.13517725337301556,0.13517725337301556
2026-09-16 03:50:35,degradation_index,59.8744,66.01847093006855,66.1251,-6.144070930068544,6.144070930068544
2026-09-16 03:50:36,degradation_index,65.6936,66.551803515873,66.499,-0.8582035158730008,0.8582035158730008
2026-09-16 03:50:37,degradation_index,62.3857,65.94953122033729,65.2995,-3.563831220337292,3.563831220337292
2026-09-16 03:50:38,degradation_index,63.4398,66.55379797787698,71.7833,-3.113997977876984,3.113997977876984
2026-09-16 03:50:39,degradation_index,64.2694,66.40378843392857,67.2514,-2.1343884339285637,2.1343884339285637
2026-09-16 03:50:40,degradation_index,60.7083,65.89352832490079,65.1976,-5.185228324900784,5.185228324900784
2026-09-16 03:50:41,degradation_index,70.4641,65.52576434751984,63.643,4.938335652480163,4.938335652480163
2026-09-16 03:50:42,degradation_index,59.9846,65.44362027133839,64.7536,-5.459020271338389,5.459020271338389
2026-09-16 03:50:43,degradation_index,67.0565,65.68100648919552,68.7018,1.3754935108044748,1.3754935108044748
2026-09-16 03:50:44,degradation_index,63.5951,65.33353436677488,66.3826,-1.7384343667748823,1.7384343667748823
2026-09-16 03:50:45,degradation_index,61.2944,63.76722653330627,59.8744,-2.472826533306268,2.472826533306268
2026-09-16 03:50:46,degradation_index,58.2631,64.4837130777868,65.6936,-6.220613077786801,6.220613077786801
2026-09-16 03:50:47,degradation_index,59.8832,64.32094986875,62.3857,-4.437749868750004,4.437749868750004
2026-09-16 03:50:48,degradation_index,59.0083,64.52480686479076,63.4398,-5.516506864790763,5.516506864790763
2026-09-16 03:50:49,degradation_index,60.6654,64.24053649742966,64.2694,-3.5751364974296607,3.5751364974296607
2026-09-16 03:50:50,degradation_index,60.9405,62.694146130257934,60.7083,-1.753646130257934,1.753646130257934
2026-09-16 03:50:51,degradation_index,59.278,64.9052590214376,70.4641,-5.627259021437602,5.627259021437602
2026-09-16 03:50:52,degradation_index,67.5204,63.97326496954365,59.9846,3.547135030456346,3.547135030456346
2026-09-16 03:50:53,degradation_index,62.7461,64.20242156717171,67.0565,-1.4563215671717131,1.4563215671717131
2026-09-16 03:50:54,degradation_index,58.6864,64.0241193530754,63.5951,-5.337719353075407,5.337719353075407
2026-09-16 03:50:55,degradation_index,62.7322,62.712297669940476,61.2944,0.01990233005952291,0.01990233005952291
2026-09-16 03:50:56,degradation_index,62.7909,61.73868437529762,58.2631,1.0522156247023773,1.0522156247023773
2026-09-16 03:50:57,degradation_index,58.6636,61.06608914514791,59.8832,-2.4024891451479107,2.4024891451479107
2026-09-16 03:50:58,degradation_index,64.1958,60.97973072688492,59.0083,3.216069273115089,3.216069273115089
2026-09-16 03:50:59,degradation_index,62.1834,60.99801693820346,60.6654,1.1853830617965357,1.1853830617965357
2026-09-16 03:51:00,degradation_index,59.1053,60.754622870238094,60.9405,-1.6493228702380947,1.6493228702380947
2026-09-16 03:51:01,degradation_index,60.9362,60.28170846329365,59.278,0.6544915367063524,0.6544915367063524
2026-09-16 03:51:02,degradation_index,54.0363,61.94154943452381,67.5204,-7.90524943452381,7.90524943452381
2026-09-16 03:51:03,degradation_index,67.2142,61.942130659920636,62.7461,5.272069340079369,5.272069340079369
2026-09-16 03:51:04,degradation_index,70.1127,60.81725416309524,58.6864,9.295445836904761,9.295445836904761
2026-09-16 03:51:05,degradation_index,65.7897,60.36820688849206,62.7322,5.421493111507935,5.421493111507935
2026-09-16 03:51:06,degradation_index,69.1939,61.05620083799603,62.7909,8.137699162003969,8.137699162003969
2026-09-16 03:51:07,degradation_index,64.6381,60.835207375514074,58.6636,3.8028926244859207,3.8028926244859207
2026-09-16 03:51:08,degradation_index,73.1713,60.55804228721141,64.1958,12.613257712788595,12.613257712788595
2026-09-16 03:51:09,degradation_index,70.0773,61.121290066964285,62.1834,8.956009933035709,8.956009933035709
2026-09-16 03:51:10,degradation_index,70.9859,60.62594303622836,59.1053,10.359956963771644,10.359956963771644
2026-09-16 03:51:11,degradation_index,68.7997,60.34637954802489,60.9362,8.45332045197511,8.45332045197511
2026-09-16 03:51:12,degradation_index,73.4568,58.754726035515866,54.0363,14.702073964484136,14.702073964484136
2026-09-16 03:51:13,degradation_index,66.6763,62.10935958035715,67.2142,4.566940419642847,4.566940419642847
2026-09-16 03:51:14,degradation_index,72.5197,63.66936622896826,70.1127,8.850333771031742,8.850333771031742
2026-09-16 03:51:15,degradation_index,70.5214,62.676896457693,65.7897,7.844503542307002,7.844503542307002
2026-09-16 03:51:16,degradation_index,69.0409,63.27304525347222,69.1939,5.7678547465277745,5.7678547465277745
2026-09-16 03:51:17,degradation_index,71.1466,62.55911258353174,64.6381,8.587487416468264,8.587487416468264
2026-09-16 03:51:18,degradation_index,68.0367,67.22145124285714,73.1713,0.8152487571428537,0.8152487571428537
2026-09-16 03:51:19,degradation_index,66.7378,67.13944627242063,70.0773,-0.4016462724206349,0.4016462724206349
2026-09-16 03:51:20,degradation_index,69.1136,66.24805795793651,70.9859,2.8655420420634954,2.8655420420634954
2026-09-16 03:51:21,degradation_index,65.3359,66.6385854890873,68.7997,-1.3026854890873096,1.3026854890873096
2026-09-16 03:51:22,degradation_index,69.0347,68.23929358343254,73.4568,0.7954064165674595,0.7954064165674595
2026-09-16 03:51:23,degradation_index,67.8519,66.92669249146824,66.6763,0.9252075085317557,0.9252075085317557
2026-09-16 03:51:24,degradation_index,69.1252,67.42210024751984,72.5197,1.7030997524801705,1.7030997524801705
2026-09-16 03:51:25,degradation_index,64.2689,68.14910565029761,70.5214,-3.8802056502976114,3.8802056502976114
2026-09-16 03:51:26,degradation_index,66.5888,67.3431830361111,69.0409,-0.7543830361110935,0.7543830361110935
2026-09-16 03:51:27,degradation_index,66.7006,67.43333999156746,71.1466,-0.7327399915674704,0.7327399915674704
2026-09-16 03:51:28,degradation_index,67.9459,67.78846014513888,68.0367,0.15743985486111,0.15743985486111
2026-09-16 03:51:29,degradation_index,68.5719,67.66083239593253,66.7378,0.911067604067469,0.911067604067469
2026-09-16 03:51:30,degradation_index,68.2028,67.04832873601191,69.1136,1.1544712639880856,1.1544712639880856
2026-09-16 03:51:31,degradation_index,62.9471,67.1197454923611,65.3359,-4.172645492361106,4.172645492361106
2026-09-16 03:51:32,degradation_index,66.3941,67.2233622328373,69.0347,-0.8292622328373085,0.8292622328373085
2026-09-16 03:51:33,degradation_index,68.6893,67.47280960357143,67.8519,1.2164903964285685,1.2164903964285685
2026-09-16 03:51:34,degradation_index,63.877,67.41044642233045,69.1252,-3.5334464223304494,3.5334464223304494
2026-09-16 03:51:35,degradation_index,65.2117,66.53105146140874,64.2689,-1.3193514614087434,1.3193514614087434
2026-09-16 03:51:36,degradation_index,64.7673,66.62991471140873,66.5888,-1.8626147114087246,1.8626147114087246
2026-09-16 03:51:37,degradation_index,65.9564,66.72679790664682,66.7006,-0.7703979066468207,0.7703979066468207
2026-09-16 03:51:38,degradation_index,65.8771,67.04716057688492,67.9459,-1.1700605768849215,1.1700605768849215
2026-09-16 03:51:39,degradation_index,62.3104,67.26822671985029,68.5719,-4.9578267198502886,4.9578267198502886
2026-09-16 03:51:40,degradation_index,60.5255,66.99656682883297,68.2028,-6.471066828832967,6.471066828832967
2026-09-16 03:51:41,degradation_index,57.5543,66.09384871607143,62.9471,-8.539548716071437,8.539548716071437
2026-09-16 03:51:42,degradation_index,56.748,66.49084679494949,66.3941,-9.742846794949493,9.742846794949493
2026-09-16 03:51:43,degradation_index,55.8652,66.3404814326479,68.6893,-10.475281432647904,10.475281432647904
2026-09-16 03:51:44,degradation_index,60.0457,66.19608576815476,63.877,-6.150385768154763,6.150385768154763
2026-09-16 03:51:45,degradation_index,67.6869,65.59457575487012,65.2117,2.0923242451298734,2.0923242451298734
2026-09-16 03:51:46,degradation_index,60.6841,65.17092544107143,64.7673,-4.486825441071431,4.486825441071431
2026-09-16 03:51:47,degradation_index,61.6129,65.58439464058442,65.9564,-3.9714946405844174,3.9714946405844174
2026-09-16 03:51:48,degradation_index,62.0666,65.39434981547619,65.8771,-3.3277498154761886,3.3277498154761886
2026-09-16 03:51:49,degradation_index,61.6483,64.37925290843255,62.3104,-2.730952908432549,2.730952908432549
2026-09-16 03:51:50,degradation_index,61.2832,63.19864266071429,60.5255,-1.915442660714291,1.915442660714291
2026-09-16 03:51:51,degradation_index,65.9471,62.07571285049603,57.5543,3.871387149503974,3.871387149503974
2026-09-16 03:51:52,degradation_index,57.7412,59.996939240575394,56.748,-2.2557392405753944,2.2557392405753944
2026-09-16 03:51:53,degradation_index,62.6663,58.88722227380953,55.8652,3.779077726190472,3.779077726190472
2026-09-16 03:51:54,degradation_index,61.4117,60.061600847132034,60.0457,1.350099152867969,1.350099152867969
2026-09-16 03:51:55,degradation_index,64.3056,62.26864429136904,67.6869,2.0369557086309555,2.0369557086309555
2026-09-16 03:51:56,degradation_index,61.2023,60.90313585228175,60.6841,0.29916414771825117,0.29916414771825117
2026-09-16 03:51:57,degradation_index,59.8436,60.74469433929474,61.6129,-0.9010943392947368,0.9010943392947368
2026-09-16 03:51:58,degradation_index,59.6272,61.390651757539686,62.0666,-1.7634517575396842,1.7634517575396842
2026-09-16 03:51:59,degradation_index,57.8127,61.68095759920635,61.6483,-3.868257599206352,3.868257599206352
2026-09-16 03:52:00,degradation_index,60.8318,61.658264703571426,61.2832,-0.8264647035714248,0.8264647035714248
2026-09-16 03:52:01,degradation_index,64.1275,61.06323142054474,65.9471,3.064268579455259,3.064268579455259
2026-09-16 03:52:02,degradation_index,58.6026,60.1754196360119,57.7412,-1.5728196360119,1.5728196360119
2026-09-16 03:52:03,degradation_index,58.1015,60.49969139375,62.6663,-2.398191393749997,2.398191393749997
2026-09-16 03:52:04,degradation_index,61.8649,61.03172264107143,61.4117,0.833177358928566,0.833177358928566
2026-09-16 03:52:05,degradation_index,56.0218,61.10560305983044,64.3056,-5.083803059830444,5.083803059830444
2026-09-16 03:52:06,degradation_index,62.5716,61.408410797222224,61.2023,1.1631892027777724,1.1631892027777724
2026-09-16 03:52:07,degradation_index,63.5136,60.35091242426948,59.8436,3.1626875757305157,3.1626875757305157
2026-09-16 03:52:08,degradation_index,60.4103,60.30755758501984,59.6272,0.10274241498015613,0.10274241498015613
2026-09-16 03:52:09,degradation_index,62.458,59.72450440863095,57.8127,2.7334955913690493,2.7334955913690493
2026-09-16 03:52:10,degradation_index,60.2778,59.566388798818544,60.8318,0.7114112011814555,0.7114112011814555
2026-09-16 03:52:11,degradation_index,58.5792,60.039461417757934,64.1275,-1.460261417757934,1.460261417757934
2026-09-16 03:52:12,degradation_index,64.3774,59.58608493670635,58.6026,4.791315063293645,4.791315063293645
2026-09-16 03:52:13,degradation_index,55.0515,59.43274843402778,58.1015,-4.381248434027782,4.381248434027782
2026-09-16 03:52:14,degradation_index,55.4558,59.331736738104254,61.8649,-3.875936738104251,3.875936738104251
2026-09-16 03:52:15,degradation_index,56.5036,59.62769053101551,56.0218,-3.1240905310155114,3.1240905310155114
2026-09-16 03:52:16,degradation_index,59.807,59.98263227540584,62.5716,-0.1756322754058388,0.1756322754058388
2026-09-16 03:52:17,degradation_index,62.2508,59.312093786111106,63.5136,2.938706213888892,2.938706213888892
2026-09-16 03:52:18,degradation_index,59.1677,59.784572133333334,60.4103,-0.6168721333333309,0.6168721333333309
2026-09-16 03:52:19,degradation_index,57.2077,60.2392496372114,62.458,-3.0315496372113984,3.0315496372113984
2026-09-16 03:52:20,degradation_index,63.5387,59.958832098511905,60.2778,3.579867901488093,3.579867901488093
2026-09-16 03:52:21,degradation_index,62.7414,60.390590727579365,58.5792,2.3508092724206335,2.3508092724206335
2026-09-16 03:52:22,degradation_index,61.2495,59.81530329960317,64.3774,1.434196700396825,1.434196700396825
2026-09-16 03:52:23,degradation_index,58.1377,58.71477193650793,55.0515,-0.5770719365079273,0.5770719365079273
2026-09-16 03:52:24,degradation_index,60.5594,57.86986194136905,55.4558,2.6895380586309443,2.6895380586309443
2026-09-16 03:52:25,degradation_index,63.3119,57.62494255436508,56.5036,5.686957445634924,5.686957445634924
2026-09-16 03:52:26,degradation_index,63.0801,58.45966411360931,59.807,4.620435886390695,4.620435886390695
2026-09-16 03:52:27,degradation_index,57.412,58.59235286240981,62.2508,-1.180352862409812,1.180352862409812
2026-09-16 03:52:28,degradation_index,62.2238,58.771860388203464,59.1677,3.451939611796533,3.451939611796533
2026-09-16 03:52:29,degradation_index,60.7864,57.98738826041667,57.2077,2.799011739583328,2.799011739583328
2026-09-16 03:52:30,degradation_index,59.5593,58.60886202509921,63.5387,0.9504379749007938,0.9504379749007938
2026-09-16 03:52:31,degradation_index,56.6853,59.29426732767857,62.7414,-2.6089673276785703,2.6089673276785703
2026-09-16 03:52:32,degradation_index,59.2949,59.849433268353174,61.2495,-0.5545332683531754,0.5545332683531754
2026-09-16 03:52:33,degradation_index,61.7738,58.94720590525794,58.1377,2.826594094742063,2.826594094742063
2026-09-16 03:52:34,degradation_index,60.8411,58.897098269453465,60.5594,1.9440017305465318,1.9440017305465318
2026-09-16 03:52:35,degradation_index,67.2341,59.91232002156386,63.3119,7.32177997843614,7.32177997843614
2026-09-16 03:52:36,degradation_index,60.8976,60.35543352324134,63.0801,0.5421664767586591,0.5421664767586591
2026-09-16 03:52:37,degradation_index,65.1204,59.94478966796537,57.412,5.175610332034637,5.175610332034637
2026-09-16 03:52:38,degradation_index,62.8301,58.57014497223124,62.2238,4.259955027768761,4.259955027768761
2026-09-16 03:52:39,degradation_index,59.102,59.553143190178574,60.7864,-0.45114319017857696,0.45114319017857696
2026-09-16 03:52:40,degradation_index,56.3381,59.46558809676227,59.5593,-3.1274880967622707,3.1274880967622707
2026-09-16 03:52:41,degradation_index,55.6863,58.804295436904766,56.6853,-3.1179954369047636,3.1179954369047636
2026-09-16 03:52:42,degradation_index,60.4709,59.049831936417746,59.2949,1.4210680635822541,1.4210680635822541
2026-09-16 03:52:43,degradation_index,58.6854,58.98567820535715,61.7738,-0.3002782053571451,0.3002782053571451
2026-09-16 03:52:44,degradation_index,59.4103,59.20580213869047,60.8411,0.20449786130952674,0.20449786130952674
2026-09-16 03:52:45,degradation_index,59.0872,61.203090889942004,67.2341,-2.1158908899420013,2.1158908899420013
2026-09-16 03:52:46,degradation_index,60.7137,60.60443145952381,60.8976,0.10926854047619372,0.10926854047619372
2026-09-16 03:52:47,degradation_index,57.1159,60.41946275813492,65.1204,-3.303562758134916,3.303562758134916
2026-09-16 03:52:48,degradation_index,63.63,61.39611975205628,62.8301,2.2338802479437234,2.2338802479437234
2026-09-16 03:52:49,degradation_index,61.3418,60.49169110413059,59.102,0.8501088958694112,0.8501088958694112
2026-09-16 03:52:50,degradation_index,59.2224,59.81921468948413,56.3381,-0.5968146894841269,0.5968146894841269
2026-09-16 03:52:51,degradation_index,62.0544,58.03873283363096,55.6863,4.015667166369042,4.015667166369042
2026-09-16 03:52:52,degradation_index,60.5166,59.51661469266775,60.4709,0.9999853073322456,0.9999853073322456
2026-09-16 03:52:53,degradation_index,59.4882,59.15731599315476,58.6854,0.33088400684523833,0.33088400684523833
2026-09-16 03:52:54,degradation_index,56.2656,58.63988326409632,59.4103,-2.37428326409632,2.37428326409632
2026-09-16 03:52:55,degradation_index,61.5797,58.763682139186514,59.0872,2.8160178608134885,2.8160178608134885
2026-09-16 03:52:56,degradation_index,62.0016,58.468542388591274,60.7137,3.5330576114087293,3.5330576114087293
2026-09-16 03:52:57,degradation_index,54.6417,58.66246963184524,57.1159,-4.020769631845241,4.020769631845241
2026-09-16 03:52:58,degradation_index,55.0052,59.14385954385823,63.63,-4.138659543858225,4.138659543858225
2026-09-16 03:52:59,degradation_index,60.7513,59.39238312321429,61.3418,1.3589168767857132,1.3589168767857132
2026-09-16 03:53:00,degradation_index,57.2196,59.1065327889881,59.2224,-1.8869327889880978,1.8869327889880978
2026-09-16 03:53:01,degradation_index,59.6317,59.22884363095238,62.0544,0.402856369047619,0.402856369047619
2026-09-16 03:53:02,degradation_index,62.5014,59.93834531955267,60.5166,2.5630546804473298,2.5630546804473298
2026-09-16 03:53:03,degradation_index,61.949,59.710233238492066,59.4882,2.2387667615079323,2.2387667615079323
2026-09-16 03:53:04,degradation_index,63.1942,58.80076572589286,56.2656,4.393434274107143,4.393434274107143
2026-09-16 03:53:05,degradation_index,61.1777,59.09591782719156,61.5797,2.0817821728084382,2.0817821728084382
2026-09-16 03:53:06,degradation_index,59.4639,59.10230187599207,62.0016,0.36159812400793356,0.36159812400793356
2026-09-16 03:53:07,degradation_index,62.6418,57.94133275119048,54.6417,4.700467248809524,4.700467248809524
2026-09-16 03:53:08,degradation_index,63.4982,57.75544654555375,55.0052,5.742753454446245,5.742753454446245
2026-09-16 03:53:09,degradation_index,59.9687,57.830603109433625,60.7513,2.1380968905663735,2.1380968905663735
2026-09-16 03:53:10,degradation_index,63.1715,58.14102928214286,57.2196,5.030470717857142,5.030470717857142
2026-09-16 03:53:11,degradation_index,62.6453,57.965430066495315,59.6317,4.679869933504683,4.679869933504683
2026-09-16 03:53:12,degradation_index,63.2793,58.16069716052489,62.5014,5.118602839475109,5.118602839475109
2026-09-16 03:53:13,degradation_index,59.3899,58.44087646279762,61.949,0.949023537202379,0.949023537202379
2026-09-16 03:53:14,degradation_index,58.1455,59.06936374831349,63.1942,-0.9238637483134937,0.9238637483134937
2026-09-16 03:53:15,degradation_index,58.1743,59.53353609469697,61.1777,-1.3592360946969677,1.3592360946969677
2026-09-16 03:53:16,degradation_index,60.119,59.314916160678216,59.4639,0.804083839321784,0.804083839321784
2026-09-16 03:53:17,degradation_index,57.8171,59.276736352182546,62.6418,-1.4596363521825424,1.4596363521825424
2026-09-16 03:53:18,degradation_index,56.8003,59.72959012573052,63.4982,-2.9292901257305175,2.9292901257305175
2026-09-16 03:53:19,degradation_index,62.2484,59.76045490535714,59.9687,2.4879450946428534,2.4879450946428534
2026-09-16 03:53:20,degradation_index,59.9838,59.32206164603175,63.1715,0.6617383539682535,0.6617383539682535
2026-09-16 03:53:21,degradation_index,59.6159,60.096890498214286,62.6453,-0.4809904982142825,0.4809904982142825
2026-09-16 03:53:22,degradation_index,60.2205,59.9334901071158,63.2793,0.28700989288419976,0.28700989288419976
2026-09-16 03:53:23,degradation_index,64.0787,59.991485651253605,59.3899,4.087214348746393,4.087214348746393
2026-09-16 03:53:24,degradation_index,59.1093,59.50088267410714,58.1455,-0.3915826741071413,0.3915826741071413
2026-09-16 03:53:25,degradation_index,61.1498,59.79451981448413,58.1743,1.3552801855158663,1.3552801855158663
2026-09-16 03:53:26,degradation_index,60.5509,59.36304598334235,60.119,1.1878540166576457,1.1878540166576457
2026-09-16 03:53:27,degradation_index,61.7427,59.14860043353175,57.8171,2.594099566468252,2.594099566468252
2026-09-16 03:53:28,degradation_index,59.693,57.890852525595236,56.8003,1.8021474744047623,1.8021474744047623
2026-09-16 03:53:29,degradation_index,59.2869,58.74023994961219,62.2484,0.5466600503878141,0.5466600503878141
2026-09-16 03:53:30,degradation_index,61.9445,58.77613029900794,59.9838,3.1683697009920593,3.1683697009920593
2026-09-16 03:53:31,degradation_index,58.9071,59.5196404514881,59.6159,-0.6125404514881012,0.6125404514881012
2026-09-16 03:53:32,degradation_index,57.4291,58.96734724078283,60.2205,-1.5382472407828303,1.5382472407828303
2026-09-16 03:53:33,degradation_index,57.0124,59.221122385524886,64.0787,-2.2087223855248865,2.2087223855248865
2026-09-16 03:53:34,degradation_index,60.4834,59.98990208472222,59.1093,0.49349791527778564,0.49349791527778564
2026-09-16 03:53:35,degradation_index,56.3158,59.479174881737016,61.1498,-3.1633748817370133,3.1633748817370133
2026-09-16 03:53:36,degradation_index,54.7394,59.46259232321429,60.5509,-4.723192323214285,4.723192323214285
2026-09-16 03:53:37,degradation_index,59.0419,59.72640337490981,61.7427,-0.6845033749098093,0.6845033749098093
2026-09-16 03:53:38,degradation_index,63.0564,59.86537939336219,59.693,3.1910206066378066,3.1910206066378066
2026-09-16 03:53:39,degradation_index,59.3561,59.25703003988095,59.2869,0.09906996011904567,0.09906996011904567
2026-09-16 03:53:40,degradation_index,57.2157,59.71858284861111,61.9445,-2.502882848611115,2.502882848611115
2026-09-16 03:53:41,degradation_index,58.785,59.43664402053572,58.9071,-0.6516440205357199,0.6516440205357199
2026-09-16 03:53:42,degradation_index,59.329,58.81757246240079,57.4291,0.5114275375992108,0.5114275375992108
2026-09-16 03:53:43,degradation_index,62.8331,58.647598010477715,57.0124,4.185501989522287,4.185501989522287
2026-09-16 03:53:44,degradation_index,61.8366,58.90126925100108,60.4834,2.935330748998915,2.935330748998915
2026-09-16 03:53:45,degradation_index,62.7294,58.145080280257936,56.3158,4.584319719742062,4.584319719742062
2026-09-16 03:53:46,degradation_index,62.4953,57.081298718750006,54.7394,5.414001281249995,5.414001281249995
2026-09-16 03:53:47,degradation_index,54.9239,58.06170196746933,59.0419,-3.137801967469329,3.137801967469329
2026-09-16 03:53:48,degradation_index,60.413,57.80189307867063,63.0564,2.611106921329366,2.611106921329366
2026-09-16 03:53:49,degradation_index,61.532,58.92785345267857,59.3561,2.6041465473214274,2.6041465473214274
2026-09-16 03:53:50,degradation_index,64.5572,58.31546326458333,57.2157,6.241736735416666,6.241736735416666
2026-09-16 03:53:51,degradation_index,57.3126,57.689351094949494,58.785,-0.37675109494949055,0.37675109494949055
2026-09-16 03:53:52,degradation_index,61.3379,58.319474509929655,59.329,3.018425490070342,3.018425490070342
2026-09-16 03:53:53,degradation_index,56.8332,58.689541613005055,62.8331,-1.856341613005057,1.856341613005057
2026-09-16 03:53:54,degradation_index,55.6827,58.53876394494048,61.8366,-2.8560639449404803,2.8560639449404803
2026-09-16 03:53:55,degradation_index,64.1189,58.24093576469156,62.7294,5.87796423530844,5.87796423530844
2026-09-16 03:53:56,degradation_index,58.4468,59.18684276865079,62.4953,-0.7400427686507882,0.7400427686507882
2026-09-16 03:53:57,degradation_index,65.3983,58.82640935208333,54.9239,6.571890647916675,6.571890647916675
2026-09-16 03:53:58,degradation_index,60.151,58.90649310020743,60.413,1.244506899792576,1.244506899792576
2026-09-16 03:53:59,degradation_index,59.4137,58.17605224544552,61.532,1.2376477545544802,1.2376477545544802
2026-09-16 03:54:00,degradation_index,56.3004,60.32190003045634,64.5572,-4.0215000304563375,4.0215000304563375
2026-09-16 03:54:01,degradation_index,56.5423,59.23969534970239,57.3126,-2.69739534970239,2.69739534970239
2026-09-16 03:54:02,degradation_index,64.8481,58.44942697202381,61.3379,6.398673027976194,6.398673027976194
2026-09-16 03:54:03,degradation_index,60.0277,58.945326478436144,56.8332,1.0823735215638592,1.0823735215638592
2026-09-16 03:54:04,degradation_index,62.6834,58.42136991488095,55.6827,4.262030085119051,4.262030085119051
2026-09-16 03:54:05,degradation_index,61.3134,59.55580144315476,64.1189,1.7575985568452381,1.7575985568452381
2026-09-16 03:54:06,degradation_index,57.4761,59.21332220873016,58.4468,-1.7372222087301594,1.7372222087301594
2026-09-16 03:54:07,degradation_index,57.5735,59.76616023718435,65.3983,-2.1926602371843487,2.1926602371843487
2026-09-16 03:54:08,degradation_index,62.7084,59.75422703353175,60.151,2.9541729664682492,2.9541729664682492
2026-09-16 03:54:09,degradation_index,56.2194,58.96656522978896,59.4137,-2.747165229788962,2.747165229788962
2026-09-16 03:54:10,degradation_index,59.7433,59.48220083918651,56.3004,0.2610991608134867,0.2610991608134867
2026-09-16 03:54:11,degradation_index,60.1495,57.55800250059524,56.5423,2.591497499404767,2.591497499404767
2026-09-16 03:54:12,degradation_index,54.603,60.44633462519842,64.8481,-5.843334625198416,5.843334625198416
2026-09-16 03:54:13,degradation_index,62.5479,59.194044096329364,60.0277,3.3538559036706346,3.3538559036706346
2026-09-16 03:54:14,degradation_index,62.8407,59.01367789890873,62.6834,3.8270221010912664,3.8270221010912664
2026-09-16 03:54:15,degradation_index,59.2161,59.75912460039683,61.3134,-0.5430246003968335,0.5430246003968335
2026-09-16 03:54:16,degradation_index,62.5883,58.83610732450397,57.4761,3.752192675496026,3.752192675496026
2026-09-16 03:54:17,degradation_index,65.4075,59.005122325,57.5735,6.402377674999997,6.402377674999997
2026-09-16 03:54:18,degradation_index,58.0557,58.72272110784631,62.7084,-0.6670211078463097,0.6670211078463097
2026-09-16 03:54:19,degradation_index,62.4941,58.476871460218256,56.2194,4.0172285397817475,4.0172285397817475
2026-09-16 03:54:20,degradation_index,60.6225,57.96175152619949,59.7433,2.66074847380051,2.66074847380051
2026-09-16 03:54:21,degradation_index,57.6611,58.18594084097223,60.1495,-0.5248408409722316,0.5248408409722316
2026-09-16 03:54:22,degradation_index,57.0259,57.676761771401516,54.603,-0.6508617714015159,0.6508617714015159
2026-09-16 03:54:23,degradation_index,63.3849,58.20491166974207,62.5479,5.179988330257935,5.179988330257935
2026-09-16 03:54:24,degradation_index,61.9556,58.75817754583333,62.8407,3.19742245416667,3.19742245416667
2026-09-16 03:54:25,degradation_index,59.8827,59.53867266617965,59.2161,0.34402733382034967,0.34402733382034967
2026-09-16 03:54:26,degradation_index,60.3212,58.78409597222222,62.5883,1.5371040277777794,1.5371040277777794
2026-09-16 03:54:27,degradation_index,59.5866,59.88036933200549,65.4075,-0.29376933200549615,0.29376933200549615
2026-09-16 03:54:28,degradation_index,55.4093,60.58017186587302,58.0557,-5.170871865873018,5.170871865873018
2026-09-16 03:54:29,degradation_index,60.3455,59.484565529274896,62.4941,0.8609344707251054,0.8609344707251054
2026-09-16 03:54:30,degradation_index,59.6964,59.50684079276696,60.6225,0.18955920723303876,0.18955920723303876
2026-09-16 03:54:31,degradation_index,55.889,59.63178903756313,57.6611,-3.742789037563128,3.742789037563128
2026-09-16 03:54:32,degradation_index,62.355,58.91015899117063,57.0259,3.444841008829364,3.444841008829364
2026-09-16 03:54:33,degradation_index,65.5517,59.00919283780664,63.3849,6.54250716219336,6.54250716219336
2026-09-16 03:54:34,degradation_index,59.207,59.95656090505952,61.9556,-0.7495609050595178,0.7495609050595178
2026-09-16 03:54:35,degradation_index,58.9118,59.795107850306636,59.8827,-0.883307850306636,0.883307850306636
2026-09-16 03:54:36,degradation_index,61.1656,58.94660943501984,60.3212,2.2189905649801602,2.2189905649801602
2026-09-16 03:54:37,degradation_index,57.0175,59.481661328084414,59.5866,-2.4641613280844155,2.4641613280844155
2026-09-16 03:54:38,degradation_index,58.9787,58.2465364952381,55.4093,0.7321635047619068,0.7321635047619068
2026-09-16 03:54:39,degradation_index,56.1646,58.895753451785716,60.3455,-2.7311534517857154,2.7311534517857154
2026-09-16 03:54:40,degradation_index,56.401,58.86099999633838,59.6964,-2.459999996338375,2.459999996338375
2026-09-16 03:54:41,degradation_index,61.4887,58.52026880204726,55.889,2.9684311979527394,2.9684311979527394
2026-09-16 03:54:42,degradation_index,63.3421,58.39318132390873,62.355,4.9489186760912744,4.9489186760912744
2026-09-16 03:54:43,degradation_index,57.7262,60.176777349503965,65.5517,-2.450577349503966,2.450577349503966
2026-09-16 03:54:44,degradation_index,61.7953,59.91966535416667,59.207,1.8756346458333297,1.8756346458333297
2026-09-16 03:54:45,degradation_index,57.2814,59.56771112003968,58.9118,-2.2863111200396844,2.2863111200396844
2026-09-16 03:54:46,degradation_index,62.6744,59.31496675457251,61.1656,3.359433245427489,3.359433245427489
2026-09-16 03:54:47,degradation_index,59.7257,59.432181995734126,57.0175,0.29351800426587715,0.29351800426587715
2026-09-16 03:54:48,degradation_index,57.9113,58.471632659136006,58.9787,-0.5603326591360087,0.5603326591360087
2026-09-16 03:54:49,degradation_index,60.8973,58.22781966434884,56.1646,2.6694803356511585,2.6694803356511585
2026-09-16 03:54:50,degradation_index,61.8898,57.57736717291667,56.401,4.3124328270833345,4.3124328270833345
2026-09-16 03:54:51,degradation_index,53.7,57.991474610714285,61.4887,-4.291474610714282,4.291474610714282
2026-09-16 03:54:52,degradation_index,57.9858,58.12052380029762,63.3421,-0.1347238002976212,0.1347238002976212
2026-09-16 03:54:53,degradation_index,57.7427,59.18985139375,57.7262,-1.4471513937499978,1.4471513937499978
2026-09-16 03:54:54,degradation_index,57.7562,57.69381998145743,61.7953,0.06238001854256936,0.06238001854256936
2026-09-16 03:54:55,degradation_index,57.8688,58.62945334831349,57.2814,-0.7606533483134896,0.7606533483134896
2026-09-16 03:54:56,degradation_index,61.0478,58.350604050505055,62.6744,2.6971959494949473,2.6971959494949473
2026-09-16 03:54:57,degradation_index,59.2213,58.990773690476196,59.7257,0.23052630952380326,0.23052630952380326
2026-09-16 03:54:58,degradation_index,57.3821,58.56434051031746,57.9113,-1.182240510317456,1.182240510317456
2026-09-16 03:54:59,degradation_index,61.0521,58.81762452272728,60.8973,2.234475477272724,2.234475477272724
2026-09-16 03:55:00,degradation_index,56.8907,58.40844352767857,61.8898,-1.5177435276785687,1.5177435276785687
2026-09-16 03:55:01,degradation_index,54.8736,58.42534737192461,53.7,-3.5517473719246055,3.5517473719246055
2026-09-16 03:55:02,degradation_index,65.3949,57.55129714643759,57.9858,7.843602853562416,7.843602853562416
2026-09-16 03:55:03,degradation_index,60.8395,57.97592701764971,57.7427,2.8635729823502913,2.8635729823502913
2026-09-16 03:55:04,degradation_index,59.7563,58.04289602232143,57.7562,1.713403977678574,1.713403977678574
2026-09-16 03:55:05,degradation_index,65.6089,57.71428934196429,57.8688,7.894610658035717,7.894610658035717
2026-09-16 03:55:06,degradation_index,61.6525,57.405841590882034,61.0478,4.24665840911797,4.24665840911797
2026-09-16 03:55:07,degradation_index,60.5669,57.57072617271825,59.2213,2.996173827281744,2.996173827281744
2026-09-16 03:55:08,degradation_index,63.2305,57.93317202982504,57.3821,5.297327970174962,5.297327970174962
2026-09-16 03:55:09,degradation_index,61.4272,57.66038311884921,61.0521,3.7668168811507883,3.7668168811507883
2026-09-16 03:55:10,degradation_index,57.7871,58.14403385119048,56.8907,-0.35693385119047605,0.35693385119047605
2026-09-16 03:55:11,degradation_index,61.4431,56.51218808621032,54.8736,4.930911913789679,4.930911913789679
2026-09-16 03:55:12,degradation_index,53.6629,59.28883649633839,65.3949,-5.62593649633839,5.62593649633839
2026-09-16 03:55:13,degradation_index,60.1078,58.41263608779762,60.8395,1.695163912202375,1.695163912202375
2026-09-16 03:55:14,degradation_index,56.3007,58.39687957138348,59.7563,-2.0961795713834803,2.0961795713834803
2026-09-16 03:55:15,degradation_index,63.5825,59.7476934999008,65.6089,3.834806500099205,3.834806500099205
2026-09-16 03:55:16,degradation_index,60.0337,60.07388790505953,61.6525,-0.04018790505952552,0.04018790505952552
2026-09-16 03:55:17,degradation_index,59.2324,59.81232660431096,60.5669,-0.5799266043109625,0.5799266043109625
2026-09-16 03:55:18,degradation_index,57.7264,59.4396475546627,63.2305,-1.7132475546627006,1.7132475546627006
2026-09-16 03:55:19,degradation_index,62.0076,60.13652058988095,61.4272,1.8710794101190444,1.8710794101190444
2026-09-16 03:55:20,degradation_index,60.6681,59.912763641756854,57.7871,0.7553363582431487,0.7553363582431487
2026-09-16 03:55:21,degradation_index,62.1788,59.02922538422619,61.4431,3.1495746157738154,3.1495746157738154
2026-09-16 03:55:22,degradation_index,58.2026,58.9644435718254,53.6629,-0.761843571825402,0.761843571825402
2026-09-16 03:55:23,degradation_index,64.3713,58.69703651269841,60.1078,5.6742634873015945,5.6742634873015945
2026-09-16 03:55:24,degradation_index,60.4995,58.234759703869045,56.3007,2.2647402961309524,2.2647402961309524
2026-09-16 03:55:25,degradation_index,63.0828,58.632966401966094,63.5825,4.449833598033905,4.449833598033905
2026-09-16 03:55:26,degradation_index,59.1348,59.4193080124008,60.0337,-0.28450801240079926,0.28450801240079926
2026-09-16 03:55:27,degradation_index,57.8819,58.40581400019841,59.2324,-0.5239140001984097,0.5239140001984097
2026-09-16 03:55:28,degradation_index,62.1544,58.43813060213744,57.7264,3.716269397862561,3.716269397862561
2026-09-16 03:55:29,degradation_index,60.8305,58.16984444296536,62.0076,2.6606555570346373,2.6606555570346373
2026-09-16 03:55:30,degradation_index,60.995,59.109054711020924,60.6681,1.885945288979073,1.885945288979073
2026-09-16 03:55:31,degradation_index,58.4928,59.27848984705087,62.1788,-0.7856898470508682,0.7856898470508682
2026-09-16 03:55:32,degradation_index,58.2045,58.87132887321428,58.2026,-0.6668288732142784,0.6668288732142784
2026-09-16 03:55:33,degradation_index,60.5066,59.46462698650794,64.3713,1.0419730134920613,1.0419730134920613
2026-09-16 03:55:34,degradation_index,63.7814,60.12304447271825,60.4995,3.658355527281749,3.658355527281749
2026-09-16 03:55:35,degradation_index,65.562,60.043165954671714,63.0828,5.518834045328283,5.518834045328283
2026-09-16 03:55:36,degradation_index,61.2225,59.60167498829365,59.1348,1.6208250117063443,1.6208250117063443
2026-09-16 03:55:37,degradation_index,57.5593,59.36615227013889,57.8819,-1.80685227013889,1.80685227013889
2026-09-16 03:55:38,degradation_index,61.7301,59.49272846002886,62.1544,2.237371539971143,2.237371539971143
2026-09-16 03:55:39,degradation_index,62.3263,59.5450443606241,60.8305,2.7812556393759067,2.7812556393759067
2026-09-16 03:55:40,degradation_index,58.1299,59.348428448367606,60.995,-1.218528448367607,1.218528448367607
2026-09-16 03:55:41,degradation_index,62.5743,59.19431072655123,58.4928,3.3799892734487713,3.3799892734487713
2026-09-16 03:55:42,degradation_index,61.137,58.69272787450397,58.2045,2.4442721254960276,2.4442721254960276
2026-09-16 03:55:43,degradation_index,66.0267,58.79757486340188,60.5066,7.229125136598128,7.229125136598128
2026-09-16 03:55:44,degradation_index,57.7702,59.39148715972222,63.7814,-1.6212871597222147,1.6212871597222147
2026-09-16 03:55:45,degradation_index,63.4163,60.87594344683441,65.562,2.540356553165587,2.540356553165587
2026-09-16 03:55:46,degradation_index,60.6845,60.0282704797619,61.2225,0.6562295202380994,0.6562295202380994
2026-09-16 03:55:47,degradation_index,59.9414,59.44339551755952,57.5593,0.49800448244047857,0.49800448244047857
2026-09-16 03:55:48,degradation_index,59.2563,60.00167236309524,61.7301,-0.7453723630952354,0.7453723630952354
2026-09-16 03:55:49,degradation_index,59.9549,60.3160996840368,62.3263,-0.3611996840367979,0.3611996840367979
2026-09-16 03:55:50,degradation_index,59.9949,59.828938444805196,58.1299,0.16596155519480504,0.16596155519480504
2026-09-16 03:55:51,degradation_index,61.1017,59.62245067321429,62.5743,1.4792493267857125,1.4792493267857125
2026-09-16 03:55:52,degradation_index,59.3856,59.71828679108045,61.137,-0.3326867910804552,0.3326867910804552
2026-09-16 03:55:53,degradation_index,61.4827,61.33088083899712,66.0267,0.15181916100288362,0.15181916100288362
2026-09-16 03:55:54,degradation_index,57.1013,60.530361184226194,57.7702,-3.4290611842261924,3.4290611842261924
2026-09-16 03:55:55,degradation_index,57.8077,59.89327780723304,63.4163,-2.0855778072330438,2.0855778072330438
2026-09-16 03:55:56,degradation_index,55.7505,60.77863460535714,60.6845,-5.028134605357138,5.028134605357138
2026-09-16 03:55:57,degradation_index,57.6219,60.18695384315476,59.9414,-2.5650538431547645,2.5650538431547645
2026-09-16 03:55:58,degradation_index,62.9305,60.02602409761905,59.2563,2.904475902380952,2.904475902380952
2026-09-16 03:55:59,degradation_index,58.1582,59.568214092072516,59.9549,-1.4100140920725153,1.4100140920725153
2026-09-16 03:56:00,degradation_index,61.365,59.81100149871032,59.9949,1.5539985012896835,1.5539985012896835
2026-09-16 03:56:01,degradation_index,57.9164,59.11426055110931,61.1017,-1.197860551109308,1.197860551109308
2026-09-16 03:56:02,degradation_index,62.9536,59.579759388293645,59.3856,3.373840611706356,3.373840611706356
2026-09-16 03:56:03,degradation_index,60.0495,59.80914324922439,61.4827,0.2403567507756108,0.2403567507756108
2026-09-16 03:56:04,degradation_index,57.744,59.19376488905123,57.1013,-1.449764889051231,1.449764889051231
2026-09-16 03:56:05,degradation_index,61.426,58.44163092441378,57.8077,2.9843690755862227,2.9843690755862227
2026-09-16 03:56:06,degradation_index,55.4975,58.32559729986472,55.7505,-2.828097299864716,2.828097299864716
2026-09-16 03:56:07,degradation_index,54.4349,57.92517216647727,57.6219,-3.4902721664772685,3.4902721664772685
2026-09-16 03:56:08,degradation_index,60.4861,58.837365963591274,62.9305,1.648734036408726,1.648734036408726
2026-09-16 03:56:09,degradation_index,58.3151,58.9340074974026,58.1582,-0.6189074974025957,0.6189074974025957
2026-09-16 03:56:10,degradation_index,62.1146,58.4505961949495,61.365,3.6640038050505055,3.6640038050505055
2026-09-16 03:56:11,degradation_index,57.5533,58.70118022218615,57.9164,-1.1478802221861528,1.1478802221861528
2026-09-16 03:56:12,degradation_index,63.7468,58.30067662818362,62.9536,5.446123371816377,5.446123371816377
2026-09-16 03:56:13,degradation_index,62.8289,59.99263407986111,60.0495,2.836265920138885,2.836265920138885
2026-09-16 03:56:14,degradation_index,63.319,58.489917312103174,57.744,4.829082687896829,4.829082687896829
2026-09-16 03:56:15,degradation_index,60.2342,58.81825809951299,61.426,1.415941900487013,1.415941900487013
2026-09-16 03:56:16,degradation_index,59.2682,57.70666897728175,55.4975,1.561531022718249,1.561531022718249
2026-09-16 03:56:17,degradation_index,61.8286,56.68671816984127,54.4349,5.141881830158731,5.141881830158731
2026-09-16 03:56:18,degradation_index,57.3543,58.3058974981241,60.4861,-0.9515974981240944,0.9515974981240944
2026-09-16 03:56:19,degradation_index,62.9855,58.02403229196429,58.3151,4.961467708035713,4.961467708035713
2026-09-16 03:56:20,degradation_index,56.0404,58.0374255543741,62.1146,-1.9970255543741047,1.9970255543741047
2026-09-16 03:56:21,degradation_index,61.3416,58.20109397845418,57.5533,3.140506021545818,3.140506021545818
2026-09-16 03:56:22,degradation_index,62.4347,58.86203000515873,63.7468,3.57266999484127,3.57266999484127
2026-09-16 03:56:23,degradation_index,66.3112,59.393524366071425,62.8289,6.9176756339285745,6.9176756339285745
2026-09-16 03:56:24,degradation_index,59.8449,59.191460725992066,63.319,0.6534392740079369,0.6534392740079369
2026-09-16 03:56:25,degradation_index,60.6958,59.705386928760824,60.2342,0.9904130712391748,0.9904130712391748
2026-09-16 03:56:26,degradation_index,61.7985,58.623816240999275,59.2682,3.1746837590007217,3.1746837590007217
2026-09-16 03:56:27,degradation_index,66.7328,59.36640251378969,61.8286,7.36639748621031,7.36639748621031
2026-09-16 03:56:28,degradation_index,61.5648,59.05502704097223,57.3543,2.509772959027771,2.509772959027771
2026-09-16 03:56:29,degradation_index,61.4223,59.20481951021826,62.9855,2.2174804897817424,2.2174804897817424
2026-09-16 03:56:30,degradation_index,61.69,58.837688603670635,56.0404,2.8523113963293625,2.8523113963293625
2026-09-16 03:56:31,degradation_index,67.4561,58.57082781230159,61.3416,8.885272187698419,8.885272187698419
2026-09-16 03:56:32,degradation_index,58.7714,59.018944743713924,62.4347,-0.24754474371392376,0.24754474371392376
2026-09-16 03:56:33,degradation_index,63.1437,61.00352279291819,66.3112,2.1401772070818126,2.1401772070818126
2026-09-16 03:56:34,degradation_index,61.292,60.17875528065476,59.8449,1.1132447193452393,1.1132447193452393
2026-09-16 03:56:35,degradation_index,61.7542,59.32841868760822,60.6958,2.425781312391777,2.425781312391777
2026-09-16 03:56:36,degradation_index,62.3271,59.677449167361104,61.7985,2.6496508326388977,2.6496508326388977
2026-09-16 03:56:37,degradation_index,57.6174,61.55843495486111,66.7328,-3.9410349548611094,3.9410349548611094
2026-09-16 03:56:38,degradation_index,58.9366,61.74668084494047,61.5648,-2.8100808449404724,2.8100808449404724
2026-09-16 03:56:39,degradation_index,59.794,60.77060971815476,61.4223,-0.9766097181547622,0.9766097181547622
2026-09-16 03:56:40,degradation_index,60.7345,60.436674186507936,61.69,0.29782581349206083,0.29782581349206083
2026-09-16 03:56:41,degradation_index,59.7452,62.46811654335318,67.4561,-2.722916543353186,2.722916543353186
2026-09-16 03:56:42,degradation_index,62.7643,62.20834206140873,58.7714,0.5559579385912699,0.5559579385912699
2026-09-16 03:56:43,degradation_index,61.4115,61.49271133453283,63.1437,-0.08121133453283136,0.08121133453283136
2026-09-16 03:56:44,degradation_index,59.946,60.76447754652778,61.292,-0.8184775465277809,0.8184775465277809
2026-09-16 03:56:45,degradation_index,59.1401,60.55841979593254,61.7542,-1.4183197959325398,1.4183197959325398
2026-09-16 03:56:46,degradation_index,61.0428,61.08064455570887,62.3271,-0.03784455570887246,0.03784455570887246
2026-09-16 03:56:47,degradation_index,61.1326,59.665528175297624,57.6174,1.4670718247023729,1.4670718247023729
2026-09-16 03:56:48,degradation_index,58.8965,59.44278311904762,58.9366,-0.5462831190476152,0.5462831190476152
2026-09-16 03:56:49,degradation_index,66.2712,59.971230286120125,59.794,6.299969713879868,6.299969713879868
2026-09-16 03:56:50,degradation_index,60.5681,59.43812995297619,60.7345,1.1299700470238108,1.1299700470238108
2026-09-16 03:56:51,degradation_index,59.6866,60.48998529107143,59.7452,-0.8033852910714288,0.8033852910714288
2026-09-16 03:56:52,degradation_index,63.6632,59.793839929274895,62.7643,3.869360070725108,3.869360070725108
2026-09-16 03:56:53,degradation_index,59.3619,60.53734606320346,61.4115,-1.1754460632034593,1.1754460632034593
2026-09-16 03:56:54,degradation_index,59.1425,59.879319055194806,59.946,-0.7368190551948075,0.7368190551948075
2026-09-16 03:56:55,degradation_index,58.7289,59.79761154047619,59.1401,-1.0687115404761869,1.0687115404761869
2026-09-16 03:56:56,degradation_index,54.0924,60.227817079473304,61.0428,-6.1354170794733065,6.1354170794733065
2026-09-16 03:56:57,degradation_index,54.3639,60.083069323115076,61.1326,-5.719169323115075,5.719169323115075
2026-09-16 03:56:58,degradation_index,65.0762,59.543414214448056,58.8965,5.532785785551944,5.532785785551944
2026-09-16 03:56:59,degradation_index,60.9876,60.91384463521825,66.2712,0.07375536478175349,0.07375536478175349
2026-09-16 03:57:00,degradation_index,61.0318,60.49875669543651,60.5681,0.5330433045634848,0.5330433045634848
2026-09-16 03:57:01,degradation_index,59.7747,60.424087874603174,59.6866,-0.6493878746031712,0.6493878746031712
2026-09-16 03:57:02,degradation_index,61.7993,60.01525636458334,63.6632,1.7840436354166656,1.7840436354166656
2026-09-16 03:57:03,degradation_index,60.4831,60.16397516914682,59.3619,0.3191248308531769,0.3191248308531769
2026-09-16 03:57:04,degradation_index,57.6481,60.10614784722222,59.1425,-2.4580478472222183,2.4580478472222183
2026-09-16 03:57:05,degradation_index,63.1165,59.139757957043656,58.7289,3.976742042956346,3.976742042956346
2026-09-16 03:57:06,degradation_index,60.3617,57.664590409226186,54.0924,2.697109590773813,2.697109590773813
2026-09-16 03:57:07,degradation_index,59.0168,56.77819566785715,54.3639,2.238604332142856,2.238604332142856
2026-09-16 03:57:08,degradation_index,60.356,58.814422190178576,65.0762,1.5415778098214261,1.5415778098214261
2026-09-16 03:57:09,degradation_index,60.7836,60.05176361755952,60.9876,0.731836382440477,0.731836382440477
2026-09-16 03:57:10,degradation_index,58.5696,59.05541875357142,61.0318,-0.48581875357142223,0.48581875357142223
2026-09-16 03:57:11,degradation_index,63.3751,58.623055873024896,59.7747,4.7520441269751075,4.7520441269751075
2026-09-16 03:57:12,degradation_index,61.4881,59.484361759776334,61.7993,2.0037382402236688,2.0037382402236688
2026-09-16 03:57:13,degradation_index,51.9506,59.822764440088385,60.4831,-7.872164440088383,7.872164440088383
2026-09-16 03:57:14,degradation_index,58.5552,59.042544642658726,57.6481,-0.48734464265872646,0.48734464265872646
2026-09-16 03:57:15,degradation_index,58.1774,58.8663492625,63.1165,-0.6889492625000031,0.6889492625000031
2026-09-16 03:57:16,degradation_index,64.8143,59.42184107223124,60.3617,5.3924589277687645,5.3924589277687645
2026-09-16 03:57:17,degradation_index,59.5295,59.368470831845244,59.0168,0.1610291681547551,0.1610291681547551
2026-09-16 03:57:18,degradation_index,58.7473,58.833414361525975,60.356,-0.08611436152597207,0.08611436152597207
2026-09-16 03:57:19,degradation_index,62.8148,59.7804043938492,60.7836,3.0343956061507953,3.0343956061507953
2026-09-16 03:57:20,degradation_index,61.0161,59.5971212624008,58.5696,1.418978737599204,1.418978737599204
2026-09-16 03:57:21,degradation_index,64.2673,58.587879615376984,63.3751,5.679420384623022,5.679420384623022
2026-09-16 03:57:22,degradation_index,56.7937,59.952023630853176,61.4881,-3.1583236308531752,3.1583236308531752
2026-09-16 03:57:23,degradation_index,63.2685,57.89056812886905,51.9506,5.377931871130954,5.377931871130954
2026-09-16 03:57:24,degradation_index,60.1747,58.152297562409814,58.5552,2.0224024375901877,2.0224024375901877
2026-09-16 03:57:25,degradation_index,56.34,58.67554542708333,58.1774,-2.335545427083325,2.335545427083325
2026-09-16 03:57:26,degradation_index,62.7949,59.914115090972224,64.8143,2.880784909027774,2.880784909027774
2026-09-16 03:57:27,degradation_index,59.4954,59.040730585714286,59.5295,0.4546694142857106,0.4546694142857106
2026-09-16 03:57:28,degradation_index,62.2606,58.658562221293295,58.7473,3.602037778706702,3.602037778706702
2026-09-16 03:57:29,degradation_index,61.0368,58.68800224048521,62.8148,2.348797759514788,2.348797759514788
2026-09-16 03:57:30,degradation_index,64.6549,59.07229957142857,61.0161,5.582600428571425,5.582600428571425
2026-09-16 03:57:31,degradation_index,61.5485,60.689743716765875,64.2673,0.858756283234122,0.858756283234122
2026-09-16 03:57:32,degradation_index,59.2271,59.69359107708333,56.7937,-0.46649107708333304,0.46649107708333304
2026-09-16 03:57:33,degradation_index,59.966,58.629682126794734,63.2685,1.3363178732052674,1.3363178732052674
2026-09-16 03:57:34,degradation_index,62.8111,59.877615941765875,60.1747,2.9334840582341286,2.9334840582341286
2026-09-16 03:57:35,degradation_index,64.2561,58.90473579970239,56.34,5.351364200297617,5.351364200297617
2026-09-16 03:57:36,degradation_index,56.667,59.54989335457251,62.7949,-2.8828933545725093,2.8828933545725093
2026-09-16 03:57:37,degradation_index,65.3741,59.186739194552665,59.4954,6.187360805447334,6.187360805447334
2026-09-16 03:57:38,degradation_index,59.0953,59.307077683838386,62.2606,-0.2117776838383847,0.2117776838383847
2026-09-16 03:57:39,degradation_index,60.7984,59.244891651352816,61.0368,1.5535083486471848,1.5535083486471848
2026-09-16 03:57:40,degradation_index,59.5064,60.486226991729794,64.6549,-0.9798269917297944,0.9798269917297944
2026-09-16 03:57:41,degradation_index,60.0409,60.991918254274886,61.5485,-0.9510182542748851,0.9510182542748851
2026-09-16 03:57:42,degradation_index,63.6779,59.35635267390873,59.2271,4.32154732609127,4.32154732609127
2026-09-16 03:57:43,degradation_index,55.0764,59.189139904274896,59.966,-4.112739904274896,4.112739904274896
2026-09-16 03:57:44,degradation_index,63.9958,59.977938645337304,62.8111,4.017861354662699,4.017861354662699
2026-09-16 03:57:45,degradation_index,63.7829,60.74905057470239,64.2561,3.0338494252976105,3.0338494252976105
2026-09-16 03:57:46,degradation_index,58.6689,59.49652917093254,56.667,-0.8276291709325392,0.8276291709325392
2026-09-16 03:57:47,degradation_index,61.9037,60.36021746547618,65.3741,1.5434825345238181,1.5434825345238181
2026-09-16 03:57:48,degradation_index,62.2312,60.09469110376984,59.0953,2.1365088962301613,2.1365088962301613
2026-09-16 03:57:49,degradation_index,57.1977,60.17298446945346,60.7984,-2.975284469453463,2.975284469453463
2026-09-16 03:57:50,degradation_index,61.4509,60.58965263306277,59.5064,0.8612473669372278,0.8612473669372278
2026-09-16 03:57:51,degradation_index,59.4381,59.98711452639791,60.0409,-0.5490145263979116,0.5490145263979116
2026-09-16 03:57:52,degradation_index,66.1709,60.13905941183261,63.6779,6.031840588167391,6.031840588167391
2026-09-16 03:57:53,degradation_index,64.4785,59.061696412599204,55.0764,5.416803587400793,5.416803587400793
2026-09-16 03:57:54,degradation_index,61.653,59.711482137500006,63.9958,1.9415178624999925,1.9415178624999925
2026-09-16 03:57:55,degradation_index,58.39,60.23654959007936,63.7829,-1.8465495900793627,1.8465495900793627
2026-09-16 03:57:56,degradation_index,60.2343,59.80271301914683,58.6689,0.4315869808531687,0.4315869808531687
2026-09-16 03:57:57,degradation_index,59.0189,60.226465584929656,61.9037,-1.2075655849296538,1.2075655849296538
2026-09-16 03:57:58,degradation_index,62.6068,60.22780803779762,62.2312,2.3789919622023774,2.3789919622023774
2026-09-16 03:57:59,degradation_index,53.5121,60.36774805148809,57.1977,-6.855648051488096,6.855648051488096
2026-09-16 03:58:00,degradation_index,60.1116,59.86847748473124,61.4509,0.24312251526876594,0.24312251526876594
2026-09-16 03:58:01,degradation_index,60.4275,59.372389625,59.4381,1.0551103750000053,1.0551103750000053
2026-09-16 03:58:02,degradation_index,64.3412,61.003641877182545,66.1709,3.3375581228174553,3.3375581228174553
2026-09-16 03:58:03,degradation_index,63.7994,61.14390876011905,64.4785,2.655491239880952,2.655491239880952
2026-09-16 03:58:04,degradation_index,61.5355,61.44267297837302,61.653,0.09282702162698087,0.09282702162698087
2026-09-16 03:58:05,degradation_index,55.5946,60.530994475,58.39,-4.936394475,4.936394475
2026-09-16 03:58:06,degradation_index,63.4035,59.938284348611106,60.2343,3.4652156513888954,3.4652156513888954
2026-09-16 03:58:07,degradation_index,59.6592,60.33605216964286,59.0189,-0.6768521696428635,0.6768521696428635
2026-09-16 03:58:08,degradation_index,59.0961,60.08511165684524,62.6068,-0.9890116568452427,0.9890116568452427
2026-09-16 03:58:09,degradation_index,68.4487,58.14796054791666,53.5121,10.300739452083342,10.300739452083342
2026-09-16 03:58:10,degradation_index,62.59,59.01031950070347,60.1116,3.5796804992965363,3.5796804992965363
2026-09-16 03:58:11,degradation_index,56.9744,58.869044142063494,60.4275,-1.8946441420634912,1.8946441420634912
2026-09-16 03:58:12,degradation_index,62.6785,59.62292173820346,64.3412,3.0555782617965406,3.0555782617965406
2026-09-16 03:58:13,degradation_index,56.5612,60.34159048858225,63.7994,-3.780390488582249,3.780390488582249
2026-09-16 03:58:14,degradation_index,58.311,60.18259718035714,61.5355,-1.871597180357142,1.871597180357142
2026-09-16 03:58:15,degradation_index,60.0516,59.24505155021645,55.5946,0.8065484497835484,0.8065484497835484
2026-09-16 03:58:16,degradation_index,60.681,59.5418993984127,63.4035,1.1391006015872946,1.1391006015872946
2026-09-16 03:58:17,degradation_index,62.4291,60.43818676547619,59.6592,1.9909132345238092,1.9909132345238092
2026-09-16 03:58:18,degradation_index,63.4934,60.29866428392857,59.0961,3.1947357160714347,3.1947357160714347
2026-09-16 03:58:19,degradation_index,60.7725,61.175268462896824,68.4487,-0.4027684628968231,0.4027684628968231
2026-09-16 03:58:20,degradation_index,61.8574,61.07532330104618,62.59,0.7820766989538157,0.7820766989538157
2026-09-16 03:58:21,degradation_index,59.154,60.00802098710318,56.9744,-0.8540209871031763,0.8540209871031763
2026-09-16 03:58:22,degradation_index,55.5091,60.24412566468254,62.6785,-4.735025664682546,4.735025664682546
2026-09-16 03:58:23,degradation_index,58.2052,59.54988966593614,56.5612,-1.3446896659361443,1.3446896659361443
2026-09-16 03:58:24,degradation_index,62.2766,58.99194298869949,58.311,3.28465701130051,3.28465701130051
2026-09-16 03:58:25,degradation_index,61.7842,58.801497038095235,60.0516,2.9827029619047636,2.9827029619047636
2026-09-16 03:58:26,degradation_index,61.902,58.746643600009016,60.681,3.1553563999909855,3.1553563999909855
2026-09-16 03:58:27,degradation_index,60.1688,59.83221154781746,62.4291,0.3365884521825393,0.3365884521825393
2026-09-16 03:58:28,degradation_index,60.0139,58.90527320267857,63.4934,1.1086267973214277,1.1086267973214277
2026-09-16 03:58:29,degradation_index,61.4224,60.280338772916664,60.7725,1.1420612270833388,1.1420612270833388
2026-09-16 03:58:30,degradation_index,58.1988,60.300518819345235,61.8574,-2.101718819345237,2.101718819345237
2026-09-16 03:58:31,degradation_index,66.1444,59.85104727440476,59.154,6.293352725595241,6.293352725595241
2026-09-16 03:58:32,degradation_index,59.3649,58.86009980962301,55.5091,0.5048001903769901,0.5048001903769901
2026-09-16 03:58:33,degradation_index,62.6989,59.11721893621933,58.2052,3.581681063780671,3.581681063780671
2026-09-16 03:58:34,degradation_index,61.1116,59.090472230753974,62.2766,2.0211277692460285,2.0211277692460285
2026-09-16 03:58:35,degradation_index,59.7443,59.00809689047619,61.7842,0.7362031095238137,0.7362031095238137
2026-09-16 03:58:36,degradation_index,57.3244,59.55781133652597,61.902,-2.2334113365259753,2.2334113365259753
2026-09-16 03:58:37,degradation_index,61.6324,59.58698403571428,60.1688,2.0454159642857164,2.0454159642857164
2026-09-16 03:58:38,degradation_index,60.5182,59.40102119513889,60.0139,1.117178804861112,1.117178804861112
2026-09-16 03:58:39,degradation_index,57.4227,59.83522501915585,61.4224,-2.4125250191558507,2.4125250191558507
2026-09-16 03:58:40,degradation_index,54.4078,59.88605693220599,58.1988,-5.478256932205987,5.478256932205987
2026-09-16 03:58:41,degradation_index,61.8712,60.92869233402778,66.1444,0.9425076659722222,0.9425076659722222
2026-09-16 03:58:42,degradation_index,56.3497,59.82872436884921,59.3649,-3.4790243688492097,3.4790243688492097
2026-09-16 03:58:43,degradation_index,57.9034,59.20753610634921,62.6989,-1.3041361063492118,1.3041361063492118
2026-09-16 03:58:44,degradation_index,58.8562,60.10376048483045,61.1116,-1.2475604848304513,1.2475604848304513
2026-09-16 03:58:45,degradation_index,60.6527,60.101371576770454,59.7443,0.551328423229549,0.551328423229549
2026-09-16 03:58:46,degradation_index,58.9667,59.33664924742063,57.3244,-0.36994924742062807,0.36994924742062807
2026-09-16 03:58:47,degradation_index,56.3938,59.55903415645743,61.6324,-3.16523415645743,3.16523415645743
2026-09-16 03:58:48,degradation_index,56.8889,59.3672135390873,60.5182,-2.478313539087303,2.478313539087303
2026-09-16 03:58:49,degradation_index,55.448,58.91826689573413,57.4227,-3.4702668957341274,3.4702668957341274
2026-09-16 03:58:50,degradation_index,61.8261,57.622286102876984,54.4078,4.203813897123013,4.203813897123013
2026-09-16 03:58:51,degradation_index,56.0753,58.00081760080267,61.8712,-1.9255176008026709,1.9255176008026709
2026-09-16 03:58:52,degradation_index,66.6484,58.245491940873016,56.3497,8.402908059126979,8.402908059126979
2026-09-16 03:58:53,degradation_index,64.7807,58.01688680308441,57.9034,6.763813196915585,6.763813196915585
2026-09-16 03:58:54,degradation_index,64.2813,57.84738438155664,58.8562,6.433915618443365,6.433915618443365
2026-09-16 03:58:55,degradation_index,63.9868,58.15213092590188,60.6527,5.834669074098123,5.834669074098123
2026-09-16 03:58:56,degradation_index,59.188,58.77757320982143,58.9667,0.410426790178569,0.410426790178569
2026-09-16 03:58:57,degradation_index,65.9346,57.97842996966991,56.3938,7.956170030330092,7.956170030330092
2026-09-16 03:58:58,degradation_index,61.967,57.39537152996934,56.8889,4.57162847003066,4.57162847003066
2026-09-16 03:58:59,degradation_index,59.8184,56.9362207625,55.448,2.8821792374999973,2.8821792374999973
2026-09-16 03:59:00,degradation_index,61.1301,57.56326801170635,61.8261,3.56683198829365,3.56683198829365
2026-09-16 03:59:01,degradation_index,59.7283,57.90134066792027,56.0753,1.8269593320797242,1.8269593320797242
2026-09-16 03:59:02,degradation_index,62.153,59.61874225565475,66.6484,2.534257744345247,2.534257744345247
2026-09-16 03:59:03,degradation_index,59.6876,60.6921120437049,64.7807,-1.0045120437048993,1.0045120437048993
2026-09-16 03:59:04,degradation_index,59.2465,60.139878627976195,64.2813,-0.8933786279761975,0.8933786279761975
2026-09-16 03:59:05,degradation_index,62.4212,60.24008938800505,63.9868,2.1811106119949457,2.1811106119949457
2026-09-16 03:59:06,degradation_index,56.9376,59.48554853184524,59.188,-2.547948531845236,2.547948531845236
2026-09-16 03:59:07,degradation_index,60.1087,61.63046769295635,65.9346,-1.5217676929563524,1.5217676929563524
2026-09-16 03:59:08,degradation_index,58.314,60.43076777227633,61.967,-2.116767772276333,2.116767772276333
2026-09-16 03:59:09,degradation_index,58.6781,60.32222858650793,59.8184,-1.6441285865079323,1.6441285865079323
2026-09-16 03:59:10,degradation_index,59.9876,59.95903741517857,61.1301,0.028562584821429482,0.028562584821429482
2026-09-16 03:59:11,degradation_index,53.5583,59.53258314930555,59.7283,-5.974283149305549,5.974283149305549
2026-09-16 03:59:12,degradation_index,64.1287,60.28027390188492,62.153,3.848426098115077,3.848426098115077
2026-09-16 03:59:13,degradation_index,58.4879,59.73525155821609,59.6876,-1.2473515582160886,1.2473515582160886
2026-09-16 03:59:14,degradation_index,61.9074,59.74464273323412,59.2465,2.1627572667658796,2.1627572667658796
2026-09-16 03:59:15,degradation_index,59.0754,60.03607762699315,62.4212,-0.9606776269931459,0.9606776269931459
2026-09-16 03:59:16,degradation_index,59.1682,59.40775118710318,56.9376,-0.23955118710318146,0.23955118710318146
2026-09-16 03:59:17,degradation_index,62.097,59.28859645327381,60.1087,2.80840354672619,2.80840354672619
2026-09-16 03:59:18,degradation_index,61.8423,59.16937606964286,58.314,2.6729239303571433,2.6729239303571433
2026-09-16 03:59:19,degradation_index,62.33,58.795161569444446,58.6781,3.5348384305555527,3.5348384305555527
2026-09-16 03:59:20,degradation_index,62.4486,59.67683480179473,59.9876,2.771765198205266,2.771765198205266
2026-09-16 03:59:21,degradation_index,61.1522,56.602753706746036,53.5583,4.549446293253965,4.549446293253965
2026-09-16 03:59:22,degradation_index,54.7493,60.6592017668741,64.1287,-5.9099017668741,5.9099017668741
2026-09-16 03:59:23,degradation_index,61.4531,59.2313071764881,58.4879,2.2217928235118976,2.2217928235118976
2026-09-16 03:59:24,degradation_index,58.2325,59.33429013671537,61.9074,-1.1017901367153655,1.1017901367153655
2026-09-16 03:59:25,degradation_index,57.4442,59.31629397272727,59.0754,-1.8720939727272707,1.8720939727272707
2026-09-16 03:59:26,degradation_index,59.6512,58.64624421547619,59.1682,1.0049557845238155,1.0049557845238155
2026-09-16 03:59:27,degradation_index,61.4545,59.88299067967172,62.097,1.571509320328282,1.571509320328282
2026-09-16 03:59:28,degradation_index,58.7679,58.82800025386905,61.8423,-0.06010025386905227,0.06010025386905227
2026-09-16 03:59:29,degradation_index,58.3411,59.31282779642857,62.33,-0.9717277964285742,0.9717277964285742
2026-09-16 03:59:30,degradation_index,62.6917,59.162514502976194,62.4486,3.5291854970238035,3.5291854970238035
2026-09-16 03:59:31,degradation_index,59.563,59.550217476884924,61.1522,0.012782523115077993,0.012782523115077993
2026-09-16 03:59:32,degradation_index,60.9789,59.00648764652777,54.7493,1.9724123534722295,1.9724123534722295
2026-09-16 03:59:33,degradation_index,54.767,59.30877695744048,61.4531,-4.541776957440476,4.541776957440476
2026-09-16 03:59:34,degradation_index,56.9416,59.333979193055555,58.2325,-2.392379193055554,2.392379193055554
2026-09-16 03:59:35,degradation_index,63.9468,59.063155317361115,57.4442,4.883644682638888,4.883644682638888
2026-09-16 03:59:36,degradation_index,55.9274,58.6557361077381,59.6512,-2.7283361077381016,2.7283361077381016
2026-09-16 03:59:37,degradation_index,66.8024,57.886422802092355,61.4545,8.915977197907651,8.915977197907651
2026-09-16 03:59:38,degradation_index,57.7555,59.2158391844246,58.7679,-1.4603391844246048,1.4603391844246048
2026-09-16 03:59:39,degradation_index,60.5829,58.66236918607781,58.3411,1.9205308139221913,1.9205308139221913
2026-09-16 03:59:40,degradation_index,61.5194,58.54356408026695,62.6917,2.9758359197330506,2.9758359197330506
2026-09-16 03:59:41,degradation_index,60.1973,59.71706183263889,59.563,0.480238167361108,0.480238167361108
2026-09-16 03:59:42,degradation_index,56.4171,59.217535457846324,60.9789,-2.8004354578463264,2.8004354578463264
2026-09-16 03:59:43,degradation_index,63.8809,58.43628095793651,54.767,5.444619042063486,5.444619042063486
2026-09-16 03:59:44,degradation_index,58.3939,57.34703323473124,56.9416,1.04686676526876,1.04686676526876
2026-09-16 03:59:45,degradation_index,67.3155,59.1224017311508,63.9468,8.193098268849198,8.193098268849198
2026-09-16 03:59:46,degradation_index,56.423,58.576601389980155,55.9274,-2.153601389980153,2.153601389980153
2026-09-16 03:59:47,degradation_index,61.1342,60.21103137291667,66.8024,0.9231686270833279,0.9231686270833279
2026-09-16 03:59:48,degradation_index,62.2752,58.48589288373016,57.7555,3.789307116269839,3.789307116269839
2026-09-16 03:59:49,degradation_index,56.0183,58.99248346298701,60.5829,-2.974183462987007,2.974183462987007
2026-09-16 03:59:50,degradation_index,58.7156,58.97343468701298,61.5194,-0.2578346870129806,0.2578346870129806
2026-09-16 03:59:51,degradation_index,64.5347,59.26232573412698,60.1973,5.272374265873019,5.272374265873019
2026-09-16 03:59:52,degradation_index,57.4788,58.61985824986472,56.4171,-1.1410582498647202,1.1410582498647202
2026-09-16 03:59:53,degradation_index,61.8866,59.0444367860119,63.8809,2.8421632139881012,2.8421632139881012
2026-09-16 03:59:54,degradation_index,59.873,58.77339659863817,58.3939,1.0996034013618257,1.0996034013618257
2026-09-16 03:59:55,degradation_index,65.5579,61.49947151388889,67.3155,4.0584284861111115,4.0584284861111115
2026-09-16 03:59:56,degradation_index,63.5541,59.691884519841274,56.423,3.8622154801587243,3.8622154801587243
2026-09-16 03:59:57,degradation_index,61.7852,59.359388146437595,61.1342,2.425811853562408,2.425811853562408
2026-09-16 03:59:58,degradation_index,64.4402,59.21210318928571,62.2752,5.228096810714291,5.228096810714291
2026-09-16 03:59:59,degradation_index,59.7117,58.496329689357864,56.0183,1.215370310642136,1.215370310642136
2026-09-16 04:00:00,degradation_index,56.867,58.47550763294553,58.7156,-1.608507632945532,1.608507632945532
2026-09-16 04:00:01,degradation_index,62.5414,58.99646965523088,64.5347,3.5449303447691207,3.5449303447691207
2026-09-16 04:00:02,degradation_index,62.2415,59.340457343253966,57.4788,2.9010426567460357,2.9010426567460357
2026-09-16 04:00:03,degradation_index,61.2078,59.2829680219246,61.8866,1.924831978075396,1.924831978075396
2026-09-16 04:00:04,degradation_index,61.3572,59.000383370048695,59.873,2.356816629951304,2.356816629951304
2026-09-16 04:00:05,degradation_index,61.8324,60.74364373521826,65.5579,1.0887562647817433,1.0887562647817433
2026-09-16 04:00:06,degradation_index,64.3721,60.944699707043654,63.5541,3.4274002929563494,3.4274002929563494
2026-09-16 04:00:07,degradation_index,65.8697,60.64339558015873,61.7852,5.226304419841263,5.226304419841263
2026-09-16 04:00:08,degradation_index,63.2444,60.456652497619054,64.4402,2.7877475023809453,2.7877475023809453
2026-09-16 04:00:09,degradation_index,62.8727,60.32849438353175,59.7117,2.544205616468254,2.544205616468254
2026-09-16 04:00:10,degradation_index,58.0058,59.92950784553572,56.867,-1.9237078455357164,1.9237078455357164
2026-09-16 04:00:11,degradation_index,61.7659,60.15287797748918,62.5414,1.613022022510819,1.613022022510819
2026-09-16 04:00:12,degradation_index,64.1094,59.68206734767316,62.2415,4.427332652326832,4.427332652326832
2026-09-16 04:00:13,degradation_index,56.4587,59.978909007738096,61.2078,-3.520209007738096,3.520209007738096
2026-09-16 04:00:14,degradation_index,61.8904,59.32612330208333,61.3572,2.564276697916668,2.564276697916668
2026-09-16 04:00:15,degradation_index,60.6953,60.39345856448413,61.8324,0.3018414355158754,0.3018414355158754
2026-09-16 04:00:16,degradation_index,60.3574,60.29097164513889,64.3721,0.06642835486110954,0.06642835486110954
2026-09-16 04:00:17,degradation_index,58.0161,61.20681183422619,65.8697,-3.1907118342261853,3.1907118342261853
2026-09-16 04:00:18,degradation_index,58.117,61.37205633924062,63.2444,-3.2550563392406247,3.2550563392406247
2026-09-16 04:00:19,degradation_index,62.1325,60.933385226587305,62.8727,1.1991147734126955,1.1991147734126955
2026-09-16 04:00:20,degradation_index,64.7846,60.645352159126986,58.0058,4.139247840873011,4.139247840873011
2026-09-16 04:00:21,degradation_index,61.5869,60.61289718144842,61.7659,0.9740028185515825,0.9740028185515825
2026-09-16 04:00:22,degradation_index,57.7442,60.94018205565476,64.1094,-3.19598205565476,3.19598205565476
2026-09-16 04:00:23,degradation_index,59.7285,60.60511336180556,56.4587,-0.8766133618055605,0.8766133618055605
2026-09-16 04:00:24,degradation_index,61.4445,60.148989751091264,61.8904,1.2955102489087338,1.2955102489087338
2026-09-16 04:00:25,degradation_index,59.1301,60.91322036428572,60.6953,-1.7831203642857218,1.7831203642857218
2026-09-16 04:00:26,degradation_index,60.8891,60.71512460079365,60.3574,0.1739753992063484,0.1739753992063484
2026-09-16 04:00:27,degradation_index,63.1153,60.03225602579365,58.0161,3.0830439742063476,3.0830439742063476
2026-09-16 04:00:28,degradation_index,57.7625,59.146768105952376,58.117,-1.3842681059523727,1.3842681059523727
2026-09-16 04:00:29,degradation_index,60.9238,59.816626913988095,62.1325,1.1071730860119047,1.1071730860119047
2026-09-16 04:00:30,degradation_index,63.3049,60.14622795992063,64.7846,3.1586720400793737,3.1586720400793737
2026-09-16 04:00:31,degradation_index,64.7876,60.621253996536794,61.5869,4.166346003463204,4.166346003463204
2026-09-16 04:00:32,degradation_index,58.8479,59.757533535615075,57.7442,-0.9096335356150718,0.9096335356150718
2026-09-16 04:00:33,degradation_index,58.8295,59.589725482251076,59.7285,-0.760225482251073,0.760225482251073
2026-09-16 04:00:34,degradation_index,60.991,59.85745696627886,61.4445,1.1335430337211392,1.1335430337211392
2026-09-16 04:00:35,degradation_index,60.8684,59.90485786994047,59.1301,0.9635421300595297,0.9635421300595297
2026-09-16 04:00:36,degradation_index,55.4991,59.670572003878064,60.8891,-4.1714720038780655,4.1714720038780655
2026-09-16 04:00:37,degradation_index,56.2406,59.10811495367965,63.1153,-2.8675149536796525,2.8675149536796525
2026-09-16 04:00:38,degradation_index,59.2478,59.30511212311508,57.7625,-0.05731212311508216,0.05731212311508216
2026-09-16 04:00:39,degradation_index,59.4859,59.225196634830446,60.9238,0.2607033651695545,0.2607033651695545
2026-09-16 04:00:40,degradation_index,61.4151,58.97783418968255,63.3049,2.437265810317456,2.437265810317456
2026-09-16 04:00:41,degradation_index,60.4409,60.591378459226185,64.7876,-0.15047845922618563,0.15047845922618563
2026-09-16 04:00:42,degradation_index,60.6166,60.40817723452381,58.8479,0.2084227654761861,0.2084227654761861
2026-09-16 04:00:43,degradation_index,59.5619,59.148753803968255,58.8295,0.4131461960317466,0.4131461960317466
2026-09-16 04:00:44,degradation_index,58.7221,59.51244309772727,60.991,-0.7903430977272734,0.7903430977272734
2026-09-16 04:00:45,degradation_index,60.641,59.88538937668651,60.8684,0.7556106233134869,0.7556106233134869
2026-09-16 04:00:46,degradation_index,56.1778,58.53926864365079,55.4991,-2.3614686436507952,2.3614686436507952
2026-09-16 04:00:47,degradation_index,60.4028,57.527223540584416,56.2406,2.8755764594155835,2.8755764594155835
2026-09-16 04:00:48,degradation_index,59.4366,58.13512706737013,59.2478,1.3014729326298706,1.3014729326298706
2026-09-16 04:00:49,degradation_index,59.4371,58.80833456577381,59.4859,0.6287654342261888,0.6287654342261888
2026-09-16 04:00:50,degradation_index,64.776,59.07104424871934,61.4151,5.704955751280657,5.704955751280657
2026-09-16 04:00:51,degradation_index,59.2035,58.876801003670636,60.4409,0.3266989963293625,0.3266989963293625
2026-09-16 04:00:52,degradation_index,64.7263,58.74830373184524,60.6166,5.9779962681547545,5.9779962681547545
2026-09-16 04:00:53,degradation_index,62.7478,58.884959264808806,59.5619,3.8628407351911918,3.8628407351911918
2026-09-16 04:00:54,degradation_index,61.5985,59.25514629623016,58.7221,2.343353703769843,2.343353703769843
2026-09-16 04:00:55,degradation_index,54.6824,58.9818996794733,60.641,-4.2994996794733,4.2994996794733
2026-09-16 04:00:56,degradation_index,59.1698,58.3211131985119,56.1778,0.8486868014880997,0.8486868014880997
2026-09-16 04:00:57,degradation_index,62.059,58.33768072084235,60.4028,3.7213192791576475,3.7213192791576475
2026-09-16 04:00:58,degradation_index,60.0527,58.590040764411974,59.4366,1.4626592355880277,1.4626592355880277
2026-09-16 04:00:59,degradation_index,59.393,58.58778259583333,59.4371,0.8052174041666689,0.8052174041666689
2026-09-16 04:01:00,degradation_index,56.0129,59.680182284135995,64.776,-3.667282284135993,3.667282284135993
2026-09-16 04:01:01,degradation_index,55.3629,59.34364215555556,59.2035,-3.9807421555555536,3.9807421555555536
2026-09-16 04:01:02,degradation_index,59.5881,59.48258506160714,64.7263,0.10551493839285797,0.10551493839285797
2026-09-16 04:01:03,degradation_index,61.5158,59.51916454097222,62.7478,1.9966354590277788,1.9966354590277788
2026-09-16 04:01:04,degradation_index,61.2518,59.742487539610394,61.5985,1.5093124603896086,1.5093124603896086
2026-09-16 04:01:05,degradation_index,63.4955,58.56650348224206,54.6824,4.928996517757938,4.928996517757938
2026-09-16 04:01:06,degradation_index,64.5912,58.537349839583335,59.1698,6.0538501604166655,6.0538501604166655
2026-09-16 04:01:07,degradation_index,56.5429,59.258545348908726,62.059,-2.7156453489087227,2.7156453489087227
2026-09-16 04:01:08,degradation_index,60.8569,59.50597423402778,60.0527,1.350925765972221,1.350925765972221
2026-09-16 04:01:09,degradation_index,59.1924,59.2058664625,59.393,-0.0134664624999985,0.0134664624999985
2026-09-16 04:01:10,degradation_index,59.4482,57.86319460938853,56.0129,1.585005390611471,1.585005390611471
2026-09-16 04:01:11,degradation_index,57.8171,57.53563609087302,55.3629,0.28146390912698394,0.28146390912698394
2026-09-16 04:01:12,degradation_index,64.6191,58.368330708441555,59.5881,6.2507692915584485,6.2507692915584485
2026-09-16 04:01:13,degradation_index,59.1584,57.94449931647727,61.5158,1.2139006835227306,1.2139006835227306
2026-09-16 04:01:14,degradation_index,63.5285,58.60723097638889,61.2518,4.92126902361111,4.92126902361111
2026-09-16 04:01:15,degradation_index,59.2347,58.73169731108197,63.4955,0.5030026889180235,0.5030026889180235
2026-09-16 04:01:16,degradation_index,64.3669,59.92235004950397,64.5912,4.444549950496032,4.444549950496032
2026-09-16 04:01:17,degradation_index,58.0812,59.62249542947331,56.5429,-1.5412954294733083,1.5412954294733083
2026-09-16 04:01:18,degradation_index,56.1811,59.886053609632036,60.8569,-3.7049536096320352,3.7049536096320352
2026-09-16 04:01:19,degradation_index,61.3104,59.332597922817456,59.1924,1.9778020771825453,1.9778020771825453
2026-09-16 04:01:20,degradation_index,56.8653,59.886730621924606,59.4482,-3.0214306219246083,3.0214306219246083
2026-09-16 04:01:21,degradation_index,63.3264,58.76210910605159,57.8171,4.56429089394841,4.56429089394841
2026-09-16 04:01:22,degradation_index,59.1772,59.13935104207251,64.6191,0.03784895792748699,0.03784895792748699
2026-09-16 04:01:23,degradation_index,65.0946,59.84328896309524,59.1584,5.2513110369047595,5.2513110369047595
2026-09-16 04:01:24,degradation_index,61.8927,58.977912704870135,63.5285,2.9147872951298623,2.9147872951298623
2026-09-16 04:01:25,degradation_index,64.0389,59.698997755257935,59.2347,4.339902244742063,4.339902244742063
2026-09-16 04:01:26,degradation_index,64.7372,59.3665745281746,64.3669,5.370625471825399,5.370625471825399
2026-09-16 04:01:27,degradation_index,59.839,59.92797245525794,58.0812,-0.08897245525793807,0.08897245525793807
2026-09-16 04:01:28,degradation_index,59.1687,58.953935982738095,56.1811,0.2147640172619063,0.2147640172619063
2026-09-16 04:01:29,degradation_index,64.2112,59.69078891796537,61.3104,4.520411082034634,4.520411082034634
2026-09-16 04:01:30,degradation_index,55.7658,58.31475338531746,56.8653,-2.5489533853174606,2.5489533853174606
2026-09-16 04:01:31,degradation_index,60.0663,59.323197285912705,63.3264,0.7431027140872928,0.7431027140872928
2026-09-16 04:01:32,degradation_index,59.2977,59.60226719126984,59.1772,-0.30456719126983955,0.30456719126983955
2026-09-16 04:01:33,degradation_index,62.4025,59.794625654861115,65.0946,2.607874345138889,2.607874345138889
2026-09-16 04:01:34,degradation_index,64.2278,60.179169389096316,61.8927,4.048630610903686,4.048630610903686
2026-09-16 04:01:35,degradation_index,61.0952,59.71303309435426,64.0389,1.3821669056457395,1.3821669056457395
2026-09-16 04:01:36,degradation_index,61.4343,60.88890161201299,64.7372,0.5453983879870137,0.5453983879870137
2026-09-16 04:01:37,degradation_index,62.664,60.19764341139069,59.839,2.466356588609308,2.466356588609308
2026-09-16 04:01:38,degradation_index,57.7306,60.46608575089286,59.1687,-2.735485750892856,2.735485750892856
2026-09-16 04:01:39,degradation_index,62.9337,60.268116111011906,64.2112,2.6655838889880954,2.6655838889880954
2026-09-16 04:01:40,degradation_index,55.2406,59.43327808799603,55.7658,-4.192678087996029,4.192678087996029
2026-09-16 04:01:41,degradation_index,60.7535,59.501058302886,60.0663,1.2524416971140013,1.2524416971140013
2026-09-16 04:01:42,degradation_index,59.4054,59.53271753263889,59.2977,-0.1273175326388909,0.1273175326388909
2026-09-16 04:01:43,degradation_index,59.9026,59.633537280068545,62.4025,0.2690627199314548,0.2690627199314548
2026-09-16 04:01:44,degradation_index,57.6728,60.97659963046537,64.2278,-3.3037996304653703,3.3037996304653703
2026-09-16 04:01:45,degradation_index,58.0709,59.99120450571789,61.0952,-1.920304505717887,1.920304505717887
2026-09-16 04:01:46,degradation_index,59.6156,60.76850673809524,61.4343,-1.1529067380952398,1.1529067380952398
2026-09-16 04:01:47,degradation_index,60.9054,59.829281879816016,62.664,1.0761181201839847,1.0761181201839847
2026-09-16 04:01:48,degradation_index,60.2945,59.273650230257935,57.7306,1.020849769742064,1.020849769742064
2026-09-16 04:01:49,degradation_index,56.0937,60.97474271587302,62.9337,-4.881042715873022,4.881042715873022
2026-09-16 04:01:50,degradation_index,62.3677,58.97188425501443,55.2406,3.395815744985569,3.395815744985569
2026-09-16 04:01:51,degradation_index,57.2062,59.71686088830267,60.7535,-2.5106608883026666,2.5106608883026666
2026-09-16 04:01:52,degradation_index,62.7832,59.663463155753966,59.4054,3.1197368442460345,3.1197368442460345
2026-09-16 04:01:53,degradation_index,65.3918,59.9849304950487,59.9026,5.4068695049513025,5.4068695049513025
2026-09-16 04:01:54,degradation_index,57.1691,59.35765574345238,57.6728,-2.1885557434523832,2.1885557434523832
2026-09-16 04:01:55,degradation_index,61.149,58.49396708918651,58.0709,2.655032910813489,2.655032910813489
2026-09-16 04:01:56,degradation_index,59.3676,58.829819893560604,59.6156,0.5377801064393992,0.5377801064393992
2026-09-16 04:01:57,degradation_index,55.5254,58.91545549503968,60.9054,-3.3900554950396824,3.3900554950396824
2026-09-16 04:01:58,degradation_index,55.5387,58.46072989933261,60.2945,-2.922029899332614,2.922029899332614
2026-09-16 04:01:59,degradation_index,63.438,58.23737273131105,56.0937,5.2006272686889545,5.2006272686889545
2026-09-16 04:02:00,degradation_index,64.1158,58.00758858535354,62.3677,6.108211414646455,6.108211414646455
2026-09-16 04:02:01,degradation_index,61.1468,59.1353796098464,57.2062,2.011420390153596,2.011420390153596
2026-09-16 04:02:02,degradation_index,61.0268,58.98402476240079,62.7832,2.0427752375992085,2.0427752375992085
2026-09-16 04:02:03,degradation_index,61.0457,60.280372511616164,65.3918,0.7653274883838321,0.7653274883838321
2026-09-16 04:02:04,degradation_index,55.0874,58.96879554603175,57.1691,-3.8813955460317473,3.8813955460317473
2026-09-16 04:02:05,degradation_index,61.1067,59.26758732480159,61.149,1.8391126751984075,1.8391126751984075
2026-09-16 04:02:06,degradation_index,59.9966,58.82706706359127,59.3676,1.1695329364087286,1.1695329364087286
2026-09-16 04:02:07,degradation_index,64.4864,59.26673734555375,55.5254,5.219662654446253,5.219662654446253
2026-09-16 04:02:08,degradation_index,61.8924,57.83693545357143,55.5387,4.055464546428574,4.055464546428574
2026-09-16 04:02:09,degradation_index,57.5013,58.49489720000902,63.438,-0.9935972000090203,0.9935972000090203
2026-09-16 04:02:10,degradation_index,62.357,59.686424575595225,64.1158,2.670575424404774,2.670575424404774
2026-09-16 04:02:11,degradation_index,58.802,59.036841112310604,61.1468,-0.23484111231060467,0.23484111231060467
2026-09-16 04:02:12,degradation_index,55.1847,58.97760888313492,61.0268,-3.7929088831349205,3.7929088831349205
2026-09-16 04:02:13,degradation_index,58.4134,59.50991117913059,61.0457,-1.0965111791305873,1.0965111791305873
2026-09-16 04:02:14,degradation_index,57.9778,58.5008802452381,55.0874,-0.5230802452380985,0.5230802452380985
2026-09-16 04:02:15,degradation_index,60.484,59.07140552034632,61.1067,1.4125944796536842,1.4125944796536842
2026-09-16 04:02:16,degradation_index,62.3037,58.6544587859127,59.9966,3.649241214087297,3.649241214087297
2026-09-16 04:02:17,degradation_index,60.3007,59.550756632341276,64.4864,0.749943367658723,0.749943367658723
2026-09-16 04:02:18,degradation_index,60.8461,59.72288186369048,61.8924,1.123218136309518,1.123218136309518
2026-09-16 04:02:19,degradation_index,58.8109,58.90191267748016,57.5013,-0.0910126774801654,0.0910126774801654
2026-09-16 04:02:20,degradation_index,59.8084,59.631982491369044,62.357,0.17641750863095496,0.17641750863095496
2026-09-16 04:02:21,degradation_index,59.5138,59.44765380928932,58.802,0.06614619071068262,0.06614619071068262
2026-09-16 04:02:22,degradation_index,61.1838,58.60393977242064,55.1847,2.57986022757936,2.57986022757936
2026-09-16 04:02:23,degradation_index,62.7182,57.94992866845239,58.4134,4.768271331547616,4.768271331547616
2026-09-16 04:02:24,degradation_index,55.8471,57.80449230161436,57.9778,-1.9573923016143624,1.9573923016143624
2026-09-16 04:02:25,degradation_index,57.2738,58.97214243959235,60.484,-1.698342439592352,1.698342439592352
2026-09-16 04:02:26,degradation_index,55.6273,58.197133902786796,62.3037,-2.5698339027867974,2.5698339027867974
2026-09-16 04:02:27,degradation_index,63.2104,58.83606184345238,60.3007,4.374338156547623,4.374338156547623
2026-09-16 04:02:28,degradation_index,53.806,58.69024906018218,60.8461,-4.884249060182185,4.884249060182185
2026-09-16 04:02:29,degradation_index,55.5372,59.168285425396824,58.8109,-3.631085425396826,3.631085425396826
2026-09-16 04:02:30,degradation_index,65.0465,59.23434496350108,59.8084,5.812155036498915,5.812155036498915
2026-09-16 04:02:31,degradation_index,58.9609,59.18227487271826,59.5138,-0.22137487271825762,0.22137487271825762
2026-09-16 04:02:32,degradation_index,61.9597,58.66316349594155,61.1838,3.2965365040584445,3.2965365040584445
2026-09-16 04:02:33,degradation_index,65.1836,58.794905118290046,62.7182,6.388694881709952,6.388694881709952
2026-09-16 04:02:34,degradation_index,61.2804,58.36400439544552,55.8471,2.9163956045544808,2.9163956045544808
2026-09-16 04:02:35,degradation_index,57.5149,58.56966477044553,57.2738,-1.05476477044553,1.05476477044553
2026-09-16 04:02:36,degradation_index,58.4995,58.09021582023809,55.6273,0.40928417976190445,0.40928417976190445
2026-09-16 04:02:37,degradation_index,59.6201,59.04458235546537,63.2104,0.575517644534628,0.575517644534628
2026-09-16 04:02:38,degradation_index,59.897,58.0877851547619,53.806,1.8092148452380954,1.8092148452380954
2026-09-16 04:02:39,degradation_index,63.5498,56.38442310367965,55.5372,7.165376896320346,7.165376896320346
2026-09-16 04:02:40,degradation_index,57.8127,58.76892211584387,65.0465,-0.9562221158438717,0.9562221158438717
2026-09-16 04:02:41,degradation_index,60.5547,58.34449470396826,58.9609,2.210205296031738,2.210205296031738
2026-09-16 04:02:42,degradation_index,60.7945,58.78054015803571,61.9597,2.0139598419642866,2.0139598419642866
2026-09-16 04:02:43,degradation_index,66.051,59.456122227976195,65.1836,6.594877772023807,6.594877772023807
2026-09-16 04:02:44,degradation_index,64.3479,59.35587760357143,61.2804,4.992022396428567,4.992022396428567
2026-09-16 04:02:45,degradation_index,59.2094,59.621118109505765,57.5149,-0.41171810950576315,0.41171810950576315
2026-09-16 04:02:46,degradation_index,59.6095,58.432610995643934,58.4995,1.1768890043560631,1.1768890043560631
2026-09-16 04:02:47,degradation_index,55.1326,59.03395738638167,59.6201,-3.901357386381676,3.901357386381676
2026-09-16 04:02:48,degradation_index,56.926,58.80074192450397,59.897,-1.8747419245039652,1.8747419245039652
2026-09-16 04:02:49,degradation_index,60.5454,58.97941674027778,63.5498,1.5659832597222234,1.5659832597222234
2026-09-16 04:02:50,degradation_index,58.5821,59.11738710452742,57.8127,-0.5352871045274199,0.5352871045274199
2026-09-16 04:02:51,degradation_index,61.5993,58.867594972826474,60.5547,2.7317050271735255,2.7317050271735255
2026-09-16 04:02:52,degradation_index,59.115,58.99206237946428,60.7945,0.12293762053572266,0.12293762053572266
2026-09-16 04:02:53,degradation_index,55.4816,60.57469835149712,66.051,-5.093098351497119,5.093098351497119
2026-09-16 04:02:54,degradation_index,67.1129,60.524408291071424,64.3479,6.588491708928572,6.588491708928572
2026-09-16 04:02:55,degradation_index,58.85,59.54224016607143,59.2094,-0.6922401660714286,0.6922401660714286
2026-09-16 04:02:56,degradation_index,59.5724,59.44758012847222,59.6095,0.12481987152778373,0.12481987152778373
2026-09-16 04:02:57,degradation_index,61.4915,59.08273895625,55.1326,2.4087610437500047,2.4087610437500047
2026-09-16 04:02:58,degradation_index,61.9043,57.73491908155664,56.926,4.169380918443359,4.169380918443359
2026-09-16 04:02:59,degradation_index,62.8349,58.96407786200397,60.5454,3.8708221379960293,3.8708221379960293
2026-09-16 04:03:00,degradation_index,56.2452,58.914016411805555,58.5821,-2.668816411805558,2.668816411805558
2026-09-16 04:03:01,degradation_index,58.7003,58.856624596338385,61.5993,-0.15632459633838636,0.15632459633838636
2026-09-16 04:03:02,degradation_index,64.165,59.27306447494589,59.115,4.891935525054116,4.891935525054116
2026-09-16 04:03:03,degradation_index,57.8839,58.09139759613095,55.4816,-0.2074975961309562,0.2074975961309562
2026-09-16 04:03:04,degradation_index,57.814,60.92318174791667,67.1129,-3.109181747916672,3.109181747916672
2026-09-16 04:03:05,degradation_index,58.4592,59.28467602013889,58.85,-0.8254760201388862,0.8254760201388862
2026-09-16 04:03:06,degradation_index,62.48,59.0756561340368,59.5724,3.404343865963199,3.404343865963199
2026-09-16 04:03:07,degradation_index,58.8305,58.95141699712302,61.4915,-0.12091699712301818,0.12091699712301818
2026-09-16 04:03:08,degradation_index,59.1629,59.48522202043651,61.9043,-0.32232202043650915,0.32232202043650915
2026-09-16 04:03:09,degradation_index,57.8271,60.43485913165584,62.8349,-2.6077591316558397,2.6077591316558397
2026-09-16 04:03:10,degradation_index,59.573,58.684576525,56.2452,0.8884234750000033,0.8884234750000033
2026-09-16 04:03:11,degradation_index,64.2404,58.912254754175684,58.7003,5.3281452458243095,5.3281452458243095
2026-09-16 04:03:12,degradation_index,57.336,59.893385058243155,64.165,-2.557385058243156,2.557385058243156
2026-09-16 04:03:13,degradation_index,58.5214,59.32474658303571,57.8839,-0.8033465830357116,0.8033465830357116
2026-09-16 04:03:14,degradation_index,63.3635,59.530631745535715,57.814,3.8328682544642874,3.8328682544642874
2026-09-16 04:03:15,degradation_index,63.8019,57.926321275703465,58.4592,5.875578724296538,5.875578724296538
2026-09-16 04:03:16,degradation_index,62.5579,58.14865478820346,62.48,4.409245211796538,4.409245211796538
2026-09-16 04:03:17,degradation_index,63.1168,59.24125392222222,58.8305,3.875546077777777,3.875546077777777
2026-09-16 04:03:18,degradation_index,60.9338,58.651429538789685,59.1629,2.282370461210313,2.282370461210313
2026-09-16 04:03:19,degradation_index,56.3542,58.599633139781744,57.8271,-2.2454331397817455,2.2454331397817455
2026-09-16 04:03:20,degradation_index,63.4306,58.63993890764791,59.573,4.790661092352089,4.790661092352089
2026-09-16 04:03:21,degradation_index,64.566,59.68276343085317,64.2404,4.883236569146831,4.883236569146831
2026-09-16 04:03:22,degradation_index,59.4505,59.57572289255952,57.336,-0.12522289255952046,0.12522289255952046
2026-09-16 04:03:23,degradation_index,60.1929,58.35682896350108,58.5214,1.8360710364989217,1.8360710364989217
2026-09-16 04:03:24,degradation_index,58.7039,58.78135558016775,63.3635,-0.07745558016775078,0.07745558016775078
2026-09-16 04:03:25,degradation_index,60.5435,59.59627499910715,63.8019,0.9472250008928498,0.9472250008928498
2026-09-16 04:03:26,degradation_index,55.981,59.934135004319984,62.5579,-3.953135004319982,3.953135004319982
2026-09-16 04:03:27,degradation_index,67.191,59.44291444752886,63.1168,7.748085552471146,7.748085552471146
2026-09-16 04:03:28,degradation_index,60.6409,60.22562165,60.9338,0.41527835000000124,0.41527835000000124
2026-09-16 04:03:29,degradation_index,55.9501,59.42730036063312,56.3542,-3.4772003606331197,3.4772003606331197
2026-09-16 04:03:30,degradation_index,58.5773,59.76850163402777,63.4306,-1.1912016340277702,1.1912016340277702
2026-09-16 04:03:31,degradation_index,58.2523,60.11048310525794,64.566,-1.8581831052579432,1.8581831052579432
2026-09-16 04:03:32,degradation_index,63.2177,59.97833347172619,59.4505,3.2393665282738127,3.2393665282738127
2026-09-16 04:03:33,degradation_index,59.5051,59.58353540505953,60.1929,-0.07843540505952973,0.07843540505952973
2026-09-16 04:03:34,degradation_index,56.9755,59.38520973015873,58.7039,-2.409709730158731,2.409709730158731
2026-09-16 04:03:35,degradation_index,61.1217,59.44096407213203,60.5435,1.680735927867964,1.680735927867964
2026-09-16 04:03:36,degradation_index,57.6367,59.14069399811508,55.981,-1.5039939981150852,1.5039939981150852
2026-09-16 04:03:37,degradation_index,64.3983,60.298025009424606,67.191,4.1002749905754,4.1002749905754
2026-09-16 04:03:38,degradation_index,55.0366,59.99193840644841,60.6409,-4.955338406448412,4.955338406448412
2026-09-16 04:03:39,degradation_index,68.1299,58.279268664853895,55.9501,9.850631335146112,9.850631335146112
2026-09-16 04:03:40,degradation_index,52.1889,58.71666745694444,58.5773,-6.527767456944446,6.527767456944446
2026-09-16 04:03:41,degradation_index,57.8216,59.207507445797255,58.2523,-1.3859074457972582,1.3859074457972582
2026-09-16 04:03:42,degradation_index,61.8573,59.86550024246032,63.2177,1.991799757539681,1.991799757539681
2026-09-16 04:03:43,degradation_index,58.5559,59.58548329384921,59.5051,-1.0295832938492069,1.0295832938492069
2026-09-16 04:03:44,degradation_index,58.6842,58.379546231249996,56.9755,0.3046537687500006,0.3046537687500006
2026-09-16 04:03:45,degradation_index,51.6307,58.84006394246032,61.1217,-7.209363942460321,7.209363942460321
2026-09-16 04:03:46,degradation_index,58.326,58.6116379344246,57.6367,-0.2856379344245994,0.2856379344245994
2026-09-16 04:03:47,degradation_index,55.2651,60.39284179404763,64.3983,-5.12774179404763,5.12774179404763
2026-09-16 04:03:48,degradation_index,61.2594,58.27101794652778,55.0366,2.988382053472222,2.988382053472222
2026-09-16 04:03:49,degradation_index,60.3577,61.340425160813496,68.1299,-0.9827251608134944,0.9827251608134944
2026-09-16 04:03:50,degradation_index,59.0511,58.57420221689214,52.1889,0.4768977831078587,0.4768977831078587
2026-09-16 04:03:51,degradation_index,61.2329,58.16925626320346,57.8216,3.063643736796543,3.063643736796543
2026-09-16 04:03:52,degradation_index,59.7206,59.24028170942461,61.8573,0.48031829057539,0.48031829057539
2026-09-16 04:03:53,degradation_index,61.6882,58.80747394077381,58.5559,2.880726059226191,2.880726059226191
2026-09-16 04:03:54,degradation_index,60.5114,58.44275057430555,58.6842,2.0686494256944528,2.0686494256944528
2026-09-16 04:03:55,degradation_index,57.1801,55.84182465902777,51.6307,1.3382753409722312,1.3382753409722312
2026-09-16 04:03:56,degradation_index,65.2573,56.93628588641775,58.326,8.321014113582251,8.321014113582251
2026-09-16 04:03:57,degradation_index,57.8112,57.633966671230155,55.2651,0.17723332876984443,0.17723332876984443
2026-09-16 04:03:58,degradation_index,61.778,56.86195233631854,61.2594,4.916047663681461,4.916047663681461
2026-09-16 04:03:59,degradation_index,58.6453,57.90549988194445,60.3577,0.7398001180555482,0.7398001180555482
2026-09-16 04:04:00,degradation_index,58.0014,57.52802426835317,59.0511,0.47337573164682567,0.47337573164682567
2026-09-16 04:04:01,degradation_index,63.129,57.3679047684614,61.2329,5.761095231538597,5.761095231538597
2026-09-16 04:04:02,degradation_index,62.633,58.816200921230156,59.7206,3.816799078769847,3.816799078769847
2026-09-16 04:04:03,degradation_index,58.4279,58.67421154950397,61.6882,-0.2463115495039716,0.2463115495039716
2026-09-16 04:04:04,degradation_index,58.9542,58.55327582113095,60.5114,0.4009241788690474,0.4009241788690474
2026-09-16 04:04:05,degradation_index,64.9966,58.20244366021826,57.1801,6.794156339781743,6.794156339781743
2026-09-16 04:04:06,degradation_index,62.3734,60.079208403869046,65.2573,2.2941915961309505,2.2941915961309505
2026-09-16 04:04:07,degradation_index,58.4407,58.90144180436508,57.8112,-0.46074180436507817,0.46074180436507817
2026-09-16 04:04:08,degradation_index,60.3604,58.694679206646825,61.778,1.6657207933531737,1.6657207933531737
2026-09-16 04:04:09,degradation_index,58.6315,58.97689773369408,58.6453,-0.3453977336940781,0.3453977336940781
2026-09-16 04:04:10,degradation_index,58.4275,58.25062319861111,58.0014,0.17687680138889306,0.17687680138889306
2026-09-16 04:04:11,degradation_index,62.8593,58.943844984821425,63.129,3.9154550151785728,3.9154550151785728
2026-09-16 04:04:12,degradation_index,68.2173,58.81152981696429,62.633,9.405770183035706,9.405770183035706
2026-09-16 04:04:13,degradation_index,54.0634,59.02103694540043,58.4279,-4.957636945400431,4.957636945400431
2026-09-16 04:04:14,degradation_index,58.5355,58.38750829227092,58.9542,0.14799170772907644,0.14799170772907644
2026-09-16 04:04:15,degradation_index,60.526,59.486332709623014,64.9966,1.0396672903769897,1.0396672903769897
2026-09-16 04:04:16,degradation_index,64.4015,60.421740373908726,62.3734,3.9797596260912727,3.9797596260912727
2026-09-16 04:04:17,degradation_index,59.1873,59.245664822222224,58.4407,-0.05836482222222372,0.05836482222222372
2026-09-16 04:04:18,degradation_index,56.8934,59.71943252808441,60.3604,-2.8260325280844114,2.8260325280844114
2026-09-16 04:04:19,degradation_index,61.5992,59.366360382638895,58.6315,2.2328396173611083,2.2328396173611083
2026-09-16 04:04:20,degradation_index,56.3159,59.097853809226194,58.4275,-2.781953809226195,2.781953809226195
2026-09-16 04:04:21,degradation_index,61.5691,59.34778816796537,62.8593,2.2213118320346297,2.2213118320346297
2026-09-16 04:04:22,degradation_index,57.7877,61.91732088237526,68.2173,-4.1296208823752565,4.1296208823752565
2026-09-16 04:04:23,degradation_index,61.4484,59.01840190585318,54.0634,2.4299980941468178,2.4299980941468178
2026-09-16 04:04:24,degradation_index,58.9239,58.87895569395743,58.5355,0.0449443060425736,0.0449443060425736
2026-09-16 04:04:25,degradation_index,63.9878,59.25637982967172,60.526,4.731420170328278,4.731420170328278
2026-09-16 04:04:26,degradation_index,55.284,60.47952118522727,64.4015,-5.195521185227271,5.195521185227271
2026-09-16 04:04:27,degradation_index,61.4017,59.95197929583333,59.1873,1.4497207041666655,1.4497207041666655
2026-09-16 04:04:28,degradation_index,57.4845,58.63411209861111,56.8934,-1.1496120986111151,1.1496120986111151
2026-09-16 04:04:29,degradation_index,81.7019,58.517033777976195,61.5992,23.1848662220238,23.1848662220238
2026-09-16 04:04:30,degradation_index,73.5504,59.03429111742424,56.3159,14.516108882575757,14.516108882575757
2026-09-16 04:04:31,degradation_index,73.0065,59.65010731052489,61.5691,13.356392689475115,13.356392689475115
2026-09-16 04:04:32,degradation_index,70.774,59.4270218873557,57.7877,11.346978112644301,11.346978112644301
2026-09-16 04:04:33,degradation_index,78.7018,58.27610693185426,61.4484,20.425693068145748,20.425693068145748
2026-09-16 04:04:34,degradation_index,72.7195,59.10169836828103,58.9239,13.617801631718969,13.617801631718969
2026-09-16 04:04:35,degradation_index,76.2604,59.0079455136995,63.9878,17.252454486300508,17.252454486300508
2026-09-16 04:04:36,degradation_index,72.5139,58.60561834414682,55.284,13.908281655853187,13.908281655853187
2026-09-16 04:04:37,degradation_index,76.6325,58.77588705179473,61.4017,17.85661294820526,17.85661294820526
2026-09-16 04:04:38,degradation_index,76.4011,58.83418737208694,57.4845,17.566912627913062,17.566912627913062
2026-09-16 04:04:39,degradation_index,76.3539,73.52977111914682,81.7019,2.8241288808531806,2.8241288808531806
2026-09-16 04:04:40,degradation_index,76.1831,69.77048938313492,73.5504,6.412610616865081,6.412610616865081
2026-09-16 04:04:41,degradation_index,72.6228,68.37953749107143,73.0065,4.2432625089285665,4.2432625089285665
2026-09-16 04:04:42,degradation_index,74.6651,67.63557320744047,70.774,7.029526792559523,7.029526792559523
2026-09-16 04:04:43,degradation_index,70.3932,72.48031619801588,78.7018,-2.0871161980158917,2.0871161980158917
2026-09-16 04:04:44,degradation_index,67.7531,72.10627250148809,72.7195,-4.353172501488089,4.353172501488089
2026-09-16 04:04:45,degradation_index,76.6237,71.72129980476191,76.2604,4.902400195238087,4.902400195238087
2026-09-16 04:04:46,degradation_index,75.5119,70.80846311428573,72.5139,4.703436885714268,4.703436885714268
2026-09-16 04:04:47,degradation_index,72.966,71.53594052986111,76.6325,1.430059470138886,1.430059470138886
2026-09-16 04:04:48,degradation_index,75.1246,73.38001450734127,76.4011,1.7445854926587288,1.7445854926587288
2026-09-16 04:04:49,degradation_index,77.1008,72.52153365337301,76.3539,4.579266346626994,4.579266346626994
2026-09-16 04:04:50,degradation_index,74.011,72.96152807886904,76.1831,1.0494719211309587,1.0494719211309587
2026-09-16 04:04:51,degradation_index,75.0469,71.43369183125,72.6228,3.613208168749992,3.613208168749992
2026-09-16 04:04:52,degradation_index,71.3723,71.81318985543831,74.6651,-0.44088985543831427,0.44088985543831427
2026-09-16 04:04:53,degradation_index,73.6942,71.83230328035714,70.3932,1.861896719642857,1.861896719642857
2026-09-16 04:04:54,degradation_index,70.198,70.36232724831349,67.7531,-0.16432724831349788,0.16432724831349788
2026-09-16 04:04:55,degradation_index,70.0,71.86425656607143,76.6237,-1.8642565660714325,1.8642565660714325
2026-09-16 04:04:56,degradation_index,70.914,72.13903179424602,75.5119,-1.2250317942460214,1.2250317942460214
2026-09-16 04:04:57,degradation_index,68.5287,72.73427423154762,72.966,-4.205574231547615,4.205574231547615
2026-09-16 04:04:58,degradation_index,73.6337,72.6011855552732,75.1246,1.0325144447268002,1.0325144447268002
2026-09-16 04:04:59,degradation_index,66.6368,73.27662116191378,77.1008,-6.639821161913787,6.639821161913787
2026-09-16 04:05:00,degradation_index,69.4679,74.07702632192459,74.011,-4.609126321924592,4.609126321924592
2026-09-16 04:05:01,degradation_index,66.857,73.46283741647727,75.0469,-6.6058374164772715,6.6058374164772715
2026-09-16 04:05:02,degradation_index,74.3688,73.46199898938491,71.3723,0.9068010106150837,0.9068010106150837
2026-09-16 04:05:03,degradation_index,70.0977,73.43828473066378,73.6942,-3.340584730663778,3.340584730663778
2026-09-16 04:05:04,degradation_index,72.8401,72.10288716309523,70.198,0.7372128369047743,0.7372128369047743
2026-09-16 04:05:05,degradation_index,67.7699,72.39837041636905,70.0,-4.628470416369041,4.628470416369041
2026-09-16 04:05:06,degradation_index,73.8509,71.80950717639791,70.914,2.041392823602081,2.041392823602081
2026-09-16 04:05:07,degradation_index,67.939,70.57922870135282,68.5287,-2.640228701352825,2.640228701352825
2026-09-16 04:05:08,degradation_index,72.1854,71.6363974871122,73.6337,0.549002512887796,0.549002512887796
2026-09-16 04:05:09,degradation_index,70.395,69.47862299136904,66.6368,0.9163770086309597,0.9163770086309597
2026-09-16 04:05:10,degradation_index,68.7417,69.64934864583333,69.4679,-0.9076486458333335,0.9076486458333335
2026-09-16 04:05:11,degradation_index,68.801,69.63603571140872,66.857,-0.8350357114087217,0.8350357114087217
2026-09-16 04:05:12,degradation_index,67.9634,69.32335136514249,74.3688,-1.3599513651424928,1.3599513651424928
2026-09-16 04:05:13,degradation_index,69.0496,70.23176839831349,70.0977,-1.1821683983134932,1.1821683983134932
2026-09-16 04:05:14,degradation_index,65.5328,69.6769018232143,72.8401,-4.144101823214299,4.144101823214299
2026-09-16 04:05:15,degradation_index,66.9714,69.96368409613096,67.7699,-2.992284096130959,2.992284096130959
2026-09-16 04:05:16,degradation_index,69.5984,69.90219051151695,73.8509,-0.3037905115169508,0.3037905115169508
2026-09-16 04:05:17,degradation_index,65.5602,69.77355967619047,67.939,-4.213359676190478,4.213359676190478
2026-09-16 04:05:18,degradation_index,66.51,70.27609323225109,72.1854,-3.7660932322510803,3.7660932322510803
2026-09-16 04:05:19,degradation_index,65.9117,70.1637824577381,70.395,-4.252082457738098,4.252082457738098
2026-09-16 04:05:20,degradation_index,68.0128,69.43213600843254,68.7417,-1.4193360084325377,1.4193360084325377
2026-09-16 04:05:21,degradation_index,68.2187,69.79401873095239,68.801,-1.5753187309523895,1.5753187309523895
2026-09-16 04:05:22,degradation_index,70.304,68.7773600360119,67.9634,1.526639963988103,1.526639963988103
2026-09-16 04:05:23,degradation_index,65.6962,69.14608501707251,69.0496,-3.4498850170725035,3.4498850170725035
2026-09-16 04:05:24,degradation_index,63.6441,68.54689702916666,65.5328,-4.902797029166656,4.902797029166656
2026-09-16 04:05:25,degradation_index,64.1035,67.91754727044552,66.9714,-3.8140472704455277,3.8140472704455277
2026-09-16 04:05:26,degradation_index,65.4029,67.69926348334235,69.5984,-2.296363483342347,2.296363483342347
2026-09-16 04:05:27,degradation_index,69.8312,67.57513049027777,65.5602,2.2560695097222236,2.2560695097222236
2026-09-16 04:05:28,degradation_index,59.1097,67.37166638264792,66.51,-8.26196638264792,8.26196638264792
2026-09-16 04:05:29,degradation_index,63.6736,66.53762973075396,65.9117,-2.8640297307539626,2.8640297307539626
2026-09-16 04:05:30,degradation_index,66.8089,67.06885994554473,68.0128,-0.2599599455447361,0.2599599455447361
2026-09-16 04:05:31,degradation_index,61.1039,67.4391500156746,68.2187,-6.335250015674596,6.335250015674596
2026-09-16 04:05:32,degradation_index,60.3967,67.5042122575487,70.304,-7.107512257548699,7.107512257548699
2026-09-16 04:05:33,degradation_index,56.5977,67.14532127222223,65.6962,-10.54762127222223,10.54762127222223
2026-09-16 04:05:34,degradation_index,63.469,65.75494903501985,63.6441,-2.285949035019847,2.285949035019847
2026-09-16 04:05:35,degradation_index,62.4,65.75376732767857,64.1035,-3.3537673276785753,3.3537673276785753
2026-09-16 04:05:36,degradation_index,71.1053,66.10621362321429,65.4029,4.999086376785712,4.999086376785712
2026-09-16 04:05:37,degradation_index,62.807,66.23128773392857,69.8312,-3.4242877339285656,3.4242877339285656
2026-09-16 04:05:38,degradation_index,61.3712,64.60111090515873,59.1097,-3.2299109051587322,3.2299109051587322
2026-09-16 04:05:39,degradation_index,65.8151,63.45924049951299,63.6736,2.355859500487014,2.355859500487014
2026-09-16 04:05:40,degradation_index,66.4878,64.93159559424603,66.8089,1.5562044057539595,1.5562044057539595
2026-09-16 04:05:41,degradation_index,64.4778,64.34824396468254,61.1039,0.12955603531746362,0.12955603531746362
2026-09-16 04:05:42,degradation_index,64.0707,63.25343320605159,60.3967,0.8172667939484128,0.8172667939484128
2026-09-16 04:05:43,degradation_index,70.0884,60.657022291071435,56.5977,9.431377708928558,9.431377708928558
2026-09-16 04:05:44,degradation_index,67.2747,62.62326148492966,63.469,4.651438515070339,4.651438515070339
2026-09-16 04:05:45,degradation_index,57.8077,63.18357417113095,62.4,-5.375874171130953,5.375874171130953
2026-09-16 04:05:46,degradation_index,70.0585,64.2046334473915,71.1053,5.853866552608494,5.853866552608494
2026-09-16 04:05:47,degradation_index,59.9041,63.36072658789683,62.807,-3.456626587896828,3.456626587896828
2026-09-16 04:05:48,degradation_index,59.5604,62.26035495208333,61.3712,-2.6999549520833312,2.6999549520833312
2026-09-16 04:05:49,degradation_index,63.1621,63.576748192839105,65.8151,-0.4146481928391026,0.4146481928391026
2026-09-16 04:05:50,degradation_index,64.7729,63.30482139348845,66.4878,1.468078606511554,1.468078606511554
2026-09-16 04:05:51,degradation_index,62.591,63.74858368373918,64.4778,-1.1575836837391762,1.1575836837391762
2026-09-16 04:05:52,degradation_index,60.8444,62.98501714513889,64.0707,-2.14061714513889,2.14061714513889
2026-09-16 04:05:53,degradation_index,65.0222,64.27423555982142,70.0884,0.7479644401785777,0.7479644401785777
2026-09-16 04:05:54,degradation_index,63.962,64.70529610183982,67.2747,-0.7432961018398174,0.7432961018398174
2026-09-16 04:05:55,degradation_index,61.3941,62.72532285277777,57.8077,-1.3312228527777705,1.3312228527777705
2026-09-16 04:05:56,degradation_index,58.7881,64.69549630386904,70.0585,-5.907396303869035,5.907396303869035
2026-09-16 04:05:57,degradation_index,66.793,63.023763075,59.9041,3.7692369250000084,3.7692369250000084
2026-09-16 04:05:58,degradation_index,59.3646,61.974998925396825,59.5604,-2.6103989253968223,2.6103989253968223
2026-09-16 04:05:59,degradation_index,60.5977,62.83698907233045,63.1621,-2.2392890723304433,2.2392890723304433
2026-09-16 04:06:00,degradation_index,65.2202,61.93273411399712,64.7729,3.2874658860028845,3.2874658860028845
2026-09-16 04:06:01,degradation_index,59.592,62.95226806984127,62.591,-3.3602680698412684,3.3602680698412684
2026-09-16 04:06:02,degradation_index,51.7932,61.54188303779762,60.8444,-9.748683037797619,9.748683037797619
2026-09-16 04:06:03,degradation_index,65.2063,62.4706566360119,65.0222,2.735643363988096,2.735643363988096
2026-09-16 04:06:04,degradation_index,60.9303,62.52920679857504,63.962,-1.5989067985750367,1.5989067985750367
2026-09-16 04:06:05,degradation_index,57.3516,62.75321779890873,61.3941,-5.401617798908731,5.401617798908731
2026-09-16 04:06:06,degradation_index,62.9036,61.79283150803572,58.7881,1.1107684919642793,1.1107684919642793
2026-09-16 04:06:07,degradation_index,65.9683,61.949456529861116,66.793,4.018843470138883,4.018843470138883
2026-09-16 04:06:08,degradation_index,54.1581,61.8488541920635,59.3646,-7.690754192063501,7.690754192063501
2026-09-16 04:06:09,degradation_index,59.2351,61.34127004165765,60.5977,-2.1061700416576485,2.1061700416576485
2026-09-16 04:06:10,degradation_index,60.0019,61.46841415695347,65.2202,-1.4665141569534725,1.4665141569534725
2026-09-16 04:06:11,degradation_index,57.5101,61.330199710416665,59.592,-3.820099710416663,3.820099710416663
2026-09-16 04:06:12,degradation_index,58.8066,58.18718716279762,51.7932,0.6194128372023826,0.6194128372023826
2026-09-16 04:06:13,degradation_index,61.5874,60.21974891737013,65.2063,1.3676510826298696,1.3676510826298696
2026-09-16 04:06:14,degradation_index,54.8576,60.870545376488096,60.9303,-6.012945376488098,6.012945376488098
2026-09-16 04:06:15,degradation_index,59.5501,59.74192075396825,57.3516,-0.19182075396825127,0.19182075396825127
2026-09-16 04:06:16,degradation_index,54.2718,59.84470885821609,62.9036,-5.572908858216088,5.572908858216088
2026-09-16 04:06:17,degradation_index,62.1206,61.03928952959055,65.9683,1.0813104704094556,1.0813104704094556
2026-09-16 04:06:18,degradation_index,61.355,60.16091965481602,54.1581,1.194080345183977,1.194080345183977
2026-09-16 04:06:19,degradation_index,54.1909,60.0163438949495,59.2351,-5.825443894949501,5.825443894949501
2026-09-16 04:06:20,degradation_index,61.1592,59.60179789088203,60.0019,1.557402109117966,1.557402109117966
2026-09-16 04:06:21,degradation_index,57.3557,59.49109493561508,57.5101,-2.135394935615082,2.135394935615082
2026-09-16 04:06:22,degradation_index,56.3739,58.73221190784632,58.8066,-2.3583119078463213,2.3583119078463213
2026-09-16 04:06:23,degradation_index,54.628,58.89442276578283,61.5874,-4.266422765782828,4.266422765782828
2026-09-16 04:06:24,degradation_index,55.9479,57.681840705853176,54.8576,-1.733940705853179,1.733940705853179
2026-09-16 04:06:25,degradation_index,59.1713,58.219810500306636,59.5501,0.9514894996933663,0.9514894996933663
2026-09-16 04:06:26,degradation_index,55.6288,57.34671973164682,54.2718,-1.7179197316468233,1.7179197316468233
2026-09-16 04:06:27,degradation_index,59.0554,58.66447411050686,62.1206,0.3909258894931398,0.3909258894931398
2026-09-16 04:06:28,degradation_index,57.7974,58.68543940208333,61.355,-0.8880394020833293,0.8880394020833293
2026-09-16 04:06:29,degradation_index,52.2399,57.53563677549603,54.1909,-5.295736775496032,5.295736775496032
2026-09-16 04:06:30,degradation_index,54.2218,58.389509138492066,61.1592,-4.167709138492064,4.167709138492064
2026-09-16 04:06:31,degradation_index,53.1602,57.55666954434524,57.3557,-4.396469544345237,4.396469544345237
2026-09-16 04:06:32,degradation_index,58.905,57.49987311299603,56.3739,1.4051268870039735,1.4051268870039735
2026-09-16 04:06:33,degradation_index,57.2154,57.024366922817464,54.628,0.1910330771825386,0.1910330771825386
2026-09-16 04:06:34,degradation_index,54.5906,56.097671034731235,55.9479,-1.5070710347312328,1.5070710347312328
2026-09-16 04:06:35,degradation_index,53.9963,57.34923452679474,59.1713,-3.3529345267947406,3.3529345267947406
2026-09-16 04:06:36,degradation_index,54.6522,56.624032434677126,55.6288,-1.9718324346771254,1.9718324346771254
2026-09-16 04:06:37,degradation_index,50.1392,56.56647953145743,59.0554,-6.42727953145743,6.42727953145743
2026-09-16 04:06:38,degradation_index,51.0883,56.51537128869048,57.7974,-5.427071288690485,5.427071288690485
2026-09-16 04:06:39,degradation_index,53.1711,55.63689482579365,52.2399,-2.465794825793644,2.465794825793644
2026-09-16 04:06:40,degradation_index,56.9886,55.809061962112196,54.2218,1.1795380378878022,1.1795380378878022
2026-09-16 04:06:41,degradation_index,51.6135,54.970468186507944,53.1602,-3.3569681865079417,3.3569681865079417
2026-09-16 04:06:42,degradation_index,55.3341,56.38680449613095,58.905,-1.05270449613095,1.05270449613095
2026-09-16 04:06:43,degradation_index,57.4041,55.87324577193987,57.2154,1.5308542280601287,1.5308542280601287
2026-09-16 04:06:44,degradation_index,55.6584,55.422605657043654,54.5906,0.23579434295634627,0.23579434295634627
2026-09-16 04:06:45,degradation_index,53.2013,55.27819322113095,53.9963,-2.0768932211309448,2.0768932211309448
2026-09-16 04:06:46,degradation_index,51.1524,54.618797240286796,54.6522,-3.4663972402867955,3.4663972402867955
2026-09-16 04:06:47,degradation_index,58.3343,53.36877217858045,50.1392,4.965527821419549,4.965527821419549
2026-09-16 04:06:48,degradation_index,57.0681,52.89157353920454,51.0883,4.176526460795458,4.176526460795458
2026-09-16 04:06:49,degradation_index,50.3989,53.19669025159632,53.1711,-2.797790251596325,2.797790251596325
2026-09-16 04:06:50,degradation_index,57.3566,53.61924819475108,56.9886,3.7373518052489203,3.7373518052489203
2026-09-16 04:06:51,degradation_index,52.5654,53.490709738988095,51.6135,-0.9253097389880978,0.9253097389880978
2026-09-16 04:06:52,degradation_index,55.7924,53.62539493066378,55.3341,2.16700506933622,2.16700506933622
2026-09-16 04:06:53,degradation_index,53.1294,53.4418753668741,57.4041,-0.3124753668741036,0.3124753668741036
2026-09-16 04:06:54,degradation_index,48.6587,54.347964024503966,55.6584,-5.689264024503963,5.689264024503963
2026-09-16 04:06:55,degradation_index,48.1531,54.23184790347223,53.2013,-6.078747903472227,6.078747903472227
2026-09-16 04:06:56,degradation_index,51.666,53.18924306845238,51.1524,-1.5232430684523806,1.5232430684523806
2026-09-16 04:06:57,degradation_index,46.5772,53.69170405675505,58.3343,-7.114504056755052,7.114504056755052
2026-09-16 04:06:58,degradation_index,49.4856,53.71660943766234,57.0681,-4.231009437662344,4.231009437662344
2026-09-16 04:06:59,degradation_index,51.2041,52.98483126121032,50.3989,-1.7807312612103203,1.7807312612103203
2026-09-16 04:07:00,degradation_index,55.0424,53.09080560496934,57.3566,1.9515943950306607,1.9515943950306607
2026-09-16 04:07:01,degradation_index,52.1685,53.217162030654755,52.5654,-1.0486620306547536,1.0486620306547536
2026-09-16 04:07:02,degradation_index,51.1809,54.24653993200758,55.7924,-3.065639932007578,3.065639932007578
2026-09-16 04:07:03,degradation_index,49.5521,53.818623681249996,53.1294,-4.266523681249993,4.266523681249993
2026-09-16 04:07:04,degradation_index,48.8734,52.38929376021825,48.6587,-3.5158937602182547,3.5158937602182547
2026-09-16 04:07:05,degradation_index,51.6129,51.41719404404762,48.1531,0.19570595595238416,0.19570595595238416
2026-09-16 04:07:06,degradation_index,45.1436,51.371281349016954,51.666,-6.2276813490169545,6.2276813490169545
2026-09-16 04:07:07,degradation_index,45.7768,50.3810638531746,46.5772,-4.604263853174601,4.604263853174601
2026-09-16 04:07:08,degradation_index,53.7077,49.961303551100286,49.4856,3.7463964488997163,3.7463964488997163
2026-09-16 04:07:09,degradation_index,54.3026,50.71257481922799,51.2041,3.5900251807720096,3.5900251807720096
2026-09-16 04:07:10,degradation_index,51.3978,51.29419047709235,55.0424,0.10360952290764658,0.10360952290764658
2026-09-16 04:07:11,degradation_index,43.9724,51.490551689583334,52.1685,-7.518151689583334,7.518151689583334
2026-09-16 04:07:12,degradation_index,52.224,51.525037895138894,51.1809,0.6989621048611028,0.6989621048611028
2026-09-16 04:07:13,degradation_index,46.4258,51.12066517371032,49.5521,-4.694865173710319,4.694865173710319
2026-09-16 04:07:14,degradation_index,53.9731,50.237369338095235,48.8734,3.7357306619047677,3.7357306619047677
2026-09-16 04:07:15,degradation_index,50.425,50.30334458433442,51.6129,0.12165541566557891,0.12165541566557891
2026-09-16 04:07:16,degradation_index,52.4535,49.27058197490079,45.1436,3.1829180250992053,3.1829180250992053
2026-09-16 04:07:17,degradation_index,48.2314,48.067406499702386,45.7768,0.1639935002976145,0.1639935002976145
2026-09-16 04:07:18,degradation_index,49.5019,49.50242997967172,53.7077,-0.0005299796717181948,0.0005299796717181948
2026-09-16 04:07:19,degradation_index,47.0768,49.876076211507936,54.3026,-2.7992762115079373,2.7992762115079373
2026-09-16 04:07:20,degradation_index,43.9392,50.740060161011904,51.3978,-6.800860161011904,6.800860161011904
2026-09-16 04:07:21,degradation_index,48.2636,48.319709663690475,43.9724,-0.05610966369047787,0.05610966369047787
2026-09-16 04:07:22,degradation_index,44.8868,49.20854583713023,52.224,-4.32174583713023,4.32174583713023
2026-09-16 04:07:23,degradation_index,46.0201,49.19749107549604,46.4258,-3.1773910754960397,3.1773910754960397
2026-09-16 04:07:24,degradation_index,45.3744,49.23847189017858,53.9731,-3.864071890178579,3.864071890178579
2026-09-16 04:07:25,degradation_index,45.8601,49.476473679662696,50.425,-3.6163736796626935,3.6163736796626935
2026-09-16 04:07:26,degradation_index,46.8669,48.52678984782648,52.4535,-1.6598898478264772,1.6598898478264772
2026-09-16 04:07:27,degradation_index,46.2481,49.87085544920635,48.2314,-3.622755449206352,3.622755449206352
2026-09-16 04:07:28,degradation_index,44.8369,49.22705071181457,49.5019,-4.39015071181457,4.39015071181457
2026-09-16 04:07:29,degradation_index,51.9499,49.40764736736111,47.0768,2.542252632638892,2.542252632638892
2026-09-16 04:07:30,degradation_index,43.1388,47.71341284712302,43.9392,-4.574612847123014,4.574612847123014
2026-09-16 04:07:31,degradation_index,50.9998,47.14922789593253,48.2636,3.850572104067467,3.850572104067467
2026-09-16 04:07:32,degradation_index,43.6616,47.34630515039682,44.8868,-3.684705150396823,3.684705150396823
2026-09-16 04:07:33,degradation_index,48.5335,46.64027429584235,46.0201,1.8932257041576435,1.8932257041576435
2026-09-16 04:07:34,degradation_index,43.5329,46.63852966527778,45.3744,-3.1056296652777817,3.1056296652777817
2026-09-16 04:07:35,degradation_index,43.564,46.398631720048705,45.8601,-2.834631720048705,2.834631720048705
2026-09-16 04:07:36,degradation_index,44.7762,46.282384971437594,46.8669,-1.506184971437591,1.506184971437591
2026-09-16 04:07:37,degradation_index,46.1114,45.810708809920634,46.2481,0.3006911900793696,0.3006911900793696
2026-09-16 04:07:38,degradation_index,42.4772,45.783486281547624,44.8369,-3.306286281547621,3.306286281547621
2026-09-16 04:07:39,degradation_index,46.8212,47.4084822155754,51.9499,-0.5872822155753994,0.5872822155753994
2026-09-16 04:07:40,degradation_index,40.6958,45.64108998948413,43.1388,-4.945289989484131,4.945289989484131
2026-09-16 04:07:41,degradation_index,45.7194,46.83915284285714,50.9998,-1.1197528428571388,1.1197528428571388
2026-09-16 04:07:42,degradation_index,45.8451,46.30922645873016,43.6616,-0.46412645873015634,0.46412645873015634
2026-09-16 04:07:43,degradation_index,45.9964,46.745140051397904,48.5335,-0.7487400513979026,0.7487400513979026
2026-09-16 04:07:44,degradation_index,42.7543,45.9196906360119,43.5329,-3.1653906360118995,3.1653906360118995
2026-09-16 04:07:45,degradation_index,41.4884,44.94203808263889,43.564,-3.4536380826388893,3.4536380826388893
2026-09-16 04:07:46,degradation_index,47.9656,45.5257126324495,44.7762,2.4398873675505044,2.4398873675505044
2026-09-16 04:07:47,degradation_index,43.6111,44.89975072669553,46.1114,-1.2886507266955292,1.2886507266955292
2026-09-16 04:07:48,degradation_index,38.3978,44.47254872480159,42.4772,-6.074748724801594,6.074748724801594
2026-09-16 04:07:49,degradation_index,38.0963,44.753802580140686,46.8212,-6.657502580140687,6.657502580140687
2026-09-16 04:07:50,degradation_index,40.561,43.0251572714917,40.6958,-2.4641572714917004,2.4641572714917004
2026-09-16 04:07:51,degradation_index,37.9587,44.253965626289684,45.7194,-6.295265626289684,6.295265626289684
2026-09-16 04:07:52,degradation_index,45.2384,44.25835875753968,45.8451,0.9800412424603167,0.9800412424603167
2026-09-16 04:07:53,degradation_index,46.6334,44.24327691448413,45.9964,2.3901230855158744,2.3901230855158744
2026-09-16 04:07:54,degradation_index,45.4351,44.28594800347222,42.7543,1.1491519965277774,1.1491519965277774
2026-09-16 04:07:55,degradation_index,43.5215,43.28065553878968,41.4884,0.24084446121032244,0.24084446121032244
2026-09-16 04:07:56,degradation_index,40.1168,44.43753909693363,47.9656,-4.320739096933629,4.320739096933629
2026-09-16 04:07:57,degradation_index,35.9003,43.85249064642857,43.6111,-7.952190646428569,7.952190646428569
2026-09-16 04:07:58,degradation_index,47.8369,42.53607725670995,38.3978,5.300822743290048,5.300822743290048
2026-09-16 04:07:59,degradation_index,41.7491,41.69520399454365,38.0963,0.05389600545635176,0.05389600545635176
2026-09-16 04:08:00,degradation_index,38.1198,41.593863617568545,40.561,-3.4740636175685466,3.4740636175685466
2026-09-16 04:08:01,degradation_index,40.4377,41.846693355952375,37.9587,-1.4089933559523757,1.4089933559523757
2026-09-16 04:08:02,degradation_index,38.4078,42.62836646902056,45.2384,-4.220566469020561,4.220566469020561
2026-09-16 04:08:03,degradation_index,34.4848,42.25154144811508,46.6334,-7.766741448115077,7.766741448115077
2026-09-16 04:08:04,degradation_index,41.0479,42.317961492857144,45.4351,-1.2700614928571454,1.2700614928571454
2026-09-16 04:08:05,degradation_index,42.2457,42.76191653680556,43.5215,-0.5162165368055582,0.5162165368055582
2026-09-16 04:08:06,degradation_index,43.5501,42.013106503273804,40.1168,1.536993496726197,1.536993496726197
2026-09-16 04:08:07,degradation_index,35.5302,40.857628890674604,35.9003,-5.327428890674604,5.327428890674604
2026-09-16 04:08:08,degradation_index,41.9878,42.58819249970238,47.8369,-0.6003924997023802,0.6003924997023802
2026-09-16 04:08:09,degradation_index,35.4423,42.400475395896464,41.7491,-6.958175395896461,6.958175395896461
2026-09-16 04:08:10,degradation_index,44.1369,41.31599974960317,38.1198,2.820900250396825,2.820900250396825
2026-09-16 04:08:11,degradation_index,38.9987,41.02545892956349,40.4377,-2.026758929563492,2.026758929563492
2026-09-16 04:08:12,degradation_index,39.2693,39.90461901438492,38.4078,-0.635319014384919,0.635319014384919
2026-09-16 04:08:13,degradation_index,43.8863,39.47879155342713,34.4848,4.407508446572869,4.407508446572869
2026-09-16 04:08:14,degradation_index,41.8512,40.403363737896825,41.0479,1.4478362621031735,1.4478362621031735
2026-09-16 04:08:15,degradation_index,40.1404,39.86669936964286,42.2457,0.27370063035714054,0.27370063035714054
2026-09-16 04:08:16,degradation_index,42.3211,40.68387358045635,43.5501,1.6372264195436514,1.6372264195436514
2026-09-16 04:08:17,degradation_index,39.5349,38.67663404623016,35.5302,0.8582659537698376,0.8582659537698376
2026-09-16 04:08:18,degradation_index,29.948,39.29567436875,41.9878,-9.347674368749999,9.347674368749999
2026-09-16 04:08:19,degradation_index,36.7883,39.69893285962302,35.4423,-2.9106328596230213,2.9106328596230213
2026-09-16 04:08:20,degradation_index,39.459,40.11646566458333,44.1369,-0.6574656645833272,0.6574656645833272
2026-09-16 04:08:21,degradation_index,35.4079,40.282986207503605,38.9987,-4.875086207503607,4.875086207503607
2026-09-16 04:08:22,degradation_index,35.6694,39.55646365009921,39.2693,-3.8870636500992077,3.8870636500992077
2026-09-16 04:08:23,degradation_index,38.5612,39.60262317182539,43.8863,-1.041423171825393,1.041423171825393
2026-09-16 04:08:24,degradation_index,34.2531,40.56269539107143,41.8512,-6.309595391071426,6.309595391071426
2026-09-16 04:08:25,degradation_index,35.7042,40.42587380165043,40.1404,-4.721673801650432,4.721673801650432
2026-09-16 04:08:26,degradation_index,37.0865,39.98540630922619,42.3211,-2.8989063092261915,2.8989063092261915
2026-09-16 04:08:27,degradation_index,38.0046,40.044057414087305,39.5349,-2.039457414087302,2.039457414087302
2026-09-16 04:08:28,degradation_index,39.2162,37.225560234424606,29.948,1.990639765575395,1.990639765575395
2026-09-16 04:08:29,degradation_index,33.605,37.856268342559524,36.7883,-4.251268342559527,4.251268342559527
2026-09-16 04:08:30,degradation_index,41.7758,38.42240567896825,39.459,3.353394321031743,3.353394321031743
2026-09-16 04:08:31,degradation_index,31.3376,38.09217083561508,35.4079,-6.75457083561508,6.75457083561508
2026-09-16 04:08:32,degradation_index,35.4744,36.97172615128969,35.6694,-1.497326151289684,1.497326151289684
2026-09-16 04:08:33,degradation_index,35.4569,37.191170695833335,38.5612,-1.734270695833338,1.734270695833338
2026-09-16 04:08:34,degradation_index,39.4366,36.73189970297619,34.2531,2.7047002970238054,2.7047002970238054
2026-09-16 04:08:35,degradation_index,35.2364,37.228544223015874,35.7042,-1.9921442230158704,1.9921442230158704
2026-09-16 04:08:36,degradation_index,36.4985,36.791453761805556,37.0865,-0.2929537618055562,0.2929537618055562
2026-09-16 04:08:37,degradation_index,31.2019,37.235914848908735,38.0046,-6.034014848908736,6.034014848908736
2026-09-16 04:08:38,degradation_index,31.682,37.3141091683171,39.2162,-5.632109168317104,5.632109168317104
2026-09-16 04:08:39,degradation_index,35.2144,37.19058864871031,33.605,-1.9761886487103126,1.9761886487103126
2026-09-16 04:08:40,degradation_index,31.202,38.30739400819805,41.7758,-7.105394008198051,7.105394008198051
2026-09-16 04:08:41,degradation_index,35.8172,37.225770665395025,31.3376,-1.4085706653950254,1.4085706653950254
2026-09-16 04:08:42,degradation_index,36.7412,35.95656352837302,35.4744,0.7846364716269818,0.7846364716269818
2026-09-16 04:08:43,degradation_index,39.1982,36.88444423462301,35.4569,2.313755765376989,2.313755765376989
2026-09-16 04:08:44,degradation_index,31.6209,35.94931121488095,39.4366,-4.328411214880951,4.328411214880951
2026-09-16 04:08:45,degradation_index,33.9244,36.666125131746035,35.2364,-2.741725131746037,2.741725131746037
2026-09-16 04:08:46,degradation_index,32.3217,35.53519139265873,36.4985,-3.2134913926587316,3.2134913926587316
2026-09-16 04:08:47,degradation_index,33.0639,34.48339719176587,31.2019,-1.4194971917658705,1.4194971917658705
2026-09-16 04:08:48,degradation_index,37.7594,33.82255555892857,31.682,3.936844441071429,3.936844441071429
2026-09-16 04:08:49,degradation_index,40.3991,35.03309242850275,35.2144,5.366007571497249,5.366007571497249
2026-09-16 04:08:50,degradation_index,34.2663,34.739509884027775,31.202,-0.4732098840277743,0.4732098840277743
2026-09-16 04:08:51,degradation_index,36.3526,34.07665049970238,35.8172,2.275949500297621,2.275949500297621
2026-09-16 04:08:52,degradation_index,37.2641,34.570663530654755,36.7412,2.6934364693452437,2.6934364693452437
2026-09-16 04:08:53,degradation_index,29.7713,35.240692419345244,39.1982,-5.469392419345244,5.469392419345244
2026-09-16 04:08:54,degradation_index,33.7504,34.75257230625,31.6209,-1.002172306250003,1.002172306250003
2026-09-16 04:08:55,degradation_index,31.9051,34.74134568975469,33.9244,-2.836245689754687,2.836245689754687
2026-09-16 04:08:56,degradation_index,32.3247,35.15898039910714,32.3217,-2.8342803991071435,2.8342803991071435
2026-09-16 04:08:57,degradation_index,29.0783,33.958439110119045,33.0639,-4.880139110119046,4.880139110119046
2026-09-16 04:08:58,degradation_index,31.9278,34.7404448921627,37.7594,-2.812644892162698,2.812644892162698
2026-09-16 04:08:59,degradation_index,33.1252,35.35563500208333,40.3991,-2.2304350020833326,2.2304350020833326
2026-09-16 04:09:00,degradation_index,33.8116,35.33698164117064,34.2663,-1.5253816411706396,1.5253816411706396
2026-09-16 04:09:01,degradation_index,33.9356,34.559167856349205,36.3526,-0.6235678563492044,0.6235678563492044
2026-09-16 04:09:02,degradation_index,28.9068,35.50383898055556,37.2641,-6.597038980555556,6.597038980555556
2026-09-16 04:09:03,degradation_index,31.7083,35.02875697708333,29.7713,-3.3204569770833317,3.3204569770833317
2026-09-16 04:09:04,degradation_index,32.2441,34.17986974702381,33.7504,-1.935769747023805,1.935769747023805
2026-09-16 04:09:05,degradation_index,34.103,34.439954358630956,31.9051,-0.3369543586309547,0.3369543586309547
2026-09-16 04:09:06,degradation_index,32.5427,34.039496385317456,32.3247,-1.4967963853174524,1.4967963853174524
2026-09-16 04:09:07,degradation_index,28.8527,32.78120610178571,29.0783,-3.9285061017857146,3.9285061017857146
2026-09-16 04:09:08,degradation_index,33.6904,32.960301115963205,31.9278,0.7300988840367921,0.7300988840367921
2026-09-16 04:09:09,degradation_index,32.48,32.67941739583333,33.1252,-0.1994173958333363,0.1994173958333363
2026-09-16 04:09:10,degradation_index,30.6475,33.03448607579365,33.8116,-2.3869860757936507,2.3869860757936507
2026-09-16 04:09:11,degradation_index,34.0999,33.23958503224206,33.9356,0.8603149677579367,0.8603149677579367
2026-09-16 04:09:12,degradation_index,26.9131,32.327102633035715,28.9068,-5.4140026330357145,5.4140026330357145
2026-09-16 04:09:13,degradation_index,34.953,32.557670039384924,31.7083,2.3953299606150793,2.3953299606150793
2026-09-16 04:09:14,degradation_index,29.878,32.577638608630956,32.2441,-2.6996386086309556,2.6996386086309556
2026-09-16 04:09:15,degradation_index,28.1553,32.80938434761905,34.103,-4.654084347619051,4.654084347619051
2026-09-16 04:09:16,degradation_index,31.7136,32.20738187291667,32.5427,-0.49378187291667075,0.49378187291667075
2026-09-16 04:09:17,degradation_index,29.1409,31.253915325892855,28.8527,-2.1130153258928566,2.1130153258928566
2026-09-16 04:09:18,degradation_index,31.4658,32.55058081140873,33.6904,-1.0847808114087272,1.0847808114087272
2026-09-16 04:09:19,degradation_index,29.8147,32.51792263045635,32.48,-2.7032226304563487,2.7032226304563487
2026-09-16 04:09:20,degradation_index,28.1756,32.01809740218254,30.6475,-3.8424974021825413,3.8424974021825413
2026-09-16 04:09:21,degradation_index,31.338,32.38411547311508,34.0999,-1.04611547311508,1.04611547311508
2026-09-16 04:09:22,degradation_index,30.4843,31.207134713690476,26.9131,-0.7228347136904745,0.7228347136904745
2026-09-16 04:09:23,degradation_index,31.9951,32.404470016774894,34.953,-0.4093700167748935,0.4093700167748935
2026-09-16 04:09:24,degradation_index,29.1321,31.65572320823413,29.878,-2.5236232082341274,2.5236232082341274
2026-09-16 04:09:25,degradation_index,25.6978,31.976285026010103,28.1553,-6.278485026010102,6.278485026010102
2026-09-16 04:09:26,degradation_index,27.6441,31.38714956607143,31.7136,-3.743049566071427,3.743049566071427
2026-09-16 04:09:27,degradation_index,26.9751,31.21630893958333,29.1409,-4.241208939583331,4.241208939583331
2026-09-16 04:09:28,degradation_index,33.2644,31.473030612896828,31.4658,1.791369387103174,1.791369387103174
2026-09-16 04:09:29,degradation_index,27.4754,30.668019390205625,29.8147,-3.192619390205625,3.192619390205625
2026-09-16 04:09:30,degradation_index,28.6871,30.220448751488096,28.1756,-1.533348751488095,1.533348751488095
2026-09-16 04:09:31,degradation_index,29.1485,30.581113128571427,31.338,-1.432613128571429,1.432613128571429
2026-09-16 04:09:32,degradation_index,26.7673,30.52325298541667,30.4843,-3.7559529854166698,3.7559529854166698
2026-09-16 04:09:33,degradation_index,30.83,31.36418062135642,31.9951,-0.5341806213564233,0.5341806213564233
2026-09-16 04:09:34,degradation_index,27.4758,30.022740473593075,29.1321,-2.546940473593075,2.546940473593075
2026-09-16 04:09:35,degradation_index,23.2009,29.493621355871213,25.6978,-6.292721355871212,6.292721355871212
2026-09-16 04:09:36,degradation_index,19.9486,29.38508178055556,27.6441,-9.43648178055556,9.43648178055556
2026-09-16 04:09:37,degradation_index,29.5585,28.954520366369046,26.9751,0.6039796336309529,0.6039796336309529
2026-09-16 04:09:38,degradation_index,23.2349,30.336048450595243,33.2644,-7.101148450595243,7.101148450595243
2026-09-16 04:09:39,degradation_index,22.1923,29.75566564394841,27.4754,-7.563365643948412,7.563365643948412
2026-09-16 04:09:40,degradation_index,22.2723,29.03086630376984,28.6871,-6.75856630376984,6.75856630376984
2026-09-16 04:09:41,degradation_index,26.4567,29.215548683531743,29.1485,-2.758848683531742,2.758848683531742
2026-09-16 04:09:42,degradation_index,24.0463,29.410343630772005,26.7673,-5.364043630772006,5.364043630772006
2026-09-16 04:09:43,degradation_index,26.4924,29.756684952083333,30.83,-3.264284952083333,3.264284952083333
2026-09-16 04:09:44,degradation_index,23.4255,28.51777974264069,27.4758,-5.092279742640692,5.092279742640692
2026-09-16 04:09:45,degradation_index,22.1215,27.327213488888887,23.2009,-5.205713488888886,5.205713488888886
2026-09-16 04:09:46,degradation_index,25.2293,26.025779378472226,19.9486,-0.7964793784722275,0.7964793784722275
2026-09-16 04:09:47,degradation_index,23.4265,27.74892445426587,29.5585,-4.322424454265871,4.322424454265871
2026-09-16 04:09:48,degradation_index,30.6497,26.76891976041666,23.2349,3.8807802395833377,3.8807802395833377
2026-09-16 04:09:49,degradation_index,22.4176,25.440797525694446,22.1923,-3.023197525694446,3.023197525694446
