timestamp,sample_id,condition_label,cpu_mean,cpu_std,cpu_min,cpu_max,cpu_trend,cpu_growth_rate,memory_mean,memory_std,memory_trend,memory_growth_rate,heap_trend,heap_growth_rate,stack_trend,stack_growth_rate,latency_mean,latency_max,latency_trend,latency_growth_rate,task_delay_trend,deadline_miss_rate,deadline_trend,queue_trend,queue_growth_rate,cpu_health_score,memory_health_score,stack_health_score,task_health_score,timing_health_score,ai_health_score,resource_health_score,overall_health_score,cpu_overload_flag,memory_leak_flag,heap_exhaustion_flag,stack_risk_flag,deadline_miss_flag,task_starvation_flag,ai_latency_flag,queue_overflow_flag,fault_count,degradation_index,degradation_rate,health_change_rate,fault_severity
2026-09-16T00:00:00.000,1,NORMAL,28.39,0.0,28.39,28.39,0.0,0.0,18.15,0.0,0.0,0.0,0.0,0.0,0.0,0.0,33.12,33.12,0.0,0.0,0.0,0.0,0.0,0.0,0.0,95.94,97.58,95.56,97.86,100.0,100.0,100.0,97.94,0,0,0,0,0,0,0,0,0,0.0155,0.0,0.0,0.0
2026-09-16T00:00:01.000,2,NORMAL,25.33,3.0600000000000005,22.27,28.39,0.0,0.0,18.67,0.5200000000000014,0.0,0.0,0.0,0.0,0.0,0.0,33.92,34.72,0.0,0.0,0.0,0.0,0.0,0.0,0.0,96.82,97.44,94.96,97.18,100.0,100.0,100.0,97.93,0,0,0,0,0,0,0,0,0,0.0155,0.0,0.0,0.0
2026-09-16T00:00:02.000,3,NORMAL,27.41,3.859430009729417,22.27,31.57,1.59,0.056005635787249,19.12,0.7650272326307525,0.9350000000000004,0.0515151515151515,0.9350000000000004,0.0515151515151515,-1.0949999999999989,-0.0328828828828828,33.44,34.72,-0.3200000000000003,-0.0096618357487922,0.145,0.0,0.0,0.0,0.0,95.49,97.33,95.85,96.86,100.0,100.0,100.0,97.68,0,0,0,0,0,0,0,0,0,0.0174,0.0,0.0,0.0117182623051192
2026-09-16T00:00:03.000,4,NORMAL,28.129999999999995,3.567436054087025,22.27,31.57,1.4999999999999996,0.0528355054596688,19.7675,1.30258157134208,1.1510000000000005,0.0634159779614325,1.1510000000000005,0.0634159779614325,1.443000000000002,0.0433333333333334,33.802499999999995,34.89,0.3070000000000007,0.0092693236714976,-0.3219999999999999,0.0,0.0,-1.8,-0.1384615384615384,95.67,97.11,94.62,98.3,100.0,100.0,100.0,97.76,0,0,0,0,0,0,0,0,0,0.0168,0.0,0.0,0.0125520807092599
2026-09-16T00:00:04.000,5,NORMAL,28.176,3.192137841635289,22.27,31.57,0.7959999999999997,0.0280380415639309,19.852,1.177257830723585,0.6600000000000005,0.0363636363636363,0.6600000000000005,0.0363636363636363,0.4820000000000007,0.0144744744744744,33.652,34.89,0.0030000000000001,9.057971014493098e-05,-0.305,0.0,0.0,-1.0,-0.0769230769230769,87.95,70.31,85.41,97.73,100.0,100.0,100.0,89.85,0,1,0,0,0,0,0,0,1,0.3361,0.06425,-1.635,0.0064492257637712
2026-09-16T00:00:05.000,6,NORMAL,28.796666666666667,3.22762898872979,22.27,31.9,0.9868571428571428,0.0347607306395612,20.183333333333334,1.3053181817302464,0.6611428571428574,0.0364266036993309,0.6611428571428574,0.0364266036993309,0.4585714285714291,0.0137709137709137,33.946666666666665,35.42,0.2542857142857148,0.0076777087646653,-0.205142857142857,0.0,0.0,-1.2,-0.0923076923076923,87.44,70.09,85.11,98.13,100.0,88.0,100.0,88.54,0,1,0,0,0,0,0,0,1,0.3759,0.07895,-2.0331,0.0078865043103557
2026-09-16T00:00:06.000,7,NORMAL,29.077142857142857,3.066164259348497,22.27,31.9,0.8271428571428572,0.0291350072963317,20.141428571428573,1.2128411575591376,0.3817857142857144,0.0210350255804801,0.3817857142857144,0.0210350255804801,0.5285714285714287,0.0158730158730158,33.95142857142857,35.42,0.1625000000000001,0.0049064009661835,-0.0821428571428571,0.0,0.0,-1.1428571428571428,-0.0879120879120879,87.61,70.35,84.95,97.38,100.0,88.0,100.0,88.49,0,1,0,0,0,0,0,0,1,0.3763,0.07578,-1.9629,0.0055076433842995
2026-09-16T00:00:07.000,8,NORMAL,28.69125,3.0444352411407936,22.27,31.9,0.2941666666666666,0.0103616296818128,20.03875,1.1665808748218018,0.1860714285714287,0.0102518693427784,0.1860714285714287,0.0102518693427784,0.8553571428571429,0.0256864006864006,34.02625,35.42,0.1582142857142857,0.0047770013802622,0.0242857142857143,0.0,0.0,-1.1071428571428572,-0.0851648351648351,88.29,76.14,84.4,96.46,100.0,88.0,100.0,89.59,0,1,0,0,0,0,0,0,1,0.3681,0.06746,-1.6783,0.0025390500404853
2026-09-16T00:00:08.000,9,NORMAL,29.05444444444445,3.0486102885344377,22.27,31.96,0.4238333333333333,0.0149289655982153,20.164444444444445,1.1558941811535743,0.2056666666666668,0.0113314967860422,0.2056666666666668,0.0113314967860422,0.9295,0.0279129129129129,34.278888888888886,36.3,0.2623333333333332,0.0079206924315619,-0.0149999999999999,0.0,0.0,-0.6833333333333333,-0.0525641025641025,87.43,74.98,84.45,97.62,100.0,88.0,100.0,89.37,0,1,0,0,0,0,0,0,1,0.3697,0.05919,-1.4483,0.0034181154815819
2026-09-16T00:00:09.000,10,NORMAL,28.803000000000004,2.9889197045086378,22.27,31.96,0.1710909090909091,0.0060264497742482,20.520000000000003,1.5297908353758691,0.3435151515151515,0.0189264546289339,0.3435151515151515,0.0189264546289339,0.8543636363636363,0.0256565656565656,34.183,36.3,0.1384848484848485,0.0041813058117405,-0.0298181818181817,0.0,0.0,-0.2666666666666666,-0.0205128205128205,88.21,69.84,84.6,97.15,100.0,88.0,100.0,88.44,0,1,0,0,0,0,0,0,1,0.3767,0.05213,-1.303,0.0029134210214922
2026-09-16T00:00:10.000,11,NORMAL,28.927,2.9949292145224407,22.27,31.96,0.1886666666666666,0.0084717856608292,20.829,1.317167035724778,0.2247878787878786,0.0117138029592432,0.2247878787878786,0.0117138029592432,0.6666060606060608,0.0176350809684143,34.336,36.3,0.093090909090909,0.0026811897779639,0.0314545454545454,0.0,0.0,-0.3636363636363636,-0.0279720279720279,87.77,71.06,84.75,95.93,100.0,88.0,100.0,88.43,0,1,0,0,0,0,0,0,1,0.3768,0.04592,-1.1649,0.0022866778398036
2026-09-16T00:00:11.000,12,NORMAL,29.778,2.0389203025130733,25.99,31.96,-0.154060606060606,-0.0048799685163321,21.278,1.4413590808677756,0.2710303030303029,0.0135379771743408,0.2710303030303029,0.0135379771743408,0.2523636363636365,0.0081119780251892,34.307,36.3,0.1238181818181819,0.0038121361397223,0.0876969696969697,0.0,0.0,0.0181818181818181,0.0013986013986013,87.6,69.84,85.86,97.7,100.0,88.0,100.0,88.53,0,1,0,0,0,0,0,0,1,0.376,0.04054,-1.0366,0.0022230081830395
2026-09-16T00:00:12.000,13,NORMAL,29.244000000000007,2.1931128561932245,25.99,31.96,-0.228121212121212,-0.0075312384325259,21.203000000000007,1.5221172753766377,0.0776363636363634,0.0035760646539089,0.0776363636363634,0.0035760646539089,-0.229090909090909,-0.0056790012169288,34.623999999999995,36.3,0.0752727272727272,0.0021574298444461,0.1043030303030303,0.0,0.0,0.5212121212121212,0.0744588744588744,96.25,74.95,85.14,97.14,100.0,88.0,100.0,91.12,0,1,0,0,0,0,0,0,1,0.3266,0.03432,-0.8395,0.0013264732930881
2026-09-16T00:00:13.000,14,NORMAL,28.753,2.439733796954086,25.38,31.96,-0.3691515151515151,-0.0130166260631704,21.185,1.5170711914738868,0.1292727272727271,0.0064028096717546,0.1292727272727271,0.0064028096717546,-0.3625454545454544,-0.0105268715024812,34.445,36.3,0.0098787878787881,0.00029890432311,0.1050909090909091,0.0,0.0,0.2303030303030303,0.0209366391184573,96.37,75.66,95.63,95.99,100.0,100.0,100.0,93.37,0,1,0,0,0,0,0,0,1,0.2497,0.02723,-0.6273,0.0019718340058035
2026-09-16T00:00:14.000,15,NORMAL,28.331,2.8083356280900618,24.14,31.96,-0.646969696969697,-0.0202811817231879,21.045,1.6602725679839438,-0.0676969696969697,-0.0030996780996781,-0.0676969696969697,-0.0030996780996781,-0.3354545454545455,-0.0091454347179538,34.626000000000005,36.3,-0.0604848484848483,-0.0017076467669353,-0.0066060606060606,0.0,0.0,0.5333333333333333,0.0761904761904761,99.55,80.16,84.5,98.38,100.0,100.0,100.0,94.15,0,1,0,0,0,0,0,0,1,0.2739,0.02255,-0.4542,0.0025088506589801
2026-09-16T00:00:15.000,16,NORMAL,28.07,2.5762026317819027,24.14,31.96,-0.3567272727272728,-0.0115971154982858,21.065,1.6708994583756378,0.0395757575757574,0.0019897314014961,0.0395757575757574,0.0019897314014961,-0.2096969696969695,-0.0055372846500388,34.333000000000006,36.3,-0.1240606060606055,-0.0036509889953091,-0.0789090909090909,0.0,0.0,0.5454545454545454,0.0779220779220779,95.82,79.21,84.43,98.12,100.0,100.0,100.0,93.17,0,1,0,0,0,0,0,0,1,0.2812,0.01908,-0.35,0.0017237835895091
2026-09-16T00:00:16.000,17,NORMAL,27.444,2.606880127662184,24.14,31.96,-0.3721212121212121,-0.0143178611820397,21.43,1.770079094277993,0.0962424242424241,0.0049814919380136,0.0962424242424241,0.0049814919380136,-0.4207878787878788,-0.0100259203904664,34.566,36.31,-0.0397575757575752,-0.0011507257816953,-0.0009696969696969,0.0,0.0,0.5393939393939394,0.0898989898989899,99.5,77.39,85.29,95.86,100.0,100.0,100.0,93.29,0,1,0,0,0,0,0,0,1,0.2803,0.01631,-0.2693,0.0020450078901748
2026-09-16T00:00:17.000,18,NORMAL,27.530999999999995,2.571176578922576,24.14,31.96,-0.500909090909091,-0.0156730003413357,21.426,1.7748814044887615,-0.1616969696969697,-0.0076380240763802,-0.1616969696969697,-0.0076380240763802,-0.3554545454545452,-0.0085343228200371,34.34,36.31,-0.1649696969696966,-0.0045446197512313,0.0334545454545454,0.0,0.0,0.0,0.0,99.16,80.47,85.36,96.94,100.0,100.0,100.0,94.0,0,1,0,0,0,0,0,0,1,0.275,0.01398,-0.1954,0.0027855644168947
2026-09-16T00:00:18.000,19,NORMAL,27.091,2.110883464334305,24.14,30.78,-0.2040606060606061,-0.0076887945011532,21.54,1.7913123680698455,-0.1305454545454544,-0.0055036026368235,-0.1305454545454544,-0.0055036026368235,-0.3855757575757575,-0.0095180389428723,34.05800000000001,36.31,-0.0812121212121212,-0.0024373385717923,-0.0638181818181818,0.0,0.0,-0.0545454545454545,-0.0038961038961038,99.06,79.69,95.75,97.79,100.0,100.0,100.0,94.99,0,1,0,0,0,0,0,0,1,0.2376,0.01151,-0.1239,0.0015629735709769
2026-09-16T00:00:19.000,20,NORMAL,26.794,2.361568123091096,23.57,30.78,-0.4328484848484848,-0.0146084537579643,21.544,1.7962137957381354,0.135878787878788,0.0063973063973064,0.135878787878788,0.0063973063973064,-0.4221212121212122,-0.0107300765663754,34.019000000000005,36.31,-0.1919393939393939,-0.0055393764484673,-0.0353333333333333,0.0,0.0,-0.0606060606060605,-0.0121212121212121,99.63,78.34,95.87,96.87,100.0,100.0,100.0,94.71,0,1,0,0,0,0,0,0,1,0.2397,0.00957,-0.074,0.0026545136603738
2026-09-16T00:00:20.000,21,NORMAL,27.746,4.374183809580937,23.57,39.15,0.4301818181818179,0.0139760174847894,21.57,1.793504948418041,0.1132121212121212,0.0047809172809172,0.1132121212121212,0.0047809172809172,-0.1312727272727269,-0.0042305100635748,34.221000000000004,36.67,-0.0052727272727272,-0.0001531434003115,0.0593333333333333,0.0,0.0,-0.5818181818181818,-0.0484848484848484,94.41,97.13,95.16,96.73,100.0,100.0,100.0,97.33,0,0,0,0,0,0,0,0,0,0.02,0.0,0.0,0.0018910078166018
2026-09-16T00:00:21.000,22,NORMAL,29.003,6.401671734789281,23.57,43.35,1.4835757575757578,0.0565602652526022,21.601,1.831974071868922,0.3858787878787878,0.020024846283279,0.3858787878787878,0.020024846283279,-0.0473939393939388,-0.0012995322016435,34.015,36.67,-0.0923030303030304,-0.0025891453100429,0.1349090909090909,0.0,0.0,-0.2787878787878787,-0.0199134199134199,93.81,96.8,94.41,95.47,100.0,100.0,100.0,96.88,0,0,0,0,0,0,0,0,0,0.0234,0.0,0.0,0.0079174256845924
2026-09-16T00:00:22.000,23,NORMAL,30.924,7.971179586485302,23.57,45.44,2.1952727272727275,0.0864961673472311,22.066000000000003,1.770402214187499,0.356969696969697,0.0165801066869343,0.356969696969697,0.0165801066869343,0.0431515151515156,0.0013172013172013,33.654,36.67,-0.0910303030303033,-0.0027501602123958,0.2303030303030303,0.0,0.0,-0.0303030303030303,-0.0043290043290043,93.51,96.81,94.95,94.73,100.0,100.0,100.0,96.77,0,0,0,0,0,0,0,0,0,0.0242,0.0,0.0,0.0105826434246561
2026-09-16T00:00:23.000,24,NORMAL,33.324,9.42170387987226,23.57,49.38,2.8323636363636364,0.1173307223017247,22.144,1.7622326747623314,0.3345454545454546,0.0178044414340316,0.3345454545454546,0.0178044414340316,-0.4254545454545452,-0.0103190527638744,33.861000000000004,36.67,-0.0452727272727273,-0.0012987012987013,0.4107878787878788,0.0,0.0,-0.0484848484848484,-0.0037296037296037,92.95,97.03,95.67,94.16,100.0,100.0,100.0,96.69,0,0,0,0,0,0,0,0,0,0.0248,0.0,0.0,0.0136433865034457
2026-09-16T00:00:24.000,25,NORMAL,36.019000000000005,10.229074689335295,23.57,51.09,3.1891515151515155,0.1088819226750261,22.222,1.623883000711566,-0.0294545454545454,-0.0013364131331463,-0.0294545454545454,-0.0013364131331463,0.0263030303030301,0.0006291085937103,33.851000000000006,36.67,0.0703636363636361,0.0021657013346763,0.4809090909090909,0.0,0.0,-0.2424242424242424,-0.0186480186480186,84.7,97.39,94.81,83.45,100.0,100.0,100.0,93.42,0,0,0,0,0,0,0,0,0,0.1093,0.018,-0.801,0.0112384037142848
2026-09-16T00:00:25.000,26,NORMAL,38.588,11.37797064506672,23.57,54.98,3.7747878787878784,0.1540729746444032,22.003,1.7743621389107689,-0.1709696969696968,-0.0072629437965036,-0.1709696969696968,-0.0072629437965036,0.6487272727272725,0.0183671368269329,34.2,36.67,0.0957575757575755,0.0026372232376088,0.5506666666666666,0.0,0.0,-0.2303030303030303,-0.0164502164502164,84.15,97.35,84.56,83.54,100.0,88.0,100.0,91.09,0,0,0,0,0,0,0,0,0,0.1868,0.03121,-1.1903,0.0163973141678515
2026-09-16T00:00:26.000,27,NORMAL,41.969,11.707929321617891,23.57,58.31,3.911333333333334,0.1456192603623728,22.007,1.7778641680398417,0.0175151515151514,0.0009084622155161,0.0175151515151514,0.0009084622155161,0.8284848484848484,0.0238001967390074,34.257,36.88,0.3826060606060607,0.0118490573120489,0.7261212121212123,0.0,0.0,-0.1878787878787878,-0.0268398268398268,83.67,96.86,84.62,82.28,100.0,87.69,100.0,90.68,0,0,0,0,0,0,0,0,0,0.1899,0.03291,-1.2457,0.0158376779889937
2026-09-16T00:00:27.000,28,NORMAL,45.285,11.654845558822306,23.57,60.02,3.8886666666666674,0.1410982099661345,22.351,1.5328564838235832,-0.1253939393939394,-0.0056205261942599,-0.1253939393939394,-0.0056205261942599,0.4176363636363635,0.0131084859898419,34.664,36.88,0.3661818181818183,0.010937330292169,0.8059393939393941,0.0,0.0,-0.0666666666666666,-0.0066666666666666,83.43,96.97,95.83,81.94,100.0,88.0,100.0,91.75,0,0,0,0,0,0,0,0,0,0.1519,0.02772,-1.0758,0.0157656066452563
2026-09-16T00:00:28.000,29,NORMAL,48.979,11.300170308451108,23.57,64.5,3.755090909090909,0.159316542600378,22.439,1.5531030229833434,-0.0823636363636364,-0.0034664830119375,-0.0823636363636364,-0.0034664830119375,0.4144848484848484,0.0133877535040325,34.656,36.88,0.2183030303030302,0.0066293055057099,0.7836363636363637,0.0,0.0,0.2363636363636363,0.0337662337662337,82.79,96.91,94.45,81.17,100.0,88.0,100.0,91.36,0,0,0,0,0,0,0,0,0,0.1548,0.02363,-0.9508,0.0169412331118025
2026-09-16T00:00:29.000,30,NORMAL,53.35999999999999,8.820353734403172,39.15,67.38,3.064848484848485,0.0782847633422346,21.928,1.8472022087470557,-0.200969696969697,-0.0093474277660324,-0.200969696969697,-0.0093474277660324,-0.1152727272727274,-0.0031781838233451,34.92699999999999,36.88,0.1569090909090909,0.0042789498475345,0.8422424242424245,0.0,0.0,0.0727272727272727,0.0103896103896103,82.37,97.51,95.31,80.67,100.0,88.0,100.0,91.41,0,0,0,0,0,0,0,0,0,0.1544,0.02025,-0.8326,0.0091911140955801
2026-09-16T00:00:30.000,31,NORMAL,56.354,8.566532787540126,43.35,69.09,2.9755151515151512,0.0686393345216874,22.01,1.8445812532930064,-0.2081212121212121,-0.0086753318933393,-0.2081212121212121,-0.0086753318933393,-0.1412727272727274,-0.0033676454653808,34.795,36.88,0.2961818181818184,0.00914988625832,0.8422424242424245,0.0,0.0,-0.0727272727272727,-0.0051948051948051,82.13,97.02,94.81,80.06,100.0,88.0,100.0,91.12,0,0,0,0,0,0,0,0,0,0.1566,0.01758,-0.7435,0.0086464552673346
2026-09-16T00:00:31.000,32,NORMAL,59.218,8.527662985836155,45.44,71.99,2.961454545454545,0.0651728553137003,21.652,1.7715179931347016,-0.1633939393939394,-0.0068308503091111,-0.1633939393939394,-0.0068308503091111,-0.1123030303030304,-0.0029670549617709,34.822,36.88,0.0169696969696971,0.0005296409790791,0.8420000000000001,0.0,0.0,0.2,0.0181818181818181,77.58,97.28,95.53,78.71,100.0,100.0,92.0,90.53,0,0,0,0,0,0,0,0,0,0.161,0.01553,-0.6861,0.007253334660189
2026-09-16T00:00:32.000,33,NORMAL,62.237,8.459238795541829,49.38,75.63,2.938121212121212,0.0595002270579427,21.408,1.602284618911384,-0.0215757575757575,-0.0009670890890075,-0.0215757575757575,-0.0009670890890075,-0.0197575757575758,-0.0006090498075701,35.05,36.88,-0.1958787878787877,-0.0055694850121918,0.8420606060606061,0.0,0.0,0.2,0.0142857142857142,69.49,97.14,94.95,78.03,100.0,100.0,100.0,89.53,0,0,0,0,0,0,0,0,0,0.1385,0.01304,-0.6618,0.0066036801159142
2026-09-16T00:00:33.000,34,NORMAL,65.15700000000001,8.556368446952243,51.09,78.58,2.972424242424242,0.0581801574167986,21.468,1.6455868254212536,0.1204848484848485,0.0061566095291184,0.1204848484848485,0.0061566095291184,-0.2252727272727276,-0.0057925617709623,35.069,36.88,-0.1709696969696967,-0.0049185758621892,0.8424242424242424,0.0,0.0,0.206060606060606,0.0412121212121212,62.93,96.95,94.8,78.14,100.0,100.0,100.0,88.18,0,0,0,0,0,0,0,0,0,0.1686,0.01196,-0.6662,0.0069255342808106
2026-09-16T00:00:34.000,35,NORMAL,68.178,8.387883880932065,54.98,81.3,2.9151515151515146,0.0530220355611406,21.729,1.5265284144096367,0.0327878787878788,0.0016517823066941,0.0327878787878788,0.0016517823066941,-0.2484242424242427,-0.0060903221972111,34.915,36.88,-0.2924242424242423,-0.0081274108511462,0.8425454545454545,0.0,0.0,0.103030303030303,0.0147186147186147,56.89,97.04,95.21,76.84,100.0,100.0,100.0,86.83,0,0,0,0,0,0,0,0,0,0.1788,0.01122,-0.6861,0.0062801228718981
2026-09-16T00:00:35.000,36,NORMAL,71.102,8.373928349347157,58.31,84.22,2.9103030303030297,0.0499108734402851,21.694,1.5725279011833146,-0.2140606060606059,-0.0090780579330197,-0.2140606060606059,-0.0090780579330197,0.1227878787878784,0.0030408092815224,34.745000000000005,36.88,-0.2560606060606061,-0.0069430750016433,0.8424242424242424,0.0,0.0,0.1575757575757575,0.0315151515151515,50.4,97.4,94.64,72.21,100.0,100.0,100.0,84.86,0,0,0,0,0,0,0,0,0,0.1935,0.0108,-0.7278,0.0102665339708281
2026-09-16T00:00:36.000,37,NORMAL,73.902,8.309481090898515,60.02,86.31,2.8870303030303037,0.0481011380045035,21.465,1.4425758212308986,-0.1103636363636363,-0.0048575544174135,-0.1103636363636363,-0.0048575544174135,0.5062424242424243,0.0161738793687675,34.629,36.36,-0.0605454545454545,-0.0016651665166516,0.8420606060606061,0.0,0.0,-0.3878787878787879,-0.0298368298368298,45.76,97.16,94.56,69.91,100.0,100.0,100.0,83.53,0,0,0,0,0,0,0,0,0,0.2035,0.01049,-0.7682,0.0184690525605235
2026-09-16T00:00:37.000,38,NORMAL,76.852,8.091117104578329,64.5,89.52,2.8134545454545457,0.0436194503171247,21.156,1.4713136987060242,-0.1267878787878789,-0.005467351392319,-0.1267878787878789,-0.005467351392319,-0.098363636363636,-0.0023645104895104,34.462999999999994,35.72,0.0587272727272728,0.0017583015786608,0.8420000000000001,0.0,0.0,-0.206060606060606,-0.0147186147186147,35.95,97.38,95.49,67.57,100.0,100.0,100.0,51.84,1,0,0,0,0,0,0,0,1,0.5612,0.01637,-1.3391,0.0279245103288104
2026-09-16T00:00:38.000,39,NORMAL,79.691,8.238374172128868,67.38,92.89,2.864787878787879,0.0425168874857209,21.18,1.5058485979672729,0.1328484848484848,0.0071232431554147,0.1328484848484848,0.0071232431554147,0.125818181818182,0.0035733650047765,34.671,35.72,0.0433333333333331,0.0012158623269734,0.8422424242424242,0.0,0.0,-0.0969696969696969,-0.0096969696969696,22.89,96.88,95.07,66.17,100.0,100.0,100.0,42.31,1,0,0,0,0,0,0,0,1,0.6327,0.02145,-1.877,0.0373889326301442
2026-09-16T00:00:39.000,40,NORMAL,82.47899999999998,8.317521806403636,69.09,95.26,2.8932727272727274,0.0418768668008789,21.443,1.248727752554575,-0.0303636363636363,-0.0013603779732812,-0.0303636363636363,-0.0013603779732812,-0.0078181818181813,-0.0002009815377424,34.41700000000001,35.72,0.0222424242424241,0.0006292057777206,0.8422424242424245,0.0,0.0,-0.3454545454545454,-0.0314049586776859,13.61,97.16,95.03,63.53,100.0,100.0,97.31,35.42,1,0,0,0,0,0,0,0,1,0.6844,0.02558,-2.3405,0.0459833117218547
2026-09-16T00:00:40.000,41,NORMAL,28.39,0.0,28.39,28.39,0.0,0.0,18.15,0.0,0.0,0.0,0.0,0.0,0.0,0.0,33.12,33.12,0.0,0.0,0.0,0.0,0.0,0.0,0.0,95.94,97.58,95.56,97.86,100.0,100.0,100.0,97.94,0,0,0,0,0,0,0,0,0,0.0155,0.0,0.0,0.0
2026-09-16T00:00:41.000,42,NORMAL,25.33,3.0600000000000005,22.27,28.39,0.0,0.0,18.67,0.5200000000000014,0.0,0.0,0.0,0.0,0.0,0.0,33.92,34.72,0.0,0.0,0.0,0.0,0.0,0.0,0.0,96.82,97.44,94.96,97.18,100.0,100.0,100.0,97.93,0,0,0,0,0,0,0,0,0,0.0155,0.0,0.0,0.0
2026-09-16T00:00:42.000,43,NORMAL,27.41,3.859430009729417,22.27,31.57,1.59,0.056005635787249,19.12,0.7650272326307525,0.9350000000000004,0.0515151515151515,0.9350000000000004,0.0515151515151515,-1.0949999999999989,-0.0328828828828828,33.44,34.72,-0.3200000000000003,-0.0096618357487922,0.145,0.0,0.0,0.0,0.0,95.49,97.33,95.85,96.86,100.0,100.0,100.0,97.68,0,0,0,0,0,0,0,0,0,0.0174,0.0,0.0,0.0117182623051192
2026-09-16T00:00:43.000,44,NORMAL,28.129999999999995,3.567436054087025,22.27,31.57,1.4999999999999996,0.0528355054596688,19.7675,1.30258157134208,1.1510000000000005,0.0634159779614325,1.1510000000000005,0.0634159779614325,1.443000000000002,0.0433333333333334,33.802499999999995,34.89,0.3070000000000007,0.0092693236714976,-0.3219999999999999,0.0,0.0,-1.8,-0.1384615384615384,95.67,97.11,94.62,98.3,100.0,100.0,100.0,97.76,0,0,0,0,0,0,0,0,0,0.0168,0.0,0.0,0.0125520807092599
2026-09-16T00:00:44.000,45,NORMAL,28.176,3.192137841635289,22.27,31.57,0.7959999999999997,0.0280380415639309,19.852,1.177257830723585,0.6600000000000005,0.0363636363636363,0.6600000000000005,0.0363636363636363,0.4820000000000007,0.0144744744744744,33.652,34.89,0.0030000000000001,9.057971014493098e-05,-0.305,0.0,0.0,-1.0,-0.0769230769230769,87.95,70.31,85.41,97.73,100.0,100.0,100.0,89.85,0,1,0,0,0,0,0,0,1,0.3361,0.06425,-1.635,0.0064492257637712
2026-09-16T00:00:45.000,46,NORMAL,28.796666666666667,3.22762898872979,22.27,31.9,0.9868571428571428,0.0347607306395612,20.183333333333334,1.3053181817302464,0.6611428571428574,0.0364266036993309,0.6611428571428574,0.0364266036993309,0.4585714285714291,0.0137709137709137,33.946666666666665,35.42,0.2542857142857148,0.0076777087646653,-0.205142857142857,0.0,0.0,-1.2,-0.0923076923076923,87.44,70.09,85.11,98.13,100.0,88.0,100.0,88.54,0,1,0,0,0,0,0,0,1,0.3759,0.07895,-2.0331,0.0078865043103557
2026-09-16T00:00:46.000,47,NORMAL,29.077142857142857,3.066164259348497,22.27,31.9,0.8271428571428572,0.0291350072963317,20.141428571428573,1.2128411575591376,0.3817857142857144,0.0210350255804801,0.3817857142857144,0.0210350255804801,0.5285714285714287,0.0158730158730158,33.95142857142857,35.42,0.1625000000000001,0.0049064009661835,-0.0821428571428571,0.0,0.0,-1.1428571428571428,-0.0879120879120879,87.61,70.35,84.95,97.38,100.0,88.0,100.0,88.49,0,1,0,0,0,0,0,0,1,0.3763,0.07578,-1.9629,0.0055076433842995
2026-09-16T00:00:47.000,48,NORMAL,28.69125,3.0444352411407936,22.27,31.9,0.2941666666666666,0.0103616296818128,20.03875,1.1665808748218018,0.1860714285714287,0.0102518693427784,0.1860714285714287,0.0102518693427784,0.8553571428571429,0.0256864006864006,34.02625,35.42,0.1582142857142857,0.0047770013802622,0.0242857142857143,0.0,0.0,-1.1071428571428572,-0.0851648351648351,88.29,76.14,84.4,96.46,100.0,88.0,100.0,89.59,0,1,0,0,0,0,0,0,1,0.3681,0.06746,-1.6783,0.0025390500404853
2026-09-16T00:00:48.000,49,NORMAL,29.05444444444445,3.0486102885344377,22.27,31.96,0.4238333333333333,0.0149289655982153,20.164444444444445,1.1558941811535743,0.2056666666666668,0.0113314967860422,0.2056666666666668,0.0113314967860422,0.9295,0.0279129129129129,34.278888888888886,36.3,0.2623333333333332,0.0079206924315619,-0.0149999999999999,0.0,0.0,-0.6833333333333333,-0.0525641025641025,87.43,74.98,84.45,97.62,100.0,88.0,100.0,89.37,0,1,0,0,0,0,0,0,1,0.3697,0.05919,-1.4483,0.0034181154815819
2026-09-16T00:00:49.000,50,NORMAL,28.803000000000004,2.9889197045086378,22.27,31.96,0.1710909090909091,0.0060264497742482,20.520000000000003,1.5297908353758691,0.3435151515151515,0.0189264546289339,0.3435151515151515,0.0189264546289339,0.8543636363636363,0.0256565656565656,34.183,36.3,0.1384848484848485,0.0041813058117405,-0.0298181818181817,0.0,0.0,-0.2666666666666666,-0.0205128205128205,88.21,69.84,84.6,97.15,100.0,88.0,100.0,88.44,0,1,0,0,0,0,0,0,1,0.3767,0.05213,-1.303,0.0029134210214922
2026-09-16T00:00:50.000,51,NORMAL,28.927,2.9949292145224407,22.27,31.96,0.1886666666666666,0.0084717856608292,20.829,1.317167035724778,0.2247878787878786,0.0117138029592432,0.2247878787878786,0.0117138029592432,0.6666060606060608,0.0176350809684143,34.336,36.3,0.093090909090909,0.0026811897779639,0.0314545454545454,0.0,0.0,-0.3636363636363636,-0.0279720279720279,87.77,71.06,84.75,95.93,100.0,88.0,100.0,88.43,0,1,0,0,0,0,0,0,1,0.3768,0.04592,-1.1649,0.0022866778398036
2026-09-16T00:00:51.000,52,NORMAL,29.778,2.0389203025130733,25.99,31.96,-0.154060606060606,-0.0048799685163321,21.278,1.4413590808677756,0.2710303030303029,0.0135379771743408,0.2710303030303029,0.0135379771743408,0.2523636363636365,0.0081119780251892,34.307,36.3,0.1238181818181819,0.0038121361397223,0.0876969696969697,0.0,0.0,0.0181818181818181,0.0013986013986013,87.6,69.84,85.86,97.7,100.0,88.0,100.0,88.53,0,1,0,0,0,0,0,0,1,0.376,0.04054,-1.0366,0.0022230081830395
2026-09-16T00:00:52.000,53,NORMAL,29.244000000000007,2.1931128561932245,25.99,31.96,-0.228121212121212,-0.0075312384325259,21.203000000000007,1.5221172753766377,0.0776363636363634,0.0035760646539089,0.0776363636363634,0.0035760646539089,-0.229090909090909,-0.0056790012169288,34.623999999999995,36.3,0.0752727272727272,0.0021574298444461,0.1043030303030303,0.0,0.0,0.5212121212121212,0.0744588744588744,96.25,74.95,85.14,97.14,100.0,88.0,100.0,91.12,0,1,0,0,0,0,0,0,1,0.3266,0.03432,-0.8395,0.0013264732930881
2026-09-16T00:00:53.000,54,NORMAL,28.753,2.439733796954086,25.38,31.96,-0.3691515151515151,-0.0130166260631704,21.185,1.5170711914738868,0.1292727272727271,0.0064028096717546,0.1292727272727271,0.0064028096717546,-0.3625454545454544,-0.0105268715024812,34.445,36.3,0.0098787878787881,0.00029890432311,0.1050909090909091,0.0,0.0,0.2303030303030303,0.0209366391184573,96.37,75.66,95.63,95.99,100.0,100.0,100.0,93.37,0,1,0,0,0,0,0,0,1,0.2497,0.02723,-0.6273,0.0019718340058035
2026-09-16T00:00:54.000,55,NORMAL,28.331,2.8083356280900618,24.14,31.96,-0.646969696969697,-0.0202811817231879,21.045,1.6602725679839438,-0.0676969696969697,-0.0030996780996781,-0.0676969696969697,-0.0030996780996781,-0.3354545454545455,-0.0091454347179538,34.626000000000005,36.3,-0.0604848484848483,-0.0017076467669353,-0.0066060606060606,0.0,0.0,0.5333333333333333,0.0761904761904761,99.55,80.16,84.5,98.38,100.0,100.0,100.0,94.15,0,1,0,0,0,0,0,0,1,0.2739,0.02255,-0.4542,0.0025088506589801
2026-09-16T00:00:55.000,56,NORMAL,28.07,2.5762026317819027,24.14,31.96,-0.3567272727272728,-0.0115971154982858,21.065,1.6708994583756378,0.0395757575757574,0.0019897314014961,0.0395757575757574,0.0019897314014961,-0.2096969696969695,-0.0055372846500388,34.333000000000006,36.3,-0.1240606060606055,-0.0036509889953091,-0.0789090909090909,0.0,0.0,0.5454545454545454,0.0779220779220779,95.82,79.21,84.43,98.12,100.0,100.0,100.0,93.17,0,1,0,0,0,0,0,0,1,0.2812,0.01908,-0.35,0.0017237835895091
2026-09-16T00:00:56.000,57,NORMAL,27.444,2.606880127662184,24.14,31.96,-0.3721212121212121,-0.0143178611820397,21.43,1.770079094277993,0.0962424242424241,0.0049814919380136,0.0962424242424241,0.0049814919380136,-0.4207878787878788,-0.0100259203904664,34.566,36.31,-0.0397575757575752,-0.0011507257816953,-0.0009696969696969,0.0,0.0,0.5393939393939394,0.0898989898989899,99.5,77.39,85.29,95.86,100.0,100.0,100.0,93.29,0,1,0,0,0,0,0,0,1,0.2803,0.01631,-0.2693,0.0020450078901748
2026-09-16T00:00:57.000,58,NORMAL,27.530999999999995,2.571176578922576,24.14,31.96,-0.500909090909091,-0.0156730003413357,21.426,1.7748814044887615,-0.1616969696969697,-0.0076380240763802,-0.1616969696969697,-0.0076380240763802,-0.3554545454545452,-0.0085343228200371,34.34,36.31,-0.1649696969696966,-0.0045446197512313,0.0334545454545454,0.0,0.0,0.0,0.0,99.16,80.47,85.36,96.94,100.0,100.0,100.0,94.0,0,1,0,0,0,0,0,0,1,0.275,0.01398,-0.1954,0.0027855644168947
2026-09-16T00:00:58.000,59,NORMAL,27.091,2.110883464334305,24.14,30.78,-0.2040606060606061,-0.0076887945011532,21.54,1.7913123680698455,-0.1305454545454544,-0.0055036026368235,-0.1305454545454544,-0.0055036026368235,-0.3855757575757575,-0.0095180389428723,34.05800000000001,36.31,-0.0812121212121212,-0.0024373385717923,-0.0638181818181818,0.0,0.0,-0.0545454545454545,-0.0038961038961038,99.06,79.69,95.75,97.79,100.0,100.0,100.0,94.99,0,1,0,0,0,0,0,0,1,0.2376,0.01151,-0.1239,0.0015629735709769
2026-09-16T00:00:59.000,60,NORMAL,26.794,2.361568123091096,23.57,30.78,-0.4328484848484848,-0.0146084537579643,21.544,1.7962137957381354,0.135878787878788,0.0063973063973064,0.135878787878788,0.0063973063973064,-0.4221212121212122,-0.0107300765663754,34.019000000000005,36.31,-0.1919393939393939,-0.0055393764484673,-0.0353333333333333,0.0,0.0,-0.0606060606060605,-0.0121212121212121,99.63,78.34,95.87,96.87,100.0,100.0,100.0,94.71,0,1,0,0,0,0,0,0,1,0.2397,0.00957,-0.074,0.0026545136603738
2026-09-16T00:01:00.000,61,NORMAL,27.746,4.374183809580937,23.57,39.15,0.4301818181818179,0.0139760174847894,21.57,1.793504948418041,0.1132121212121212,0.0047809172809172,0.1132121212121212,0.0047809172809172,-0.1312727272727269,-0.0042305100635748,34.221000000000004,36.67,-0.0052727272727272,-0.0001531434003115,0.0593333333333333,0.0,0.0,-0.5818181818181818,-0.0484848484848484,94.41,97.13,95.16,96.73,100.0,100.0,100.0,97.33,0,0,0,0,0,0,0,0,0,0.02,0.0,0.0,0.0018910078166018
2026-09-16T00:01:01.000,62,NORMAL,29.003,6.401671734789281,23.57,43.35,1.4835757575757578,0.0565602652526022,21.601,1.831974071868922,0.3858787878787878,0.020024846283279,0.3858787878787878,0.020024846283279,-0.0473939393939388,-0.0012995322016435,34.015,36.67,-0.0923030303030304,-0.0025891453100429,0.1349090909090909,0.0,0.0,-0.2787878787878787,-0.0199134199134199,93.81,96.8,94.41,95.47,100.0,100.0,100.0,96.88,0,0,0,0,0,0,0,0,0,0.0234,0.0,0.0,0.0079174256845924
2026-09-16T00:01:02.000,63,NORMAL,30.924,7.971179586485302,23.57,45.44,2.1952727272727275,0.0864961673472311,22.066000000000003,1.770402214187499,0.356969696969697,0.0165801066869343,0.356969696969697,0.0165801066869343,0.0431515151515156,0.0013172013172013,33.654,36.67,-0.0910303030303033,-0.0027501602123958,0.2303030303030303,0.0,0.0,-0.0303030303030303,-0.0043290043290043,93.51,96.81,94.95,94.73,100.0,100.0,100.0,96.77,0,0,0,0,0,0,0,0,0,0.0242,0.0,0.0,0.0105826434246561
2026-09-16T00:01:03.000,64,NORMAL,33.324,9.42170387987226,23.57,49.38,2.8323636363636364,0.1173307223017247,22.144,1.7622326747623314,0.3345454545454546,0.0178044414340316,0.3345454545454546,0.0178044414340316,-0.4254545454545452,-0.0103190527638744,33.861000000000004,36.67,-0.0452727272727273,-0.0012987012987013,0.4107878787878788,0.0,0.0,-0.0484848484848484,-0.0037296037296037,92.95,97.03,95.67,94.16,100.0,100.0,100.0,96.69,0,0,0,0,0,0,0,0,0,0.0248,0.0,0.0,0.0136433865034457
2026-09-16T00:01:04.000,65,NORMAL,36.019000000000005,10.229074689335295,23.57,51.09,3.1891515151515155,0.1088819226750261,22.222,1.623883000711566,-0.0294545454545454,-0.0013364131331463,-0.0294545454545454,-0.0013364131331463,0.0263030303030301,0.0006291085937103,33.851000000000006,36.67,0.0703636363636361,0.0021657013346763,0.4809090909090909,0.0,0.0,-0.2424242424242424,-0.0186480186480186,84.7,97.39,94.81,83.45,100.0,100.0,100.0,93.42,0,0,0,0,0,0,0,0,0,0.1093,0.018,-0.801,0.0112384037142848
2026-09-16T00:01:05.000,66,NORMAL,38.588,11.37797064506672,23.57,54.98,3.7747878787878784,0.1540729746444032,22.003,1.7743621389107689,-0.1709696969696968,-0.0072629437965036,-0.1709696969696968,-0.0072629437965036,0.6487272727272725,0.0183671368269329,34.2,36.67,0.0957575757575755,0.0026372232376088,0.5506666666666666,0.0,0.0,-0.2303030303030303,-0.0164502164502164,84.15,97.35,84.56,83.54,100.0,88.0,100.0,91.09,0,0,0,0,0,0,0,0,0,0.1868,0.03121,-1.1903,0.0163973141678515
2026-09-16T00:01:06.000,67,NORMAL,41.969,11.707929321617891,23.57,58.31,3.911333333333334,0.1456192603623728,22.007,1.7778641680398417,0.0175151515151514,0.0009084622155161,0.0175151515151514,0.0009084622155161,0.8284848484848484,0.0238001967390074,34.257,36.88,0.3826060606060607,0.0118490573120489,0.7261212121212123,0.0,0.0,-0.1878787878787878,-0.0268398268398268,83.67,96.86,84.62,82.28,100.0,87.69,100.0,90.68,0,0,0,0,0,0,0,0,0,0.1899,0.03291,-1.2457,0.0158376779889937
2026-09-16T00:01:07.000,68,NORMAL,45.285,11.654845558822306,23.57,60.02,3.8886666666666674,0.1410982099661345,22.351,1.5328564838235832,-0.1253939393939394,-0.0056205261942599,-0.1253939393939394,-0.0056205261942599,0.4176363636363635,0.0131084859898419,34.664,36.88,0.3661818181818183,0.010937330292169,0.8059393939393941,0.0,0.0,-0.0666666666666666,-0.0066666666666666,83.43,96.97,95.83,81.94,100.0,88.0,100.0,91.75,0,0,0,0,0,0,0,0,0,0.1519,0.02772,-1.0758,0.0157656066452563
2026-09-16T00:01:08.000,69,NORMAL,48.979,11.300170308451108,23.57,64.5,3.755090909090909,0.159316542600378,22.439,1.5531030229833434,-0.0823636363636364,-0.0034664830119375,-0.0823636363636364,-0.0034664830119375,0.4144848484848484,0.0133877535040325,34.656,36.88,0.2183030303030302,0.0066293055057099,0.7836363636363637,0.0,0.0,0.2363636363636363,0.0337662337662337,82.79,96.91,94.45,81.17,100.0,88.0,100.0,91.36,0,0,0,0,0,0,0,0,0,0.1548,0.02363,-0.9508,0.0169412331118025
2026-09-16T00:01:09.000,70,NORMAL,53.35999999999999,8.820353734403172,39.15,67.38,3.064848484848485,0.0782847633422346,21.928,1.8472022087470557,-0.200969696969697,-0.0093474277660324,-0.200969696969697,-0.0093474277660324,-0.1152727272727274,-0.0031781838233451,34.92699999999999,36.88,0.1569090909090909,0.0042789498475345,0.8422424242424245,0.0,0.0,0.0727272727272727,0.0103896103896103,82.37,97.51,95.31,80.67,100.0,88.0,100.0,91.41,0,0,0,0,0,0,0,0,0,0.1544,0.02025,-0.8326,0.0091911140955801
2026-09-16T00:01:10.000,71,NORMAL,56.354,8.566532787540126,43.35,69.09,2.9755151515151512,0.0686393345216874,22.01,1.8445812532930064,-0.2081212121212121,-0.0086753318933393,-0.2081212121212121,-0.0086753318933393,-0.1412727272727274,-0.0033676454653808,34.795,36.88,0.2961818181818184,0.00914988625832,0.8422424242424245,0.0,0.0,-0.0727272727272727,-0.0051948051948051,82.13,97.02,94.81,80.06,100.0,88.0,100.0,91.12,0,0,0,0,0,0,0,0,0,0.1566,0.01758,-0.7435,0.0086464552673346
2026-09-16T00:01:11.000,72,NORMAL,59.218,8.527662985836155,45.44,71.99,2.961454545454545,0.0651728553137003,21.652,1.7715179931347016,-0.1633939393939394,-0.0068308503091111,-0.1633939393939394,-0.0068308503091111,-0.1123030303030304,-0.0029670549617709,34.822,36.88,0.0169696969696971,0.0005296409790791,0.8420000000000001,0.0,0.0,0.2,0.0181818181818181,77.58,97.28,95.53,78.71,100.0,100.0,92.0,90.53,0,0,0,0,0,0,0,0,0,0.161,0.01553,-0.6861,0.007253334660189
2026-09-16T00:01:12.000,73,NORMAL,62.237,8.459238795541829,49.38,75.63,2.938121212121212,0.0595002270579427,21.408,1.602284618911384,-0.0215757575757575,-0.0009670890890075,-0.0215757575757575,-0.0009670890890075,-0.0197575757575758,-0.0006090498075701,35.05,36.88,-0.1958787878787877,-0.0055694850121918,0.8420606060606061,0.0,0.0,0.2,0.0142857142857142,69.49,97.14,94.95,78.03,100.0,100.0,100.0,89.53,0,0,0,0,0,0,0,0,0,0.1385,0.01304,-0.6618,0.0066036801159142
2026-09-16T00:01:13.000,74,NORMAL,65.15700000000001,8.556368446952243,51.09,78.58,2.972424242424242,0.0581801574167986,21.468,1.6455868254212536,0.1204848484848485,0.0061566095291184,0.1204848484848485,0.0061566095291184,-0.2252727272727276,-0.0057925617709623,35.069,36.88,-0.1709696969696967,-0.0049185758621892,0.8424242424242424,0.0,0.0,0.206060606060606,0.0412121212121212,62.93,96.95,94.8,78.14,100.0,100.0,100.0,88.18,0,0,0,0,0,0,0,0,0,0.1686,0.01196,-0.6662,0.0069255342808106
2026-09-16T00:01:14.000,75,NORMAL,68.178,8.387883880932065,54.98,81.3,2.9151515151515146,0.0530220355611406,21.729,1.5265284144096367,0.0327878787878788,0.0016517823066941,0.0327878787878788,0.0016517823066941,-0.2484242424242427,-0.0060903221972111,34.915,36.88,-0.2924242424242423,-0.0081274108511462,0.8425454545454545,0.0,0.0,0.103030303030303,0.0147186147186147,56.89,97.04,95.21,76.84,100.0,100.0,100.0,86.83,0,0,0,0,0,0,0,0,0,0.1788,0.01122,-0.6861,0.0062801228718981
2026-09-16T00:01:15.000,76,NORMAL,71.102,8.373928349347157,58.31,84.22,2.9103030303030297,0.0499108734402851,21.694,1.5725279011833146,-0.2140606060606059,-0.0090780579330197,-0.2140606060606059,-0.0090780579330197,0.1227878787878784,0.0030408092815224,34.745000000000005,36.88,-0.2560606060606061,-0.0069430750016433,0.8424242424242424,0.0,0.0,0.1575757575757575,0.0315151515151515,50.4,97.4,94.64,72.21,100.0,100.0,100.0,84.86,0,0,0,0,0,0,0,0,0,0.1935,0.0108,-0.7278,0.0102665339708281
2026-09-16T00:01:16.000,77,NORMAL,73.902,8.309481090898515,60.02,86.31,2.8870303030303037,0.0481011380045035,21.465,1.4425758212308986,-0.1103636363636363,-0.0048575544174135,-0.1103636363636363,-0.0048575544174135,0.5062424242424243,0.0161738793687675,34.629,36.36,-0.0605454545454545,-0.0016651665166516,0.8420606060606061,0.0,0.0,-0.3878787878787879,-0.0298368298368298,45.76,97.16,94.56,69.91,100.0,100.0,100.0,83.53,0,0,0,0,0,0,0,0,0,0.2035,0.01049,-0.7682,0.0184690525605235
2026-09-16T00:01:17.000,78,NORMAL,76.852,8.091117104578329,64.5,89.52,2.8134545454545457,0.0436194503171247,21.156,1.4713136987060242,-0.1267878787878789,-0.005467351392319,-0.1267878787878789,-0.005467351392319,-0.098363636363636,-0.0023645104895104,34.462999999999994,35.72,0.0587272727272728,0.0017583015786608,0.8420000000000001,0.0,0.0,-0.206060606060606,-0.0147186147186147,35.95,97.38,95.49,67.57,100.0,100.0,100.0,51.84,1,0,0,0,0,0,0,0,1,0.5612,0.01637,-1.3391,0.0279245103288104
2026-09-16T00:01:18.000,79,NORMAL,79.691,8.238374172128868,67.38,92.89,2.864787878787879,0.0425168874857209,21.18,1.5058485979672729,0.1328484848484848,0.0071232431554147,0.1328484848484848,0.0071232431554147,0.125818181818182,0.0035733650047765,34.671,35.72,0.0433333333333331,0.0012158623269734,0.8422424242424242,0.0,0.0,-0.0969696969696969,-0.0096969696969696,22.89,96.88,95.07,66.17,100.0,100.0,100.0,42.31,1,0,0,0,0,0,0,0,1,0.6327,0.02145,-1.877,0.0373889326301442
2026-09-16T00:01:19.000,80,NORMAL,82.47899999999998,8.317521806403636,69.09,95.26,2.8932727272727274,0.0418768668008789,21.443,1.248727752554575,-0.0303636363636363,-0.0013603779732812,-0.0303636363636363,-0.0013603779732812,-0.0078181818181813,-0.0002009815377424,34.41700000000001,35.72,0.0222424242424241,0.0006292057777206,0.8422424242424245,0.0,0.0,-0.3454545454545454,-0.0314049586776859,13.61,97.16,95.03,63.53,100.0,100.0,97.31,35.42,1,0,0,0,0,0,0,0,1,0.6844,0.02558,-2.3405,0.0459833117218547
2026-09-16T00:01:20.000,81,MEMORY_STRESS,45.9,0.0,45.9,45.9,0.0,0.0,1115580.5,0.0,0.0,0.0,0.0,0.0,0.0,0.0,9.0,9.0,0.0,0.0,0.0,0.0,0.0,0.0,0.0,93.44,0.0,91.04,95.2,100.0,100.0,35.0,24.7,0,0,1,0,0,0,0,1,2,0.8447,0.0,0.0,0.2666666666666666
2026-09-16T00:01:21.000,82,MEMORY_STRESS,45.9,0.0,45.9,45.9,0.0,0.0,1115580.5,0.0,0.0,0.0,0.0,0.0,0.0,0.0,9.0,9.0,0.0,0.0,0.0,0.0,0.0,0.0,0.0,93.44,0.0,94.76,100.0,100.0,100.0,35.0,25.08,0,0,1,0,0,0,0,1,2,0.8419,0.0,0.0,0.2666666666666666
2026-09-16T00:01:22.000,83,MEMORY_STRESS,45.93333333333334,0.0471404520791038,45.9,46.0,0.0500000000000007,0.0010893246187363,1115580.5,0.0,0.0,0.0,0.0,0.0,-5.800000000000001,-0.0863095238095238,9.0,9.0,0.0,0.0,0.0,0.0,0.0,0.0,0.0,93.43,0.0,92.59,100.0,100.0,100.0,35.0,25.01,0,0,1,0,0,0,0,1,2,0.8424,0.0,0.0,0.2667755991285402
2026-09-16T00:01:23.000,84,MEMORY_STRESS,45.95,0.0500000000000007,45.9,46.0,0.0400000000000005,0.0008714596949891,1115580.5,0.0,0.0,0.0,0.0,0.0,-13.19,-0.1962797619047619,9.0,9.0,0.0,0.0,0.0,0.0,0.0,0.0,0.0,93.43,0.0,97.63,100.0,100.0,100.0,35.0,25.18,0,0,1,0,0,0,0,1,2,0.8412,0.0,0.0,0.2667538126361656
2026-09-16T00:01:24.000,85,MEMORY_STRESS,45.96,0.0489897948556642,45.9,46.0,0.0300000000000004,0.0006535947712418,1115580.5,0.0,0.0,0.0,0.0,0.0,-2.15,-0.0319940476190476,9.0,9.0,0.0,0.0,0.0,0.0,0.0,0.0,0.0,85.43,0.0,91.04,95.2,100.0,100.0,35.0,24.14,0,0,1,0,0,0,0,1,2,0.8789,0.01093,-0.114,0.2667320261437908
2026-09-16T00:01:25.000,86,MEMORY_STRESS,45.96666666666667,0.0471404520791038,45.9,46.0,0.0228571428571431,0.0004979769685652,1115580.5,0.0,0.0,0.0,0.0,0.0,-2.6742857142857144,-0.0397959183673469,9.0,9.0,0.0,0.0,0.0,0.0,0.0,0.0,0.0,85.43,0.0,94.76,100.0,100.0,100.0,35.0,24.52,0,0,1,0,0,0,0,1,2,0.8761,0.01645,-0.1786,0.2667164643635232
2026-09-16T00:01:26.000,87,MEMORY_STRESS,45.971428571428575,0.0451753951452632,45.9,46.0,0.0178571428571431,0.0003890445066915,1115580.5,0.0,0.0,0.0,0.0,0.0,-0.8285714285714286,-0.0123299319727891,9.0,9.0,0.0,0.0,0.0,0.0,0.0,0.0,0.0,93.43,0.0,92.59,100.0,100.0,100.0,35.0,25.01,0,0,1,0,0,0,0,1,2,0.8424,0.00289,0.0129,0.2667055711173358
2026-09-16T00:01:27.000,88,MEMORY_STRESS,45.975,0.0433012701892225,45.9,46.0,0.0142857142857144,0.0003112356053532,1115580.5,0.0,0.0,0.0,0.0,0.0,-3.14047619047619,-0.0467332766439909,9.0,9.0,0.0,0.0,0.0,0.0,0.0,0.0,0.0,93.43,0.0,97.63,100.0,100.0,100.0,35.0,25.18,0,0,1,0,0,0,0,1,2,0.8412,-0.00078,0.1032,0.2666977902272019
2026-09-16T00:01:28.000,89,MEMORY_STRESS,45.97777777777778,0.0415739709641554,45.9,46.0,0.0116666666666668,0.0002541757443718,1115580.5,0.0,0.0,0.0,0.0,0.0,-0.7166666666666667,-0.0106646825396825,9.0,9.0,0.0,0.0,0.0,0.0,0.0,0.0,0.0,93.43,0.0,91.04,100.0,100.0,100.0,35.0,24.95,0,0,1,0,0,0,0,1,2,0.8429,-0.00213,0.1022,0.2666920842411038
2026-09-16T00:01:29.000,90,MEMORY_STRESS,45.98,0.0400000000000005,45.9,46.0,0.0096969696969698,0.0002112629563609,1115580.5,0.0,0.0,0.0,0.0,0.0,-0.9654545454545456,-0.0143668831168831,9.0,9.0,0.0,0.0,0.0,0.0,0.0,0.0,0.0,93.43,0.0,94.76,100.0,100.0,100.0,35.0,25.08,0,0,1,0,0,0,0,1,2,0.8419,-0.00305,0.1203,0.2666877929623027
2026-09-16T00:01:30.000,91,MEMORY_STRESS,45.99,0.0300000000000004,45.9,46.0,0.0054545454545455,0.000118835412953,1115580.5,0.0,0.0,0.0,0.0,0.0,1.527878787878788,0.0388773228467885,9.0,9.0,0.0,0.0,0.0,0.0,0.0,0.0,0.0,93.43,0.0,81.04,95.2,100.0,100.0,35.0,24.35,0,0,1,0,0,0,0,1,2,0.8774,0.0034,-0.0243,0.2666785502079619
2026-09-16T00:01:31.000,92,MEMORY_STRESS,46.0,0.0,46.0,46.0,0.0,0.0,1115580.5,0.0,0.0,0.0,0.0,0.0,0.6393939393939392,0.0114998909962938,9.0,9.0,0.0,0.0,0.0,0.0,0.0,0.0,0.0,93.43,0.0,94.76,100.0,100.0,100.0,35.0,25.08,0,0,1,0,0,0,0,1,2,0.8419,0.00127,0.0144,0.2666666666666666
2026-09-16T00:01:32.000,93,MEMORY_STRESS,46.0,0.0,46.0,46.0,0.0,0.0,1115580.5,0.0,0.0,0.0,0.0,0.0,1.7266666666666666,0.097003745318352,9.0,9.0,0.0,0.0,0.0,0.0,0.0,0.0,0.0,93.43,0.0,82.59,100.0,100.0,100.0,35.0,24.66,0,0,1,0,0,0,0,1,2,0.8751,0.00414,-0.0176,0.2666666666666666
2026-09-16T00:01:33.000,94,MEMORY_STRESS,46.0,0.0,46.0,46.0,0.0,0.0,1115580.5,0.0,0.0,0.0,0.0,0.0,-1.767878787878788,-0.02630772005772,9.0,9.0,0.0,0.0,0.0,0.0,0.0,0.0,0.0,93.43,0.0,97.63,100.0,100.0,100.0,35.0,25.18,0,0,1,0,0,0,0,1,2,0.8412,0.00204,0.0198,0.2666666666666666
2026-09-16T00:01:34.000,95,MEMORY_STRESS,46.0,0.0,46.0,46.0,0.0,0.0,1115580.5,0.0,0.0,0.0,0.0,0.0,0.7254545454545457,0.0184594031922276,9.0,9.0,0.0,0.0,0.0,0.0,0.0,0.0,0.0,93.43,0.0,91.04,95.2,100.0,100.0,35.0,24.7,0,0,1,0,0,0,0,1,2,0.8447,0.00114,0.0038,0.2666666666666666
2026-09-16T00:01:35.000,96,MEMORY_STRESS,46.0,0.0,46.0,46.0,0.0,0.0,1115580.5,0.0,0.0,0.0,0.0,0.0,-0.1630303030303032,-0.0029321996947896,9.0,9.0,0.0,0.0,0.0,0.0,0.0,0.0,0.0,93.43,0.0,94.76,100.0,100.0,100.0,35.0,25.08,0,0,1,0,0,0,0,1,2,0.8419,0.00038,0.0175,0.2666666666666666
2026-09-16T00:01:36.000,97,MEMORY_STRESS,46.010000000000005,0.0300000000000004,46.0,46.1,0.0054545454545455,0.0001185770750988,1115580.5,0.0,0.0,0.0,0.0,0.0,0.9242424242424242,0.0519237316990125,9.0,9.0,0.0,0.0,0.0,0.0,0.0,0.0,0.0,93.41,0.0,82.59,100.0,100.0,100.0,35.0,24.65,0,0,1,0,0,0,0,1,2,0.8751,0.00204,-0.0019,0.2666785243741765
2026-09-16T00:01:37.000,98,MEMORY_STRESS,46.02,0.0400000000000005,46.0,46.1,0.0096969696969698,0.0002108036890645,1115580.5,0.0,0.0,0.0,0.0,0.0,-2.5703030303030303,-0.038248556998557,9.0,9.0,0.0,0.0,0.0,0.0,0.0,0.0,0.0,93.41,0.0,97.63,100.0,100.0,100.0,35.0,25.18,0,0,1,0,0,0,0,1,2,0.8412,0.00108,0.0171,0.2666877470355731
2026-09-16T00:01:38.000,99,MEMORY_STRESS,46.03000000000001,0.045825756949559,46.0,46.1,0.0127272727272729,0.0002766798418972,1115580.5,0.0,0.0,0.0,0.0,0.0,-0.0769696969696965,-0.0019585164623332,9.0,9.0,0.0,0.0,0.0,0.0,0.0,0.0,0.0,93.41,0.0,91.04,99.2,100.0,100.0,35.0,24.91,0,0,1,0,0,0,0,1,2,0.8432,0.00054,0.0167,0.2666943346508564
2026-09-16T00:01:39.000,100,MEMORY_STRESS,46.040000000000006,0.0489897948556642,46.0,46.1,0.0145454545454547,0.0003162055335968,1115580.5,0.0,0.0,0.0,0.0,0.0,-0.9654545454545456,-0.0143668831168831,9.0,9.0,0.0,0.0,0.0,0.0,0.0,0.0,0.0,93.41,0.0,94.76,100.0,100.0,100.0,35.0,25.08,0,0,1,0,0,0,0,1,2,0.8419,0.0001,0.0234,0.2666982872200263
2026-09-16T00:01:40.000,101,MEMORY_STRESS,46.05000000000001,0.0500000000000007,46.0,46.1,0.0151515151515153,0.0003293807641633,1115580.5,0.0,0.0,0.0,0.0,0.0,-1.1666666666666667,-0.0296861747243426,9.0,9.0,0.0,0.0,0.0,0.0,0.0,0.0,0.0,93.41,0.0,97.63,100.0,100.0,100.0,35.0,25.18,0,0,1,0,0,0,0,1,2,0.8412,-0.00037,0.0336,0.266699604743083
2026-09-16T00:01:41.000,102,MEMORY_STRESS,46.06000000000001,0.0489897948556642,46.0,46.1,0.0145454545454547,0.0003162055335968,1115580.5,0.0,0.0,0.0,0.0,0.0,0.0654545454545453,0.0011772400261608,9.0,9.0,0.0,0.0,0.0,0.0,0.0,0.0,0.0,93.41,0.0,91.04,96.0,100.0,100.0,35.0,24.74,0,0,1,0,0,0,0,1,2,0.8444,-0.00057,0.0231,0.2666982872200263
2026-09-16T00:01:42.000,103,MEMORY_STRESS,46.07000000000001,0.045825756949559,46.0,46.1,0.0127272727272729,0.0002766798418972,1115580.5,0.0,0.0,0.0,0.0,0.0,0.5242424242424241,0.029451821586653,9.0,9.0,0.0,0.0,0.0,0.0,0.0,0.0,0.0,93.41,0.0,94.76,100.0,100.0,100.0,35.0,25.08,0,0,1,0,0,0,0,1,2,0.8419,-0.00079,0.0271,0.2666943346508564
2026-09-16T00:01:43.000,104,MEMORY_STRESS,46.080000000000005,0.0400000000000005,46.0,46.1,0.0096969696969698,0.0002108036890645,1115580.5,0.0,0.0,0.0,0.0,0.0,-0.4503030303030303,-0.0067009379509379,9.0,9.0,0.0,0.0,0.0,0.0,0.0,0.0,0.0,93.41,0.0,92.59,100.0,100.0,100.0,35.0,25.0,0,0,1,0,0,0,0,1,2,0.8425,-0.00095,0.0269,0.2666877470355731
2026-09-16T00:01:44.000,105,MEMORY_STRESS,46.09000000000001,0.0300000000000004,46.0,46.1,0.0054545454545455,0.0001185770750988,1115580.5,0.0,0.0,0.0,0.0,0.0,-0.6515151515151515,-0.0165779936772303,9.0,9.0,0.0,0.0,0.0,0.0,0.0,0.0,0.0,93.41,0.0,97.63,100.0,100.0,100.0,35.0,25.18,0,0,1,0,0,0,0,1,2,0.8412,-0.0011,0.0325,0.2666785243741765
2026-09-16T00:01:45.000,106,MEMORY_STRESS,46.10000000000001,7.105427357601002e-15,46.1,46.1,0.0,0.0,1115580.5,0.0,0.0,0.0,0.0,0.0,0.5806060606060607,0.0104425550468715,9.0,9.0,0.0,0.0,0.0,0.0,0.0,0.0,0.0,93.41,0.0,91.04,95.2,100.0,100.0,35.0,24.7,0,0,1,0,0,0,0,1,2,0.8447,-0.00111,0.0234,0.2666666666666666
2026-09-16T00:01:46.000,107,MEMORY_STRESS,46.10000000000001,7.105427357601002e-15,46.1,46.1,0.0,0.0,1115580.5,0.0,0.0,0.0,0.0,0.0,1.039393939393939,0.0583929179434797,9.0,9.0,0.0,0.0,0.0,0.0,0.0,0.0,0.0,93.41,0.0,94.76,100.0,100.0,100.0,35.0,25.08,0,0,1,0,0,0,0,1,2,0.8419,-0.00119,0.0256,0.2666666666666666
2026-09-16T00:01:47.000,108,MEMORY_STRESS,46.10000000000001,7.105427357601002e-15,46.1,46.1,0.0,0.0,1115580.5,0.0,0.0,0.0,0.0,0.0,0.0648484848484847,0.0009650072150072,9.0,9.0,0.0,0.0,0.0,0.0,0.0,0.0,0.0,93.41,0.0,92.59,100.0,100.0,100.0,35.0,25.0,0,0,1,0,0,0,0,1,2,0.8425,-0.00122,0.025,0.2666666666666666
2026-09-16T00:01:48.000,109,MEMORY_STRESS,46.10000000000001,7.105427357601002e-15,46.1,46.1,0.0,0.0,1115580.5,0.0,0.0,0.0,0.0,0.0,-0.1363636363636362,-0.0034698126301179,9.0,9.0,0.0,0.0,0.0,0.0,0.0,0.0,0.0,93.41,0.0,97.63,100.0,100.0,100.0,35.0,25.18,0,0,1,0,0,0,0,1,2,0.8412,-0.00127,0.0287,0.2666666666666666
2026-09-16T00:01:49.000,110,MEMORY_STRESS,46.10000000000001,7.105427357601002e-15,46.1,46.1,0.0,0.0,1115580.5,0.0,0.0,0.0,0.0,0.0,1.095757575757576,0.0615594143684031,9.0,9.0,0.0,0.0,0.0,0.0,0.0,0.0,0.0,93.41,0.0,91.04,100.0,100.0,100.0,35.0,24.95,0,0,1,0,0,0,0,1,2,0.8429,-0.00128,0.0268,0.2666666666666666
2026-09-16T00:01:50.000,111,MEMORY_STRESS,46.10000000000001,7.105427357601002e-15,46.1,46.1,0.0,0.0,1115580.5,0.0,0.0,0.0,0.0,0.0,-0.9654545454545456,-0.0143668831168831,9.0,9.0,0.0,0.0,0.0,0.0,0.0,0.0,0.0,93.41,0.0,94.76,100.0,100.0,100.0,35.0,25.08,0,0,1,0,0,0,0,1,2,0.8419,-0.0013,0.0277,0.2666666666666666
2026-09-16T00:01:51.000,112,MEMORY_STRESS,46.10000000000001,7.105427357601002e-15,46.1,46.1,0.0,0.0,1115580.5,0.0,0.0,0.0,0.0,0.0,1.527878787878788,0.0388773228467885,9.0,9.0,0.0,0.0,0.0,0.0,0.0,0.0,0.0,93.41,0.0,91.04,95.2,100.0,100.0,35.0,24.7,0,0,1,0,0,0,0,1,2,0.8447,-0.00124,0.0202,0.2666666666666666
2026-09-16T00:01:52.000,113,MEMORY_STRESS,46.10000000000001,7.105427357601002e-15,46.1,46.1,0.0,0.0,1115580.5,0.0,0.0,0.0,0.0,0.0,0.6393939393939392,0.0114998909962938,9.0,9.0,0.0,0.0,0.0,0.0,0.0,0.0,0.0,93.41,0.0,94.76,100.0,100.0,100.0,35.0,25.08,0,0,1,0,0,0,0,1,2,0.8419,-0.00124,0.0213,0.2666666666666666
2026-09-16T00:01:53.000,114,MEMORY_STRESS,46.10000000000001,7.105427357601002e-15,46.1,46.1,0.0,0.0,1115580.5,0.0,0.0,0.0,0.0,0.0,1.7266666666666666,0.097003745318352,9.0,9.0,0.0,0.0,0.0,0.0,0.0,0.0,0.0,93.41,0.0,92.59,100.0,100.0,100.0,35.0,25.0,0,0,1,0,0,0,0,1,2,0.8425,-0.00121,0.0204,0.2666666666666666
2026-09-16T00:01:54.000,115,MEMORY_STRESS,46.10000000000001,7.105427357601002e-15,46.1,46.1,0.0,0.0,1115580.5,0.0,0.0,0.0,0.0,0.0,-1.767878787878788,-0.02630772005772,9.0,9.0,0.0,0.0,0.0,0.0,0.0,0.0,0.0,93.41,0.0,97.63,100.0,100.0,100.0,35.0,25.18,0,0,1,0,0,0,0,1,2,0.8412,-0.0012,0.0229,0.2666666666666666
2026-09-16T00:01:55.000,116,MEMORY_STRESS,46.10000000000001,7.105427357601002e-15,46.1,46.1,0.0,0.0,1115580.5,0.0,0.0,0.0,0.0,0.0,0.7254545454545457,0.0184594031922276,9.0,9.0,0.0,0.0,0.0,0.0,0.0,0.0,0.0,93.41,0.0,91.04,95.2,100.0,100.0,35.0,24.7,0,0,1,0,0,0,0,1,2,0.8447,-0.00115,0.0174,0.2666666666666666
2026-09-16T00:01:56.000,117,MEMORY_STRESS,46.10000000000001,7.105427357601002e-15,46.1,46.1,0.0,0.0,1115580.5,0.0,0.0,0.0,0.0,0.0,-0.1630303030303032,-0.0029321996947896,9.0,9.0,0.0,0.0,0.0,0.0,0.0,0.0,0.0,93.41,0.0,94.76,100.0,100.0,100.0,35.0,25.08,0,0,1,0,0,0,0,1,2,0.8419,-0.00114,0.0182,0.2666666666666666
2026-09-16T00:01:57.000,118,MEMORY_STRESS,46.10000000000001,7.105427357601002e-15,46.1,46.1,0.0,0.0,1115580.5,0.0,0.0,0.0,0.0,0.0,0.9242424242424242,0.0519237316990125,9.0,9.0,0.0,0.0,0.0,0.0,0.0,0.0,0.0,93.41,0.0,92.59,100.0,100.0,100.0,35.0,25.0,0,0,1,0,0,0,0,1,2,0.8425,-0.00111,0.0176,0.2666666666666666
2026-09-16T00:01:58.000,119,MEMORY_STRESS,46.10000000000001,7.105427357601002e-15,46.1,46.1,0.0,0.0,1115580.5,0.0,0.0,0.0,0.0,0.0,-2.5703030303030303,-0.038248556998557,9.0,9.0,0.0,0.0,0.0,0.0,0.0,0.0,0.0,93.41,0.0,97.63,100.0,100.0,100.0,35.0,25.18,0,0,1,0,0,0,0,1,2,0.8412,-0.0011,0.0195,0.2666666666666666
2026-09-16T00:01:59.000,120,MEMORY_STRESS,46.10000000000001,7.105427357601002e-15,46.1,46.1,0.0,0.0,1115580.5,0.0,0.0,0.0,0.0,0.0,-0.0769696969696965,-0.0019585164623332,9.0,9.0,0.0,0.0,0.0,0.0,0.0,0.0,0.0,93.41,0.0,91.04,100.0,100.0,100.0,35.0,24.95,0,0,1,0,0,0,0,1,2,0.8429,-0.00107,0.0182,0.2666666666666666
2026-09-16T00:02:00.000,121,MEMORY_STRESS,46.10000000000001,7.105427357601002e-15,46.1,46.1,0.0,0.0,1115580.5,0.0,0.0,0.0,0.0,0.0,-0.9654545454545456,-0.0143668831168831,9.0,9.0,0.0,0.0,0.0,0.0,0.0,0.0,0.0,93.41,0.0,94.76,100.0,100.0,100.0,35.0,25.08,0,0,1,0,0,0,0,1,2,0.8419,-0.00106,0.0187,0.2666666666666666
2026-09-16T00:02:01.000,122,MEMORY_STRESS,46.11000000000001,0.0300000000000004,46.1,46.2,0.0054545454545455,0.0001183198580161,1115580.5,0.0,0.0,0.0,0.0,0.0,0.8951515151515153,0.0227773922430411,9.0,9.0,0.0,0.0,0.0,0.0,0.0,0.0,0.0,93.4,0.0,92.59,100.0,100.0,100.0,35.0,25.0,0,0,1,0,0,0,0,1,2,0.8425,-0.00103,0.0179,0.2666784986524683
2026-09-16T00:02:02.000,123,MEMORY_STRESS,46.120000000000005,0.0400000000000005,46.1,46.2,0.0096969696969698,0.0002103464142509,1115580.5,0.0,0.0,0.0,0.0,0.0,-1.0254545454545458,-0.0184434270765206,9.0,9.0,0.0,0.0,0.0,0.0,0.0,0.0,0.0,93.4,0.0,97.63,100.0,100.0,100.0,35.0,25.18,0,0,1,0,0,0,0,1,2,0.8412,-0.00102,0.0192,0.2666877013080918
2026-09-16T00:02:03.000,124,MEMORY_STRESS,46.13,0.045825756949559,46.1,46.2,0.0127272727272729,0.0002760796687044,1115580.5,0.0,0.0,0.0,0.0,0.0,1.095757575757576,0.0615594143684031,9.0,9.0,0.0,0.0,0.0,0.0,0.0,0.0,0.0,93.4,0.0,91.04,95.2,100.0,100.0,35.0,24.7,0,0,1,0,0,0,0,1,2,0.8447,-0.00097,0.0155,0.2666942746335371
2026-09-16T00:02:04.000,125,MEMORY_STRESS,46.14,0.0489897948556642,46.1,46.2,0.0145454545454547,0.0003155196213764,1115580.5,0.0,0.0,0.0,0.0,0.0,-0.9654545454545456,-0.0143668831168831,9.0,9.0,0.0,0.0,0.0,0.0,0.0,0.0,0.0,93.4,0.0,94.76,100.0,100.0,100.0,35.0,25.08,0,0,1,0,0,0,0,1,2,0.8419,-0.00096,0.0159,0.2666982186288043
2026-09-16T00:02:05.000,126,MEMORY_STRESS,46.14999999999999,0.0500000000000007,46.1,46.2,0.0151515151515153,0.0003286662722671,1115580.5,0.0,0.0,0.0,0.0,0.0,0.8951515151515153,0.0227773922430411,9.0,9.0,0.0,0.0,0.0,0.0,0.0,0.0,0.0,93.4,0.0,92.59,100.0,100.0,100.0,35.0,25.0,0,0,1,0,0,0,0,1,2,0.8425,-0.00093,0.0153,0.2666995332938934
2026-09-16T00:02:06.000,127,MEMORY_STRESS,46.16,0.0489897948556642,46.1,46.2,0.0145454545454547,0.0003155196213764,1115580.5,0.0,0.0,0.0,0.0,0.0,-1.0254545454545458,-0.0184434270765206,9.0,9.0,0.0,0.0,0.0,0.0,0.0,0.0,0.0,93.4,0.0,97.63,100.0,100.0,100.0,35.0,25.18,0,0,1,0,0,0,0,1,2,0.8412,-0.00092,0.0165,0.2666982186288043
2026-09-16T00:02:07.000,128,MEMORY_STRESS,46.17,0.045825756949559,46.1,46.2,0.0127272727272729,0.0002760796687044,1115580.5,0.0,0.0,0.0,0.0,0.0,1.095757575757576,0.0615594143684031,9.0,9.0,0.0,0.0,0.0,0.0,0.0,0.0,0.0,93.4,0.0,91.04,95.2,100.0,100.0,35.0,24.7,0,0,1,0,0,0,0,1,2,0.8447,-0.00088,0.0134,0.2666942746335371
2026-09-16T00:02:08.000,129,MEMORY_STRESS,46.17999999999999,0.0400000000000005,46.1,46.2,0.0096969696969698,0.0002103464142509,1115580.5,0.0,0.0,0.0,0.0,0.0,-0.9654545454545456,-0.0143668831168831,9.0,9.0,0.0,0.0,0.0,0.0,0.0,0.0,0.0,93.4,0.0,94.76,100.0,100.0,100.0,35.0,25.08,0,0,1,0,0,0,0,1,2,0.8419,-0.00087,0.0137,0.2666877013080918
2026-09-16T00:02:09.000,130,MEMORY_STRESS,46.18999999999999,0.0300000000000004,46.1,46.2,0.0054545454545455,0.0001183198580161,1115580.5,0.0,0.0,0.0,0.0,0.0,0.8951515151515153,0.0227773922430411,9.0,9.0,0.0,0.0,0.0,0.0,0.0,0.0,0.0,93.4,0.0,92.59,100.0,100.0,100.0,35.0,25.0,0,0,1,0,0,0,0,1,2,0.8425,-0.00085,0.0133,0.2666784986524683
2026-09-16T00:02:10.000,131,MEMORY_STRESS,46.2,7.105427357601002e-15,46.2,46.2,0.0,0.0,1115580.5,0.0,0.0,0.0,0.0,0.0,-1.0254545454545458,-0.0184434270765206,9.0,9.0,0.0,0.0,0.0,0.0,0.0,0.0,0.0,93.4,0.0,97.63,100.0,100.0,100.0,35.0,25.18,0,0,1,0,0,0,0,1,2,0.8412,-0.00084,0.0143,0.2666666666666666
2026-09-16T00:02:11.000,132,MEMORY_STRESS,46.2,7.105427357601002e-15,46.2,46.2,0.0,0.0,1115580.5,0.0,0.0,0.0,0.0,0.0,1.095757575757576,0.0615594143684031,9.0,9.0,0.0,0.0,0.0,0.0,0.0,0.0,0.0,93.4,0.0,91.04,99.2,100.0,100.0,35.0,24.91,0,0,1,0,0,0,0,1,2,0.8432,-0.00081,0.0132,0.2666666666666666
2026-09-16T00:02:12.000,133,MEMORY_STRESS,46.2,7.105427357601002e-15,46.2,46.2,0.0,0.0,1115580.5,0.0,0.0,0.0,0.0,0.0,-0.9654545454545456,-0.0143668831168831,9.0,9.0,0.0,0.0,0.0,0.0,0.0,0.0,0.0,93.4,0.0,94.76,100.0,100.0,100.0,35.0,25.08,0,0,1,0,0,0,0,1,2,0.8419,-0.0008,0.0134,0.2666666666666666
2026-09-16T00:02:13.000,134,MEMORY_STRESS,46.2,7.105427357601002e-15,46.2,46.2,0.0,0.0,1115580.5,0.0,0.0,0.0,0.0,0.0,0.8951515151515153,0.0227773922430411,9.0,9.0,0.0,0.0,0.0,0.0,0.0,0.0,0.0,93.4,0.0,92.59,100.0,100.0,100.0,35.0,25.0,0,0,1,0,0,0,0,1,2,0.8425,-0.00078,0.013,0.2666666666666666
2026-09-16T00:02:14.000,135,MEMORY_STRESS,46.2,7.105427357601002e-15,46.2,46.2,0.0,0.0,1115580.5,0.0,0.0,0.0,0.0,0.0,-1.0254545454545458,-0.0184434270765206,9.0,9.0,0.0,0.0,0.0,0.0,0.0,0.0,0.0,93.4,0.0,97.63,100.0,100.0,100.0,35.0,25.18,0,0,1,0,0,0,0,1,2,0.8412,-0.00077,0.0138,0.2666666666666666
2026-09-16T00:02:15.000,136,MEMORY_STRESS,46.2,7.105427357601002e-15,46.2,46.2,0.0,0.0,1115580.5,0.0,0.0,0.0,0.0,0.0,1.095757575757576,0.0615594143684031,9.0,9.0,0.0,0.0,0.0,0.0,0.0,0.0,0.0,93.4,0.0,91.04,96.0,100.0,100.0,35.0,24.74,0,0,1,0,0,0,0,1,2,0.8444,-0.00074,0.0117,0.2666666666666666
2026-09-16T00:02:16.000,137,MEMORY_STRESS,46.2,7.105427357601002e-15,46.2,46.2,0.0,0.0,1115580.5,0.0,0.0,0.0,0.0,0.0,-0.9654545454545456,-0.0143668831168831,9.0,9.0,0.0,0.0,0.0,0.0,0.0,0.0,0.0,93.4,0.0,94.76,100.0,100.0,100.0,35.0,25.08,0,0,1,0,0,0,0,1,2,0.8419,-0.00073,0.0119,0.2666666666666666
2026-09-16T00:02:17.000,138,MEMORY_STRESS,46.2,7.105427357601002e-15,46.2,46.2,0.0,0.0,1115580.5,0.0,0.0,0.0,0.0,0.0,0.8951515151515153,0.0227773922430411,9.0,9.0,0.0,0.0,0.0,0.0,0.0,0.0,0.0,93.4,0.0,92.59,100.0,100.0,100.0,35.0,25.0,0,0,1,0,0,0,0,1,2,0.8425,-0.00071,0.0115,0.2666666666666666
2026-09-16T00:02:18.000,139,MEMORY_STRESS,46.2,7.105427357601002e-15,46.2,46.2,0.0,0.0,1115580.5,0.0,0.0,0.0,0.0,0.0,-1.0254545454545458,-0.0184434270765206,9.0,9.0,0.0,0.0,0.0,0.0,0.0,0.0,0.0,93.4,0.0,97.63,100.0,100.0,100.0,35.0,25.18,0,0,1,0,0,0,0,1,2,0.8412,-0.0007,0.0123,0.2666666666666666
2026-09-16T00:02:19.000,140,MEMORY_STRESS,46.2,7.105427357601002e-15,46.2,46.2,0.0,0.0,1115580.5,0.0,0.0,0.0,0.0,0.0,1.095757575757576,0.0615594143684031,9.0,9.0,0.0,0.0,0.0,0.0,0.0,0.0,0.0,93.4,0.0,91.04,95.2,100.0,100.0,35.0,24.7,0,0,1,0,0,0,0,1,2,0.8447,-0.00068,0.0102,0.2666666666666666
2026-09-16T00:02:20.000,141,MEMORY_STRESS,46.2,7.105427357601002e-15,46.2,46.2,0.0,0.0,1115580.5,0.0,0.0,0.0,0.0,0.0,-0.9654545454545456,-0.0143668831168831,9.0,9.0,0.0,0.0,0.0,0.0,0.0,0.0,0.0,93.4,0.0,94.76,100.0,100.0,100.0,35.0,25.08,0,0,1,0,0,0,0,1,2,0.8419,-0.00067,0.0104,0.2666666666666666
2026-09-16T00:02:21.000,142,MEMORY_STRESS,46.2,7.105427357601002e-15,46.2,46.2,0.0,0.0,1115580.5,0.0,0.0,0.0,0.0,0.0,0.8951515151515153,0.0227773922430411,9.0,9.0,0.0,0.0,0.0,0.0,0.0,0.0,0.0,93.4,0.0,92.59,100.0,100.0,100.0,35.0,25.0,0,0,1,0,0,0,0,1,2,0.8425,-0.00065,0.0101,0.2666666666666666
2026-09-16T00:02:22.000,143,MEMORY_STRESS,46.2,7.105427357601002e-15,46.2,46.2,0.0,0.0,1115580.5,0.0,0.0,0.0,0.0,0.0,-1.0254545454545458,-0.0184434270765206,9.0,9.0,0.0,0.0,0.0,0.0,0.0,0.0,0.0,93.4,0.0,97.63,100.0,100.0,100.0,35.0,25.18,0,0,1,0,0,0,0,1,2,0.8412,-0.00064,0.0108,0.2666666666666666
2026-09-16T00:02:23.000,144,MEMORY_STRESS,46.2,7.105427357601002e-15,46.2,46.2,0.0,0.0,1115580.5,0.0,0.0,0.0,0.0,0.0,1.095757575757576,0.0615594143684031,9.0,9.0,0.0,0.0,0.0,0.0,0.0,0.0,0.0,93.4,0.0,91.04,100.0,100.0,100.0,35.0,24.95,0,0,1,0,0,0,0,1,2,0.8429,-0.00063,0.0103,0.2666666666666666
2026-09-16T00:02:24.000,145,MEMORY_STRESS,46.2,7.105427357601002e-15,46.2,46.2,0.0,0.0,1115580.5,0.0,0.0,0.0,0.0,0.0,-0.9654545454545456,-0.0143668831168831,9.0,9.0,0.0,0.0,0.0,0.0,0.0,0.0,0.0,93.4,0.0,94.76,100.0,100.0,100.0,35.0,25.08,0,0,1,0,0,0,0,1,2,0.8419,-0.00062,0.0104,0.2666666666666666
2026-09-16T00:02:25.000,146,MEMORY_STRESS,46.2,7.105427357601002e-15,46.2,46.2,0.0,0.0,1115580.5,0.0,0.0,0.0,0.0,0.0,0.8951515151515153,0.0227773922430411,9.0,9.0,0.0,0.0,0.0,0.0,0.0,0.0,0.0,93.4,0.0,92.59,100.0,100.0,100.0,35.0,25.0,0,0,1,0,0,0,0,1,2,0.8425,-0.0006,0.0101,0.2666666666666666
2026-09-16T00:02:26.000,147,MEMORY_STRESS,46.2,7.105427357601002e-15,46.2,46.2,0.0,0.0,1115580.5,0.0,0.0,0.0,0.0,0.0,-1.0254545454545458,-0.0184434270765206,9.0,9.0,0.0,0.0,0.0,0.0,0.0,0.0,0.0,93.4,0.0,97.63,100.0,100.0,100.0,35.0,25.18,0,0,1,0,0,0,0,1,2,0.8412,-0.00059,0.0106,0.2666666666666666
2026-09-16T00:02:27.000,148,MEMORY_STRESS,46.2,7.105427357601002e-15,46.2,46.2,0.0,0.0,1115580.5,0.0,0.0,0.0,0.0,0.0,1.095757575757576,0.0615594143684031,9.0,9.0,0.0,0.0,0.0,0.0,0.0,0.0,0.0,93.4,0.0,91.04,95.2,100.0,100.0,35.0,24.7,0,0,1,0,0,0,0,1,2,0.8447,-0.00057,0.009,0.2666666666666666
2026-09-16T00:02:28.000,149,MEMORY_STRESS,46.2,7.105427357601002e-15,46.2,46.2,0.0,0.0,1115580.5,0.0,0.0,0.0,0.0,0.0,-0.9654545454545456,-0.0143668831168831,9.0,9.0,0.0,0.0,0.0,0.0,0.0,0.0,0.0,93.4,0.0,94.76,100.0,100.0,100.0,35.0,25.08,0,0,1,0,0,0,0,1,2,0.8419,-0.00056,0.0091,0.2666666666666666
2026-09-16T00:02:29.000,150,MEMORY_STRESS,46.2,7.105427357601002e-15,46.2,46.2,0.0,0.0,1115580.5,0.0,0.0,0.0,0.0,0.0,0.8951515151515153,0.0227773922430411,9.0,9.0,0.0,0.0,0.0,0.0,0.0,0.0,0.0,93.4,0.0,92.59,100.0,100.0,100.0,35.0,25.0,0,0,1,0,0,0,0,1,2,0.8425,-0.00055,0.0089,0.2666666666666666
2026-09-16T00:02:30.000,151,MEMORY_STRESS,46.2,7.105427357601002e-15,46.2,46.2,0.0,0.0,1115580.5,0.0,0.0,0.0,0.0,0.0,-1.0254545454545458,-0.0184434270765206,9.0,9.0,0.0,0.0,0.0,0.0,0.0,0.0,0.0,93.4,0.0,97.63,100.0,100.0,100.0,35.0,25.18,0,0,1,0,0,0,0,1,2,0.8412,-0.00054,0.0094,0.2666666666666666
2026-09-16T00:02:31.000,152,MEMORY_STRESS,46.2,7.105427357601002e-15,46.2,46.2,0.0,0.0,1115580.5,0.0,0.0,0.0,0.0,0.0,1.095757575757576,0.0615594143684031,9.0,9.0,0.0,0.0,0.0,0.0,0.0,0.0,0.0,93.4,0.0,91.04,95.2,100.0,100.0,35.0,24.7,0,0,1,0,0,0,0,1,2,0.8447,-0.00052,0.0079,0.2666666666666666
2026-09-16T00:02:32.000,153,MEMORY_STRESS,46.2,7.105427357601002e-15,46.2,46.2,0.0,0.0,1115580.5,0.0,0.0,0.0,0.0,0.0,-0.9654545454545456,-0.0143668831168831,9.0,9.0,0.0,0.0,0.0,0.0,0.0,0.0,0.0,93.4,0.0,94.76,100.0,100.0,100.0,35.0,25.08,0,0,1,0,0,0,0,1,2,0.8419,-0.00052,0.0081,0.2666666666666666
2026-09-16T00:02:33.000,154,MEMORY_STRESS,46.2,7.105427357601002e-15,46.2,46.2,0.0,0.0,1115580.5,0.0,0.0,0.0,0.0,0.0,0.8951515151515153,0.0227773922430411,9.0,9.0,0.0,0.0,0.0,0.0,0.0,0.0,0.0,93.4,0.0,92.59,100.0,100.0,100.0,35.0,25.0,0,0,1,0,0,0,0,1,2,0.8425,-0.00051,0.0079,0.2666666666666666
2026-09-16T00:02:34.000,155,MEMORY_STRESS,46.2,7.105427357601002e-15,46.2,46.2,0.0,0.0,1115580.5,0.0,0.0,0.0,0.0,0.0,-1.0254545454545458,-0.0184434270765206,9.0,9.0,0.0,0.0,0.0,0.0,0.0,0.0,0.0,93.4,0.0,97.63,100.0,100.0,100.0,35.0,25.18,0,0,1,0,0,0,0,1,2,0.8412,-0.0005,0.0084,0.2666666666666666
2026-09-16T00:02:35.000,156,MEMORY_STRESS,46.2,7.105427357601002e-15,46.2,46.2,0.0,0.0,1115580.5,0.0,0.0,0.0,0.0,0.0,1.095757575757576,0.0615594143684031,9.0,9.0,0.0,0.0,0.0,0.0,0.0,0.0,0.0,93.4,0.0,91.04,100.0,100.0,100.0,35.0,24.95,0,0,1,0,0,0,0,1,2,0.8429,-0.00049,0.008,0.2666666666666666
2026-09-16T00:02:36.000,157,MEMORY_STRESS,46.2,7.105427357601002e-15,46.2,46.2,0.0,0.0,1115580.5,0.0,0.0,0.0,0.0,0.0,-0.9654545454545456,-0.0143668831168831,9.0,9.0,0.0,0.0,0.0,0.0,0.0,0.0,0.0,93.4,0.0,94.76,100.0,100.0,100.0,35.0,25.08,0,0,1,0,0,0,0,1,2,0.8419,-0.00048,0.0081,0.2666666666666666
2026-09-16T00:02:37.000,158,MEMORY_STRESS,46.21,0.0299999999999982,46.2,46.3,0.0054545454545451,0.0001180637544273,1115580.5,0.0,0.0,0.0,0.0,0.0,0.8951515151515153,0.0227773922430411,9.0,9.0,0.0,0.0,0.0,0.0,0.0,0.0,0.0,93.39,0.0,92.59,100.0,100.0,100.0,35.0,25.0,0,0,1,0,0,0,0,1,2,0.8425,-0.00047,0.0078,0.2666784730421094
2026-09-16T00:02:38.000,159,MEMORY_STRESS,46.22,0.0399999999999977,46.2,46.3,0.0096969696969691,0.000209891118982,1115580.5,0.0,0.0,0.0,0.0,0.0,-1.0254545454545458,-0.0184434270765206,9.0,9.0,0.0,0.0,0.0,0.0,0.0,0.0,0.0,93.39,0.0,97.63,100.0,100.0,100.0,35.0,25.18,0,0,1,0,0,0,0,1,2,0.8412,-0.00047,0.0083,0.2666876557785648
2026-09-16T00:02:39.000,160,MEMORY_STRESS,46.23,0.0458257569495557,46.2,46.3,0.012727272727272,0.0002754820936638,1115580.5,0.0,0.0,0.0,0.0,0.0,1.095757575757576,0.0615594143684031,9.0,9.0,0.0,0.0,0.0,0.0,0.0,0.0,0.0,93.39,0.0,91.04,95.2,100.0,100.0,35.0,24.7,0,0,1,0,0,0,0,1,2,0.8447,-0.00045,0.0071,0.266694214876033
2026-09-16T00:02:40.000,161,MEMORY_STRESS,46.24,0.0489897948556607,46.2,46.3,0.0145454545454537,0.000314836678473,1115580.5,0.0,0.0,0.0,0.0,0.0,-0.9654545454545456,-0.0143668831168831,9.0,9.0,0.0,0.0,0.0,0.0,0.0,0.0,0.0,93.39,0.0,94.76,100.0,100.0,100.0,35.0,25.08,0,0,1,0,0,0,0,1,2,0.8419,-0.00044,0.0072,0.2666981503345139
2026-09-16T00:02:41.000,162,MEMORY_STRESS,46.25000000000001,0.0499999999999971,46.2,46.3,0.0151515151515142,0.0003279548734094,1115580.5,0.0,0.0,0.0,0.0,0.0,0.8951515151515153,0.0227773922430411,9.0,9.0,0.0,0.0,0.0,0.0,0.0,0.0,0.0,93.39,0.0,92.59,100.0,100.0,100.0,35.0,25.0,0,0,1,0,0,0,0,1,2,0.8425,-0.00043,0.007,0.2666994621540076
2026-09-16T00:02:42.000,163,MEMORY_STRESS,46.260000000000005,0.0489897948556607,46.2,46.3,0.0145454545454537,0.000314836678473,1115580.5,0.0,0.0,0.0,0.0,0.0,-1.0254545454545458,-0.0184434270765206,9.0,9.0,0.0,0.0,0.0,0.0,0.0,0.0,0.0,93.39,0.0,97.63,100.0,100.0,100.0,35.0,25.18,0,0,1,0,0,0,0,1,2,0.8412,-0.00043,0.0074,0.2666981503345139
2026-09-16T00:02:43.000,164,MEMORY_STRESS,46.27000000000001,0.0458257569495557,46.2,46.3,0.012727272727272,0.0002754820936638,1115580.5,0.0,0.0,0.0,0.0,0.0,1.095757575757576,0.0615594143684031,9.0,9.0,0.0,0.0,0.0,0.0,0.0,0.0,0.0,93.39,0.0,91.04,95.2,100.0,100.0,35.0,24.7,0,0,1,0,0,0,0,1,2,0.8447,-0.00042,0.0063,0.266694214876033
2026-09-16T00:02:44.000,165,MEMORY_STRESS,46.28000000000001,0.0399999999999977,46.2,46.3,0.0096969696969691,0.000209891118982,1115580.5,0.0,0.0,0.0,0.0,0.0,-0.9654545454545456,-0.0143668831168831,9.0,9.0,0.0,0.0,0.0,0.0,0.0,0.0,0.0,93.39,0.0,94.76,100.0,100.0,100.0,35.0,25.08,0,0,1,0,0,0,0,1,2,0.8419,-0.00041,0.0064,0.2666876557785648
2026-09-16T00:02:45.000,166,MEMORY_STRESS,46.290000000000006,0.0299999999999982,46.2,46.3,0.0054545454545451,0.0001180637544273,1115580.5,0.0,0.0,0.0,0.0,0.0,0.8951515151515153,0.0227773922430411,9.0,9.0,0.0,0.0,0.0,0.0,0.0,0.0,0.0,93.39,0.0,92.59,100.0,100.0,100.0,35.0,25.0,0,0,1,0,0,0,0,1,2,0.8425,-0.0004,0.0062,0.2666784730421094
2026-09-16T00:02:46.000,167,MEMORY_STRESS,46.3,7.105427357601002e-15,46.3,46.3,0.0,0.0,1115580.5,0.0,0.0,0.0,0.0,0.0,-1.0254545454545458,-0.0184434270765206,9.0,9.0,0.0,0.0,0.0,0.0,0.0,0.0,0.0,93.39,0.0,97.63,100.0,100.0,100.0,35.0,25.18,0,0,1,0,0,0,0,1,2,0.8412,-0.0004,0.0066,0.2666666666666666
2026-09-16T00:02:47.000,168,MEMORY_STRESS,46.3,7.105427357601002e-15,46.3,46.3,0.0,0.0,1115580.5,0.0,0.0,0.0,0.0,0.0,1.095757575757576,0.0615594143684031,9.0,9.0,0.0,0.0,0.0,0.0,0.0,0.0,0.0,93.39,0.0,91.04,99.2,100.0,100.0,35.0,24.91,0,0,1,0,0,0,0,1,2,0.8432,-0.00039,0.0062,0.2666666666666666
2026-09-16T00:02:48.000,169,MEMORY_STRESS,46.3,7.105427357601002e-15,46.3,46.3,0.0,0.0,1115580.5,0.0,0.0,0.0,0.0,0.0,-0.9654545454545456,-0.0143668831168831,9.0,9.0,0.0,0.0,0.0,0.0,0.0,0.0,0.0,93.39,0.0,94.76,100.0,100.0,100.0,35.0,25.08,0,0,1,0,0,0,0,1,2,0.8419,-0.00038,0.0063,0.2666666666666666
2026-09-16T00:02:49.000,170,MEMORY_STRESS,46.3,7.105427357601002e-15,46.3,46.3,0.0,0.0,1115580.5,0.0,0.0,0.0,0.0,0.0,0.8951515151515153,0.0227773922430411,9.0,9.0,0.0,0.0,0.0,0.0,0.0,0.0,0.0,93.39,0.0,92.59,100.0,100.0,100.0,35.0,25.0,0,0,1,0,0,0,0,1,2,0.8425,-0.00038,0.0061,0.2666666666666666
2026-09-16T00:02:50.000,171,MEMORY_STRESS,46.3,7.105427357601002e-15,46.3,46.3,0.0,0.0,1115580.5,0.0,0.0,0.0,0.0,0.0,-1.0254545454545458,-0.0184434270765206,9.0,9.0,0.0,0.0,0.0,0.0,0.0,0.0,0.0,93.39,0.0,97.63,100.0,100.0,100.0,35.0,25.18,0,0,1,0,0,0,0,1,2,0.8412,-0.00037,0.0065,0.2666666666666666
2026-09-16T00:02:51.000,172,MEMORY_STRESS,46.3,7.105427357601002e-15,46.3,46.3,0.0,0.0,1115580.5,0.0,0.0,0.0,0.0,0.0,1.095757575757576,0.0615594143684031,9.0,9.0,0.0,0.0,0.0,0.0,0.0,0.0,0.0,93.39,0.0,91.04,96.0,100.0,100.0,35.0,24.74,0,0,1,0,0,0,0,1,2,0.8444,-0.00036,0.0057,0.2666666666666666
2026-09-16T00:02:52.000,173,MEMORY_STRESS,46.3,7.105427357601002e-15,46.3,46.3,0.0,0.0,1115580.5,0.0,0.0,0.0,0.0,0.0,-0.9654545454545456,-0.0143668831168831,9.0,9.0,0.0,0.0,0.0,0.0,0.0,0.0,0.0,93.39,0.0,94.76,100.0,100.0,100.0,35.0,25.08,0,0,1,0,0,0,0,1,2,0.8419,-0.00036,0.0058,0.2666666666666666
2026-09-16T00:02:53.000,174,MEMORY_STRESS,46.3,7.105427357601002e-15,46.3,46.3,0.0,0.0,1115580.5,0.0,0.0,0.0,0.0,0.0,0.8951515151515153,0.0227773922430411,9.0,9.0,0.0,0.0,0.0,0.0,0.0,0.0,0.0,93.39,0.0,92.59,100.0,100.0,100.0,35.0,25.0,0,0,1,0,0,0,0,1,2,0.8425,-0.00035,0.0056,0.2666666666666666
2026-09-16T00:02:54.000,175,MEMORY_STRESS,46.3,7.105427357601002e-15,46.3,46.3,0.0,0.0,1115580.5,0.0,0.0,0.0,0.0,0.0,-1.0254545454545458,-0.0184434270765206,9.0,9.0,0.0,0.0,0.0,0.0,0.0,0.0,0.0,93.39,0.0,97.63,100.0,100.0,100.0,35.0,25.18,0,0,1,0,0,0,0,1,2,0.8412,-0.00035,0.0059,0.2666666666666666
2026-09-16T00:02:55.000,176,MEMORY_STRESS,46.3,7.105427357601002e-15,46.3,46.3,0.0,0.0,1115580.5,0.0,0.0,0.0,0.0,0.0,1.095757575757576,0.0615594143684031,9.0,9.0,0.0,0.0,0.0,0.0,0.0,0.0,0.0,93.39,0.0,91.04,95.2,100.0,100.0,35.0,24.7,0,0,1,0,0,0,0,1,2,0.8447,-0.00034,0.0051,0.2666666666666666
2026-09-16T00:02:56.000,177,MEMORY_STRESS,46.3,7.105427357601002e-15,46.3,46.3,0.0,0.0,1115580.5,0.0,0.0,0.0,0.0,0.0,-0.9654545454545456,-0.0143668831168831,9.0,9.0,0.0,0.0,0.0,0.0,0.0,0.0,0.0,93.39,0.0,94.76,100.0,100.0,100.0,35.0,25.08,0,0,1,0,0,0,0,1,2,0.8419,-0.00033,0.0052,0.2666666666666666
2026-09-16T00:02:57.000,178,MEMORY_STRESS,46.3,7.105427357601002e-15,46.3,46.3,0.0,0.0,1115580.5,0.0,0.0,0.0,0.0,0.0,0.8951515151515153,0.0227773922430411,9.0,9.0,0.0,0.0,0.0,0.0,0.0,0.0,0.0,93.39,0.0,92.59,100.0,100.0,100.0,35.0,25.0,0,0,1,0,0,0,0,1,2,0.8425,-0.00033,0.0051,0.2666666666666666
2026-09-16T00:02:58.000,179,MEMORY_STRESS,46.3,7.105427357601002e-15,46.3,46.3,0.0,0.0,1115580.5,0.0,0.0,0.0,0.0,0.0,-1.0254545454545458,-0.0184434270765206,9.0,9.0,0.0,0.0,0.0,0.0,0.0,0.0,0.0,93.39,0.0,97.63,100.0,100.0,100.0,35.0,25.18,0,0,1,0,0,0,0,1,2,0.8412,-0.00032,0.0054,0.2666666666666666
2026-09-16T00:02:59.000,180,MEMORY_STRESS,46.3,7.105427357601002e-15,46.3,46.3,0.0,0.0,1115580.5,0.0,0.0,0.0,0.0,0.0,1.095757575757576,0.0615594143684031,9.0,9.0,0.0,0.0,0.0,0.0,0.0,0.0,0.0,93.39,0.0,91.04,100.0,100.0,100.0,35.0,24.95,0,0,1,0,0,0,0,1,2,0.8429,-0.00032,0.0051,0.2666666666666666
2026-09-16T00:03:00.000,181,MEMORY_STRESS,46.3,7.105427357601002e-15,46.3,46.3,0.0,0.0,1115580.5,0.0,0.0,0.0,0.0,0.0,-0.9654545454545456,-0.0143668831168831,9.0,9.0,0.0,0.0,0.0,0.0,0.0,0.0,0.0,93.39,0.0,94.76,100.0,100.0,100.0,35.0,25.08,0,0,1,0,0,0,0,1,2,0.8419,-0.00031,0.0052,0.2666666666666666
2026-09-16T00:03:01.000,182,MEMORY_STRESS,46.3,7.105427357601002e-15,46.3,46.3,0.0,0.0,1115580.5,0.0,0.0,0.0,0.0,0.0,1.527878787878788,0.0388773228467885,9.0,9.0,0.0,0.0,0.0,0.0,0.0,0.0,0.0,93.39,0.0,91.04,95.2,100.0,100.0,35.0,24.7,0,0,1,0,0,0,0,1,2,0.8447,-0.0003,0.0044,0.2666666666666666
2026-09-16T00:03:02.000,183,MEMORY_STRESS,46.3,7.105427357601002e-15,46.3,46.3,0.0,0.0,1115580.5,0.0,0.0,0.0,0.0,0.0,0.6393939393939392,0.0114998909962938,9.0,9.0,0.0,0.0,0.0,0.0,0.0,0.0,0.0,93.39,0.0,94.76,100.0,100.0,100.0,35.0,25.08,0,0,1,0,0,0,0,1,2,0.8419,-0.0003,0.0045,0.2666666666666666
2026-09-16T00:03:03.000,184,MEMORY_STRESS,46.3,7.105427357601002e-15,46.3,46.3,0.0,0.0,1115580.5,0.0,0.0,0.0,0.0,0.0,1.7266666666666666,0.097003745318352,9.0,9.0,0.0,0.0,0.0,0.0,0.0,0.0,0.0,93.39,0.0,92.59,100.0,100.0,100.0,35.0,25.0,0,0,1,0,0,0,0,1,2,0.8425,-0.00029,0.0044,0.2666666666666666
2026-09-16T00:03:04.000,185,MEMORY_STRESS,46.3,7.105427357601002e-15,46.3,46.3,0.0,0.0,1115580.5,0.0,0.0,0.0,0.0,0.0,-1.767878787878788,-0.02630772005772,9.0,9.0,0.0,0.0,0.0,0.0,0.0,0.0,0.0,93.39,0.0,97.63,100.0,100.0,100.0,35.0,25.18,0,0,1,0,0,0,0,1,2,0.8412,-0.00029,0.0047,0.2666666666666666
2026-09-16T00:03:05.000,186,MEMORY_STRESS,46.3,7.105427357601002e-15,46.3,46.3,0.0,0.0,1115580.5,0.0,0.0,0.0,0.0,0.0,0.7254545454545457,0.0184594031922276,9.0,9.0,0.0,0.0,0.0,0.0,0.0,0.0,0.0,93.39,0.0,91.04,95.2,100.0,100.0,35.0,24.7,0,0,1,0,0,0,0,1,2,0.8447,-0.00028,0.004,0.2666666666666666
2026-09-16T00:03:06.000,187,MEMORY_STRESS,46.3,7.105427357601002e-15,46.3,46.3,0.0,0.0,1115580.5,0.0,0.0,0.0,0.0,0.0,-0.1630303030303032,-0.0029321996947896,9.0,9.0,0.0,0.0,0.0,0.0,0.0,0.0,0.0,93.39,0.0,94.76,100.0,100.0,100.0,35.0,25.08,0,0,1,0,0,0,0,1,2,0.8419,-0.00028,0.0041,0.2666666666666666
2026-09-16T00:03:07.000,188,MEMORY_STRESS,46.3,7.105427357601002e-15,46.3,46.3,0.0,0.0,1115580.5,0.0,0.0,0.0,0.0,0.0,0.9242424242424242,0.0519237316990125,9.0,9.0,0.0,0.0,0.0,0.0,0.0,0.0,0.0,93.39,0.0,92.59,100.0,100.0,100.0,35.0,25.0,0,0,1,0,0,0,0,1,2,0.8425,-0.00027,0.004,0.2666666666666666
2026-09-16T00:03:08.000,189,MEMORY_STRESS,46.3,7.105427357601002e-15,46.3,46.3,0.0,0.0,1115580.5,0.0,0.0,0.0,0.0,0.0,-2.5703030303030303,-0.038248556998557,9.0,9.0,0.0,0.0,0.0,0.0,0.0,0.0,0.0,93.39,0.0,97.63,100.0,100.0,100.0,35.0,25.18,0,0,1,0,0,0,0,1,2,0.8412,-0.00027,0.0043,0.2666666666666666
2026-09-16T00:03:09.000,190,MEMORY_STRESS,46.3,7.105427357601002e-15,46.3,46.3,0.0,0.0,1115580.5,0.0,0.0,0.0,0.0,0.0,-0.0769696969696965,-0.0019585164623332,9.0,9.0,0.0,0.0,0.0,0.0,0.0,0.0,0.0,93.39,0.0,91.04,100.0,100.0,100.0,35.0,24.95,0,0,1,0,0,0,0,1,2,0.8429,-0.00027,0.0041,0.2666666666666666
2026-09-16T00:03:10.000,191,MEMORY_STRESS,46.3,7.105427357601002e-15,46.3,46.3,0.0,0.0,1115580.5,0.0,0.0,0.0,0.0,0.0,-0.9654545454545456,-0.0143668831168831,9.0,9.0,0.0,0.0,0.0,0.0,0.0,0.0,0.0,93.39,0.0,94.76,100.0,100.0,100.0,35.0,25.08,0,0,1,0,0,0,0,1,2,0.8419,-0.00026,0.0041,0.2666666666666666
2026-09-16T00:03:11.000,192,MEMORY_STRESS,46.3,7.105427357601002e-15,46.3,46.3,0.0,0.0,1115580.5,0.0,0.0,0.0,0.0,0.0,0.8951515151515153,0.0227773922430411,9.0,9.0,0.0,0.0,0.0,0.0,0.0,0.0,0.0,93.39,0.0,92.59,100.0,100.0,100.0,35.0,25.0,0,0,1,0,0,0,0,1,2,0.8425,-0.00026,0.0041,0.2666666666666666
2026-09-16T00:03:12.000,193,MEMORY_STRESS,46.3,7.105427357601002e-15,46.3,46.3,0.0,0.0,1115580.5,0.0,0.0,0.0,0.0,0.0,-1.0254545454545458,-0.0184434270765206,9.0,9.0,0.0,0.0,0.0,0.0,0.0,0.0,0.0,93.39,0.0,97.63,100.0,100.0,100.0,35.0,25.18,0,0,1,0,0,0,0,1,2,0.8412,-0.00026,0.0043,0.2666666666666666
2026-09-16T00:03:13.000,194,MEMORY_STRESS,46.3,7.105427357601002e-15,46.3,46.3,0.0,0.0,1115580.5,0.0,0.0,0.0,0.0,0.0,1.095757575757576,0.0615594143684031,9.0,9.0,0.0,0.0,0.0,0.0,0.0,0.0,0.0,93.39,0.0,91.04,95.2,100.0,100.0,35.0,24.7,0,0,1,0,0,0,0,1,2,0.8447,-0.00025,0.0037,0.2666666666666666
2026-09-16T00:03:14.000,195,MEMORY_STRESS,46.3,7.105427357601002e-15,46.3,46.3,0.0,0.0,1115580.5,0.0,0.0,0.0,0.0,0.0,-0.9654545454545456,-0.0143668831168831,9.0,9.0,0.0,0.0,0.0,0.0,0.0,0.0,0.0,93.39,0.0,94.76,100.0,100.0,100.0,35.0,25.08,0,0,1,0,0,0,0,1,2,0.8419,-0.00025,0.0038,0.2666666666666666
2026-09-16T00:03:15.000,196,MEMORY_STRESS,46.3,7.105427357601002e-15,46.3,46.3,0.0,0.0,1115580.5,0.0,0.0,0.0,0.0,0.0,0.8951515151515153,0.0227773922430411,9.0,9.0,0.0,0.0,0.0,0.0,0.0,0.0,0.0,93.39,0.0,92.59,100.0,100.0,100.0,35.0,25.0,0,0,1,0,0,0,0,1,2,0.8425,-0.00024,0.0037,0.2666666666666666
2026-09-16T00:03:16.000,197,MEMORY_STRESS,46.3,7.105427357601002e-15,46.3,46.3,0.0,0.0,1115580.5,0.0,0.0,0.0,0.0,0.0,-1.0254545454545458,-0.0184434270765206,9.0,9.0,0.0,0.0,0.0,0.0,0.0,0.0,0.0,93.39,0.0,97.63,100.0,100.0,100.0,35.0,25.18,0,0,1,0,0,0,0,1,2,0.8412,-0.00024,0.0039,0.2666666666666666
2026-09-16T00:03:17.000,198,MEMORY_STRESS,46.3,7.105427357601002e-15,46.3,46.3,0.0,0.0,1115580.5,0.0,0.0,0.0,0.0,0.0,1.095757575757576,0.0615594143684031,9.0,9.0,0.0,0.0,0.0,0.0,0.0,0.0,0.0,93.39,0.0,91.04,95.2,100.0,100.0,35.0,24.7,0,0,1,0,0,0,0,1,2,0.8447,-0.00023,0.0033,0.2666666666666666
2026-09-16T00:03:18.000,199,MEMORY_STRESS,46.3,7.105427357601002e-15,46.3,46.3,0.0,0.0,1115580.5,0.0,0.0,0.0,0.0,0.0,-0.9654545454545456,-0.0143668831168831,9.0,9.0,0.0,0.0,0.0,0.0,0.0,0.0,0.0,93.39,0.0,94.76,100.0,100.0,100.0,35.0,25.08,0,0,1,0,0,0,0,1,2,0.8419,-0.00023,0.0034,0.2666666666666666
2026-09-16T00:03:19.000,200,MEMORY_STRESS,46.3,7.105427357601002e-15,46.3,46.3,0.0,0.0,1115580.5,0.0,0.0,0.0,0.0,0.0,0.8951515151515153,0.0227773922430411,9.0,9.0,0.0,0.0,0.0,0.0,0.0,0.0,0.0,93.39,0.0,92.59,100.0,100.0,100.0,35.0,25.0,0,0,1,0,0,0,0,1,2,0.8425,-0.00023,0.0033,0.2666666666666666
2026-09-16T00:03:20.000,201,MEMORY_STRESS,46.3,7.105427357601002e-15,46.3,46.3,0.0,0.0,1115580.5,0.0,0.0,0.0,0.0,0.0,-1.0254545454545458,-0.0184434270765206,9.0,9.0,0.0,0.0,0.0,0.0,0.0,0.0,0.0,93.39,0.0,97.63,100.0,100.0,100.0,35.0,25.18,0,0,1,0,0,0,0,1,2,0.8412,-0.00022,0.0036,0.2666666666666666
2026-09-16T00:03:21.000,202,MEMORY_STRESS,46.3,7.105427357601002e-15,46.3,46.3,0.0,0.0,1115580.5,0.0,0.0,0.0,0.0,0.0,1.095757575757576,0.0615594143684031,9.0,9.0,0.0,0.0,0.0,0.0,0.0,0.0,0.0,93.39,0.0,91.04,99.2,100.0,100.0,35.0,24.91,0,0,1,0,0,0,0,1,2,0.8432,-0.00022,0.0034,0.2666666666666666
2026-09-16T00:03:22.000,203,MEMORY_STRESS,46.3,7.105427357601002e-15,46.3,46.3,0.0,0.0,1115580.5,0.0,0.0,0.0,0.0,0.0,-0.9654545454545456,-0.0143668831168831,9.0,9.0,0.0,0.0,0.0,0.0,0.0,0.0,0.0,93.39,0.0,94.76,100.0,100.0,100.0,35.0,25.08,0,0,1,0,0,0,0,1,2,0.8419,-0.00022,0.0034,0.2666666666666666
2026-09-16T00:03:23.000,204,MEMORY_STRESS,46.3,7.105427357601002e-15,46.3,46.3,0.0,0.0,1115580.5,0.0,0.0,0.0,0.0,0.0,0.8951515151515153,0.0227773922430411,9.0,9.0,0.0,0.0,0.0,0.0,0.0,0.0,0.0,93.39,0.0,92.59,100.0,100.0,100.0,35.0,25.0,0,0,1,0,0,0,0,1,2,0.8425,-0.00021,0.0034,0.2666666666666666
2026-09-16T00:03:24.000,205,MEMORY_STRESS,46.3,7.105427357601002e-15,46.3,46.3,0.0,0.0,1115580.5,0.0,0.0,0.0,0.0,0.0,-1.0254545454545458,-0.0184434270765206,9.0,9.0,0.0,0.0,0.0,0.0,0.0,0.0,0.0,93.39,0.0,97.63,100.0,100.0,100.0,35.0,25.18,0,0,1,0,0,0,0,1,2,0.8412,-0.00021,0.0036,0.2666666666666666
2026-09-16T00:03:25.000,206,MEMORY_STRESS,46.3,7.105427357601002e-15,46.3,46.3,0.0,0.0,1115580.5,0.0,0.0,0.0,0.0,0.0,1.095757575757576,0.0615594143684031,9.0,9.0,0.0,0.0,0.0,0.0,0.0,0.0,0.0,93.39,0.0,91.04,96.0,100.0,100.0,35.0,24.74,0,0,1,0,0,0,0,1,2,0.8444,-0.00021,0.0031,0.2666666666666666
2026-09-16T00:03:26.000,207,MEMORY_STRESS,46.3,7.105427357601002e-15,46.3,46.3,0.0,0.0,1115580.5,0.0,0.0,0.0,0.0,0.0,-0.9654545454545456,-0.0143668831168831,9.0,9.0,0.0,0.0,0.0,0.0,0.0,0.0,0.0,93.39,0.0,94.76,100.0,100.0,100.0,35.0,25.08,0,0,1,0,0,0,0,1,2,0.8419,-0.00021,0.0032,0.2666666666666666
2026-09-16T00:03:27.000,208,MEMORY_STRESS,46.3,7.105427357601002e-15,46.3,46.3,0.0,0.0,1115580.5,0.0,0.0,0.0,0.0,0.0,0.8951515151515153,0.0227773922430411,9.0,9.0,0.0,0.0,0.0,0.0,0.0,0.0,0.0,93.39,0.0,92.59,100.0,100.0,100.0,35.0,25.0,0,0,1,0,0,0,0,1,2,0.8425,-0.0002,0.0031,0.2666666666666666
2026-09-16T00:03:28.000,209,MEMORY_STRESS,46.3,7.105427357601002e-15,46.3,46.3,0.0,0.0,1115580.5,0.0,0.0,0.0,0.0,0.0,-1.0254545454545458,-0.0184434270765206,9.0,9.0,0.0,0.0,0.0,0.0,0.0,0.0,0.0,93.39,0.0,97.63,100.0,100.0,100.0,35.0,25.18,0,0,1,0,0,0,0,1,2,0.8412,-0.0002,0.0033,0.2666666666666666
2026-09-16T00:03:29.000,210,MEMORY_STRESS,46.3,7.105427357601002e-15,46.3,46.3,0.0,0.0,1115580.5,0.0,0.0,0.0,0.0,0.0,1.095757575757576,0.0615594143684031,9.0,9.0,0.0,0.0,0.0,0.0,0.0,0.0,0.0,93.39,0.0,91.04,95.2,100.0,100.0,35.0,24.7,0,0,1,0,0,0,0,1,2,0.8447,-0.0002,0.0029,0.2666666666666666
2026-09-16T00:03:30.000,211,MEMORY_STRESS,46.3,7.105427357601002e-15,46.3,46.3,0.0,0.0,1115580.5,0.0,0.0,0.0,0.0,0.0,-0.9654545454545456,-0.0143668831168831,9.0,9.0,0.0,0.0,0.0,0.0,0.0,0.0,0.0,93.39,0.0,94.76,100.0,100.0,100.0,35.0,25.08,0,0,1,0,0,0,0,1,2,0.8419,-0.00019,0.0029,0.2666666666666666
2026-09-16T00:03:31.000,212,MEMORY_STRESS,46.3,7.105427357601002e-15,46.3,46.3,0.0,0.0,1115580.5,0.0,0.0,0.0,0.0,0.0,0.8951515151515153,0.0227773922430411,9.0,9.0,0.0,0.0,0.0,0.0,0.0,0.0,0.0,93.39,0.0,92.59,100.0,100.0,100.0,35.0,25.0,0,0,1,0,0,0,0,1,2,0.8425,-0.00019,0.0029,0.2666666666666666
2026-09-16T00:03:32.000,213,MEMORY_STRESS,46.3,7.105427357601002e-15,46.3,46.3,0.0,0.0,1115580.5,0.0,0.0,0.0,0.0,0.0,-1.0254545454545458,-0.0184434270765206,9.0,9.0,0.0,0.0,0.0,0.0,0.0,0.0,0.0,93.39,0.0,97.63,100.0,100.0,100.0,35.0,25.18,0,0,1,0,0,0,0,1,2,0.8412,-0.00019,0.003,0.2666666666666666
2026-09-16T00:03:33.000,214,MEMORY_STRESS,46.3,7.105427357601002e-15,46.3,46.3,0.0,0.0,1115580.5,0.0,0.0,0.0,0.0,0.0,1.095757575757576,0.0615594143684031,9.0,9.0,0.0,0.0,0.0,0.0,0.0,0.0,0.0,93.39,0.0,91.04,100.0,100.0,100.0,35.0,24.95,0,0,1,0,0,0,0,1,2,0.8429,-0.00019,0.0029,0.2666666666666666
2026-09-16T00:03:34.000,215,MEMORY_STRESS,46.3,7.105427357601002e-15,46.3,46.3,0.0,0.0,1115580.5,0.0,0.0,0.0,0.0,0.0,-0.9654545454545456,-0.0143668831168831,9.0,9.0,0.0,0.0,0.0,0.0,0.0,0.0,0.0,93.39,0.0,94.76,100.0,100.0,100.0,35.0,25.08,0,0,1,0,0,0,0,1,2,0.8419,-0.00019,0.003,0.2666666666666666
2026-09-16T00:03:35.000,216,MEMORY_STRESS,46.3,7.105427357601002e-15,46.3,46.3,0.0,0.0,1115580.5,0.0,0.0,0.0,0.0,0.0,1.527878787878788,0.0388773228467885,9.0,9.0,0.0,0.0,0.0,0.0,0.0,0.0,0.0,93.39,0.0,91.04,95.2,100.0,100.0,35.0,24.7,0,0,1,0,0,0,0,1,2,0.8447,-0.00018,0.0025,0.2666666666666666
2026-09-16T00:03:36.000,217,MEMORY_STRESS,46.3,7.105427357601002e-15,46.3,46.3,0.0,0.0,1115580.5,0.0,0.0,0.0,0.0,0.0,0.6393939393939392,0.0114998909962938,9.0,9.0,0.0,0.0,0.0,0.0,0.0,0.0,0.0,93.39,0.0,94.76,100.0,100.0,100.0,35.0,25.08,0,0,1,0,0,0,0,1,2,0.8419,-0.00018,0.0026,0.2666666666666666
2026-09-16T00:03:37.000,218,MEMORY_STRESS,46.31,0.0300000000000004,46.3,46.4,0.0054545454545455,0.0001178087571176,1115580.5,0.0,0.0,0.0,0.0,0.0,1.7266666666666666,0.097003745318352,9.0,9.0,0.0,0.0,0.0,0.0,0.0,0.0,0.0,93.37,0.0,92.59,100.0,100.0,100.0,35.0,25.0,0,0,1,0,0,0,0,1,2,0.8425,-0.00018,0.0026,0.2666784475423784
2026-09-16T00:03:38.000,219,MEMORY_STRESS,46.32,0.0400000000000005,46.3,46.4,0.0096969696969698,0.0002094377904313,1115580.5,0.0,0.0,0.0,0.0,0.0,-1.767878787878788,-0.02630772005772,9.0,9.0,0.0,0.0,0.0,0.0,0.0,0.0,0.0,93.37,0.0,97.63,100.0,100.0,100.0,35.0,25.18,0,0,1,0,0,0,0,1,2,0.8412,-0.00017,0.0027,0.2666876104457097
2026-09-16T00:03:39.000,220,MEMORY_STRESS,46.33,0.045825756949559,46.3,46.4,0.0127272727272729,0.000274887099941,1115580.5,0.0,0.0,0.0,0.0,0.0,0.7254545454545457,0.0184594031922276,9.0,9.0,0.0,0.0,0.0,0.0,0.0,0.0,0.0,93.37,0.0,91.04,95.2,100.0,100.0,35.0,24.7,0,0,1,0,0,0,0,1,2,0.8447,-0.00017,0.0023,0.2666941553766607
2026-09-16T00:03:40.000,221,MEMORY_STRESS,46.33999999999999,0.0489897948556642,46.3,46.4,0.0145454545454547,0.0003141566856469,1115580.5,0.0,0.0,0.0,0.0,0.0,-0.1630303030303032,-0.0029321996947896,9.0,9.0,0.0,0.0,0.0,0.0,0.0,0.0,0.0,93.37,0.0,94.76,100.0,100.0,100.0,35.0,25.08,0,0,1,0,0,0,0,1,2,0.8419,-0.00017,0.0024,0.2666980823352313
2026-09-16T00:03:41.000,222,MEMORY_STRESS,46.33999999999999,0.0489897948556642,46.3,46.4,0.0096969696969698,0.0002094377904313,1115580.5,0.0,0.0,0.0,0.0,0.0,0.9242424242424242,0.0519237316990125,9.0,9.0,0.0,0.0,0.0,0.0,0.0,0.0,0.0,93.39,0.0,92.59,100.0,100.0,100.0,35.0,25.0,0,0,1,0,0,0,0,1,2,0.8425,-0.00017,0.0023,0.2666876104457097
2026-09-16T00:03:42.000,223,MEMORY_STRESS,46.34,0.0489897948556642,46.3,46.4,0.0048484848484849,0.0001047188952156,1115580.5,0.0,0.0,0.0,0.0,0.0,-2.5703030303030303,-0.038248556998557,9.0,9.0,0.0,0.0,0.0,0.0,0.0,0.0,0.0,93.39,0.0,97.63,100.0,100.0,100.0,35.0,25.18,0,0,1,0,0,0,0,1,2,0.8412,-0.00016,0.0025,0.2666771385561882
2026-09-16T00:03:43.000,224,MEMORY_STRESS,46.34,0.0489897948556642,46.3,46.4,0.0,0.0,1115580.5,0.0,0.0,0.0,0.0,0.0,-0.0769696969696965,-0.0019585164623332,9.0,9.0,0.0,0.0,0.0,0.0,0.0,0.0,0.0,93.39,0.0,91.04,100.0,100.0,100.0,35.0,24.95,0,0,1,0,0,0,0,1,2,0.8429,-0.00016,0.0024,0.2666666666666666
2026-09-16T00:03:44.000,225,MEMORY_STRESS,46.34,0.0489897948556642,46.3,46.4,-0.0048484848484849,-0.0001047188952156,1115580.5,0.0,0.0,0.0,0.0,0.0,-0.9654545454545456,-0.0143668831168831,9.0,9.0,0.0,0.0,0.0,0.0,0.0,0.0,0.0,93.39,0.0,94.76,100.0,100.0,100.0,35.0,25.08,0,0,1,0,0,0,0,1,2,0.8419,-0.00016,0.0025,0.2666771385561882
2026-09-16T00:03:45.000,226,MEMORY_STRESS,46.35,0.0500000000000007,46.3,46.4,-0.0042424242424243,-9.162903331369983e-05,1115580.5,0.0,0.0,0.0,0.0,0.0,0.8951515151515153,0.0227773922430411,9.0,9.0,0.0,0.0,0.0,0.0,0.0,0.0,0.0,93.37,0.0,92.59,100.0,100.0,100.0,35.0,25.0,0,0,1,0,0,0,0,1,2,0.8425,-0.00016,0.0024,0.266675829569998
2026-09-16T00:03:46.000,227,MEMORY_STRESS,46.36,0.0489897948556642,46.3,46.4,-0.0048484848484849,-0.0001044932079414,1115580.5,0.0,0.0,0.0,0.0,0.0,-1.0254545454545458,-0.0184434270765206,9.0,9.0,0.0,0.0,0.0,0.0,0.0,0.0,0.0,93.37,0.0,97.63,100.0,100.0,100.0,35.0,25.18,0,0,1,0,0,0,0,1,2,0.8412,-0.00016,0.0026,0.2666771159874608
2026-09-16T00:03:47.000,228,MEMORY_STRESS,46.36,0.0489897948556642,46.3,46.4,0.0,0.0,1115580.5,0.0,0.0,0.0,0.0,0.0,1.095757575757576,0.0615594143684031,9.0,9.0,0.0,0.0,0.0,0.0,0.0,0.0,0.0,93.37,0.0,91.04,95.2,100.0,100.0,35.0,24.7,0,0,1,0,0,0,0,1,2,0.8447,-0.00015,0.0022,0.2666666666666666
2026-09-16T00:03:48.000,229,MEMORY_STRESS,46.35999999999999,0.0489897948556642,46.3,46.4,0.0048484848484849,0.0001044932079414,1115580.5,0.0,0.0,0.0,0.0,0.0,-0.9654545454545456,-0.0143668831168831,9.0,9.0,0.0,0.0,0.0,0.0,0.0,0.0,0.0,93.37,0.0,94.76,100.0,100.0,100.0,35.0,25.08,0,0,1,0,0,0,0,1,2,0.8419,-0.00015,0.0023,0.2666771159874608
2026-09-16T00:03:49.000,230,MEMORY_STRESS,46.35999999999999,0.0489897948556642,46.3,46.4,0.0096969696969698,0.0002089864158829,1115580.5,0.0,0.0,0.0,0.0,0.0,0.8951515151515153,0.0227773922430411,9.0,9.0,0.0,0.0,0.0,0.0,0.0,0.0,0.0,93.37,0.0,92.59,100.0,100.0,100.0,35.0,25.0,0,0,1,0,0,0,0,1,2,0.8425,-0.00015,0.0022,0.2666875653082549
2026-09-16T00:03:50.000,231,MEMORY_STRESS,46.35999999999999,0.0489897948556642,46.3,46.4,0.0145454545454547,0.0003141566856469,1115580.5,0.0,0.0,0.0,0.0,0.0,-1.0254545454545458,-0.0184434270765206,9.0,9.0,0.0,0.0,0.0,0.0,0.0,0.0,0.0,93.37,0.0,97.63,100.0,100.0,100.0,35.0,25.18,0,0,1,0,0,0,0,1,2,0.8412,-0.00015,0.0024,0.2666980823352313
2026-09-16T00:03:51.000,232,MEMORY_STRESS,46.36999999999999,0.045825756949559,46.3,46.4,0.0127272727272729,0.000274887099941,1115580.5,0.0,0.0,0.0,0.0,0.0,1.095757575757576,0.0615594143684031,9.0,9.0,0.0,0.0,0.0,0.0,0.0,0.0,0.0,93.37,0.0,91.04,95.2,100.0,100.0,35.0,24.7,0,0,1,0,0,0,0,1,2,0.8447,-0.00015,0.002,0.2666941553766607
2026-09-16T00:03:52.000,233,MEMORY_STRESS,46.37999999999999,0.0400000000000005,46.3,46.4,0.0096969696969698,0.0002094377904313,1115580.5,0.0,0.0,0.0,0.0,0.0,-0.9654545454545456,-0.0143668831168831,9.0,9.0,0.0,0.0,0.0,0.0,0.0,0.0,0.0,93.37,0.0,94.76,100.0,100.0,100.0,35.0,25.08,0,0,1,0,0,0,0,1,2,0.8419,-0.00014,0.0021,0.2666876104457097
2026-09-16T00:03:53.000,234,MEMORY_STRESS,46.38999999999999,0.0300000000000004,46.3,46.4,0.0054545454545455,0.0001178087571176,1115580.5,0.0,0.0,0.0,0.0,0.0,0.8951515151515153,0.0227773922430411,9.0,9.0,0.0,0.0,0.0,0.0,0.0,0.0,0.0,93.37,0.0,92.59,100.0,100.0,100.0,35.0,25.0,0,0,1,0,0,0,0,1,2,0.8425,-0.00014,0.0021,0.2666784475423784
2026-09-16T00:03:54.000,235,MEMORY_STRESS,46.39999999999999,7.105427357601002e-15,46.4,46.4,0.0,0.0,1115580.5,0.0,0.0,0.0,0.0,0.0,-1.0254545454545458,-0.0184434270765206,9.0,9.0,0.0,0.0,0.0,0.0,0.0,0.0,0.0,93.37,0.0,97.63,100.0,100.0,100.0,35.0,25.18,0,0,1,0,0,0,0,1,2,0.8412,-0.00014,0.0022,0.2666666666666666
2026-09-16T00:03:55.000,236,MEMORY_STRESS,46.39999999999999,7.105427357601002e-15,46.4,46.4,0.0,0.0,1115580.5,0.0,0.0,0.0,0.0,0.0,1.095757575757576,0.0615594143684031,9.0,9.0,0.0,0.0,0.0,0.0,0.0,0.0,0.0,93.37,0.0,91.04,99.2,100.0,100.0,35.0,24.91,0,0,1,0,0,0,0,1,2,0.8432,-0.00014,0.0021,0.2666666666666666
2026-09-16T00:03:56.000,237,MEMORY_STRESS,46.39999999999999,7.105427357601002e-15,46.4,46.4,0.0,0.0,1115580.5,0.0,0.0,0.0,0.0,0.0,-0.9654545454545456,-0.0143668831168831,9.0,9.0,0.0,0.0,0.0,0.0,0.0,0.0,0.0,93.37,0.0,94.76,100.0,100.0,100.0,35.0,25.08,0,0,1,0,0,0,0,1,2,0.8419,-0.00014,0.0021,0.2666666666666666
2026-09-16T00:03:57.000,238,MEMORY_STRESS,46.39999999999999,7.105427357601002e-15,46.4,46.4,0.0,0.0,1115580.5,0.0,0.0,0.0,0.0,0.0,0.8951515151515153,0.0227773922430411,9.0,9.0,0.0,0.0,0.0,0.0,0.0,0.0,0.0,93.37,0.0,92.59,100.0,100.0,100.0,35.0,25.0,0,0,1,0,0,0,0,1,2,0.8425,-0.00014,0.0021,0.2666666666666666
2026-09-16T00:03:58.000,239,MEMORY_STRESS,46.39999999999999,7.105427357601002e-15,46.4,46.4,0.0,0.0,1115580.5,0.0,0.0,0.0,0.0,0.0,-1.0254545454545458,-0.0184434270765206,9.0,9.0,0.0,0.0,0.0,0.0,0.0,0.0,0.0,93.37,0.0,97.63,100.0,100.0,100.0,35.0,25.18,0,0,1,0,0,0,0,1,2,0.8412,-0.00014,0.0022,0.2666666666666666
2026-09-16T00:03:59.000,240,MEMORY_STRESS,46.39999999999999,7.105427357601002e-15,46.4,46.4,0.0,0.0,1115580.5,0.0,0.0,0.0,0.0,0.0,1.095757575757576,0.0615594143684031,9.0,9.0,0.0,0.0,0.0,0.0,0.0,0.0,0.0,93.37,0.0,91.04,96.0,100.0,100.0,35.0,24.74,0,0,1,0,0,0,0,1,2,0.8444,-0.00013,0.002,0.2666666666666666
2026-09-16T00:04:00.000,241,MEMORY_STRESS,46.39999999999999,7.105427357601002e-15,46.4,46.4,0.0,0.0,1115580.5,0.0,0.0,0.0,0.0,0.0,-0.9654545454545456,-0.0143668831168831,9.0,9.0,0.0,0.0,0.0,0.0,0.0,0.0,0.0,93.37,0.0,94.76,100.0,100.0,100.0,35.0,25.08,0,0,1,0,0,0,0,1,2,0.8419,-0.00013,0.002,0.2666666666666666
2026-09-16T00:04:01.000,242,MEMORY_STRESS,46.39999999999999,7.105427357601002e-15,46.4,46.4,0.0,0.0,1115580.5,0.0,0.0,0.0,0.0,0.0,0.8951515151515153,0.0227773922430411,9.0,9.0,0.0,0.0,0.0,0.0,0.0,0.0,0.0,93.37,0.0,92.59,100.0,100.0,100.0,35.0,25.0,0,0,1,0,0,0,0,1,2,0.8425,-0.00013,0.002,0.2666666666666666
2026-09-16T00:04:02.000,243,MEMORY_STRESS,46.39999999999999,7.105427357601002e-15,46.4,46.4,0.0,0.0,1115580.5,0.0,0.0,0.0,0.0,0.0,-1.0254545454545458,-0.0184434270765206,9.0,9.0,0.0,0.0,0.0,0.0,0.0,0.0,0.0,93.37,0.0,97.63,100.0,100.0,100.0,35.0,25.18,0,0,1,0,0,0,0,1,2,0.8412,-0.00013,0.0021,0.2666666666666666
2026-09-16T00:04:03.000,244,MEMORY_STRESS,46.39999999999999,7.105427357601002e-15,46.4,46.4,0.0,0.0,1115580.5,0.0,0.0,0.0,0.0,0.0,1.095757575757576,0.0615594143684031,9.0,9.0,0.0,0.0,0.0,0.0,0.0,0.0,0.0,93.37,0.0,91.04,95.2,100.0,100.0,35.0,24.7,0,0,1,0,0,0,0,1,2,0.8447,-0.00013,0.0018,0.2666666666666666
2026-09-16T00:04:04.000,245,MEMORY_STRESS,46.39999999999999,7.105427357601002e-15,46.4,46.4,0.0,0.0,1115580.5,0.0,0.0,0.0,0.0,0.0,-0.9654545454545456,-0.0143668831168831,9.0,9.0,0.0,0.0,0.0,0.0,0.0,0.0,0.0,93.37,0.0,94.76,100.0,100.0,100.0,35.0,25.08,0,0,1,0,0,0,0,1,2,0.8419,-0.00013,0.0018,0.2666666666666666
2026-09-16T00:04:05.000,246,MEMORY_STRESS,46.39999999999999,7.105427357601002e-15,46.4,46.4,0.0,0.0,1115580.5,0.0,0.0,0.0,0.0,0.0,0.8951515151515153,0.0227773922430411,9.0,9.0,0.0,0.0,0.0,0.0,0.0,0.0,0.0,93.37,0.0,92.59,100.0,100.0,100.0,35.0,25.0,0,0,1,0,0,0,0,1,2,0.8425,-0.00012,0.0018,0.2666666666666666
2026-09-16T00:04:06.000,247,MEMORY_STRESS,46.39999999999999,7.105427357601002e-15,46.4,46.4,0.0,0.0,1115580.5,0.0,0.0,0.0,0.0,0.0,-1.0254545454545458,-0.0184434270765206,9.0,9.0,0.0,0.0,0.0,0.0,0.0,0.0,0.0,93.37,0.0,97.63,100.0,100.0,100.0,35.0,25.18,0,0,1,0,0,0,0,1,2,0.8412,-0.00012,0.0019,0.2666666666666666
2026-09-16T00:04:07.000,248,MEMORY_STRESS,46.39999999999999,7.105427357601002e-15,46.4,46.4,0.0,0.0,1115580.5,0.0,0.0,0.0,0.0,0.0,1.095757575757576,0.0615594143684031,9.0,9.0,0.0,0.0,0.0,0.0,0.0,0.0,0.0,93.37,0.0,91.04,100.0,100.0,100.0,35.0,24.95,0,0,1,0,0,0,0,1,2,0.8429,-0.00012,0.0019,0.2666666666666666
2026-09-16T00:04:08.000,249,MEMORY_STRESS,46.39999999999999,7.105427357601002e-15,46.4,46.4,0.0,0.0,1115580.5,0.0,0.0,0.0,0.0,0.0,-0.9654545454545456,-0.0143668831168831,9.0,9.0,0.0,0.0,0.0,0.0,0.0,0.0,0.0,93.37,0.0,94.76,100.0,100.0,100.0,35.0,25.08,0,0,1,0,0,0,0,1,2,0.8419,-0.00012,0.0019,0.2666666666666666
2026-09-16T00:04:09.000,250,MEMORY_STRESS,46.39999999999999,7.105427357601002e-15,46.4,46.4,0.0,0.0,1115580.5,0.0,0.0,0.0,0.0,0.0,1.527878787878788,0.0388773228467885,9.0,9.0,0.0,0.0,0.0,0.0,0.0,0.0,0.0,93.37,0.0,91.04,95.2,100.0,100.0,35.0,24.7,0,0,1,0,0,0,0,1,2,0.8447,-0.00012,0.0016,0.2666666666666666
2026-09-16T00:04:10.000,251,MEMORY_STRESS,46.39999999999999,7.105427357601002e-15,46.4,46.4,0.0,0.0,1115580.5,0.0,0.0,0.0,0.0,0.0,0.6393939393939392,0.0114998909962938,9.0,9.0,0.0,0.0,0.0,0.0,0.0,0.0,0.0,93.37,0.0,94.76,100.0,100.0,100.0,35.0,25.08,0,0,1,0,0,0,0,1,2,0.8419,-0.00012,0.0017,0.2666666666666666
2026-09-16T00:04:11.000,252,MEMORY_STRESS,46.39999999999999,7.105427357601002e-15,46.4,46.4,0.0,0.0,1115580.5,0.0,0.0,0.0,0.0,0.0,1.7266666666666666,0.097003745318352,9.0,9.0,0.0,0.0,0.0,0.0,0.0,0.0,0.0,93.37,0.0,92.59,100.0,100.0,100.0,35.0,25.0,0,0,1,0,0,0,0,1,2,0.8425,-0.00012,0.0017,0.2666666666666666
2026-09-16T00:04:12.000,253,MEMORY_STRESS,46.39999999999999,7.105427357601002e-15,46.4,46.4,0.0,0.0,1115580.5,0.0,0.0,0.0,0.0,0.0,-1.767878787878788,-0.02630772005772,9.0,9.0,0.0,0.0,0.0,0.0,0.0,0.0,0.0,93.37,0.0,97.63,100.0,100.0,100.0,35.0,25.18,0,0,1,0,0,0,0,1,2,0.8412,-0.00012,0.0018,0.2666666666666666
2026-09-16T00:04:13.000,254,MEMORY_STRESS,46.39999999999999,7.105427357601002e-15,46.4,46.4,0.0,0.0,1115580.5,0.0,0.0,0.0,0.0,0.0,0.7254545454545457,0.0184594031922276,9.0,9.0,0.0,0.0,0.0,0.0,0.0,0.0,0.0,93.37,0.0,91.04,95.2,100.0,100.0,35.0,24.7,0,0,1,0,0,0,0,1,2,0.8447,-0.00011,0.0015,0.2666666666666666
2026-09-16T00:04:14.000,255,MEMORY_STRESS,46.39999999999999,7.105427357601002e-15,46.4,46.4,0.0,0.0,1115580.5,0.0,0.0,0.0,0.0,0.0,-0.1630303030303032,-0.0029321996947896,9.0,9.0,0.0,0.0,0.0,0.0,0.0,0.0,0.0,93.37,0.0,94.76,100.0,100.0,100.0,35.0,25.08,0,0,1,0,0,0,0,1,2,0.8419,-0.00011,0.0016,0.2666666666666666
2026-09-16T00:04:15.000,256,MEMORY_STRESS,46.39999999999999,7.105427357601002e-15,46.4,46.4,0.0,0.0,1115580.5,0.0,0.0,0.0,0.0,0.0,0.9242424242424242,0.0519237316990125,9.0,9.0,0.0,0.0,0.0,0.0,0.0,0.0,0.0,93.37,0.0,92.59,100.0,100.0,100.0,35.0,25.0,0,0,1,0,0,0,0,1,2,0.8425,-0.00011,0.0015,0.2666666666666666
2026-09-16T00:04:16.000,257,MEMORY_STRESS,46.39999999999999,7.105427357601002e-15,46.4,46.4,0.0,0.0,1115580.5,0.0,0.0,0.0,0.0,0.0,-2.5703030303030303,-0.038248556998557,9.0,9.0,0.0,0.0,0.0,0.0,0.0,0.0,0.0,93.37,0.0,97.63,100.0,100.0,100.0,35.0,25.18,0,0,1,0,0,0,0,1,2,0.8412,-0.00011,0.0016,0.2666666666666666
2026-09-16T00:04:17.000,258,MEMORY_STRESS,46.39999999999999,7.105427357601002e-15,46.4,46.4,0.0,0.0,1115580.5,0.0,0.0,0.0,0.0,0.0,-0.0769696969696965,-0.0019585164623332,9.0,9.0,0.0,0.0,0.0,0.0,0.0,0.0,0.0,93.37,0.0,91.04,100.0,100.0,100.0,35.0,24.95,0,0,1,0,0,0,0,1,2,0.8429,-0.00011,0.0016,0.2666666666666666
2026-09-16T00:04:18.000,259,MEMORY_STRESS,46.39999999999999,7.105427357601002e-15,46.4,46.4,0.0,0.0,1115580.5,0.0,0.0,0.0,0.0,0.0,-0.9654545454545456,-0.0143668831168831,9.0,9.0,0.0,0.0,0.0,0.0,0.0,0.0,0.0,93.37,0.0,94.76,100.0,100.0,100.0,35.0,25.08,0,0,1,0,0,0,0,1,2,0.8419,-0.00011,0.0016,0.2666666666666666
2026-09-16T00:04:19.000,260,MEMORY_STRESS,46.39999999999999,7.105427357601002e-15,46.4,46.4,0.0,0.0,1115580.5,0.0,0.0,0.0,0.0,0.0,0.8951515151515153,0.0227773922430411,9.0,9.0,0.0,0.0,0.0,0.0,0.0,0.0,0.0,93.37,0.0,92.59,100.0,100.0,100.0,35.0,25.0,0,0,1,0,0,0,0,1,2,0.8425,-0.00011,0.0016,0.2666666666666666
2026-09-16T00:04:20.000,261,MEMORY_STRESS,46.39999999999999,7.105427357601002e-15,46.4,46.4,0.0,0.0,1115580.5,0.0,0.0,0.0,0.0,0.0,-1.0254545454545458,-0.0184434270765206,9.0,9.0,0.0,0.0,0.0,0.0,0.0,0.0,0.0,93.37,0.0,97.63,100.0,100.0,100.0,35.0,25.18,0,0,1,0,0,0,0,1,2,0.8412,-0.00011,0.0017,0.2666666666666666
2026-09-16T00:04:21.000,262,MEMORY_STRESS,46.39999999999999,7.105427357601002e-15,46.4,46.4,0.0,0.0,1115580.5,0.0,0.0,0.0,0.0,0.0,1.095757575757576,0.0615594143684031,9.0,9.0,0.0,0.0,0.0,0.0,0.0,0.0,0.0,93.37,0.0,91.04,95.2,100.0,100.0,35.0,24.7,0,0,1,0,0,0,0,1,2,0.8447,-0.0001,0.0015,0.2666666666666666
2026-09-16T00:04:22.000,263,MEMORY_STRESS,46.39999999999999,7.105427357601002e-15,46.4,46.4,0.0,0.0,1115580.5,0.0,0.0,0.0,0.0,0.0,-0.9654545454545456,-0.0143668831168831,9.0,9.0,0.0,0.0,0.0,0.0,0.0,0.0,0.0,93.37,0.0,94.76,100.0,100.0,100.0,35.0,25.08,0,0,1,0,0,0,0,1,2,0.8419,-0.0001,0.0015,0.2666666666666666
2026-09-16T00:04:23.000,264,MEMORY_STRESS,46.39999999999999,7.105427357601002e-15,46.4,46.4,0.0,0.0,1115580.5,0.0,0.0,0.0,0.0,0.0,0.8951515151515153,0.0227773922430411,9.0,9.0,0.0,0.0,0.0,0.0,0.0,0.0,0.0,93.37,0.0,92.59,100.0,100.0,100.0,35.0,25.0,0,0,1,0,0,0,0,1,2,0.8425,-0.0001,0.0015,0.2666666666666666
2026-09-16T00:04:24.000,265,MEMORY_STRESS,46.39999999999999,7.105427357601002e-15,46.4,46.4,0.0,0.0,1115580.5,0.0,0.0,0.0,0.0,0.0,-1.0254545454545458,-0.0184434270765206,9.0,9.0,0.0,0.0,0.0,0.0,0.0,0.0,0.0,93.37,0.0,97.63,100.0,100.0,100.0,35.0,25.18,0,0,1,0,0,0,0,1,2,0.8412,-0.0001,0.0016,0.2666666666666666
2026-09-16T00:04:25.000,266,MEMORY_STRESS,46.39999999999999,7.105427357601002e-15,46.4,46.4,0.0,0.0,1115580.5,0.0,0.0,0.0,0.0,0.0,1.095757575757576,0.0615594143684031,9.0,9.0,0.0,0.0,0.0,0.0,0.0,0.0,0.0,93.37,0.0,91.04,95.2,100.0,100.0,35.0,24.7,0,0,1,0,0,0,0,1,2,0.8447,-0.0001,0.0014,0.2666666666666666
2026-09-16T00:04:26.000,267,MEMORY_STRESS,46.39999999999999,7.105427357601002e-15,46.4,46.4,0.0,0.0,1115580.5,0.0,0.0,0.0,0.0,0.0,-0.9654545454545456,-0.0143668831168831,9.0,9.0,0.0,0.0,0.0,0.0,0.0,0.0,0.0,93.37,0.0,94.76,100.0,100.0,100.0,35.0,25.08,0,0,1,0,0,0,0,1,2,0.8419,-0.0001,0.0014,0.2666666666666666
2026-09-16T00:04:27.000,268,MEMORY_STRESS,46.39999999999999,7.105427357601002e-15,46.4,46.4,0.0,0.0,1115580.5,0.0,0.0,0.0,0.0,0.0,0.8951515151515153,0.0227773922430411,9.0,9.0,0.0,0.0,0.0,0.0,0.0,0.0,0.0,93.37,0.0,92.59,100.0,100.0,100.0,35.0,25.0,0,0,1,0,0,0,0,1,2,0.8425,-0.0001,0.0014,0.2666666666666666
2026-09-16T00:04:28.000,269,MEMORY_STRESS,46.39999999999999,7.105427357601002e-15,46.4,46.4,0.0,0.0,1115580.5,0.0,0.0,0.0,0.0,0.0,-1.0254545454545458,-0.0184434270765206,9.0,9.0,0.0,0.0,0.0,0.0,0.0,0.0,0.0,93.37,0.0,97.63,100.0,100.0,100.0,35.0,25.18,0,0,1,0,0,0,0,1,2,0.8412,-0.0001,0.0015,0.2666666666666666
2026-09-16T00:04:29.000,270,MEMORY_STRESS,46.39999999999999,7.105427357601002e-15,46.4,46.4,0.0,0.0,1115580.5,0.0,0.0,0.0,0.0,0.0,1.095757575757576,0.0615594143684031,9.0,9.0,0.0,0.0,0.0,0.0,0.0,0.0,0.0,93.37,0.0,91.04,99.2,100.0,100.0,35.0,24.91,0,0,1,0,0,0,0,1,2,0.8432,-0.0001,0.0014,0.2666666666666666
2026-09-16T00:04:30.000,271,MEMORY_STRESS,46.39999999999999,7.105427357601002e-15,46.4,46.4,0.0,0.0,1115580.5,0.0,0.0,0.0,0.0,0.0,-0.9654545454545456,-0.0143668831168831,9.0,9.0,0.0,0.0,0.0,0.0,0.0,0.0,0.0,93.37,0.0,94.76,100.0,100.0,100.0,35.0,25.08,0,0,1,0,0,0,0,1,2,0.8419,-0.0001,0.0014,0.2666666666666666
2026-09-16T00:04:31.000,272,MEMORY_STRESS,46.39999999999999,7.105427357601002e-15,46.4,46.4,0.0,0.0,1115580.5,0.0,0.0,0.0,0.0,0.0,0.8951515151515153,0.0227773922430411,9.0,9.0,0.0,0.0,0.0,0.0,0.0,0.0,0.0,93.37,0.0,92.59,100.0,100.0,100.0,35.0,25.0,0,0,1,0,0,0,0,1,2,0.8425,-9e-05,0.0014,0.2666666666666666
2026-09-16T00:04:32.000,273,MEMORY_STRESS,46.39999999999999,7.105427357601002e-15,46.4,46.4,0.0,0.0,1115580.5,0.0,0.0,0.0,0.0,0.0,-1.0254545454545458,-0.0184434270765206,9.0,9.0,0.0,0.0,0.0,0.0,0.0,0.0,0.0,93.37,0.0,97.63,100.0,100.0,100.0,35.0,25.18,0,0,1,0,0,0,0,1,2,0.8412,-9e-05,0.0015,0.2666666666666666
2026-09-16T00:04:33.000,274,MEMORY_STRESS,46.39999999999999,7.105427357601002e-15,46.4,46.4,0.0,0.0,1115580.5,0.0,0.0,0.0,0.0,0.0,1.095757575757576,0.0615594143684031,9.0,9.0,0.0,0.0,0.0,0.0,0.0,0.0,0.0,93.37,0.0,91.04,96.0,100.0,100.0,35.0,24.74,0,0,1,0,0,0,0,1,2,0.8444,-9e-05,0.0013,0.2666666666666666
2026-09-16T00:04:34.000,275,MEMORY_STRESS,46.39999999999999,7.105427357601002e-15,46.4,46.4,0.0,0.0,1115580.5,0.0,0.0,0.0,0.0,0.0,-0.9654545454545456,-0.0143668831168831,9.0,9.0,0.0,0.0,0.0,0.0,0.0,0.0,0.0,93.37,0.0,94.76,100.0,100.0,100.0,35.0,25.08,0,0,1,0,0,0,0,1,2,0.8419,-9e-05,0.0014,0.2666666666666666
2026-09-16T00:04:35.000,276,MEMORY_STRESS,46.39999999999999,7.105427357601002e-15,46.4,46.4,0.0,0.0,1115580.5,0.0,0.0,0.0,0.0,0.0,0.8951515151515153,0.0227773922430411,9.0,9.0,0.0,0.0,0.0,0.0,0.0,0.0,0.0,93.37,0.0,92.59,100.0,100.0,100.0,35.0,25.0,0,0,1,0,0,0,0,1,2,0.8425,-9e-05,0.0013,0.2666666666666666
2026-09-16T00:04:36.000,277,MEMORY_STRESS,46.39999999999999,7.105427357601002e-15,46.4,46.4,0.0,0.0,1115580.5,0.0,0.0,0.0,0.0,0.0,-1.0254545454545458,-0.0184434270765206,9.0,9.0,0.0,0.0,0.0,0.0,0.0,0.0,0.0,93.37,0.0,97.63,100.0,100.0,100.0,35.0,25.18,0,0,1,0,0,0,0,1,2,0.8412,-9e-05,0.0014,0.2666666666666666
2026-09-16T00:04:37.000,278,MEMORY_STRESS,46.39999999999999,7.105427357601002e-15,46.4,46.4,0.0,0.0,1115580.5,0.0,0.0,0.0,0.0,0.0,1.095757575757576,0.0615594143684031,9.0,9.0,0.0,0.0,0.0,0.0,0.0,0.0,0.0,93.37,0.0,91.04,95.2,100.0,100.0,35.0,24.7,0,0,1,0,0,0,0,1,2,0.8447,-9e-05,0.0012,0.2666666666666666
2026-09-16T00:04:38.000,279,MEMORY_STRESS,46.39999999999999,7.105427357601002e-15,46.4,46.4,0.0,0.0,1115580.5,0.0,0.0,0.0,0.0,0.0,-0.9654545454545456,-0.0143668831168831,9.0,9.0,0.0,0.0,0.0,0.0,0.0,0.0,0.0,93.37,0.0,94.76,100.0,100.0,100.0,35.0,25.08,0,0,1,0,0,0,0,1,2,0.8419,-9e-05,0.0013,0.2666666666666666
2026-09-16T00:04:39.000,280,MEMORY_STRESS,46.39999999999999,7.105427357601002e-15,46.4,46.4,0.0,0.0,1115580.5,0.0,0.0,0.0,0.0,0.0,0.8951515151515153,0.0227773922430411,9.0,9.0,0.0,0.0,0.0,0.0,0.0,0.0,0.0,93.37,0.0,92.59,100.0,100.0,100.0,35.0,25.0,0,0,1,0,0,0,0,1,2,0.8425,-9e-05,0.0013,0.2666666666666666
2026-09-16T00:04:40.000,281,MEMORY_STRESS,46.39999999999999,7.105427357601002e-15,46.4,46.4,0.0,0.0,1115580.5,0.0,0.0,0.0,0.0,0.0,-1.0254545454545458,-0.0184434270765206,9.0,9.0,0.0,0.0,0.0,0.0,0.0,0.0,0.0,93.37,0.0,97.63,100.0,100.0,100.0,35.0,25.18,0,0,1,0,0,0,0,1,2,0.8412,-9e-05,0.0013,0.2666666666666666
2026-09-16T00:04:41.000,282,MEMORY_STRESS,46.39999999999999,7.105427357601002e-15,46.4,46.4,0.0,0.0,1115580.5,0.0,0.0,0.0,0.0,0.0,1.095757575757576,0.0615594143684031,9.0,9.0,0.0,0.0,0.0,0.0,0.0,0.0,0.0,93.37,0.0,91.04,100.0,100.0,100.0,35.0,24.95,0,0,1,0,0,0,0,1,2,0.8429,-9e-05,0.0013,0.2666666666666666
2026-09-16T00:04:42.000,283,MEMORY_STRESS,46.39999999999999,7.105427357601002e-15,46.4,46.4,0.0,0.0,1115580.5,0.0,0.0,0.0,0.0,0.0,-0.9654545454545456,-0.0143668831168831,9.0,9.0,0.0,0.0,0.0,0.0,0.0,0.0,0.0,93.37,0.0,94.76,100.0,100.0,100.0,35.0,25.08,0,0,1,0,0,0,0,1,2,0.8419,-9e-05,0.0013,0.2666666666666666
2026-09-16T00:04:43.000,284,MEMORY_STRESS,46.39999999999999,7.105427357601002e-15,46.4,46.4,0.0,0.0,1115580.5,0.0,0.0,0.0,0.0,0.0,0.8951515151515153,0.0227773922430411,9.0,9.0,0.0,0.0,0.0,0.0,0.0,0.0,0.0,93.37,0.0,92.59,100.0,100.0,100.0,35.0,25.0,0,0,1,0,0,0,0,1,2,0.8425,-8e-05,0.0013,0.2666666666666666
2026-09-16T00:04:44.000,285,MEMORY_STRESS,46.39999999999999,7.105427357601002e-15,46.4,46.4,0.0,0.0,1115580.5,0.0,0.0,0.0,0.0,0.0,-1.0254545454545458,-0.0184434270765206,9.0,9.0,0.0,0.0,0.0,0.0,0.0,0.0,0.0,93.37,0.0,97.63,100.0,100.0,100.0,35.0,25.18,0,0,1,0,0,0,0,1,2,0.8412,-8e-05,0.0014,0.2666666666666666
2026-09-16T00:04:45.000,286,MEMORY_STRESS,46.39999999999999,7.105427357601002e-15,46.4,46.4,0.0,0.0,1115580.5,0.0,0.0,0.0,0.0,0.0,1.095757575757576,0.0615594143684031,9.0,9.0,0.0,0.0,0.0,0.0,0.0,0.0,0.0,93.37,0.0,91.04,95.2,100.0,100.0,35.0,24.7,0,0,1,0,0,0,0,1,2,0.8447,-8e-05,0.0012,0.2666666666666666
2026-09-16T00:04:46.000,287,MEMORY_STRESS,46.39999999999999,7.105427357601002e-15,46.4,46.4,0.0,0.0,1115580.5,0.0,0.0,0.0,0.0,0.0,-0.9654545454545456,-0.0143668831168831,9.0,9.0,0.0,0.0,0.0,0.0,0.0,0.0,0.0,93.37,0.0,94.76,100.0,100.0,100.0,35.0,25.08,0,0,1,0,0,0,0,1,2,0.8419,-8e-05,0.0012,0.2666666666666666
2026-09-16T00:04:47.000,288,MEMORY_STRESS,46.39999999999999,7.105427357601002e-15,46.4,46.4,0.0,0.0,1115580.5,0.0,0.0,0.0,0.0,0.0,0.8951515151515153,0.0227773922430411,9.0,9.0,0.0,0.0,0.0,0.0,0.0,0.0,0.0,93.37,0.0,92.59,100.0,100.0,100.0,35.0,25.0,0,0,1,0,0,0,0,1,2,0.8425,-8e-05,0.0012,0.2666666666666666
2026-09-16T00:04:48.000,289,MEMORY_STRESS,46.39999999999999,7.105427357601002e-15,46.4,46.4,0.0,0.0,1115580.5,0.0,0.0,0.0,0.0,0.0,-1.0254545454545458,-0.0184434270765206,9.0,9.0,0.0,0.0,0.0,0.0,0.0,0.0,0.0,93.37,0.0,97.63,100.0,100.0,100.0,35.0,25.18,0,0,1,0,0,0,0,1,2,0.8412,-8e-05,0.0013,0.2666666666666666
2026-09-16T00:04:49.000,290,MEMORY_STRESS,46.39999999999999,7.105427357601002e-15,46.4,46.4,0.0,0.0,1115580.5,0.0,0.0,0.0,0.0,0.0,1.095757575757576,0.0615594143684031,9.0,9.0,0.0,0.0,0.0,0.0,0.0,0.0,0.0,93.37,0.0,91.04,95.2,100.0,100.0,35.0,24.7,0,0,1,0,0,0,0,1,2,0.8447,-8e-05,0.0011,0.2666666666666666
2026-09-16T00:04:50.000,291,MEMORY_STRESS,46.39999999999999,7.105427357601002e-15,46.4,46.4,0.0,0.0,1115580.5,0.0,0.0,0.0,0.0,0.0,-0.9654545454545456,-0.0143668831168831,9.0,9.0,0.0,0.0,0.0,0.0,0.0,0.0,0.0,93.37,0.0,94.76,100.0,100.0,100.0,35.0,25.08,0,0,1,0,0,0,0,1,2,0.8419,-8e-05,0.0012,0.2666666666666666
2026-09-16T00:04:51.000,292,MEMORY_STRESS,46.39999999999999,7.105427357601002e-15,46.4,46.4,0.0,0.0,1115580.5,0.0,0.0,0.0,0.0,0.0,1.527878787878788,0.0388773228467885,9.0,9.0,0.0,0.0,0.0,0.0,0.0,0.0,0.0,93.37,0.0,91.04,100.0,100.0,100.0,35.0,24.95,0,0,1,0,0,0,0,1,2,0.8429,-8e-05,0.0011,0.2666666666666666
2026-09-16T00:04:52.000,293,MEMORY_STRESS,46.39999999999999,7.105427357601002e-15,46.4,46.4,0.0,0.0,1115580.5,0.0,0.0,0.0,0.0,0.0,0.6393939393939392,0.0114998909962938,9.0,9.0,0.0,0.0,0.0,0.0,0.0,0.0,0.0,93.37,0.0,94.76,100.0,100.0,100.0,35.0,25.08,0,0,1,0,0,0,0,1,2,0.8419,-8e-05,0.0011,0.2666666666666666
2026-09-16T00:04:53.000,294,MEMORY_STRESS,46.39999999999999,7.105427357601002e-15,46.4,46.4,0.0,0.0,1115580.5,0.0,0.0,0.0,0.0,0.0,-0.3351515151515153,-0.0188287368062649,9.0,9.0,0.0,0.0,0.0,0.0,0.0,0.0,0.0,93.37,0.0,97.63,100.0,100.0,100.0,35.0,25.18,0,0,1,0,0,0,0,1,2,0.8412,-8e-05,0.0012,0.2666666666666666
2026-09-16T00:04:54.000,295,MEMORY_STRESS,46.39999999999999,7.105427357601002e-15,46.4,46.4,0.0,0.0,1115580.5,0.0,0.0,0.0,0.0,0.0,-0.6769696969696971,-0.0100739538239538,9.0,9.0,0.0,0.0,0.0,0.0,0.0,0.0,0.0,93.37,0.0,91.04,95.2,100.0,100.0,35.0,24.7,0,0,1,0,0,0,0,1,2,0.8447,-8e-05,0.0011,0.2666666666666666
2026-09-16T00:04:55.000,296,MEMORY_STRESS,46.39999999999999,7.105427357601002e-15,46.4,46.4,0.0,0.0,1115580.5,0.0,0.0,0.0,0.0,0.0,0.153939393939394,0.0039170329246665,9.0,9.0,0.0,0.0,0.0,0.0,0.0,0.0,0.0,93.37,0.0,94.76,100.0,100.0,100.0,35.0,25.08,0,0,1,0,0,0,0,1,2,0.8419,-8e-05,0.0011,0.2666666666666666
2026-09-16T00:04:56.000,297,MEMORY_STRESS,46.39999999999999,7.105427357601002e-15,46.4,46.4,0.0,0.0,1115580.5,0.0,0.0,0.0,0.0,0.0,0.352121212121212,0.006333115325921,9.0,9.0,0.0,0.0,0.0,0.0,0.0,0.0,0.0,93.37,0.0,92.59,100.0,100.0,100.0,35.0,25.0,0,0,1,0,0,0,0,1,2,0.8425,-7e-05,0.0011,0.2666666666666666
2026-09-16T00:04:57.000,298,MEMORY_STRESS,46.39999999999999,7.105427357601002e-15,46.4,46.4,0.0,0.0,1115580.5,0.0,0.0,0.0,0.0,0.0,-0.6224242424242425,-0.0349676540687776,9.0,9.0,0.0,0.0,0.0,0.0,0.0,0.0,0.0,93.37,0.0,97.63,100.0,100.0,100.0,35.0,25.18,0,0,1,0,0,0,0,1,2,0.8412,-7e-05,0.0011,0.2666666666666666
2026-09-16T00:04:58.000,299,MEMORY_STRESS,46.39999999999999,7.105427357601002e-15,46.4,46.4,0.0,0.0,1115580.5,0.0,0.0,0.0,0.0,0.0,-0.9642424242424242,-0.0143488455988455,9.0,9.0,0.0,0.0,0.0,0.0,0.0,0.0,0.0,93.37,0.0,91.04,95.2,100.0,100.0,35.0,24.7,0,0,1,0,0,0,0,1,2,0.8447,-7e-05,0.001,0.2666666666666666
2026-09-16T00:04:59.000,300,MEMORY_STRESS,46.39999999999999,7.105427357601002e-15,46.4,46.4,0.0,0.0,1115580.5,0.0,0.0,0.0,0.0,0.0,-0.1333333333333331,-0.003392705682782,9.0,9.0,0.0,0.0,0.0,0.0,0.0,0.0,0.0,93.37,0.0,94.76,100.0,100.0,100.0,35.0,25.08,0,0,1,0,0,0,0,1,2,0.8419,-7e-05,0.001,0.2666666666666666
2026-09-16T00:05:00.000,301,MEMORY_STRESS,46.39999999999999,7.105427357601002e-15,46.4,46.4,0.0,0.0,1115580.5,0.0,0.0,0.0,0.0,0.0,0.0648484848484847,0.0009650072150072,9.0,9.0,0.0,0.0,0.0,0.0,0.0,0.0,0.0,93.37,0.0,92.59,100.0,100.0,100.0,35.0,25.0,0,0,1,0,0,0,0,1,2,0.8425,-7e-05,0.001,0.2666666666666666
2026-09-16T00:05:01.000,302,MEMORY_STRESS,46.39999999999999,7.105427357601002e-15,46.4,46.4,0.0,0.0,1115580.5,0.0,0.0,0.0,0.0,0.0,-0.1363636363636362,-0.0034698126301179,9.0,9.0,0.0,0.0,0.0,0.0,0.0,0.0,0.0,93.37,0.0,97.63,100.0,100.0,100.0,35.0,25.18,0,0,1,0,0,0,0,1,2,0.8412,-7e-05,0.0011,0.2666666666666666
2026-09-16T00:05:02.000,303,MEMORY_STRESS,46.39999999999999,7.105427357601002e-15,46.4,46.4,0.0,0.0,1115580.5,0.0,0.0,0.0,0.0,0.0,1.095757575757576,0.0615594143684031,9.0,9.0,0.0,0.0,0.0,0.0,0.0,0.0,0.0,93.37,0.0,91.04,99.2,100.0,100.0,35.0,24.91,0,0,1,0,0,0,0,1,2,0.8432,-7e-05,0.001,0.2666666666666666
2026-09-16T00:05:03.000,304,MEMORY_STRESS,46.39999999999999,7.105427357601002e-15,46.4,46.4,0.0,0.0,1115580.5,0.0,0.0,0.0,0.0,0.0,-0.9654545454545456,-0.0143668831168831,9.0,9.0,0.0,0.0,0.0,0.0,0.0,0.0,0.0,93.37,0.0,94.76,100.0,100.0,100.0,35.0,25.08,0,0,1,0,0,0,0,1,2,0.8419,-7e-05,0.001,0.2666666666666666
2026-09-16T00:05:04.000,305,MEMORY_STRESS,46.39999999999999,7.105427357601002e-15,46.4,46.4,0.0,0.0,1115580.5,0.0,0.0,0.0,0.0,0.0,0.8951515151515153,0.0227773922430411,9.0,9.0,0.0,0.0,0.0,0.0,0.0,0.0,0.0,93.37,0.0,92.59,100.0,100.0,100.0,35.0,25.0,0,0,1,0,0,0,0,1,2,0.8425,-7e-05,0.001,0.2666666666666666
2026-09-16T00:05:05.000,306,MEMORY_STRESS,46.39999999999999,7.105427357601002e-15,46.4,46.4,0.0,0.0,1115580.5,0.0,0.0,0.0,0.0,0.0,-1.0254545454545458,-0.0184434270765206,9.0,9.0,0.0,0.0,0.0,0.0,0.0,0.0,0.0,93.37,0.0,97.63,100.0,100.0,100.0,35.0,25.18,0,0,1,0,0,0,0,1,2,0.8412,-7e-05,0.0011,0.2666666666666666
2026-09-16T00:05:06.000,307,MEMORY_STRESS,46.39999999999999,7.105427357601002e-15,46.4,46.4,0.0,0.0,1115580.5,0.0,0.0,0.0,0.0,0.0,1.095757575757576,0.0615594143684031,9.0,9.0,0.0,0.0,0.0,0.0,0.0,0.0,0.0,93.37,0.0,91.04,96.0,100.0,100.0,35.0,24.74,0,0,1,0,0,0,0,1,2,0.8444,-7e-05,0.001,0.2666666666666666
2026-09-16T00:05:07.000,308,MEMORY_STRESS,46.39999999999999,7.105427357601002e-15,46.4,46.4,0.0,0.0,1115580.5,0.0,0.0,0.0,0.0,0.0,-0.9654545454545456,-0.0143668831168831,9.0,9.0,0.0,0.0,0.0,0.0,0.0,0.0,0.0,93.37,0.0,94.76,100.0,100.0,100.0,35.0,25.08,0,0,1,0,0,0,0,1,2,0.8419,-7e-05,0.001,0.2666666666666666
2026-09-16T00:05:08.000,309,MEMORY_STRESS,46.39999999999999,7.105427357601002e-15,46.4,46.4,0.0,0.0,1115580.5,0.0,0.0,0.0,0.0,0.0,0.8951515151515153,0.0227773922430411,9.0,9.0,0.0,0.0,0.0,0.0,0.0,0.0,0.0,93.37,0.0,92.59,100.0,100.0,100.0,35.0,25.0,0,0,1,0,0,0,0,1,2,0.8425,-7e-05,0.001,0.2666666666666666
2026-09-16T00:05:09.000,310,MEMORY_STRESS,46.39999999999999,7.105427357601002e-15,46.4,46.4,0.0,0.0,1115580.5,0.0,0.0,0.0,0.0,0.0,-1.0254545454545458,-0.0184434270765206,9.0,9.0,0.0,0.0,0.0,0.0,0.0,0.0,0.0,93.37,0.0,97.63,100.0,100.0,100.0,35.0,25.18,0,0,1,0,0,0,0,1,2,0.8412,-7e-05,0.0011,0.2666666666666666
2026-09-16T00:05:10.000,311,MEMORY_STRESS,46.39999999999999,7.105427357601002e-15,46.4,46.4,0.0,0.0,1115580.5,0.0,0.0,0.0,0.0,0.0,1.095757575757576,0.0615594143684031,9.0,9.0,0.0,0.0,0.0,0.0,0.0,0.0,0.0,93.37,0.0,91.04,95.2,100.0,100.0,35.0,24.7,0,0,1,0,0,0,0,1,2,0.8447,-7e-05,0.0009,0.2666666666666666
2026-09-16T00:05:11.000,312,MEMORY_STRESS,46.39999999999999,7.105427357601002e-15,46.4,46.4,0.0,0.0,1115580.5,0.0,0.0,0.0,0.0,0.0,-0.9654545454545456,-0.0143668831168831,9.0,9.0,0.0,0.0,0.0,0.0,0.0,0.0,0.0,93.37,0.0,94.76,100.0,100.0,100.0,35.0,25.08,0,0,1,0,0,0,0,1,2,0.8419,-7e-05,0.0009,0.2666666666666666
2026-09-16T00:05:12.000,313,MEMORY_STRESS,46.39999999999999,7.105427357601002e-15,46.4,46.4,0.0,0.0,1115580.5,0.0,0.0,0.0,0.0,0.0,0.8951515151515153,0.0227773922430411,9.0,9.0,0.0,0.0,0.0,0.0,0.0,0.0,0.0,93.37,0.0,92.59,100.0,100.0,100.0,35.0,25.0,0,0,1,0,0,0,0,1,2,0.8425,-6e-05,0.0009,0.2666666666666666
2026-09-16T00:05:13.000,314,MEMORY_STRESS,46.39999999999999,7.105427357601002e-15,46.4,46.4,0.0,0.0,1115580.5,0.0,0.0,0.0,0.0,0.0,-1.0254545454545458,-0.0184434270765206,9.0,9.0,0.0,0.0,0.0,0.0,0.0,0.0,0.0,93.37,0.0,97.63,100.0,100.0,100.0,35.0,25.18,0,0,1,0,0,0,0,1,2,0.8412,-6e-05,0.001,0.2666666666666666
2026-09-16T00:05:14.000,315,MEMORY_STRESS,46.39999999999999,7.105427357601002e-15,46.4,46.4,0.0,0.0,1115580.5,0.0,0.0,0.0,0.0,0.0,1.095757575757576,0.0615594143684031,9.0,9.0,0.0,0.0,0.0,0.0,0.0,0.0,0.0,93.37,0.0,91.04,100.0,100.0,100.0,35.0,24.95,0,0,1,0,0,0,0,1,2,0.8429,-6e-05,0.001,0.2666666666666666
2026-09-16T00:05:15.000,316,MEMORY_STRESS,46.39999999999999,7.105427357601002e-15,46.4,46.4,0.0,0.0,1115580.5,0.0,0.0,0.0,0.0,0.0,-0.9654545454545456,-0.0143668831168831,9.0,9.0,0.0,0.0,0.0,0.0,0.0,0.0,0.0,93.37,0.0,94.76,100.0,100.0,100.0,35.0,25.08,0,0,1,0,0,0,0,1,2,0.8419,-6e-05,0.001,0.2666666666666666
2026-09-16T00:05:16.000,317,MEMORY_STRESS,46.39999999999999,7.105427357601002e-15,46.4,46.4,0.0,0.0,1115580.5,0.0,0.0,0.0,0.0,0.0,1.527878787878788,0.0388773228467885,9.0,9.0,0.0,0.0,0.0,0.0,0.0,0.0,0.0,93.37,0.0,91.04,95.2,100.0,100.0,35.0,24.7,0,0,1,0,0,0,0,1,2,0.8447,-6e-05,0.0008,0.2666666666666666
2026-09-16T00:05:17.000,318,MEMORY_STRESS,46.39999999999999,7.105427357601002e-15,46.4,46.4,0.0,0.0,1115580.5,0.0,0.0,0.0,0.0,0.0,0.6393939393939392,0.0114998909962938,9.0,9.0,0.0,0.0,0.0,0.0,0.0,0.0,0.0,93.37,0.0,94.76,100.0,100.0,100.0,35.0,25.08,0,0,1,0,0,0,0,1,2,0.8419,-6e-05,0.0009,0.2666666666666666
2026-09-16T00:05:18.000,319,MEMORY_STRESS,46.39999999999999,7.105427357601002e-15,46.4,46.4,0.0,0.0,1115580.5,0.0,0.0,0.0,0.0,0.0,1.7266666666666666,0.097003745318352,9.0,9.0,0.0,0.0,0.0,0.0,0.0,0.0,0.0,93.37,0.0,92.59,100.0,100.0,100.0,35.0,25.0,0,0,1,0,0,0,0,1,2,0.8425,-6e-05,0.0009,0.2666666666666666
2026-09-16T00:05:19.000,320,MEMORY_STRESS,46.39999999999999,7.105427357601002e-15,46.4,46.4,0.0,0.0,1115580.5,0.0,0.0,0.0,0.0,0.0,-1.767878787878788,-0.02630772005772,9.0,9.0,0.0,0.0,0.0,0.0,0.0,0.0,0.0,93.37,0.0,97.63,100.0,100.0,100.0,35.0,25.18,0,0,1,0,0,0,0,1,2,0.8412,-6e-05,0.0009,0.2666666666666666
2026-09-16T00:05:20.000,321,MEMORY_STRESS,46.39999999999999,7.105427357601002e-15,46.4,46.4,0.0,0.0,1115580.5,0.0,0.0,0.0,0.0,0.0,0.7254545454545457,0.0184594031922276,9.0,9.0,0.0,0.0,0.0,0.0,0.0,0.0,0.0,93.37,0.0,91.04,95.2,100.0,100.0,35.0,24.7,0,0,1,0,0,0,0,1,2,0.8447,-6e-05,0.0008,0.2666666666666666
2026-09-16T00:05:21.000,322,MEMORY_STRESS,46.39999999999999,7.105427357601002e-15,46.4,46.4,0.0,0.0,1115580.5,0.0,0.0,0.0,0.0,0.0,-0.1630303030303032,-0.0029321996947896,9.0,9.0,0.0,0.0,0.0,0.0,0.0,0.0,0.0,93.37,0.0,94.76,100.0,100.0,100.0,35.0,25.08,0,0,1,0,0,0,0,1,2,0.8419,-6e-05,0.0008,0.2666666666666666
2026-09-16T00:05:22.000,323,MEMORY_STRESS,46.39999999999999,7.105427357601002e-15,46.4,46.4,0.0,0.0,1115580.5,0.0,0.0,0.0,0.0,0.0,0.9242424242424242,0.0519237316990125,9.0,9.0,0.0,0.0,0.0,0.0,0.0,0.0,0.0,93.37,0.0,92.59,100.0,100.0,100.0,35.0,25.0,0,0,1,0,0,0,0,1,2,0.8425,-6e-05,0.0008,0.2666666666666666
2026-09-16T00:05:23.000,324,MEMORY_STRESS,46.39999999999999,7.105427357601002e-15,46.4,46.4,0.0,0.0,1115580.5,0.0,0.0,0.0,0.0,0.0,-2.5703030303030303,-0.038248556998557,9.0,9.0,0.0,0.0,0.0,0.0,0.0,0.0,0.0,93.37,0.0,97.63,100.0,100.0,100.0,35.0,25.18,0,0,1,0,0,0,0,1,2,0.8412,-6e-05,0.0009,0.2666666666666666
2026-09-16T00:05:24.000,325,MEMORY_STRESS,46.39999999999999,7.105427357601002e-15,46.4,46.4,0.0,0.0,1115580.5,0.0,0.0,0.0,0.0,0.0,-0.0769696969696965,-0.0019585164623332,9.0,9.0,0.0,0.0,0.0,0.0,0.0,0.0,0.0,93.37,0.0,91.04,100.0,100.0,100.0,35.0,24.95,0,0,1,0,0,0,0,1,2,0.8429,-6e-05,0.0008,0.2666666666666666
2026-09-16T00:05:25.000,326,MEMORY_STRESS,46.39999999999999,7.105427357601002e-15,46.4,46.4,0.0,0.0,1115580.5,0.0,0.0,0.0,0.0,0.0,-0.9654545454545456,-0.0143668831168831,9.0,9.0,0.0,0.0,0.0,0.0,0.0,0.0,0.0,93.37,0.0,94.76,100.0,100.0,100.0,35.0,25.08,0,0,1,0,0,0,0,1,2,0.8419,-6e-05,0.0009,0.2666666666666666
2026-09-16T00:05:26.000,327,MEMORY_STRESS,46.39999999999999,7.105427357601002e-15,46.4,46.4,0.0,0.0,1115580.5,0.0,0.0,0.0,0.0,0.0,0.8951515151515153,0.0227773922430411,9.0,9.0,0.0,0.0,0.0,0.0,0.0,0.0,0.0,93.37,0.0,92.59,100.0,100.0,100.0,35.0,25.0,0,0,1,0,0,0,0,1,2,0.8425,-6e-05,0.0008,0.2666666666666666
2026-09-16T00:05:27.000,328,MEMORY_STRESS,46.39999999999999,7.105427357601002e-15,46.4,46.4,0.0,0.0,1115580.5,0.0,0.0,0.0,0.0,0.0,-1.0254545454545458,-0.0184434270765206,9.0,9.0,0.0,0.0,0.0,0.0,0.0,0.0,0.0,93.37,0.0,97.63,100.0,100.0,100.0,35.0,25.18,0,0,1,0,0,0,0,1,2,0.8412,-6e-05,0.0009,0.2666666666666666
2026-09-16T00:05:28.000,329,MEMORY_STRESS,46.39999999999999,7.105427357601002e-15,46.4,46.4,0.0,0.0,1115580.5,0.0,0.0,0.0,0.0,0.0,1.095757575757576,0.0615594143684031,9.0,9.0,0.0,0.0,0.0,0.0,0.0,0.0,0.0,93.37,0.0,91.04,95.2,100.0,100.0,35.0,24.7,0,0,1,0,0,0,0,1,2,0.8447,-6e-05,0.0008,0.2666666666666666
2026-09-16T00:05:29.000,330,MEMORY_STRESS,46.39999999999999,7.105427357601002e-15,46.4,46.4,0.0,0.0,1115580.5,0.0,0.0,0.0,0.0,0.0,-0.9654545454545456,-0.0143668831168831,9.0,9.0,0.0,0.0,0.0,0.0,0.0,0.0,0.0,93.37,0.0,94.76,100.0,100.0,100.0,35.0,25.08,0,0,1,0,0,0,0,1,2,0.8419,-6e-05,0.0008,0.2666666666666666
2026-09-16T00:05:30.000,331,MEMORY_STRESS,46.39999999999999,7.105427357601002e-15,46.4,46.4,0.0,0.0,1115580.5,0.0,0.0,0.0,0.0,0.0,0.8951515151515153,0.0227773922430411,9.0,9.0,0.0,0.0,0.0,0.0,0.0,0.0,0.0,93.37,0.0,92.59,100.0,100.0,100.0,35.0,25.0,0,0,1,0,0,0,0,1,2,0.8425,-6e-05,0.0008,0.2666666666666666
2026-09-16T00:05:31.000,332,MEMORY_STRESS,46.39999999999999,7.105427357601002e-15,46.4,46.4,0.0,0.0,1115580.5,0.0,0.0,0.0,0.0,0.0,-1.0254545454545458,-0.0184434270765206,9.0,9.0,0.0,0.0,0.0,0.0,0.0,0.0,0.0,93.37,0.0,97.63,100.0,100.0,100.0,35.0,25.18,0,0,1,0,0,0,0,1,2,0.8412,-6e-05,0.0009,0.2666666666666666
2026-09-16T00:05:32.000,333,MEMORY_STRESS,46.39999999999999,7.105427357601002e-15,46.4,46.4,0.0,0.0,1115580.5,0.0,0.0,0.0,0.0,0.0,1.095757575757576,0.0615594143684031,9.0,9.0,0.0,0.0,0.0,0.0,0.0,0.0,0.0,93.37,0.0,91.04,95.2,100.0,100.0,35.0,24.7,0,0,1,0,0,0,0,1,2,0.8447,-5e-05,0.0007,0.2666666666666666
2026-09-16T00:05:33.000,334,MEMORY_STRESS,46.39999999999999,7.105427357601002e-15,46.4,46.4,0.0,0.0,1115580.5,0.0,0.0,0.0,0.0,0.0,-0.9654545454545456,-0.0143668831168831,9.0,9.0,0.0,0.0,0.0,0.0,0.0,0.0,0.0,93.37,0.0,94.76,100.0,100.0,100.0,35.0,25.08,0,0,1,0,0,0,0,1,2,0.8419,-5e-05,0.0008,0.2666666666666666
2026-09-16T00:05:34.000,335,MEMORY_STRESS,46.40999999999999,0.0300000000000004,46.4,46.5,0.0054545454545455,0.0001175548589341,1115580.5,0.0,0.0,0.0,0.0,0.0,0.8951515151515153,0.0227773922430411,9.0,9.0,0.0,0.0,0.0,0.0,0.0,0.0,0.0,93.36,0.0,92.59,100.0,100.0,100.0,35.0,25.0,0,0,1,0,0,0,0,1,2,0.8425,-5e-05,0.0008,0.2666784221525601
2026-09-16T00:05:35.000,336,MEMORY_STRESS,46.42,0.0400000000000005,46.4,46.5,0.0096969696969698,0.0002089864158829,1115580.5,0.0,0.0,0.0,0.0,0.0,-1.0254545454545458,-0.0184434270765206,9.0,9.0,0.0,0.0,0.0,0.0,0.0,0.0,0.0,93.36,0.0,97.63,100.0,100.0,100.0,35.0,25.18,0,0,1,0,0,0,0,1,2,0.8412,-5e-05,0.0008,0.2666875653082549
2026-09-16T00:05:36.000,337,MEMORY_STRESS,46.42999999999999,0.045825756949559,46.4,46.5,0.0127272727272729,0.0002742946708463,1115580.5,0.0,0.0,0.0,0.0,0.0,1.095757575757576,0.0615594143684031,9.0,9.0,0.0,0.0,0.0,0.0,0.0,0.0,0.0,93.36,0.0,91.04,99.2,100.0,100.0,35.0,24.9,0,0,1,0,0,0,0,1,2,0.8432,-5e-05,0.0008,0.2666940961337513
2026-09-16T00:05:37.000,338,MEMORY_STRESS,46.44,0.0489897948556642,46.4,46.5,0.0145454545454547,0.0003134796238244,1115580.5,0.0,0.0,0.0,0.0,0.0,-0.9654545454545456,-0.0143668831168831,9.0,9.0,0.0,0.0,0.0,0.0,0.0,0.0,0.0,93.36,0.0,94.76,100.0,100.0,100.0,35.0,25.08,0,0,1,0,0,0,0,1,2,0.8419,-5e-05,0.0008,0.2666980146290491
2026-09-16T00:05:38.000,339,MEMORY_STRESS,46.44,0.0489897948556642,46.4,46.5,0.0096969696969698,0.0002089864158829,1115580.5,0.0,0.0,0.0,0.0,0.0,0.8951515151515153,0.0227773922430411,9.0,9.0,0.0,0.0,0.0,0.0,0.0,0.0,0.0,93.37,0.0,92.59,100.0,100.0,100.0,35.0,25.0,0,0,1,0,0,0,0,1,2,0.8425,-5e-05,0.0008,0.2666875653082549
2026-09-16T00:05:39.000,340,MEMORY_STRESS,46.44,0.0489897948556642,46.4,46.5,0.0048484848484849,0.0001044932079414,1115580.5,0.0,0.0,0.0,0.0,0.0,-1.0254545454545458,-0.0184434270765206,9.0,9.0,0.0,0.0,0.0,0.0,0.0,0.0,0.0,93.37,0.0,97.63,100.0,100.0,100.0,35.0,25.18,0,0,1,0,0,0,0,1,2,0.8412,-5e-05,0.0008,0.2666771159874608
2026-09-16T00:05:40.000,341,MEMORY_STRESS,46.43999999999999,0.0489897948556642,46.4,46.5,0.0,0.0,1115580.5,0.0,0.0,0.0,0.0,0.0,1.095757575757576,0.0615594143684031,9.0,9.0,0.0,0.0,0.0,0.0,0.0,0.0,0.0,93.37,0.0,91.04,96.0,100.0,100.0,35.0,24.74,0,0,1,0,0,0,0,1,2,0.8444,-5e-05,0.0007,0.2666666666666666
2026-09-16T00:05:41.000,342,MEMORY_STRESS,46.43999999999999,0.0489897948556642,46.4,46.5,-0.0048484848484849,-0.0001044932079414,1115580.5,0.0,0.0,0.0,0.0,0.0,-0.9654545454545456,-0.0143668831168831,9.0,9.0,0.0,0.0,0.0,0.0,0.0,0.0,0.0,93.37,0.0,94.76,100.0,100.0,100.0,35.0,25.08,0,0,1,0,0,0,0,1,2,0.8419,-5e-05,0.0007,0.2666771159874608
2026-09-16T00:05:42.000,343,MEMORY_STRESS,46.43999999999999,0.0489897948556642,46.4,46.5,-0.0096969696969698,-0.0002089864158829,1115580.5,0.0,0.0,0.0,0.0,0.0,0.8951515151515153,0.0227773922430411,9.0,9.0,0.0,0.0,0.0,0.0,0.0,0.0,0.0,93.37,0.0,92.59,100.0,100.0,100.0,35.0,25.0,0,0,1,0,0,0,0,1,2,0.8425,-5e-05,0.0007,0.2666875653082549
2026-09-16T00:05:43.000,344,MEMORY_STRESS,46.43999999999999,0.0489897948556642,46.4,46.5,-0.0145454545454547,-0.0003128054740958,1115580.5,0.0,0.0,0.0,0.0,0.0,-1.0254545454545458,-0.0184434270765206,9.0,9.0,0.0,0.0,0.0,0.0,0.0,0.0,0.0,93.37,0.0,97.63,100.0,100.0,100.0,35.0,25.18,0,0,1,0,0,0,0,1,2,0.8412,-5e-05,0.0008,0.2666979472140762
2026-09-16T00:05:44.000,345,MEMORY_STRESS,46.42999999999999,0.045825756949559,46.4,46.5,-0.0127272727272729,-0.0002737047898338,1115580.5,0.0,0.0,0.0,0.0,0.0,1.095757575757576,0.0615594143684031,9.0,9.0,0.0,0.0,0.0,0.0,0.0,0.0,0.0,93.37,0.0,91.04,95.2,100.0,100.0,35.0,24.7,0,0,1,0,0,0,0,1,2,0.8447,-5e-05,0.0007,0.26669403714565
2026-09-16T00:05:45.000,346,MEMORY_STRESS,46.42,0.0400000000000005,46.4,46.5,-0.0096969696969698,-0.0002085369827305,1115580.5,0.0,0.0,0.0,0.0,0.0,-0.9654545454545456,-0.0143668831168831,9.0,9.0,0.0,0.0,0.0,0.0,0.0,0.0,0.0,93.37,0.0,94.76,100.0,100.0,100.0,35.0,25.08,0,0,1,0,0,0,0,1,2,0.8419,-5e-05,0.0007,0.2666875203649397
2026-09-16T00:05:46.000,347,MEMORY_STRESS,46.42,0.0400000000000005,46.4,46.5,0.0,0.0,1115580.5,0.0,0.0,0.0,0.0,0.0,0.8951515151515153,0.0227773922430411,9.0,9.0,0.0,0.0,0.0,0.0,0.0,0.0,0.0,93.36,0.0,92.59,100.0,100.0,100.0,35.0,25.0,0,0,1,0,0,0,0,1,2,0.8425,-5e-05,0.0007,0.2666666666666666
2026-09-16T00:05:47.000,348,MEMORY_STRESS,46.42,0.0400000000000005,46.4,46.5,0.0096969696969698,0.0002089864158829,1115580.5,0.0,0.0,0.0,0.0,0.0,-1.0254545454545458,-0.0184434270765206,9.0,9.0,0.0,0.0,0.0,0.0,0.0,0.0,0.0,93.36,0.0,97.63,100.0,100.0,100.0,35.0,25.18,0,0,1,0,0,0,0,1,2,0.8412,-5e-05,0.0007,0.2666875653082549
2026-09-16T00:05:48.000,349,MEMORY_STRESS,46.42999999999999,0.045825756949559,46.4,46.5,0.0127272727272729,0.0002742946708463,1115580.5,0.0,0.0,0.0,0.0,0.0,1.095757575757576,0.0615594143684031,9.0,9.0,0.0,0.0,0.0,0.0,0.0,0.0,0.0,93.36,0.0,91.04,100.0,100.0,100.0,35.0,24.95,0,0,1,0,0,0,0,1,2,0.8429,-5e-05,0.0007,0.2666940961337513
2026-09-16T00:05:49.000,350,MEMORY_STRESS,46.44,0.0489897948556642,46.4,46.5,0.0145454545454547,0.0003134796238244,1115580.5,0.0,0.0,0.0,0.0,0.0,-0.9654545454545456,-0.0143668831168831,9.0,9.0,0.0,0.0,0.0,0.0,0.0,0.0,0.0,93.36,0.0,94.76,100.0,100.0,100.0,35.0,25.08,0,0,1,0,0,0,0,1,2,0.8419,-5e-05,0.0007,0.2666980146290491
2026-09-16T00:05:50.000,351,MEMORY_STRESS,46.44,0.0489897948556642,46.4,46.5,0.0096969696969698,0.0002089864158829,1115580.5,0.0,0.0,0.0,0.0,0.0,1.527878787878788,0.0388773228467885,9.0,9.0,0.0,0.0,0.0,0.0,0.0,0.0,0.0,93.37,0.0,91.04,95.2,100.0,100.0,35.0,24.7,0,0,1,0,0,0,0,1,2,0.8447,-5e-05,0.0006,0.2666875653082549
2026-09-16T00:05:51.000,352,MEMORY_STRESS,46.44,0.0489897948556642,46.4,46.5,0.0048484848484849,0.0001044932079414,1115580.5,0.0,0.0,0.0,0.0,0.0,0.6393939393939392,0.0114998909962938,9.0,9.0,0.0,0.0,0.0,0.0,0.0,0.0,0.0,93.37,0.0,94.76,100.0,100.0,100.0,35.0,25.08,0,0,1,0,0,0,0,1,2,0.8419,-5e-05,0.0007,0.2666771159874608
2026-09-16T00:05:52.000,353,MEMORY_STRESS,46.45,0.0500000000000007,46.4,46.5,0.0054545454545455,0.0001175548589341,1115580.5,0.0,0.0,0.0,0.0,0.0,-0.3351515151515153,-0.0188287368062649,9.0,9.0,0.0,0.0,0.0,0.0,0.0,0.0,0.0,93.36,0.0,97.63,100.0,100.0,100.0,35.0,25.18,0,0,1,0,0,0,0,1,2,0.8412,-5e-05,0.0007,0.2666784221525601
2026-09-16T00:05:53.000,354,MEMORY_STRESS,46.46,0.0489897948556642,46.4,46.5,0.0048484848484849,0.0001044932079414,1115580.5,0.0,0.0,0.0,0.0,0.0,-0.6769696969696971,-0.0100739538239538,9.0,9.0,0.0,0.0,0.0,0.0,0.0,0.0,0.0,93.36,0.0,91.04,95.2,100.0,100.0,35.0,24.69,0,0,1,0,0,0,0,1,2,0.8448,-5e-05,0.0006,0.2666771159874608
2026-09-16T00:05:54.000,355,MEMORY_STRESS,46.47,0.045825756949559,46.4,46.5,0.003030303030303,6.53082549634283e-05,1115580.5,0.0,0.0,0.0,0.0,0.0,0.153939393939394,0.0039170329246665,9.0,9.0,0.0,0.0,0.0,0.0,0.0,0.0,0.0,93.36,0.0,94.76,100.0,100.0,100.0,35.0,25.08,0,0,1,0,0,0,0,1,2,0.8419,-5e-05,0.0006,0.266673197492163
2026-09-16T00:05:55.000,356,MEMORY_STRESS,46.48,0.0400000000000005,46.4,46.5,0.0,0.0,1115580.5,0.0,0.0,0.0,0.0,0.0,0.352121212121212,0.006333115325921,9.0,9.0,0.0,0.0,0.0,0.0,0.0,0.0,0.0,93.36,0.0,92.59,100.0,100.0,100.0,35.0,25.0,0,0,1,0,0,0,0,1,2,0.8425,-5e-05,0.0006,0.2666666666666666
2026-09-16T00:05:56.000,357,MEMORY_STRESS,46.48,0.0400000000000005,46.4,46.5,0.0024242424242424,5.213424568263352e-05,1115580.5,0.0,0.0,0.0,0.0,0.0,-0.6224242424242425,-0.0349676540687776,9.0,9.0,0.0,0.0,0.0,0.0,0.0,0.0,0.0,93.36,0.0,97.63,100.0,100.0,100.0,35.0,25.18,0,0,1,0,0,0,0,1,2,0.8412,-5e-05,0.0007,0.2666718800912349
2026-09-16T00:05:57.000,358,MEMORY_STRESS,46.48,0.0400000000000005,46.4,46.5,0.0048484848484849,0.0001042684913652,1115580.5,0.0,0.0,0.0,0.0,0.0,-0.9642424242424242,-0.0143488455988455,9.0,9.0,0.0,0.0,0.0,0.0,0.0,0.0,0.0,93.36,0.0,91.04,100.0,100.0,100.0,35.0,24.95,0,0,1,0,0,0,0,1,2,0.8429,-5e-05,0.0006,0.2666770935158032
2026-09-16T00:05:58.000,359,MEMORY_STRESS,46.48,0.0400000000000005,46.4,46.5,0.0072727272727273,0.0001564027370479,1115580.5,0.0,0.0,0.0,0.0,0.0,-0.1333333333333331,-0.003392705682782,9.0,9.0,0.0,0.0,0.0,0.0,0.0,0.0,0.0,93.36,0.0,94.76,100.0,100.0,100.0,35.0,25.08,0,0,1,0,0,0,0,1,2,0.8419,-5e-05,0.0007,0.2666823069403714
2026-09-16T00:05:59.000,360,MEMORY_STRESS,46.48,0.0400000000000005,46.4,46.5,0.0096969696969698,0.0002089864158829,1115580.5,0.0,0.0,0.0,0.0,0.0,0.0648484848484847,0.0009650072150072,9.0,9.0,0.0,0.0,0.0,0.0,0.0,0.0,0.0,93.36,0.0,92.59,100.0,100.0,100.0,35.0,25.0,0,0,1,0,0,0,0,1,2,0.8425,-5e-05,0.0007,0.2666875653082549
2026-09-16T00:06:00.000,361,MEMORY_STRESS,46.49,0.0300000000000004,46.4,46.5,0.0054545454545455,0.0001175548589341,1115580.5,0.0,0.0,0.0,0.0,0.0,-0.1363636363636362,-0.0034698126301179,9.0,9.0,0.0,0.0,0.0,0.0,0.0,0.0,0.0,93.36,0.0,97.63,100.0,100.0,100.0,35.0,25.18,0,0,1,0,0,0,0,1,2,0.8412,-5e-05,0.0007,0.2666784221525601
2026-09-16T00:06:01.000,362,MEMORY_STRESS,46.5,0.0,46.5,46.5,0.0,0.0,1115580.5,0.0,0.0,0.0,0.0,0.0,1.095757575757576,0.0615594143684031,9.0,9.0,0.0,0.0,0.0,0.0,0.0,0.0,0.0,93.36,0.0,91.04,95.2,100.0,100.0,35.0,24.69,0,0,1,0,0,0,0,1,2,0.8448,-4e-05,0.0006,0.2666666666666666
2026-09-16T00:06:02.000,363,MEMORY_STRESS,46.5,0.0,46.5,46.5,0.0,0.0,1115580.5,0.0,0.0,0.0,0.0,0.0,-0.9654545454545456,-0.0143668831168831,9.0,9.0,0.0,0.0,0.0,0.0,0.0,0.0,0.0,93.36,0.0,94.76,100.0,100.0,100.0,35.0,25.08,0,0,1,0,0,0,0,1,2,0.8419,-4e-05,0.0006,0.2666666666666666
2026-09-16T00:06:03.000,364,MEMORY_STRESS,46.5,0.0,46.5,46.5,0.0,0.0,1115580.5,0.0,0.0,0.0,0.0,0.0,0.8951515151515153,0.0227773922430411,9.0,9.0,0.0,0.0,0.0,0.0,0.0,0.0,0.0,93.36,0.0,92.59,100.0,100.0,100.0,35.0,25.0,0,0,1,0,0,0,0,1,2,0.8425,-4e-05,0.0006,0.2666666666666666
2026-09-16T00:06:04.000,365,MEMORY_STRESS,46.5,0.0,46.5,46.5,0.0,0.0,1115580.5,0.0,0.0,0.0,0.0,0.0,-1.0254545454545458,-0.0184434270765206,9.0,9.0,0.0,0.0,0.0,0.0,0.0,0.0,0.0,93.36,0.0,97.63,100.0,100.0,100.0,35.0,25.18,0,0,1,0,0,0,0,1,2,0.8412,-4e-05,0.0007,0.2666666666666666
2026-09-16T00:06:05.000,366,MEMORY_STRESS,46.5,0.0,46.5,46.5,0.0,0.0,1115580.5,0.0,0.0,0.0,0.0,0.0,1.095757575757576,0.0615594143684031,9.0,9.0,0.0,0.0,0.0,0.0,0.0,0.0,0.0,93.36,0.0,91.04,95.2,100.0,100.0,35.0,24.69,0,0,1,0,0,0,0,1,2,0.8448,-4e-05,0.0006,0.2666666666666666
2026-09-16T00:06:06.000,367,MEMORY_STRESS,46.5,0.0,46.5,46.5,0.0,0.0,1115580.5,0.0,0.0,0.0,0.0,0.0,-0.9654545454545456,-0.0143668831168831,9.0,9.0,0.0,0.0,0.0,0.0,0.0,0.0,0.0,93.36,0.0,94.76,100.0,100.0,100.0,35.0,25.08,0,0,1,0,0,0,0,1,2,0.8419,-4e-05,0.0006,0.2666666666666666
2026-09-16T00:06:07.000,368,MEMORY_STRESS,46.5,0.0,46.5,46.5,0.0,0.0,1115580.5,0.0,0.0,0.0,0.0,0.0,0.8951515151515153,0.0227773922430411,9.0,9.0,0.0,0.0,0.0,0.0,0.0,0.0,0.0,93.36,0.0,92.59,100.0,100.0,100.0,35.0,25.0,0,0,1,0,0,0,0,1,2,0.8425,-4e-05,0.0006,0.2666666666666666
2026-09-16T00:06:08.000,369,MEMORY_STRESS,46.5,0.0,46.5,46.5,0.0,0.0,1115580.5,0.0,0.0,0.0,0.0,0.0,-1.0254545454545458,-0.0184434270765206,9.0,9.0,0.0,0.0,0.0,0.0,0.0,0.0,0.0,93.36,0.0,97.63,100.0,100.0,100.0,35.0,25.18,0,0,1,0,0,0,0,1,2,0.8412,-4e-05,0.0006,0.2666666666666666
2026-09-16T00:06:09.000,370,MEMORY_STRESS,46.5,0.0,46.5,46.5,0.0,0.0,1115580.5,0.0,0.0,0.0,0.0,0.0,1.095757575757576,0.0615594143684031,9.0,9.0,0.0,0.0,0.0,0.0,0.0,0.0,0.0,93.36,0.0,91.04,99.2,100.0,100.0,35.0,24.9,0,0,1,0,0,0,0,1,2,0.8432,-4e-05,0.0006,0.2666666666666666
2026-09-16T00:06:10.000,371,MEMORY_STRESS,46.5,0.0,46.5,46.5,0.0,0.0,1115580.5,0.0,0.0,0.0,0.0,0.0,-0.9654545454545456,-0.0143668831168831,9.0,9.0,0.0,0.0,0.0,0.0,0.0,0.0,0.0,93.36,0.0,94.76,100.0,100.0,100.0,35.0,25.08,0,0,1,0,0,0,0,1,2,0.8419,-4e-05,0.0006,0.2666666666666666
2026-09-16T00:06:11.000,372,MEMORY_STRESS,46.5,0.0,46.5,46.5,0.0,0.0,1115580.5,0.0,0.0,0.0,0.0,0.0,-1.1666666666666667,-0.0296861747243426,9.0,9.0,0.0,0.0,0.0,0.0,0.0,0.0,0.0,93.36,0.0,97.63,100.0,100.0,100.0,35.0,25.18,0,0,1,0,0,0,0,1,2,0.8412,-4e-05,0.0006,0.2666666666666666
2026-09-16T00:06:12.000,373,MEMORY_STRESS,46.5,0.0,46.5,46.5,0.0,0.0,1115580.5,0.0,0.0,0.0,0.0,0.0,0.0654545454545453,0.0011772400261608,9.0,9.0,0.0,0.0,0.0,0.0,0.0,0.0,0.0,93.36,0.0,91.04,96.0,100.0,100.0,35.0,24.74,0,0,1,0,0,0,0,1,2,0.8444,-4e-05,0.0006,0.2666666666666666
2026-09-16T00:06:13.000,374,MEMORY_STRESS,46.5,0.0,46.5,46.5,0.0,0.0,1115580.5,0.0,0.0,0.0,0.0,0.0,0.5242424242424241,0.029451821586653,9.0,9.0,0.0,0.0,0.0,0.0,0.0,0.0,0.0,93.36,0.0,94.76,100.0,100.0,100.0,35.0,25.08,0,0,1,0,0,0,0,1,2,0.8419,-4e-05,0.0006,0.2666666666666666
2026-09-16T00:06:14.000,375,MEMORY_STRESS,46.5,0.0,46.5,46.5,0.0,0.0,1115580.5,0.0,0.0,0.0,0.0,0.0,-0.4503030303030303,-0.0067009379509379,9.0,9.0,0.0,0.0,0.0,0.0,0.0,0.0,0.0,93.36,0.0,92.59,100.0,100.0,100.0,35.0,25.0,0,0,1,0,0,0,0,1,2,0.8425,-4e-05,0.0006,0.2666666666666666
2026-09-16T00:06:15.000,376,MEMORY_STRESS,46.5,0.0,46.5,46.5,0.0,0.0,1115580.5,0.0,0.0,0.0,0.0,0.0,-0.6515151515151515,-0.0165779936772303,9.0,9.0,0.0,0.0,0.0,0.0,0.0,0.0,0.0,93.36,0.0,97.63,100.0,100.0,100.0,35.0,25.18,0,0,1,0,0,0,0,1,2,0.8412,-4e-05,0.0006,0.2666666666666666
2026-09-16T00:06:16.000,377,MEMORY_STRESS,46.5,0.0,46.5,46.5,0.0,0.0,1115580.5,0.0,0.0,0.0,0.0,0.0,0.5806060606060607,0.0104425550468715,9.0,9.0,0.0,0.0,0.0,0.0,0.0,0.0,0.0,93.36,0.0,91.04,95.2,100.0,100.0,35.0,24.69,0,0,1,0,0,0,0,1,2,0.8448,-4e-05,0.0005,0.2666666666666666
2026-09-16T00:06:17.000,378,MEMORY_STRESS,46.5,0.0,46.5,46.5,0.0,0.0,1115580.5,0.0,0.0,0.0,0.0,0.0,1.039393939393939,0.0583929179434797,9.0,9.0,0.0,0.0,0.0,0.0,0.0,0.0,0.0,93.36,0.0,94.76,100.0,100.0,100.0,35.0,25.08,0,0,1,0,0,0,0,1,2,0.8419,-4e-05,0.0006,0.2666666666666666
2026-09-16T00:06:18.000,379,MEMORY_STRESS,46.5,0.0,46.5,46.5,0.0,0.0,1115580.5,0.0,0.0,0.0,0.0,0.0,0.0648484848484847,0.0009650072150072,9.0,9.0,0.0,0.0,0.0,0.0,0.0,0.0,0.0,93.36,0.0,92.59,100.0,100.0,100.0,35.0,25.0,0,0,1,0,0,0,0,1,2,0.8425,-4e-05,0.0005,0.2666666666666666
2026-09-16T00:06:19.000,380,MEMORY_STRESS,46.5,0.0,46.5,46.5,0.0,0.0,1115580.5,0.0,0.0,0.0,0.0,0.0,-0.1363636363636362,-0.0034698126301179,9.0,9.0,0.0,0.0,0.0,0.0,0.0,0.0,0.0,93.36,0.0,97.63,100.0,100.0,100.0,35.0,25.18,0,0,1,0,0,0,0,1,2,0.8412,-4e-05,0.0006,0.2666666666666666
2026-09-16T00:06:20.000,381,MEMORY_STRESS,46.5,0.0,46.5,46.5,0.0,0.0,1115580.5,0.0,0.0,0.0,0.0,0.0,1.095757575757576,0.0615594143684031,9.0,9.0,0.0,0.0,0.0,0.0,0.0,0.0,0.0,93.36,0.0,91.04,100.0,100.0,100.0,35.0,24.95,0,0,1,0,0,0,0,1,2,0.8429,-4e-05,0.0005,0.2666666666666666
2026-09-16T00:06:21.000,382,MEMORY_STRESS,46.5,0.0,46.5,46.5,0.0,0.0,1115580.5,0.0,0.0,0.0,0.0,0.0,-0.9654545454545456,-0.0143668831168831,9.0,9.0,0.0,0.0,0.0,0.0,0.0,0.0,0.0,93.36,0.0,94.76,100.0,100.0,100.0,35.0,25.08,0,0,1,0,0,0,0,1,2,0.8419,-4e-05,0.0005,0.2666666666666666
2026-09-16T00:06:22.000,383,MEMORY_STRESS,46.5,0.0,46.5,46.5,0.0,0.0,1115580.5,0.0,0.0,0.0,0.0,0.0,1.527878787878788,0.0388773228467885,9.0,9.0,0.0,0.0,0.0,0.0,0.0,0.0,0.0,93.36,0.0,91.04,95.2,100.0,100.0,35.0,24.69,0,0,1,0,0,0,0,1,2,0.8448,-4e-05,0.0005,0.2666666666666666
2026-09-16T00:06:23.000,384,MEMORY_STRESS,46.5,0.0,46.5,46.5,0.0,0.0,1115580.5,0.0,0.0,0.0,0.0,0.0,0.6393939393939392,0.0114998909962938,9.0,9.0,0.0,0.0,0.0,0.0,0.0,0.0,0.0,93.36,0.0,94.76,100.0,100.0,100.0,35.0,25.08,0,0,1,0,0,0,0,1,2,0.8419,-4e-05,0.0005,0.2666666666666666
2026-09-16T00:06:24.000,385,MEMORY_STRESS,46.5,0.0,46.5,46.5,0.0,0.0,1115580.5,0.0,0.0,0.0,0.0,0.0,1.7266666666666666,0.097003745318352,9.0,9.0,0.0,0.0,0.0,0.0,0.0,0.0,0.0,93.36,0.0,92.59,100.0,100.0,100.0,35.0,25.0,0,0,1,0,0,0,0,1,2,0.8425,-3e-05,0.0003,0.2666666666666666
2026-09-16T00:06:25.000,386,MEMORY_STRESS,46.5,0.0,46.5,46.5,0.0,0.0,1115580.5,0.0,0.0,0.0,0.0,0.0,-1.767878787878788,-0.02630772005772,9.0,9.0,0.0,0.0,0.0,0.0,0.0,0.0,0.0,93.36,0.0,97.63,100.0,100.0,100.0,35.0,25.18,0,0,1,0,0,0,0,1,2,0.8412,-2e-05,0.0002,0.2666666666666666
2026-09-16T00:06:26.000,387,MEMORY_STRESS,46.5,0.0,46.5,46.5,0.0,0.0,1115580.5,0.0,0.0,0.0,0.0,0.0,0.7254545454545457,0.0184594031922276,9.0,9.0,0.0,0.0,0.0,0.0,0.0,0.0,0.0,93.36,0.0,91.04,95.2,100.0,100.0,35.0,24.69,0,0,1,0,0,0,0,1,2,0.8448,-2e-05,0.0002,0.2666666666666666
2026-09-16T00:06:27.000,388,MEMORY_STRESS,46.5,0.0,46.5,46.5,0.0,0.0,1115580.5,0.0,0.0,0.0,0.0,0.0,-0.1630303030303032,-0.0029321996947896,9.0,9.0,0.0,0.0,0.0,0.0,0.0,0.0,0.0,93.36,0.0,94.76,100.0,100.0,100.0,35.0,25.08,0,0,1,0,0,0,0,1,2,0.8419,-2e-05,0.0002,0.2666666666666666
2026-09-16T00:06:28.000,389,MEMORY_STRESS,46.5,0.0,46.5,46.5,0.0,0.0,1115580.5,0.0,0.0,0.0,0.0,0.0,0.9242424242424242,0.0519237316990125,9.0,9.0,0.0,0.0,0.0,0.0,0.0,0.0,0.0,93.36,0.0,92.59,100.0,100.0,100.0,35.0,25.0,0,0,1,0,0,0,0,1,2,0.8425,-2e-05,0.0002,0.2666666666666666
2026-09-16T00:06:29.000,390,MEMORY_STRESS,46.5,0.0,46.5,46.5,0.0,0.0,1115580.5,0.0,0.0,0.0,0.0,0.0,-2.5703030303030303,-0.038248556998557,9.0,9.0,0.0,0.0,0.0,0.0,0.0,0.0,0.0,93.36,0.0,97.63,100.0,100.0,100.0,35.0,25.18,0,0,1,0,0,0,0,1,2,0.8412,-2e-05,0.0003,0.2666666666666666
2026-09-16T00:06:30.000,391,MEMORY_STRESS,46.5,0.0,46.5,46.5,0.0,0.0,1115580.5,0.0,0.0,0.0,0.0,0.0,-0.0769696969696965,-0.0019585164623332,9.0,9.0,0.0,0.0,0.0,0.0,0.0,0.0,0.0,93.36,0.0,91.04,100.0,100.0,100.0,35.0,24.95,0,0,1,0,0,0,0,1,2,0.8429,-2e-05,0.0001,0.2666666666666666
2026-09-16T00:06:31.000,392,MEMORY_STRESS,46.5,0.0,46.5,46.5,0.0,0.0,1115580.5,0.0,0.0,0.0,0.0,0.0,-0.9654545454545456,-0.0143668831168831,9.0,9.0,0.0,0.0,0.0,0.0,0.0,0.0,0.0,93.36,0.0,94.76,100.0,100.0,100.0,35.0,25.08,0,0,1,0,0,0,0,1,2,0.8419,-2e-05,0.0001,0.2666666666666666
2026-09-16T00:06:32.000,393,MEMORY_STRESS,46.5,0.0,46.5,46.5,0.0,0.0,1115580.5,0.0,0.0,0.0,0.0,0.0,1.527878787878788,0.0388773228467885,9.0,9.0,0.0,0.0,0.0,0.0,0.0,0.0,0.0,93.36,0.0,91.04,95.2,100.0,100.0,35.0,24.69,0,0,1,0,0,0,0,1,2,0.8448,-1e-05,-0.0,0.2666666666666666
2026-09-16T00:06:33.000,394,MEMORY_STRESS,46.5,0.0,46.5,46.5,0.0,0.0,1115580.5,0.0,0.0,0.0,0.0,0.0,0.6393939393939392,0.0114998909962938,9.0,9.0,0.0,0.0,0.0,0.0,0.0,0.0,0.0,93.36,0.0,94.76,100.0,100.0,100.0,35.0,25.08,0,0,1,0,0,0,0,1,2,0.8419,-1e-05,0.0,0.2666666666666666
2026-09-16T00:06:34.000,395,MEMORY_STRESS,46.5,0.0,46.5,46.5,0.0,0.0,1115580.5,0.0,0.0,0.0,0.0,0.0,1.7266666666666666,0.097003745318352,9.0,9.0,0.0,0.0,0.0,0.0,0.0,0.0,0.0,93.36,0.0,92.59,100.0,100.0,100.0,35.0,25.0,0,0,1,0,0,0,0,1,2,0.8425,-1e-05,-0.0,0.2666666666666666
2026-09-16T00:06:35.000,396,MEMORY_STRESS,46.5,0.0,46.5,46.5,0.0,0.0,1115580.5,0.0,0.0,0.0,0.0,0.0,-1.767878787878788,-0.02630772005772,9.0,9.0,0.0,0.0,0.0,0.0,0.0,0.0,0.0,93.36,0.0,97.63,100.0,100.0,100.0,35.0,25.18,0,0,1,0,0,0,0,1,2,0.8412,-1e-05,0.0,0.2666666666666666
2026-09-16T00:06:36.000,397,MEMORY_STRESS,46.5,0.0,46.5,46.5,0.0,0.0,1115580.5,0.0,0.0,0.0,0.0,0.0,0.7254545454545457,0.0184594031922276,9.0,9.0,0.0,0.0,0.0,0.0,0.0,0.0,0.0,93.36,0.0,91.04,95.2,100.0,100.0,35.0,24.69,0,0,1,0,0,0,0,1,2,0.8448,0.0,-0.0002,0.2666666666666666
2026-09-16T00:06:37.000,398,MEMORY_STRESS,46.5,0.0,46.5,46.5,0.0,0.0,1115580.5,0.0,0.0,0.0,0.0,0.0,-0.1630303030303032,-0.0029321996947896,9.0,9.0,0.0,0.0,0.0,0.0,0.0,0.0,0.0,93.36,0.0,94.76,100.0,100.0,100.0,35.0,25.08,0,0,1,0,0,0,0,1,2,0.8419,0.0,-0.0001,0.2666666666666666
2026-09-16T00:06:38.000,399,MEMORY_STRESS,46.5,0.0,46.5,46.5,0.0,0.0,1115580.5,0.0,0.0,0.0,0.0,0.0,0.9242424242424242,0.0519237316990125,9.0,9.0,0.0,0.0,0.0,0.0,0.0,0.0,0.0,93.36,0.0,92.59,100.0,100.0,100.0,35.0,25.0,0,0,1,0,0,0,0,1,2,0.8425,0.0,-0.0001,0.2666666666666666
2026-09-16T00:06:39.000,400,MEMORY_STRESS,46.5,0.0,46.5,46.5,0.0,0.0,1115580.5,0.0,0.0,0.0,0.0,0.0,-2.5703030303030303,-0.038248556998557,9.0,9.0,0.0,0.0,0.0,0.0,0.0,0.0,0.0,93.36,0.0,97.63,100.0,100.0,100.0,35.0,25.18,0,0,1,0,0,0,0,1,2,0.8412,0.0,-0.0001,0.2666666666666666
2026-09-16T00:06:40.000,401,MEMORY_STRESS,46.5,0.0,46.5,46.5,0.0,0.0,1115580.5,0.0,0.0,0.0,0.0,0.0,-0.0769696969696965,-0.0019585164623332,9.0,9.0,0.0,0.0,0.0,0.0,0.0,0.0,0.0,93.36,0.0,91.04,99.2,100.0,100.0,35.0,24.9,0,0,1,0,0,0,0,1,2,0.8432,0.0,-0.0,0.2666666666666666
2026-09-16T00:06:41.000,402,MEMORY_STRESS,46.5,0.0,46.5,46.5,0.0,0.0,1115580.5,0.0,0.0,0.0,0.0,0.0,-0.9654545454545456,-0.0143668831168831,9.0,9.0,0.0,0.0,0.0,0.0,0.0,0.0,0.0,93.36,0.0,94.76,100.0,100.0,100.0,35.0,25.08,0,0,1,0,0,0,0,1,2,0.8419,0.0,-0.0001,0.2666666666666666
2026-09-16T00:06:42.000,403,MEMORY_STRESS,46.5,0.0,46.5,46.5,0.0,0.0,1115580.5,0.0,0.0,0.0,0.0,0.0,0.8951515151515153,0.0227773922430411,9.0,9.0,0.0,0.0,0.0,0.0,0.0,0.0,0.0,93.36,0.0,92.59,100.0,100.0,100.0,35.0,25.0,0,0,1,0,0,0,0,1,2,0.8425,0.0,-0.0001,0.2666666666666666
2026-09-16T00:06:43.000,404,MEMORY_STRESS,46.5,0.0,46.5,46.5,0.0,0.0,1115580.5,0.0,0.0,0.0,0.0,0.0,-1.0254545454545458,-0.0184434270765206,9.0,9.0,0.0,0.0,0.0,0.0,0.0,0.0,0.0,93.36,0.0,97.63,100.0,100.0,100.0,35.0,25.18,0,0,1,0,0,0,0,1,2,0.8412,0.0,-0.0,0.2666666666666666
2026-09-16T00:06:44.000,405,MEMORY_STRESS,46.5,0.0,46.5,46.5,0.0,0.0,1115580.5,0.0,0.0,0.0,0.0,0.0,1.095757575757576,0.0615594143684031,9.0,9.0,0.0,0.0,0.0,0.0,0.0,0.0,0.0,93.36,0.0,91.04,96.0,100.0,100.0,35.0,24.74,0,0,1,0,0,0,0,1,2,0.8444,0.0,-0.0,0.2666666666666666
2026-09-16T00:06:45.000,406,MEMORY_STRESS,46.5,0.0,46.5,46.5,0.0,0.0,1115580.5,0.0,0.0,0.0,0.0,0.0,-0.9654545454545456,-0.0143668831168831,9.0,9.0,0.0,0.0,0.0,0.0,0.0,0.0,0.0,93.36,0.0,94.76,100.0,100.0,100.0,35.0,25.08,0,0,1,0,0,0,0,1,2,0.8419,0.0,-0.0001,0.2666666666666666
2026-09-16T00:06:46.000,407,MEMORY_STRESS,46.5,0.0,46.5,46.5,0.0,0.0,1115580.5,0.0,0.0,0.0,0.0,0.0,0.8951515151515153,0.0227773922430411,9.0,9.0,0.0,0.0,0.0,0.0,0.0,0.0,0.0,93.36,0.0,92.59,100.0,100.0,100.0,35.0,25.0,0,0,1,0,0,0,0,1,2,0.8425,0.0,-0.0001,0.2666666666666666
2026-09-16T00:06:47.000,408,MEMORY_STRESS,46.5,0.0,46.5,46.5,0.0,0.0,1115580.5,0.0,0.0,0.0,0.0,0.0,-1.0254545454545458,-0.0184434270765206,9.0,9.0,0.0,0.0,0.0,0.0,0.0,0.0,0.0,93.36,0.0,97.63,100.0,100.0,100.0,35.0,25.18,0,0,1,0,0,0,0,1,2,0.8412,0.0,-0.0,0.2666666666666666
2026-09-16T00:06:48.000,409,MEMORY_STRESS,46.5,0.0,46.5,46.5,0.0,0.0,1115580.5,0.0,0.0,0.0,0.0,0.0,1.095757575757576,0.0615594143684031,9.0,9.0,0.0,0.0,0.0,0.0,0.0,0.0,0.0,93.36,0.0,91.04,95.2,100.0,100.0,35.0,24.69,0,0,1,0,0,0,0,1,2,0.8448,0.0,-0.0001,0.2666666666666666
2026-09-16T00:06:49.000,410,MEMORY_STRESS,46.5,0.0,46.5,46.5,0.0,0.0,1115580.5,0.0,0.0,0.0,0.0,0.0,-0.9654545454545456,-0.0143668831168831,9.0,9.0,0.0,0.0,0.0,0.0,0.0,0.0,0.0,93.36,0.0,94.76,100.0,100.0,100.0,35.0,25.08,0,0,1,0,0,0,0,1,2,0.8419,0.0,-0.0001,0.2666666666666666
2026-09-16T00:06:50.000,411,MEMORY_STRESS,46.5,0.0,46.5,46.5,0.0,0.0,1115580.5,0.0,0.0,0.0,0.0,0.0,0.8951515151515153,0.0227773922430411,9.0,9.0,0.0,0.0,0.0,0.0,0.0,0.0,0.0,93.36,0.0,92.59,100.0,100.0,100.0,35.0,25.0,0,0,1,0,0,0,0,1,2,0.8425,0.0,-0.0001,0.2666666666666666
2026-09-16T00:06:51.000,412,MEMORY_STRESS,46.5,0.0,46.5,46.5,0.0,0.0,1115580.5,0.0,0.0,0.0,0.0,0.0,-1.0254545454545458,-0.0184434270765206,9.0,9.0,0.0,0.0,0.0,0.0,0.0,0.0,0.0,93.36,0.0,97.63,100.0,100.0,100.0,35.0,25.18,0,0,1,0,0,0,0,1,2,0.8412,0.0,-0.0001,0.2666666666666666
2026-09-16T00:06:52.000,413,MEMORY_STRESS,46.5,0.0,46.5,46.5,0.0,0.0,1115580.5,0.0,0.0,0.0,0.0,0.0,1.095757575757576,0.0615594143684031,9.0,9.0,0.0,0.0,0.0,0.0,0.0,0.0,0.0,93.36,0.0,91.04,100.0,100.0,100.0,35.0,24.95,0,0,1,0,0,0,0,1,2,0.8429,0.0,-0.0001,0.2666666666666666
2026-09-16T00:06:53.000,414,MEMORY_STRESS,46.5,0.0,46.5,46.5,0.0,0.0,1115580.5,0.0,0.0,0.0,0.0,0.0,-0.9654545454545456,-0.0143668831168831,9.0,9.0,0.0,0.0,0.0,0.0,0.0,0.0,0.0,93.36,0.0,94.76,100.0,100.0,100.0,35.0,25.08,0,0,1,0,0,0,0,1,2,0.8419,0.0,-0.0001,0.2666666666666666
2026-09-16T00:06:54.000,415,MEMORY_STRESS,46.5,0.0,46.5,46.5,0.0,0.0,1115580.5,0.0,0.0,0.0,0.0,0.0,1.527878787878788,0.0388773228467885,9.0,9.0,0.0,0.0,0.0,0.0,0.0,0.0,0.0,93.36,0.0,91.04,95.2,100.0,100.0,35.0,24.69,0,0,1,0,0,0,0,1,2,0.8448,0.0,-0.0001,0.2666666666666666
2026-09-16T00:06:55.000,416,MEMORY_STRESS,46.5,0.0,46.5,46.5,0.0,0.0,1115580.5,0.0,0.0,0.0,0.0,0.0,0.6393939393939392,0.0114998909962938,9.0,9.0,0.0,0.0,0.0,0.0,0.0,0.0,0.0,93.36,0.0,94.76,100.0,100.0,100.0,35.0,25.08,0,0,1,0,0,0,0,1,2,0.8419,0.0,-0.0002,0.2666666666666666
2026-09-16T00:06:56.000,417,MEMORY_STRESS,46.2,0.0,46.2,46.2,0.0,0.0,1115580.5,0.0,0.0,0.0,0.0,0.0,0.0,0.0,9.0,9.0,0.0,0.0,0.0,0.0,0.0,0.0,0.0,93.4,0.0,91.04,96.0,100.0,100.0,50.0,25.26,0,0,1,0,0,0,0,1,2,0.8405,0.0,0.0,0.2666666666666666
2026-09-16T00:06:57.000,418,MEMORY_STRESS,46.2,0.0,46.2,46.2,0.0,0.0,1115580.5,0.0,0.0,0.0,0.0,0.0,0.0,0.0,9.0,9.0,0.0,0.0,0.0,0.0,0.0,0.0,0.0,93.4,0.0,94.67,100.0,100.0,100.0,50.0,25.6,0,0,1,0,0,0,0,1,2,0.838,0.0,0.0,0.2666666666666666
2026-09-16T00:06:58.000,419,MEMORY_STRESS,46.20000000000001,7.105427357601002e-15,46.2,46.2,0.0,0.0,1115580.5,0.0,0.0,0.0,0.0,0.0,-5.800000000000001,-0.0863095238095238,9.0,9.0,0.0,0.0,0.0,0.0,0.0,0.0,0.0,93.4,0.0,92.59,100.0,100.0,100.0,50.0,25.53,0,0,1,0,0,0,0,1,2,0.8385,0.0,0.0,0.2666666666666666
2026-09-16T00:06:59.000,420,MEMORY_STRESS,46.2,0.0,46.2,46.2,0.0,0.0,1115580.5,0.0,0.0,0.0,0.0,0.0,-13.26,-0.1973214285714285,9.0,9.0,0.0,0.0,0.0,0.0,0.0,0.0,0.0,93.4,0.0,97.63,100.0,100.0,100.0,50.0,25.71,0,0,1,0,0,0,0,1,2,0.8372,0.0,0.0,0.2666666666666666
2026-09-16T00:07:00.000,421,MEMORY_STRESS,46.2,0.0,46.2,46.2,0.0,0.0,1115580.5,0.0,0.0,0.0,0.0,0.0,-2.22,-0.0330357142857142,9.0,9.0,0.0,0.0,0.0,0.0,0.0,0.0,0.0,93.4,0.0,91.04,95.2,100.0,100.0,50.0,25.22,0,0,1,0,0,0,0,1,2,0.8409,-0.00039,0.057,0.2666666666666666
2026-09-16T00:07:01.000,422,MEMORY_STRESS,46.2,7.105427357601002e-15,46.2,46.2,0.0,0.0,1115580.5,0.0,0.0,0.0,0.0,0.0,-2.634285714285715,-0.0392006802721088,9.0,9.0,0.0,0.0,0.0,0.0,0.0,0.0,0.0,93.4,0.0,94.67,100.0,100.0,100.0,50.0,25.6,0,0,1,0,0,0,0,1,2,0.838,-0.0006,0.0855,0.2666666666666666
2026-09-16T00:07:02.000,423,MEMORY_STRESS,46.2,7.105427357601002e-15,46.2,46.2,0.0,0.0,1115580.5,0.0,0.0,0.0,0.0,0.0,-0.8285714285714286,-0.0123299319727891,9.0,9.0,0.0,0.0,0.0,0.0,0.0,0.0,0.0,93.4,0.0,92.59,100.0,100.0,100.0,50.0,25.53,0,0,1,0,0,0,0,1,2,0.8385,-0.00042,0.0571,0.2666666666666666
2026-09-16T00:07:03.000,424,MEMORY_STRESS,46.2,7.105427357601002e-15,46.2,46.2,0.0,0.0,1115580.5,0.0,0.0,0.0,0.0,0.0,-3.157142857142857,-0.0469812925170068,9.0,9.0,0.0,0.0,0.0,0.0,0.0,0.0,0.0,93.4,0.0,97.63,100.0,100.0,100.0,50.0,25.71,0,0,1,0,0,0,0,1,2,0.8372,-0.0007,0.0953,0.2666666666666666
2026-09-16T00:07:04.000,425,MEMORY_STRESS,46.2,7.105427357601002e-15,46.2,46.2,0.0,0.0,1115580.5,0.0,0.0,0.0,0.0,0.0,-0.7400000000000001,-0.0110119047619047,9.0,9.0,0.0,0.0,0.0,0.0,0.0,0.0,0.0,93.4,0.0,91.04,100.0,100.0,100.0,50.0,25.47,0,0,1,0,0,0,0,1,2,0.839,-0.0005,0.0688,0.2666666666666666
2026-09-16T00:07:05.000,426,MEMORY_STRESS,46.2,7.105427357601002e-15,46.2,46.2,0.0,0.0,1115580.5,0.0,0.0,0.0,0.0,0.0,-0.952727272727273,-0.0141774891774891,9.0,9.0,0.0,0.0,0.0,0.0,0.0,0.0,0.0,93.4,0.0,94.67,100.0,100.0,100.0,50.0,25.6,0,0,1,0,0,0,0,1,2,0.838,-0.00053,0.0723,0.2666666666666666
2026-09-16T00:07:06.000,427,MEMORY_STRESS,46.2,7.105427357601002e-15,46.2,46.2,0.0,0.0,1115580.5,0.0,0.0,0.0,0.0,0.0,0.8824242424242426,0.022060606060606,9.0,9.0,0.0,0.0,0.0,0.0,0.0,0.0,0.0,93.4,0.0,92.59,100.0,100.0,100.0,50.0,25.53,0,0,1,0,0,0,0,1,2,0.8385,-0.00036,0.0486,0.2666666666666666
2026-09-16T00:07:07.000,428,MEMORY_STRESS,46.2,7.105427357601002e-15,46.2,46.2,0.0,0.0,1115580.5,0.0,0.0,0.0,0.0,0.0,-1.0169696969696966,-0.0182908218879441,9.0,9.0,0.0,0.0,0.0,0.0,0.0,0.0,0.0,93.4,0.0,97.63,100.0,100.0,100.0,50.0,25.71,0,0,1,0,0,0,0,1,2,0.8372,-0.00047,0.0632,0.2666666666666666
2026-09-16T00:07:08.000,429,MEMORY_STRESS,46.2,7.105427357601002e-15,46.2,46.2,0.0,0.0,1115580.5,0.0,0.0,0.0,0.0,0.0,1.087272727272727,0.0610827374872318,9.0,9.0,0.0,0.0,0.0,0.0,0.0,0.0,0.0,93.4,0.0,91.04,95.2,100.0,100.0,50.0,25.22,0,0,1,0,0,0,0,1,2,0.8409,-0.00013,0.0192,0.2666666666666666
2026-09-16T00:07:09.000,430,MEMORY_STRESS,46.2,7.105427357601002e-15,46.2,46.2,0.0,0.0,1115580.5,0.0,0.0,0.0,0.0,0.0,-0.952727272727273,-0.0141774891774891,9.0,9.0,0.0,0.0,0.0,0.0,0.0,0.0,0.0,93.4,0.0,94.67,100.0,100.0,100.0,50.0,25.6,0,0,1,0,0,0,0,1,2,0.838,-0.00017,0.0243,0.2666666666666666
2026-09-16T00:07:10.000,431,MEMORY_STRESS,46.2,7.105427357601002e-15,46.2,46.2,0.0,0.0,1115580.5,0.0,0.0,0.0,0.0,0.0,0.8824242424242426,0.022060606060606,9.0,9.0,0.0,0.0,0.0,0.0,0.0,0.0,0.0,93.4,0.0,92.59,100.0,100.0,100.0,50.0,25.53,0,0,1,0,0,0,0,1,2,0.8385,-0.00014,0.0193,0.2666666666666666
2026-09-16T00:07:11.000,432,MEMORY_STRESS,46.2,7.105427357601002e-15,46.2,46.2,0.0,0.0,1115580.5,0.0,0.0,0.0,0.0,0.0,-1.0169696969696966,-0.0182908218879441,9.0,9.0,0.0,0.0,0.0,0.0,0.0,0.0,0.0,93.4,0.0,97.63,100.0,100.0,100.0,50.0,25.71,0,0,1,0,0,0,0,1,2,0.8372,-0.00023,0.0316,0.2666666666666666
2026-09-16T00:07:12.000,433,MEMORY_STRESS,46.2,7.105427357601002e-15,46.2,46.2,0.0,0.0,1115580.5,0.0,0.0,0.0,0.0,0.0,1.087272727272727,0.0610827374872318,9.0,9.0,0.0,0.0,0.0,0.0,0.0,0.0,0.0,93.4,0.0,91.04,95.2,100.0,100.0,50.0,25.22,0,0,1,0,0,0,0,1,2,0.8409,-4e-05,0.0061,0.2666666666666666
2026-09-16T00:07:13.000,434,MEMORY_STRESS,46.2,7.105427357601002e-15,46.2,46.2,0.0,0.0,1115580.5,0.0,0.0,0.0,0.0,0.0,-0.952727272727273,-0.0141774891774891,9.0,9.0,0.0,0.0,0.0,0.0,0.0,0.0,0.0,93.4,0.0,94.67,100.0,100.0,100.0,50.0,25.6,0,0,1,0,0,0,0,1,2,0.838,-7e-05,0.0103,0.2666666666666666
2026-09-16T00:07:14.000,435,MEMORY_STRESS,46.2,7.105427357601002e-15,46.2,46.2,0.0,0.0,1115580.5,0.0,0.0,0.0,0.0,0.0,0.8824242424242426,0.022060606060606,9.0,9.0,0.0,0.0,0.0,0.0,0.0,0.0,0.0,93.4,0.0,92.59,100.0,100.0,100.0,50.0,25.53,0,0,1,0,0,0,0,1,2,0.8385,-7e-05,0.0091,0.2666666666666666
2026-09-16T00:07:15.000,436,MEMORY_STRESS,46.2,7.105427357601002e-15,46.2,46.2,0.0,0.0,1115580.5,0.0,0.0,0.0,0.0,0.0,-1.0169696969696966,-0.0182908218879441,9.0,9.0,0.0,0.0,0.0,0.0,0.0,0.0,0.0,93.4,0.0,97.63,100.0,100.0,100.0,50.0,25.71,0,0,1,0,0,0,0,1,2,0.8372,-0.00013,0.0183,0.2666666666666666
2026-09-16T00:07:16.000,437,MEMORY_STRESS,46.2,7.105427357601002e-15,46.2,46.2,0.0,0.0,1115580.5,0.0,0.0,0.0,0.0,0.0,1.087272727272727,0.0610827374872318,9.0,9.0,0.0,0.0,0.0,0.0,0.0,0.0,0.0,93.4,0.0,91.04,100.0,100.0,100.0,50.0,25.47,0,0,1,0,0,0,0,1,2,0.839,-0.0001,0.0134,0.2666666666666666
2026-09-16T00:07:17.000,438,MEMORY_STRESS,46.2,7.105427357601002e-15,46.2,46.2,0.0,0.0,1115580.5,0.0,0.0,0.0,0.0,0.0,-0.952727272727273,-0.0141774891774891,9.0,9.0,0.0,0.0,0.0,0.0,0.0,0.0,0.0,93.4,0.0,94.67,100.0,100.0,100.0,50.0,25.6,0,0,1,0,0,0,0,1,2,0.838,-0.00011,0.0151,0.2666666666666666
2026-09-16T00:07:18.000,439,MEMORY_STRESS,46.21,0.0299999999999982,46.2,46.3,0.0054545454545451,0.0001180637544273,1115580.5,0.0,0.0,0.0,0.0,0.0,-1.1793939393939394,-0.0294848484848484,9.0,9.0,0.0,0.0,0.0,0.0,0.0,0.0,0.0,93.39,0.0,97.63,100.0,100.0,100.0,50.0,25.7,0,0,1,0,0,0,0,1,2,0.8373,-0.00015,0.0207,0.2666784730421094
2026-09-16T00:07:19.000,440,MEMORY_STRESS,46.22,0.0399999999999977,46.2,46.3,0.0096969696969691,0.000209891118982,1115580.5,0.0,0.0,0.0,0.0,0.0,0.0739393939393938,0.0013298452147372,9.0,9.0,0.0,0.0,0.0,0.0,0.0,0.0,0.0,93.39,0.0,91.04,95.2,100.0,100.0,50.0,25.22,0,0,1,0,0,0,0,1,2,0.8409,-4e-05,0.0056,0.2666876557785648
2026-09-16T00:07:20.000,441,MEMORY_STRESS,46.23,0.0458257569495557,46.2,46.3,0.012727272727272,0.0002754820936638,1115580.5,0.0,0.0,0.0,0.0,0.0,0.5539393939393938,0.0311201906707524,9.0,9.0,0.0,0.0,0.0,0.0,0.0,0.0,0.0,93.39,0.0,94.67,100.0,100.0,100.0,50.0,25.6,0,0,1,0,0,0,0,1,2,0.838,-5e-05,0.0076,0.266694214876033
2026-09-16T00:07:21.000,442,MEMORY_STRESS,46.23,0.0458257569495557,46.2,46.3,0.0090909090909085,0.0001967729240456,1115580.5,0.0,0.0,0.0,0.0,0.0,-0.4460606060606062,-0.0066378066378066,9.0,9.0,0.0,0.0,0.0,0.0,0.0,0.0,0.0,93.4,0.0,92.59,100.0,100.0,100.0,50.0,25.53,0,0,1,0,0,0,0,1,2,0.8385,-5e-05,0.0066,0.2666863439590712
2026-09-16T00:07:22.000,443,MEMORY_STRESS,46.23,0.0458257569495557,46.2,46.3,0.0054545454545451,0.0001180637544273,1115580.5,0.0,0.0,0.0,0.0,0.0,-0.6727272727272726,-0.0168181818181818,9.0,9.0,0.0,0.0,0.0,0.0,0.0,0.0,0.0,93.4,0.0,97.63,100.0,100.0,100.0,50.0,25.71,0,0,1,0,0,0,0,1,2,0.8372,-8e-05,0.0117,0.2666784730421094
2026-09-16T00:07:23.000,444,MEMORY_STRESS,46.23,0.0458257569495557,46.2,46.3,0.0018181818181817,3.935458480912802e-05,1115580.5,0.0,0.0,0.0,0.0,0.0,0.5806060606060607,0.0104425550468715,9.0,9.0,0.0,0.0,0.0,0.0,0.0,0.0,0.0,93.4,0.0,91.04,95.2,100.0,100.0,50.0,25.22,0,0,1,0,0,0,0,1,2,0.8409,-1e-05,0.0018,0.2666706021251476
2026-09-16T00:07:24.000,445,MEMORY_STRESS,46.23,0.0458257569495557,46.2,46.3,-0.0018181818181817,-3.935458480912802e-05,1115580.5,0.0,0.0,0.0,0.0,0.0,1.0606060606060603,0.0595846101464078,9.0,9.0,0.0,0.0,0.0,0.0,0.0,0.0,0.0,93.4,0.0,94.67,100.0,100.0,100.0,50.0,25.6,0,0,1,0,0,0,0,1,2,0.838,-2e-05,0.0035,0.2666706021251476
2026-09-16T00:07:25.000,446,MEMORY_STRESS,46.24,0.0489897948556607,46.2,46.3,0.0,0.0,1115580.5,0.0,0.0,0.0,0.0,0.0,0.0606060606060605,0.0009018759018759,9.0,9.0,0.0,0.0,0.0,0.0,0.0,0.0,0.0,93.39,0.0,92.59,100.0,100.0,100.0,50.0,25.53,0,0,1,0,0,0,0,1,2,0.8385,-2e-05,0.0032,0.2666666666666666
2026-09-16T00:07:26.000,447,MEMORY_STRESS,46.25,0.0499999999999971,46.2,46.3,0.0006060606060605,1.3118194936376008e-05,1115580.5,0.0,0.0,0.0,0.0,0.0,-0.1660606060606059,-0.0041515151515151,9.0,9.0,0.0,0.0,0.0,0.0,0.0,0.0,0.0,93.39,0.0,97.63,100.0,100.0,100.0,50.0,25.7,0,0,1,0,0,0,0,1,2,0.8373,-5e-05,0.007,0.2666679784861603
2026-09-16T00:07:27.000,448,MEMORY_STRESS,46.26,0.0489897948556607,46.2,46.3,0.0,0.0,1115580.5,0.0,0.0,0.0,0.0,0.0,1.087272727272727,0.0610827374872318,9.0,9.0,0.0,0.0,0.0,0.0,0.0,0.0,0.0,93.39,0.0,91.04,99.2,100.0,100.0,50.0,25.43,0,0,1,0,0,0,0,1,2,0.8393,-3e-05,0.0043,0.2666666666666666
2026-09-16T00:07:28.000,449,MEMORY_STRESS,46.260000000000005,0.0489897948556607,46.2,46.3,0.0048484848484845,0.0001047188952156,1115580.5,0.0,0.0,0.0,0.0,0.0,-0.952727272727273,-0.0141774891774891,9.0,9.0,0.0,0.0,0.0,0.0,0.0,0.0,0.0,93.39,0.0,94.67,100.0,100.0,100.0,50.0,25.6,0,0,1,0,0,0,0,1,2,0.838,-4e-05,0.0054,0.2666771385561882
2026-09-16T00:07:29.000,450,MEMORY_STRESS,46.260000000000005,0.0489897948556607,46.2,46.3,0.0096969696969691,0.0002094377904312,1115580.5,0.0,0.0,0.0,0.0,0.0,0.8824242424242426,0.022060606060606,9.0,9.0,0.0,0.0,0.0,0.0,0.0,0.0,0.0,93.39,0.0,92.59,100.0,100.0,100.0,50.0,25.53,0,0,1,0,0,0,0,1,2,0.8385,-3e-05,0.0048,0.2666876104457097
2026-09-16T00:07:30.000,451,MEMORY_STRESS,46.260000000000005,0.0489897948556607,46.2,46.3,0.0145454545454537,0.000314836678473,1115580.5,0.0,0.0,0.0,0.0,0.0,-1.0169696969696966,-0.0182908218879441,9.0,9.0,0.0,0.0,0.0,0.0,0.0,0.0,0.0,93.39,0.0,97.63,100.0,100.0,100.0,50.0,25.7,0,0,1,0,0,0,0,1,2,0.8373,-5e-05,0.0075,0.2666981503345139
2026-09-16T00:07:31.000,452,MEMORY_STRESS,46.27000000000001,0.0458257569495557,46.2,46.3,0.012727272727272,0.0002754820936638,1115580.5,0.0,0.0,0.0,0.0,0.0,1.087272727272727,0.0610827374872318,9.0,9.0,0.0,0.0,0.0,0.0,0.0,0.0,0.0,93.39,0.0,91.04,96.0,100.0,100.0,50.0,25.26,0,0,1,0,0,0,0,1,2,0.8405,-2e-05,0.0024,0.266694214876033
2026-09-16T00:07:32.000,453,MEMORY_STRESS,46.28000000000001,0.0399999999999977,46.2,46.3,0.0096969696969691,0.000209891118982,1115580.5,0.0,0.0,0.0,0.0,0.0,-0.952727272727273,-0.0141774891774891,9.0,9.0,0.0,0.0,0.0,0.0,0.0,0.0,0.0,93.39,0.0,94.67,100.0,100.0,100.0,50.0,25.6,0,0,1,0,0,0,0,1,2,0.838,-2e-05,0.0033,0.2666876557785648
2026-09-16T00:07:33.000,454,MEMORY_STRESS,46.290000000000006,0.0299999999999982,46.2,46.3,0.0054545454545451,0.0001180637544273,1115580.5,0.0,0.0,0.0,0.0,0.0,0.8824242424242426,0.022060606060606,9.0,9.0,0.0,0.0,0.0,0.0,0.0,0.0,0.0,93.39,0.0,92.59,100.0,100.0,100.0,50.0,25.53,0,0,1,0,0,0,0,1,2,0.8385,-2e-05,0.003,0.2666784730421094
2026-09-16T00:07:34.000,455,MEMORY_STRESS,46.3,7.105427357601002e-15,46.3,46.3,0.0,0.0,1115580.5,0.0,0.0,0.0,0.0,0.0,-1.0169696969696966,-0.0182908218879441,9.0,9.0,0.0,0.0,0.0,0.0,0.0,0.0,0.0,93.39,0.0,97.63,100.0,100.0,100.0,50.0,25.7,0,0,1,0,0,0,0,1,2,0.8373,-4e-05,0.0053,0.2666666666666666
2026-09-16T00:07:35.000,456,MEMORY_STRESS,46.3,7.105427357601002e-15,46.3,46.3,0.0,0.0,1115580.5,0.0,0.0,0.0,0.0,0.0,1.087272727272727,0.0610827374872318,9.0,9.0,0.0,0.0,0.0,0.0,0.0,0.0,0.0,93.39,0.0,91.04,95.2,100.0,100.0,50.0,25.22,0,0,1,0,0,0,0,1,2,0.8409,-0.0,0.0008,0.2666666666666666
2026-09-16T00:07:36.000,457,MEMORY_STRESS,46.3,7.105427357601002e-15,46.3,46.3,0.0,0.0,1115580.5,0.0,0.0,0.0,0.0,0.0,-0.952727272727273,-0.0141774891774891,9.0,9.0,0.0,0.0,0.0,0.0,0.0,0.0,0.0,93.39,0.0,94.67,100.0,100.0,100.0,50.0,25.6,0,0,1,0,0,0,0,1,2,0.838,-1e-05,0.0016,0.2666666666666666
2026-09-16T00:07:37.000,458,MEMORY_STRESS,46.3,7.105427357601002e-15,46.3,46.3,0.0,0.0,1115580.5,0.0,0.0,0.0,0.0,0.0,0.8824242424242426,0.022060606060606,9.0,9.0,0.0,0.0,0.0,0.0,0.0,0.0,0.0,93.39,0.0,92.59,100.0,100.0,100.0,50.0,25.53,0,0,1,0,0,0,0,1,2,0.8385,-1e-05,0.0015,0.2666666666666666
2026-09-16T00:07:38.000,459,MEMORY_STRESS,46.3,7.105427357601002e-15,46.3,46.3,0.0,0.0,1115580.5,0.0,0.0,0.0,0.0,0.0,-1.0169696969696966,-0.0182908218879441,9.0,9.0,0.0,0.0,0.0,0.0,0.0,0.0,0.0,93.39,0.0,97.63,100.0,100.0,100.0,50.0,25.7,0,0,1,0,0,0,0,1,2,0.8373,-3e-05,0.0035,0.2666666666666666
2026-09-16T00:07:39.000,460,MEMORY_STRESS,46.3,7.105427357601002e-15,46.3,46.3,0.0,0.0,1115580.5,0.0,0.0,0.0,0.0,0.0,1.087272727272727,0.0610827374872318,9.0,9.0,0.0,0.0,0.0,0.0,0.0,0.0,0.0,93.39,0.0,91.04,100.0,100.0,100.0,50.0,25.47,0,0,1,0,0,0,0,1,2,0.839,-2e-05,0.0026,0.2666666666666666
2026-09-16T00:07:40.000,461,MEMORY_STRESS,46.3,7.105427357601002e-15,46.3,46.3,0.0,0.0,1115580.5,0.0,0.0,0.0,0.0,0.0,-0.952727272727273,-0.0141774891774891,9.0,9.0,0.0,0.0,0.0,0.0,0.0,0.0,0.0,93.39,0.0,94.67,100.0,100.0,100.0,50.0,25.6,0,0,1,0,0,0,0,1,2,0.838,-2e-05,0.0032,0.2666666666666666
2026-09-16T00:07:41.000,462,MEMORY_STRESS,46.3,7.105427357601002e-15,46.3,46.3,0.0,0.0,1115580.5,0.0,0.0,0.0,0.0,0.0,1.5151515151515156,0.0378787878787878,9.0,9.0,0.0,0.0,0.0,0.0,0.0,0.0,0.0,93.39,0.0,81.04,95.2,100.0,100.0,50.0,24.87,0,0,1,0,0,0,0,1,2,0.8735,0.00037,-0.0045,0.2666666666666666
2026-09-16T00:07:42.000,463,MEMORY_STRESS,46.3,7.105427357601002e-15,46.3,46.3,0.0,0.0,1115580.5,0.0,0.0,0.0,0.0,0.0,0.6860606060606061,0.0123392195334641,9.0,9.0,0.0,0.0,0.0,0.0,0.0,0.0,0.0,93.39,0.0,94.67,100.0,100.0,100.0,50.0,25.6,0,0,1,0,0,0,0,1,2,0.838,0.00033,-0.0033,0.2666666666666666
2026-09-16T00:07:43.000,464,MEMORY_STRESS,46.3,7.105427357601002e-15,46.3,46.3,0.0,0.0,1115580.5,0.0,0.0,0.0,0.0,0.0,1.7478787878787878,0.0981954375212802,9.0,9.0,0.0,0.0,0.0,0.0,0.0,0.0,0.0,93.39,0.0,82.59,100.0,100.0,100.0,50.0,25.18,0,0,1,0,0,0,0,1,2,0.8712,0.00066,-0.0068,0.2666666666666666
2026-09-16T00:07:44.000,465,MEMORY_STRESS,46.3,7.105427357601002e-15,46.3,46.3,0.0,0.0,1115580.5,0.0,0.0,0.0,0.0,0.0,-1.7721212121212124,-0.0263708513708513,9.0,9.0,0.0,0.0,0.0,0.0,0.0,0.0,0.0,93.39,0.0,97.63,100.0,100.0,100.0,50.0,25.7,0,0,1,0,0,0,0,1,2,0.8373,0.00058,-0.0044,0.2666666666666666
2026-09-16T00:07:45.000,466,MEMORY_STRESS,46.3,7.105427357601002e-15,46.3,46.3,0.0,0.0,1115580.5,0.0,0.0,0.0,0.0,0.0,0.6957575757575758,0.0173939393939393,9.0,9.0,0.0,0.0,0.0,0.0,0.0,0.0,0.0,93.39,0.0,91.04,95.2,100.0,100.0,50.0,25.22,0,0,1,0,0,0,0,1,2,0.8409,0.00056,-0.0069,0.2666666666666666
2026-09-16T00:07:46.000,467,MEMORY_STRESS,46.3,7.105427357601002e-15,46.3,46.3,0.0,0.0,1115580.5,0.0,0.0,0.0,0.0,0.0,-0.1333333333333333,-0.0023980815347721,9.0,9.0,0.0,0.0,0.0,0.0,0.0,0.0,0.0,93.39,0.0,94.67,100.0,100.0,100.0,50.0,25.6,0,0,1,0,0,0,0,1,2,0.838,0.00051,-0.0057,0.2666666666666666
2026-09-16T00:07:47.000,468,MEMORY_STRESS,46.3,7.105427357601002e-15,46.3,46.3,0.0,0.0,1115580.5,0.0,0.0,0.0,0.0,0.0,0.9284848484848484,0.0521620701395982,9.0,9.0,0.0,0.0,0.0,0.0,0.0,0.0,0.0,93.39,0.0,82.59,100.0,100.0,100.0,50.0,25.18,0,0,1,0,0,0,0,1,2,0.8712,0.00076,-0.0083,0.2666666666666666
2026-09-16T00:07:48.000,469,MEMORY_STRESS,46.3,7.105427357601002e-15,46.3,46.3,0.0,0.0,1115580.5,0.0,0.0,0.0,0.0,0.0,-2.591515151515152,-0.0385642135642135,9.0,9.0,0.0,0.0,0.0,0.0,0.0,0.0,0.0,93.39,0.0,97.63,100.0,100.0,100.0,50.0,25.7,0,0,1,0,0,0,0,1,2,0.8373,0.00069,-0.0062,0.2666666666666666
2026-09-16T00:07:49.000,470,MEMORY_STRESS,46.3,7.105427357601002e-15,46.3,46.3,0.0,0.0,1115580.5,0.0,0.0,0.0,0.0,0.0,-0.1236363636363635,-0.003090909090909,9.0,9.0,0.0,0.0,0.0,0.0,0.0,0.0,0.0,93.39,0.0,91.04,100.0,100.0,100.0,50.0,25.47,0,0,1,0,0,0,0,1,2,0.839,0.00064,-0.0062,0.2666666666666666
2026-09-16T00:07:50.000,471,MEMORY_STRESS,46.3,7.105427357601002e-15,46.3,46.3,0.0,0.0,1115580.5,0.0,0.0,0.0,0.0,0.0,-0.952727272727273,-0.0141774891774891,9.0,9.0,0.0,0.0,0.0,0.0,0.0,0.0,0.0,93.39,0.0,94.67,100.0,100.0,100.0,50.0,25.6,0,0,1,0,0,0,0,1,2,0.838,0.00059,-0.0052,0.2666666666666666
2026-09-16T00:07:51.000,472,MEMORY_STRESS,46.3,7.105427357601002e-15,46.3,46.3,0.0,0.0,1115580.5,0.0,0.0,0.0,0.0,0.0,0.8824242424242426,0.022060606060606,9.0,9.0,0.0,0.0,0.0,0.0,0.0,0.0,0.0,93.39,0.0,82.59,100.0,100.0,100.0,50.0,25.18,0,0,1,0,0,0,0,1,2,0.8712,0.00079,-0.0074,0.2666666666666666
2026-09-16T00:07:52.000,473,MEMORY_STRESS,46.3,7.105427357601002e-15,46.3,46.3,0.0,0.0,1115580.5,0.0,0.0,0.0,0.0,0.0,-1.0169696969696966,-0.0182908218879441,9.0,9.0,0.0,0.0,0.0,0.0,0.0,0.0,0.0,93.39,0.0,97.63,100.0,100.0,100.0,50.0,25.7,0,0,1,0,0,0,0,1,2,0.8373,0.00072,-0.0056,0.2666666666666666
2026-09-16T00:07:53.000,474,MEMORY_STRESS,46.3,7.105427357601002e-15,46.3,46.3,0.0,0.0,1115580.5,0.0,0.0,0.0,0.0,0.0,1.087272727272727,0.0610827374872318,9.0,9.0,0.0,0.0,0.0,0.0,0.0,0.0,0.0,93.39,0.0,91.04,95.2,100.0,100.0,50.0,25.22,0,0,1,0,0,0,0,1,2,0.8409,0.00068,-0.0072,0.2666666666666666
2026-09-16T00:07:54.000,475,MEMORY_STRESS,46.3,7.105427357601002e-15,46.3,46.3,0.0,0.0,1115580.5,0.0,0.0,0.0,0.0,0.0,-0.952727272727273,-0.0141774891774891,9.0,9.0,0.0,0.0,0.0,0.0,0.0,0.0,0.0,93.39,0.0,94.67,100.0,100.0,100.0,50.0,25.6,0,0,1,0,0,0,0,1,2,0.838,0.00063,-0.0063,0.2666666666666666
2026-09-16T00:07:55.000,476,MEMORY_STRESS,46.3,7.105427357601002e-15,46.3,46.3,0.0,0.0,1115580.5,0.0,0.0,0.0,0.0,0.0,0.8824242424242426,0.022060606060606,9.0,9.0,0.0,0.0,0.0,0.0,0.0,0.0,0.0,93.39,0.0,92.59,100.0,100.0,100.0,50.0,25.53,0,0,1,0,0,0,0,1,2,0.8385,0.00059,-0.0058,0.2666666666666666
2026-09-16T00:07:56.000,477,MEMORY_STRESS,46.3,7.105427357601002e-15,46.3,46.3,0.0,0.0,1115580.5,0.0,0.0,0.0,0.0,0.0,-1.0169696969696966,-0.0182908218879441,9.0,9.0,0.0,0.0,0.0,0.0,0.0,0.0,0.0,93.39,0.0,97.63,100.0,100.0,100.0,50.0,25.7,0,0,1,0,0,0,0,1,2,0.8373,0.00054,-0.0043,0.2666666666666666
2026-09-16T00:07:57.000,478,MEMORY_STRESS,46.3,7.105427357601002e-15,46.3,46.3,0.0,0.0,1115580.5,0.0,0.0,0.0,0.0,0.0,1.087272727272727,0.0610827374872318,9.0,9.0,0.0,0.0,0.0,0.0,0.0,0.0,0.0,93.39,0.0,91.04,95.2,100.0,100.0,50.0,25.22,0,0,1,0,0,0,0,1,2,0.8409,0.00051,-0.0057,0.2666666666666666
2026-09-16T00:07:58.000,479,MEMORY_STRESS,46.3,7.105427357601002e-15,46.3,46.3,0.0,0.0,1115580.5,0.0,0.0,0.0,0.0,0.0,-0.952727272727273,-0.0141774891774891,9.0,9.0,0.0,0.0,0.0,0.0,0.0,0.0,0.0,93.39,0.0,94.67,100.0,100.0,100.0,50.0,25.6,0,0,1,0,0,0,0,1,2,0.838,0.00048,-0.005,0.2666666666666666
2026-09-16T00:07:59.000,480,MEMORY_STRESS,46.3,7.105427357601002e-15,46.3,46.3,0.0,0.0,1115580.5,0.0,0.0,0.0,0.0,0.0,0.8824242424242426,0.022060606060606,9.0,9.0,0.0,0.0,0.0,0.0,0.0,0.0,0.0,93.39,0.0,92.59,100.0,100.0,100.0,50.0,25.53,0,0,1,0,0,0,0,1,2,0.8385,0.00044,-0.0046,0.2666666666666666
2026-09-16T00:08:00.000,481,MEMORY_STRESS,46.3,7.105427357601002e-15,46.3,46.3,0.0,0.0,1115580.5,0.0,0.0,0.0,0.0,0.0,-1.0169696969696966,-0.0182908218879441,9.0,9.0,0.0,0.0,0.0,0.0,0.0,0.0,0.0,93.39,0.0,97.63,100.0,100.0,100.0,50.0,25.7,0,0,1,0,0,0,0,1,2,0.8373,0.0004,-0.0034,0.2666666666666666
2026-09-16T00:08:01.000,482,MEMORY_STRESS,46.3,7.105427357601002e-15,46.3,46.3,0.0,0.0,1115580.5,0.0,0.0,0.0,0.0,0.0,1.087272727272727,0.0610827374872318,9.0,9.0,0.0,0.0,0.0,0.0,0.0,0.0,0.0,93.39,0.0,91.04,99.2,100.0,100.0,50.0,25.43,0,0,1,0,0,0,0,1,2,0.8393,0.00038,-0.0036,0.2666666666666666
2026-09-16T00:08:02.000,483,MEMORY_STRESS,46.3,7.105427357601002e-15,46.3,46.3,0.0,0.0,1115580.5,0.0,0.0,0.0,0.0,0.0,-0.952727272727273,-0.0141774891774891,9.0,9.0,0.0,0.0,0.0,0.0,0.0,0.0,0.0,93.39,0.0,94.67,100.0,100.0,100.0,50.0,25.6,0,0,1,0,0,0,0,1,2,0.838,0.00035,-0.003,0.2666666666666666
2026-09-16T00:08:03.000,484,MEMORY_STRESS,46.3,7.105427357601002e-15,46.3,46.3,0.0,0.0,1115580.5,0.0,0.0,0.0,0.0,0.0,1.5151515151515156,0.0378787878787878,9.0,9.0,0.0,0.0,0.0,0.0,0.0,0.0,0.0,93.39,0.0,81.04,96.0,100.0,100.0,50.0,24.91,0,0,1,0,0,0,0,1,2,0.8732,0.0005,-0.0059,0.2666666666666666
2026-09-16T00:08:04.000,485,MEMORY_STRESS,46.3,7.105427357601002e-15,46.3,46.3,0.0,0.0,1115580.5,0.0,0.0,0.0,0.0,0.0,0.6860606060606061,0.0123392195334641,9.0,9.0,0.0,0.0,0.0,0.0,0.0,0.0,0.0,93.39,0.0,94.67,100.0,100.0,100.0,50.0,25.6,0,0,1,0,0,0,0,1,2,0.838,0.00046,-0.0051,0.2666666666666666
2026-09-16T00:08:05.000,486,MEMORY_STRESS,46.3,7.105427357601002e-15,46.3,46.3,0.0,0.0,1115580.5,0.0,0.0,0.0,0.0,0.0,1.7478787878787878,0.0981954375212802,9.0,9.0,0.0,0.0,0.0,0.0,0.0,0.0,0.0,93.39,0.0,82.59,100.0,100.0,100.0,50.0,25.18,0,0,1,0,0,0,0,1,2,0.8712,0.00059,-0.0065,0.2666666666666666
2026-09-16T00:08:06.000,487,MEMORY_STRESS,46.3,7.105427357601002e-15,46.3,46.3,0.0,0.0,1115580.5,0.0,0.0,0.0,0.0,0.0,-1.7721212121212124,-0.0263708513708513,9.0,9.0,0.0,0.0,0.0,0.0,0.0,0.0,0.0,93.39,0.0,97.63,100.0,100.0,100.0,50.0,25.7,0,0,1,0,0,0,0,1,2,0.8373,0.00054,-0.0052,0.2666666666666666
2026-09-16T00:08:07.000,488,MEMORY_STRESS,46.3,7.105427357601002e-15,46.3,46.3,0.0,0.0,1115580.5,0.0,0.0,0.0,0.0,0.0,0.6957575757575758,0.0173939393939393,9.0,9.0,0.0,0.0,0.0,0.0,0.0,0.0,0.0,93.39,0.0,81.04,95.2,100.0,100.0,50.0,24.87,0,0,1,0,0,0,0,1,2,0.8735,0.00066,-0.0077,0.2666666666666666
2026-09-16T00:08:08.000,489,MEMORY_STRESS,46.3,7.105427357601002e-15,46.3,46.3,0.0,0.0,1115580.5,0.0,0.0,0.0,0.0,0.0,-0.1333333333333333,-0.0023980815347721,9.0,9.0,0.0,0.0,0.0,0.0,0.0,0.0,0.0,93.39,0.0,94.67,100.0,100.0,100.0,50.0,25.6,0,0,1,0,0,0,0,1,2,0.838,0.00062,-0.007,0.2666666666666666
2026-09-16T00:08:09.000,490,MEMORY_STRESS,46.3,7.105427357601002e-15,46.3,46.3,0.0,0.0,1115580.5,0.0,0.0,0.0,0.0,0.0,0.9284848484848484,0.0521620701395982,9.0,9.0,0.0,0.0,0.0,0.0,0.0,0.0,0.0,93.39,0.0,82.59,100.0,100.0,100.0,50.0,25.18,0,0,1,0,0,0,0,1,2,0.8712,0.00072,-0.008,0.2666666666666666
2026-09-16T00:08:10.000,491,MEMORY_STRESS,46.3,7.105427357601002e-15,46.3,46.3,0.0,0.0,1115580.5,0.0,0.0,0.0,0.0,0.0,-2.591515151515152,-0.0385642135642135,9.0,9.0,0.0,0.0,0.0,0.0,0.0,0.0,0.0,93.39,0.0,97.63,100.0,100.0,100.0,50.0,25.7,0,0,1,0,0,0,0,1,2,0.8373,0.00067,-0.0068,0.2666666666666666
2026-09-16T00:08:11.000,492,MEMORY_STRESS,46.3,7.105427357601002e-15,46.3,46.3,0.0,0.0,1115580.5,0.0,0.0,0.0,0.0,0.0,-0.1236363636363635,-0.003090909090909,9.0,9.0,0.0,0.0,0.0,0.0,0.0,0.0,0.0,93.39,0.0,91.04,100.0,100.0,100.0,50.0,25.47,0,0,1,0,0,0,0,1,2,0.839,0.00063,-0.0066,0.2666666666666666
2026-09-16T00:08:12.000,493,MEMORY_STRESS,46.3,7.105427357601002e-15,46.3,46.3,0.0,0.0,1115580.5,0.0,0.0,0.0,0.0,0.0,-0.952727272727273,-0.0141774891774891,9.0,9.0,0.0,0.0,0.0,0.0,0.0,0.0,0.0,93.39,0.0,94.67,100.0,100.0,100.0,50.0,25.6,0,0,1,0,0,0,0,1,2,0.838,0.00059,-0.006,0.2666666666666666
2026-09-16T00:08:13.000,494,MEMORY_STRESS,46.3,7.105427357601002e-15,46.3,46.3,0.0,0.0,1115580.5,0.0,0.0,0.0,0.0,0.0,0.8824242424242426,0.022060606060606,9.0,9.0,0.0,0.0,0.0,0.0,0.0,0.0,0.0,93.39,0.0,82.59,100.0,100.0,100.0,50.0,25.18,0,0,1,0,0,0,0,1,2,0.8712,0.00068,-0.0069,0.2666666666666666
2026-09-16T00:08:14.000,495,MEMORY_STRESS,46.3,7.105427357601002e-15,46.3,46.3,0.0,0.0,1115580.5,0.0,0.0,0.0,0.0,0.0,-1.0169696969696966,-0.0182908218879441,9.0,9.0,0.0,0.0,0.0,0.0,0.0,0.0,0.0,93.39,0.0,97.63,100.0,100.0,100.0,50.0,25.7,0,0,1,0,0,0,0,1,2,0.8373,0.00063,-0.0059,0.2666666666666666
2026-09-16T00:08:15.000,496,MEMORY_STRESS,46.3,7.105427357601002e-15,46.3,46.3,0.0,0.0,1115580.5,0.0,0.0,0.0,0.0,0.0,1.087272727272727,0.0610827374872318,9.0,9.0,0.0,0.0,0.0,0.0,0.0,0.0,0.0,93.39,0.0,91.04,95.2,100.0,100.0,50.0,25.22,0,0,1,0,0,0,0,1,2,0.8409,0.00061,-0.0066,0.2666666666666666
2026-09-16T00:08:16.000,497,MEMORY_STRESS,46.3,7.105427357601002e-15,46.3,46.3,0.0,0.0,1115580.5,0.0,0.0,0.0,0.0,0.0,-0.952727272727273,-0.0141774891774891,9.0,9.0,0.0,0.0,0.0,0.0,0.0,0.0,0.0,93.39,0.0,94.67,100.0,100.0,100.0,50.0,25.6,0,0,1,0,0,0,0,1,2,0.838,0.00057,-0.006,0.2666666666666666
2026-09-16T00:08:17.000,498,MEMORY_STRESS,46.31,0.0300000000000004,46.3,46.4,0.0054545454545455,0.0001178087571176,1115580.5,0.0,0.0,0.0,0.0,0.0,0.8824242424242426,0.022060606060606,9.0,9.0,0.0,0.0,0.0,0.0,0.0,0.0,0.0,93.37,0.0,92.59,100.0,100.0,100.0,50.0,25.53,0,0,1,0,0,0,0,1,2,0.8385,0.00054,-0.0056,0.2666784475423784
2026-09-16T00:08:18.000,499,MEMORY_STRESS,46.32,0.0400000000000005,46.3,46.4,0.0096969696969698,0.0002094377904313,1115580.5,0.0,0.0,0.0,0.0,0.0,-1.0169696969696966,-0.0182908218879441,9.0,9.0,0.0,0.0,0.0,0.0,0.0,0.0,0.0,93.37,0.0,97.63,100.0,100.0,100.0,50.0,25.7,0,0,1,0,0,0,0,1,2,0.8373,0.0005,-0.0047,0.2666876104457097
2026-09-16T00:08:19.000,500,MEMORY_STRESS,46.33,0.045825756949559,46.3,46.4,0.0127272727272729,0.000274887099941,1115580.5,0.0,0.0,0.0,0.0,0.0,1.087272727272727,0.0610827374872318,9.0,9.0,0.0,0.0,0.0,0.0,0.0,0.0,0.0,93.37,0.0,91.04,95.2,100.0,100.0,50.0,25.22,0,0,1,0,0,0,0,1,2,0.8409,0.00048,-0.0054,0.2666941553766607
2026-09-16T00:08:20.000,501,MEMORY_STRESS,46.33999999999999,0.0489897948556642,46.3,46.4,0.0145454545454547,0.0003141566856469,1115580.5,0.0,0.0,0.0,0.0,0.0,-0.952727272727273,-0.0141774891774891,9.0,9.0,0.0,0.0,0.0,0.0,0.0,0.0,0.0,93.37,0.0,94.67,100.0,100.0,100.0,50.0,25.6,0,0,1,0,0,0,0,1,2,0.838,0.00045,-0.0049,0.2666980823352313
2026-09-16T00:08:21.000,502,MEMORY_STRESS,46.33999999999999,0.0489897948556642,46.3,46.4,0.0096969696969698,0.0002094377904313,1115580.5,0.0,0.0,0.0,0.0,0.0,0.8824242424242426,0.022060606060606,9.0,9.0,0.0,0.0,0.0,0.0,0.0,0.0,0.0,93.39,0.0,92.59,100.0,100.0,100.0,50.0,25.53,0,0,1,0,0,0,0,1,2,0.8385,0.00043,-0.0046,0.2666876104457097
2026-09-16T00:08:22.000,503,MEMORY_STRESS,46.34,0.0489897948556642,46.3,46.4,0.0048484848484849,0.0001047188952156,1115580.5,0.0,0.0,0.0,0.0,0.0,-1.0169696969696966,-0.0182908218879441,9.0,9.0,0.0,0.0,0.0,0.0,0.0,0.0,0.0,93.39,0.0,97.63,100.0,100.0,100.0,50.0,25.7,0,0,1,0,0,0,0,1,2,0.8373,0.0004,-0.0038,0.2666771385561882
2026-09-16T00:08:23.000,504,MEMORY_STRESS,46.34,0.0489897948556642,46.3,46.4,0.0,0.0,1115580.5,0.0,0.0,0.0,0.0,0.0,1.087272727272727,0.0610827374872318,9.0,9.0,0.0,0.0,0.0,0.0,0.0,0.0,0.0,93.39,0.0,91.04,100.0,100.0,100.0,50.0,25.47,0,0,1,0,0,0,0,1,2,0.839,0.00038,-0.0038,0.2666666666666666
2026-09-16T00:08:24.000,505,MEMORY_STRESS,46.34,0.0489897948556642,46.3,46.4,-0.0048484848484849,-0.0001047188952156,1115580.5,0.0,0.0,0.0,0.0,0.0,-0.952727272727273,-0.0141774891774891,9.0,9.0,0.0,0.0,0.0,0.0,0.0,0.0,0.0,93.39,0.0,94.67,100.0,100.0,100.0,50.0,25.6,0,0,1,0,0,0,0,1,2,0.838,0.00035,-0.0034,0.2666771385561882
2026-09-16T00:08:25.000,506,MEMORY_STRESS,46.35,0.0500000000000007,46.3,46.4,-0.0042424242424243,-9.162903331369983e-05,1115580.5,0.0,0.0,0.0,0.0,0.0,-1.1793939393939394,-0.0294848484848484,9.0,9.0,0.0,0.0,0.0,0.0,0.0,0.0,0.0,93.37,0.0,97.63,100.0,100.0,100.0,50.0,25.7,0,0,1,0,0,0,0,1,2,0.8373,0.00033,-0.0027,0.266675829569998
2026-09-16T00:08:26.000,507,MEMORY_STRESS,46.36,0.0489897948556642,46.3,46.4,-0.0048484848484849,-0.0001044932079414,1115580.5,0.0,0.0,0.0,0.0,0.0,0.0739393939393938,0.0013298452147372,9.0,9.0,0.0,0.0,0.0,0.0,0.0,0.0,0.0,93.37,0.0,91.04,95.2,100.0,100.0,50.0,25.22,0,0,1,0,0,0,0,1,2,0.8409,0.00032,-0.0033,0.2666771159874608
2026-09-16T00:08:27.000,508,MEMORY_STRESS,46.36,0.0489897948556642,46.3,46.4,0.0,0.0,1115580.5,0.0,0.0,0.0,0.0,0.0,0.5539393939393938,0.0311201906707524,9.0,9.0,0.0,0.0,0.0,0.0,0.0,0.0,0.0,93.37,0.0,94.67,100.0,100.0,100.0,50.0,25.6,0,0,1,0,0,0,0,1,2,0.838,0.0003,-0.0029,0.2666666666666666
2026-09-16T00:08:28.000,509,MEMORY_STRESS,46.35999999999999,0.0489897948556642,46.3,46.4,0.0048484848484849,0.0001044932079414,1115580.5,0.0,0.0,0.0,0.0,0.0,-0.4460606060606062,-0.0066378066378066,9.0,9.0,0.0,0.0,0.0,0.0,0.0,0.0,0.0,93.37,0.0,92.59,100.0,100.0,100.0,50.0,25.53,0,0,1,0,0,0,0,1,2,0.8385,0.00028,-0.0027,0.2666771159874608
2026-09-16T00:08:29.000,510,MEMORY_STRESS,46.35999999999999,0.0489897948556642,46.3,46.4,0.0096969696969698,0.0002089864158829,1115580.5,0.0,0.0,0.0,0.0,0.0,-0.6727272727272726,-0.0168181818181818,9.0,9.0,0.0,0.0,0.0,0.0,0.0,0.0,0.0,93.37,0.0,97.63,100.0,100.0,100.0,50.0,25.7,0,0,1,0,0,0,0,1,2,0.8373,0.00026,-0.0021,0.2666875653082549
2026-09-16T00:08:30.000,511,MEMORY_STRESS,46.35999999999999,0.0489897948556642,46.3,46.4,0.0145454545454547,0.0003141566856469,1115580.5,0.0,0.0,0.0,0.0,0.0,0.5806060606060607,0.0104425550468715,9.0,9.0,0.0,0.0,0.0,0.0,0.0,0.0,0.0,93.37,0.0,91.04,95.2,100.0,100.0,50.0,25.22,0,0,1,0,0,0,0,1,2,0.8409,0.00025,-0.0027,0.2666980823352313
2026-09-16T00:08:31.000,512,MEMORY_STRESS,46.36999999999999,0.045825756949559,46.3,46.4,0.0127272727272729,0.000274887099941,1115580.5,0.0,0.0,0.0,0.0,0.0,1.0606060606060603,0.0595846101464078,9.0,9.0,0.0,0.0,0.0,0.0,0.0,0.0,0.0,93.37,0.0,94.67,100.0,100.0,100.0,50.0,25.6,0,0,1,0,0,0,0,1,2,0.838,0.00023,-0.0024,0.2666941553766607
2026-09-16T00:08:32.000,513,MEMORY_STRESS,46.37999999999999,0.0400000000000005,46.3,46.4,0.0096969696969698,0.0002094377904313,1115580.5,0.0,0.0,0.0,0.0,0.0,0.0606060606060605,0.0009018759018759,9.0,9.0,0.0,0.0,0.0,0.0,0.0,0.0,0.0,93.37,0.0,92.59,100.0,100.0,100.0,50.0,25.53,0,0,1,0,0,0,0,1,2,0.8385,0.00022,-0.0023,0.2666876104457097
2026-09-16T00:08:33.000,514,MEMORY_STRESS,46.38999999999999,0.0300000000000004,46.3,46.4,0.0054545454545455,0.0001178087571176,1115580.5,0.0,0.0,0.0,0.0,0.0,-0.1660606060606059,-0.0041515151515151,9.0,9.0,0.0,0.0,0.0,0.0,0.0,0.0,0.0,93.37,0.0,97.63,100.0,100.0,100.0,50.0,25.7,0,0,1,0,0,0,0,1,2,0.8373,0.0002,-0.0017,0.2666784475423784
2026-09-16T00:08:34.000,515,MEMORY_STRESS,46.39999999999999,7.105427357601002e-15,46.4,46.4,0.0,0.0,1115580.5,0.0,0.0,0.0,0.0,0.0,1.087272727272727,0.0610827374872318,9.0,9.0,0.0,0.0,0.0,0.0,0.0,0.0,0.0,93.37,0.0,91.04,99.2,100.0,100.0,50.0,25.43,0,0,1,0,0,0,0,1,2,0.8393,0.00019,-0.0018,0.2666666666666666
2026-09-16T00:08:35.000,516,MEMORY_STRESS,46.39999999999999,7.105427357601002e-15,46.4,46.4,0.0,0.0,1115580.5,0.0,0.0,0.0,0.0,0.0,-0.952727272727273,-0.0141774891774891,9.0,9.0,0.0,0.0,0.0,0.0,0.0,0.0,0.0,93.37,0.0,94.67,100.0,100.0,100.0,50.0,25.6,0,0,1,0,0,0,0,1,2,0.838,0.00018,-0.0015,0.2666666666666666
2026-09-16T00:08:36.000,517,MEMORY_STRESS,46.39999999999999,7.105427357601002e-15,46.4,46.4,0.0,0.0,1115580.5,0.0,0.0,0.0,0.0,0.0,0.8824242424242426,0.022060606060606,9.0,9.0,0.0,0.0,0.0,0.0,0.0,0.0,0.0,93.37,0.0,92.59,100.0,100.0,100.0,50.0,25.53,0,0,1,0,0,0,0,1,2,0.8385,0.00016,-0.0014,0.2666666666666666
2026-09-16T00:08:37.000,518,MEMORY_STRESS,46.39999999999999,7.105427357601002e-15,46.4,46.4,0.0,0.0,1115580.5,0.0,0.0,0.0,0.0,0.0,-1.0169696969696966,-0.0182908218879441,9.0,9.0,0.0,0.0,0.0,0.0,0.0,0.0,0.0,93.37,0.0,97.63,100.0,100.0,100.0,50.0,25.7,0,0,1,0,0,0,0,1,2,0.8373,0.00015,-0.0009,0.2666666666666666
2026-09-16T00:08:38.000,519,MEMORY_STRESS,46.39999999999999,7.105427357601002e-15,46.4,46.4,0.0,0.0,1115580.5,0.0,0.0,0.0,0.0,0.0,1.087272727272727,0.0610827374872318,9.0,9.0,0.0,0.0,0.0,0.0,0.0,0.0,0.0,93.37,0.0,91.04,96.0,100.0,100.0,50.0,25.26,0,0,1,0,0,0,0,1,2,0.8405,0.00014,-0.0014,0.2666666666666666
2026-09-16T00:08:39.000,520,MEMORY_STRESS,46.39999999999999,7.105427357601002e-15,46.4,46.4,0.0,0.0,1115580.5,0.0,0.0,0.0,0.0,0.0,-0.952727272727273,-0.0141774891774891,9.0,9.0,0.0,0.0,0.0,0.0,0.0,0.0,0.0,93.37,0.0,94.67,100.0,100.0,100.0,50.0,25.6,0,0,1,0,0,0,0,1,2,0.838,0.00013,-0.0012,0.2666666666666666
2026-09-16T00:08:40.000,521,MEMORY_STRESS,46.39999999999999,7.105427357601002e-15,46.4,46.4,0.0,0.0,1115580.5,0.0,0.0,0.0,0.0,0.0,0.8824242424242426,0.022060606060606,9.0,9.0,0.0,0.0,0.0,0.0,0.0,0.0,0.0,93.37,0.0,92.59,100.0,100.0,100.0,50.0,25.53,0,0,1,0,0,0,0,1,2,0.8385,0.00012,-0.0011,0.2666666666666666
2026-09-16T00:08:41.000,522,MEMORY_STRESS,46.39999999999999,7.105427357601002e-15,46.4,46.4,0.0,0.0,1115580.5,0.0,0.0,0.0,0.0,0.0,-1.0169696969696966,-0.0182908218879441,9.0,9.0,0.0,0.0,0.0,0.0,0.0,0.0,0.0,93.37,0.0,97.63,100.0,100.0,100.0,50.0,25.7,0,0,1,0,0,0,0,1,2,0.8373,0.00011,-0.0006,0.2666666666666666
2026-09-16T00:08:42.000,523,MEMORY_STRESS,46.39999999999999,7.105427357601002e-15,46.4,46.4,0.0,0.0,1115580.5,0.0,0.0,0.0,0.0,0.0,1.087272727272727,0.0610827374872318,9.0,9.0,0.0,0.0,0.0,0.0,0.0,0.0,0.0,93.37,0.0,91.04,95.2,100.0,100.0,50.0,25.22,0,0,1,0,0,0,0,1,2,0.8409,0.00011,-0.0012,0.2666666666666666
2026-09-16T00:08:43.000,524,MEMORY_STRESS,46.39999999999999,7.105427357601002e-15,46.4,46.4,0.0,0.0,1115580.5,0.0,0.0,0.0,0.0,0.0,-0.952727272727273,-0.0141774891774891,9.0,9.0,0.0,0.0,0.0,0.0,0.0,0.0,0.0,93.37,0.0,94.67,100.0,100.0,100.0,50.0,25.6,0,0,1,0,0,0,0,1,2,0.838,0.0001,-0.0009,0.2666666666666666
2026-09-16T00:08:44.000,525,MEMORY_STRESS,46.39999999999999,7.105427357601002e-15,46.4,46.4,0.0,0.0,1115580.5,0.0,0.0,0.0,0.0,0.0,0.8824242424242426,0.022060606060606,9.0,9.0,0.0,0.0,0.0,0.0,0.0,0.0,0.0,93.37,0.0,92.59,100.0,100.0,100.0,50.0,25.53,0,0,1,0,0,0,0,1,2,0.8385,9e-05,-0.0009,0.2666666666666666
2026-09-16T00:08:45.000,526,MEMORY_STRESS,46.39999999999999,7.105427357601002e-15,46.4,46.4,0.0,0.0,1115580.5,0.0,0.0,0.0,0.0,0.0,-1.0169696969696966,-0.0182908218879441,9.0,9.0,0.0,0.0,0.0,0.0,0.0,0.0,0.0,93.37,0.0,97.63,100.0,100.0,100.0,50.0,25.7,0,0,1,0,0,0,0,1,2,0.8373,8e-05,-0.0005,0.2666666666666666
2026-09-16T00:08:46.000,527,MEMORY_STRESS,46.39999999999999,7.105427357601002e-15,46.4,46.4,0.0,0.0,1115580.5,0.0,0.0,0.0,0.0,0.0,1.087272727272727,0.0610827374872318,9.0,9.0,0.0,0.0,0.0,0.0,0.0,0.0,0.0,93.37,0.0,91.04,100.0,100.0,100.0,50.0,25.47,0,0,1,0,0,0,0,1,2,0.839,8e-05,-0.0005,0.2666666666666666
2026-09-16T00:08:47.000,528,MEMORY_STRESS,46.39999999999999,7.105427357601002e-15,46.4,46.4,0.0,0.0,1115580.5,0.0,0.0,0.0,0.0,0.0,-0.952727272727273,-0.0141774891774891,9.0,9.0,0.0,0.0,0.0,0.0,0.0,0.0,0.0,93.37,0.0,94.67,100.0,100.0,100.0,50.0,25.6,0,0,1,0,0,0,0,1,2,0.838,7e-05,-0.0003,0.2666666666666666
2026-09-16T00:08:48.000,529,MEMORY_STRESS,46.39999999999999,7.105427357601002e-15,46.4,46.4,0.0,0.0,1115580.5,0.0,0.0,0.0,0.0,0.0,0.8824242424242426,0.022060606060606,9.0,9.0,0.0,0.0,0.0,0.0,0.0,0.0,0.0,93.37,0.0,92.59,100.0,100.0,100.0,50.0,25.53,0,0,1,0,0,0,0,1,2,0.8385,6e-05,-0.0003,0.2666666666666666
2026-09-16T00:08:49.000,530,MEMORY_STRESS,46.39999999999999,7.105427357601002e-15,46.4,46.4,0.0,0.0,1115580.5,0.0,0.0,0.0,0.0,0.0,-1.0169696969696966,-0.0182908218879441,9.0,9.0,0.0,0.0,0.0,0.0,0.0,0.0,0.0,93.37,0.0,97.63,100.0,100.0,100.0,50.0,25.7,0,0,1,0,0,0,0,1,2,0.8373,5e-05,0.0001,0.2666666666666666
2026-09-16T00:08:50.000,531,MEMORY_STRESS,46.39999999999999,7.105427357601002e-15,46.4,46.4,0.0,0.0,1115580.5,0.0,0.0,0.0,0.0,0.0,1.087272727272727,0.0610827374872318,9.0,9.0,0.0,0.0,0.0,0.0,0.0,0.0,0.0,93.37,0.0,91.04,95.2,100.0,100.0,50.0,25.22,0,0,1,0,0,0,0,1,2,0.8409,5e-05,-0.0004,0.2666666666666666
2026-09-16T00:08:51.000,532,MEMORY_STRESS,46.39999999999999,7.105427357601002e-15,46.4,46.4,0.0,0.0,1115580.5,0.0,0.0,0.0,0.0,0.0,-0.952727272727273,-0.0141774891774891,9.0,9.0,0.0,0.0,0.0,0.0,0.0,0.0,0.0,93.37,0.0,94.67,100.0,100.0,100.0,50.0,25.6,0,0,1,0,0,0,0,1,2,0.838,5e-05,-0.0002,0.2666666666666666
2026-09-16T00:08:52.000,533,MEMORY_STRESS,46.39999999999999,7.105427357601002e-15,46.4,46.4,0.0,0.0,1115580.5,0.0,0.0,0.0,0.0,0.0,0.8824242424242426,0.022060606060606,9.0,9.0,0.0,0.0,0.0,0.0,0.0,0.0,0.0,93.37,0.0,92.59,100.0,100.0,100.0,50.0,25.53,0,0,1,0,0,0,0,1,2,0.8385,4e-05,-0.0002,0.2666666666666666
2026-09-16T00:08:53.000,534,MEMORY_STRESS,46.39999999999999,7.105427357601002e-15,46.4,46.4,0.0,0.0,1115580.5,0.0,0.0,0.0,0.0,0.0,-1.0169696969696966,-0.0182908218879441,9.0,9.0,0.0,0.0,0.0,0.0,0.0,0.0,0.0,93.37,0.0,97.63,100.0,100.0,100.0,50.0,25.7,0,0,1,0,0,0,0,1,2,0.8373,3e-05,0.0001,0.2666666666666666
2026-09-16T00:08:54.000,535,MEMORY_STRESS,46.39999999999999,7.105427357601002e-15,46.4,46.4,0.0,0.0,1115580.5,0.0,0.0,0.0,0.0,0.0,1.087272727272727,0.0610827374872318,9.0,9.0,0.0,0.0,0.0,0.0,0.0,0.0,0.0,93.37,0.0,91.04,95.2,100.0,100.0,50.0,25.22,0,0,1,0,0,0,0,1,2,0.8409,3e-05,-0.0003,0.2666666666666666
2026-09-16T00:08:55.000,536,MEMORY_STRESS,46.39999999999999,7.105427357601002e-15,46.4,46.4,0.0,0.0,1115580.5,0.0,0.0,0.0,0.0,0.0,-0.952727272727273,-0.0141774891774891,9.0,9.0,0.0,0.0,0.0,0.0,0.0,0.0,0.0,93.37,0.0,94.67,100.0,100.0,100.0,50.0,25.6,0,0,1,0,0,0,0,1,2,0.838,3e-05,-0.0001,0.2666666666666666
2026-09-16T00:08:56.000,537,MEMORY_STRESS,46.39999999999999,7.105427357601002e-15,46.4,46.4,0.0,0.0,1115580.5,0.0,0.0,0.0,0.0,0.0,0.8824242424242426,0.022060606060606,9.0,9.0,0.0,0.0,0.0,0.0,0.0,0.0,0.0,93.37,0.0,92.59,100.0,100.0,100.0,50.0,25.53,0,0,1,0,0,0,0,1,2,0.8385,2e-05,-0.0001,0.2666666666666666
2026-09-16T00:08:57.000,538,MEMORY_STRESS,46.39999999999999,7.105427357601002e-15,46.4,46.4,0.0,0.0,1115580.5,0.0,0.0,0.0,0.0,0.0,-1.0169696969696966,-0.0182908218879441,9.0,9.0,0.0,0.0,0.0,0.0,0.0,0.0,0.0,93.37,0.0,97.63,100.0,100.0,100.0,50.0,25.7,0,0,1,0,0,0,0,1,2,0.8373,2e-05,0.0002,0.2666666666666666
2026-09-16T00:08:58.000,539,MEMORY_STRESS,46.39999999999999,7.105427357601002e-15,46.4,46.4,0.0,0.0,1115580.5,0.0,0.0,0.0,0.0,0.0,1.087272727272727,0.0610827374872318,9.0,9.0,0.0,0.0,0.0,0.0,0.0,0.0,0.0,93.37,0.0,91.04,100.0,100.0,100.0,50.0,25.47,0,0,1,0,0,0,0,1,2,0.839,1e-05,0.0001,0.2666666666666666
2026-09-16T00:08:59.000,540,MEMORY_STRESS,46.39999999999999,7.105427357601002e-15,46.4,46.4,0.0,0.0,1115580.5,0.0,0.0,0.0,0.0,0.0,-0.952727272727273,-0.0141774891774891,9.0,9.0,0.0,0.0,0.0,0.0,0.0,0.0,0.0,93.37,0.0,94.67,100.0,100.0,100.0,50.0,25.6,0,0,1,0,0,0,0,1,2,0.838,1e-05,0.0003,0.2666666666666666
2026-09-16T00:09:00.000,541,MEMORY_STRESS,46.39999999999999,7.105427357601002e-15,46.4,46.4,0.0,0.0,1115580.5,0.0,0.0,0.0,0.0,0.0,-1.1793939393939394,-0.0294848484848484,9.0,9.0,0.0,0.0,0.0,0.0,0.0,0.0,0.0,93.37,0.0,97.63,100.0,100.0,100.0,50.0,25.7,0,0,1,0,0,0,0,1,2,0.8373,0.0,0.0005,0.2666666666666666
2026-09-16T00:09:01.000,542,MEMORY_STRESS,46.39999999999999,7.105427357601002e-15,46.4,46.4,0.0,0.0,1115580.5,0.0,0.0,0.0,0.0,0.0,0.0739393939393938,0.0013298452147372,9.0,9.0,0.0,0.0,0.0,0.0,0.0,0.0,0.0,93.37,0.0,91.04,95.2,100.0,100.0,50.0,25.22,0,0,1,0,0,0,0,1,2,0.8409,0.0,0.0001,0.2666666666666666
2026-09-16T00:09:02.000,543,MEMORY_STRESS,46.39999999999999,7.105427357601002e-15,46.4,46.4,0.0,0.0,1115580.5,0.0,0.0,0.0,0.0,0.0,0.5539393939393938,0.0311201906707524,9.0,9.0,0.0,0.0,0.0,0.0,0.0,0.0,0.0,93.37,0.0,94.67,100.0,100.0,100.0,50.0,25.6,0,0,1,0,0,0,0,1,2,0.838,0.0,0.0003,0.2666666666666666
2026-09-16T00:09:03.000,544,MEMORY_STRESS,46.39999999999999,7.105427357601002e-15,46.4,46.4,0.0,0.0,1115580.5,0.0,0.0,0.0,0.0,0.0,-0.4460606060606062,-0.0066378066378066,9.0,9.0,0.0,0.0,0.0,0.0,0.0,0.0,0.0,93.37,0.0,92.59,100.0,100.0,100.0,50.0,25.53,0,0,1,0,0,0,0,1,2,0.8385,-0.0,0.0003,0.2666666666666666
2026-09-16T00:09:04.000,545,MEMORY_STRESS,46.39999999999999,7.105427357601002e-15,46.4,46.4,0.0,0.0,1115580.5,0.0,0.0,0.0,0.0,0.0,-0.6727272727272726,-0.0168181818181818,9.0,9.0,0.0,0.0,0.0,0.0,0.0,0.0,0.0,93.37,0.0,97.63,100.0,100.0,100.0,50.0,25.7,0,0,1,0,0,0,0,1,2,0.8373,-1e-05,0.0005,0.2666666666666666
2026-09-16T00:09:05.000,546,MEMORY_STRESS,46.39999999999999,7.105427357601002e-15,46.4,46.4,0.0,0.0,1115580.5,0.0,0.0,0.0,0.0,0.0,0.5806060606060607,0.0104425550468715,9.0,9.0,0.0,0.0,0.0,0.0,0.0,0.0,0.0,93.37,0.0,91.04,95.2,100.0,100.0,50.0,25.22,0,0,1,0,0,0,0,1,2,0.8409,-1e-05,0.0002,0.2666666666666666
2026-09-16T00:09:06.000,547,MEMORY_STRESS,46.39999999999999,7.105427357601002e-15,46.4,46.4,0.0,0.0,1115580.5,0.0,0.0,0.0,0.0,0.0,1.0606060606060603,0.0595846101464078,9.0,9.0,0.0,0.0,0.0,0.0,0.0,0.0,0.0,93.37,0.0,94.67,100.0,100.0,100.0,50.0,25.6,0,0,1,0,0,0,0,1,2,0.838,-1e-05,0.0003,0.2666666666666666
2026-09-16T00:09:07.000,548,MEMORY_STRESS,46.39999999999999,7.105427357601002e-15,46.4,46.4,0.0,0.0,1115580.5,0.0,0.0,0.0,0.0,0.0,0.0606060606060605,0.0009018759018759,9.0,9.0,0.0,0.0,0.0,0.0,0.0,0.0,0.0,93.37,0.0,92.59,100.0,100.0,100.0,50.0,25.53,0,0,1,0,0,0,0,1,2,0.8385,-1e-05,0.0003,0.2666666666666666
2026-09-16T00:09:08.000,549,MEMORY_STRESS,46.39999999999999,7.105427357601002e-15,46.4,46.4,0.0,0.0,1115580.5,0.0,0.0,0.0,0.0,0.0,-0.1660606060606059,-0.0041515151515151,9.0,9.0,0.0,0.0,0.0,0.0,0.0,0.0,0.0,93.37,0.0,97.63,100.0,100.0,100.0,50.0,25.7,0,0,1,0,0,0,0,1,2,0.8373,-2e-05,0.0005,0.2666666666666666
2026-09-16T00:09:09.000,550,MEMORY_STRESS,46.39999999999999,7.105427357601002e-15,46.4,46.4,0.0,0.0,1115580.5,0.0,0.0,0.0,0.0,0.0,1.087272727272727,0.0610827374872318,9.0,9.0,0.0,0.0,0.0,0.0,0.0,0.0,0.0,93.37,0.0,91.04,99.2,100.0,100.0,50.0,25.43,0,0,1,0,0,0,0,1,2,0.8393,-2e-05,0.0004,0.2666666666666666
2026-09-16T00:09:10.000,551,MEMORY_STRESS,46.39999999999999,7.105427357601002e-15,46.4,46.4,0.0,0.0,1115580.5,0.0,0.0,0.0,0.0,0.0,-0.952727272727273,-0.0141774891774891,9.0,9.0,0.0,0.0,0.0,0.0,0.0,0.0,0.0,93.37,0.0,94.67,100.0,100.0,100.0,50.0,25.6,0,0,1,0,0,0,0,1,2,0.838,-2e-05,0.0005,0.2666666666666666
2026-09-16T00:09:11.000,552,MEMORY_STRESS,46.39999999999999,7.105427357601002e-15,46.4,46.4,0.0,0.0,1115580.5,0.0,0.0,0.0,0.0,0.0,1.5151515151515156,0.0378787878787878,9.0,9.0,0.0,0.0,0.0,0.0,0.0,0.0,0.0,93.37,0.0,91.04,96.0,100.0,100.0,50.0,25.26,0,0,1,0,0,0,0,1,2,0.8405,-2e-05,0.0002,0.2666666666666666
2026-09-16T00:09:12.000,553,MEMORY_STRESS,46.39999999999999,7.105427357601002e-15,46.4,46.4,0.0,0.0,1115580.5,0.0,0.0,0.0,0.0,0.0,0.6860606060606061,0.0123392195334641,9.0,9.0,0.0,0.0,0.0,0.0,0.0,0.0,0.0,93.37,0.0,94.67,100.0,100.0,100.0,50.0,25.6,0,0,1,0,0,0,0,1,2,0.838,-2e-05,0.0003,0.2666666666666666
2026-09-16T00:09:13.000,554,MEMORY_STRESS,46.39999999999999,7.105427357601002e-15,46.4,46.4,0.0,0.0,1115580.5,0.0,0.0,0.0,0.0,0.0,1.7478787878787878,0.0981954375212802,9.0,9.0,0.0,0.0,0.0,0.0,0.0,0.0,0.0,93.37,0.0,92.59,100.0,100.0,100.0,50.0,25.53,0,0,1,0,0,0,0,1,2,0.8385,-3e-05,0.0004,0.2666666666666666
2026-09-16T00:09:14.000,555,MEMORY_STRESS,46.39999999999999,7.105427357601002e-15,46.4,46.4,0.0,0.0,1115580.5,0.0,0.0,0.0,0.0,0.0,-1.7721212121212124,-0.0263708513708513,9.0,9.0,0.0,0.0,0.0,0.0,0.0,0.0,0.0,93.37,0.0,97.63,100.0,100.0,100.0,50.0,25.7,0,0,1,0,0,0,0,1,2,0.8373,-3e-05,0.0006,0.2666666666666666
2026-09-16T00:09:15.000,556,MEMORY_STRESS,46.39999999999999,7.105427357601002e-15,46.4,46.4,0.0,0.0,1115580.5,0.0,0.0,0.0,0.0,0.0,0.6957575757575758,0.0173939393939393,9.0,9.0,0.0,0.0,0.0,0.0,0.0,0.0,0.0,93.37,0.0,91.04,95.2,100.0,100.0,50.0,25.22,0,0,1,0,0,0,0,1,2,0.8409,-3e-05,0.0002,0.2666666666666666
2026-09-16T00:09:16.000,557,MEMORY_STRESS,46.39999999999999,7.105427357601002e-15,46.4,46.4,0.0,0.0,1115580.5,0.0,0.0,0.0,0.0,0.0,-0.1333333333333333,-0.0023980815347721,9.0,9.0,0.0,0.0,0.0,0.0,0.0,0.0,0.0,93.37,0.0,94.67,100.0,100.0,100.0,50.0,25.6,0,0,1,0,0,0,0,1,2,0.838,-3e-05,0.0003,0.2666666666666666
2026-09-16T00:09:17.000,558,MEMORY_STRESS,46.39999999999999,7.105427357601002e-15,46.4,46.4,0.0,0.0,1115580.5,0.0,0.0,0.0,0.0,0.0,0.9284848484848484,0.0521620701395982,9.0,9.0,0.0,0.0,0.0,0.0,0.0,0.0,0.0,93.37,0.0,92.59,100.0,100.0,100.0,50.0,25.53,0,0,1,0,0,0,0,1,2,0.8385,-3e-05,0.0004,0.2666666666666666
2026-09-16T00:09:18.000,559,MEMORY_STRESS,46.39999999999999,7.105427357601002e-15,46.4,46.4,0.0,0.0,1115580.5,0.0,0.0,0.0,0.0,0.0,-2.591515151515152,-0.0385642135642135,9.0,9.0,0.0,0.0,0.0,0.0,0.0,0.0,0.0,93.37,0.0,97.63,100.0,100.0,100.0,50.0,25.7,0,0,1,0,0,0,0,1,2,0.8373,-4e-05,0.0006,0.2666666666666666
2026-09-16T00:09:19.000,560,MEMORY_STRESS,46.39999999999999,7.105427357601002e-15,46.4,46.4,0.0,0.0,1115580.5,0.0,0.0,0.0,0.0,0.0,-0.1236363636363635,-0.003090909090909,9.0,9.0,0.0,0.0,0.0,0.0,0.0,0.0,0.0,93.37,0.0,91.04,100.0,100.0,100.0,50.0,25.47,0,0,1,0,0,0,0,1,2,0.839,-4e-05,0.0005,0.2666666666666666
2026-09-16T00:09:20.000,561,MEMORY_STRESS,46.39999999999999,7.105427357601002e-15,46.4,46.4,0.0,0.0,1115580.5,0.0,0.0,0.0,0.0,0.0,-0.952727272727273,-0.0141774891774891,9.0,9.0,0.0,0.0,0.0,0.0,0.0,0.0,0.0,93.37,0.0,94.67,100.0,100.0,100.0,50.0,25.6,0,0,1,0,0,0,0,1,2,0.838,-4e-05,0.0006,0.2666666666666666
2026-09-16T00:09:21.000,562,MEMORY_STRESS,46.39999999999999,7.105427357601002e-15,46.4,46.4,0.0,0.0,1115580.5,0.0,0.0,0.0,0.0,0.0,1.5151515151515156,0.0378787878787878,9.0,9.0,0.0,0.0,0.0,0.0,0.0,0.0,0.0,93.37,0.0,91.04,95.2,100.0,100.0,50.0,25.22,0,0,1,0,0,0,0,1,2,0.8409,-4e-05,0.0003,0.2666666666666666
2026-09-16T00:09:22.000,563,MEMORY_STRESS,46.39999999999999,7.105427357601002e-15,46.4,46.4,0.0,0.0,1115580.5,0.0,0.0,0.0,0.0,0.0,0.6860606060606061,0.0123392195334641,9.0,9.0,0.0,0.0,0.0,0.0,0.0,0.0,0.0,93.37,0.0,94.67,100.0,100.0,100.0,50.0,25.6,0,0,1,0,0,0,0,1,2,0.838,-4e-05,0.0004,0.2666666666666666
2026-09-16T00:09:23.000,564,MEMORY_STRESS,46.39999999999999,7.105427357601002e-15,46.4,46.4,0.0,0.0,1115580.5,0.0,0.0,0.0,0.0,0.0,1.7478787878787878,0.0981954375212802,9.0,9.0,0.0,0.0,0.0,0.0,0.0,0.0,0.0,93.37,0.0,92.59,100.0,100.0,100.0,50.0,25.53,0,0,1,0,0,0,0,1,2,0.8385,-4e-05,0.0004,0.2666666666666666
2026-09-16T00:09:24.000,565,MEMORY_STRESS,46.39999999999999,7.105427357601002e-15,46.4,46.4,0.0,0.0,1115580.5,0.0,0.0,0.0,0.0,0.0,-1.7721212121212124,-0.0263708513708513,9.0,9.0,0.0,0.0,0.0,0.0,0.0,0.0,0.0,93.37,0.0,97.63,100.0,100.0,100.0,50.0,25.7,0,0,1,0,0,0,0,1,2,0.8373,-4e-05,0.0006,0.2666666666666666
2026-09-16T00:09:25.000,566,MEMORY_STRESS,46.39999999999999,7.105427357601002e-15,46.4,46.4,0.0,0.0,1115580.5,0.0,0.0,0.0,0.0,0.0,0.6957575757575758,0.0173939393939393,9.0,9.0,0.0,0.0,0.0,0.0,0.0,0.0,0.0,93.37,0.0,91.04,95.2,100.0,100.0,50.0,25.22,0,0,1,0,0,0,0,1,2,0.8409,-4e-05,0.0003,0.2666666666666666
2026-09-16T00:09:26.000,567,MEMORY_STRESS,46.39999999999999,7.105427357601002e-15,46.4,46.4,0.0,0.0,1115580.5,0.0,0.0,0.0,0.0,0.0,-0.1333333333333333,-0.0023980815347721,9.0,9.0,0.0,0.0,0.0,0.0,0.0,0.0,0.0,93.37,0.0,94.67,100.0,100.0,100.0,50.0,25.6,0,0,1,0,0,0,0,1,2,0.838,-4e-05,0.0004,0.2666666666666666
2026-09-16T00:09:27.000,568,MEMORY_STRESS,46.39999999999999,7.105427357601002e-15,46.4,46.4,0.0,0.0,1115580.5,0.0,0.0,0.0,0.0,0.0,0.9284848484848484,0.0521620701395982,9.0,9.0,0.0,0.0,0.0,0.0,0.0,0.0,0.0,93.37,0.0,92.59,100.0,100.0,100.0,50.0,25.53,0,0,1,0,0,0,0,1,2,0.8385,-5e-05,0.0004,0.2666666666666666
2026-09-16T00:09:28.000,569,MEMORY_STRESS,46.39999999999999,7.105427357601002e-15,46.4,46.4,0.0,0.0,1115580.5,0.0,0.0,0.0,0.0,0.0,-2.591515151515152,-0.0385642135642135,9.0,9.0,0.0,0.0,0.0,0.0,0.0,0.0,0.0,93.37,0.0,97.63,100.0,100.0,100.0,50.0,25.7,0,0,1,0,0,0,0,1,2,0.8373,-5e-05,0.0006,0.2666666666666666
2026-09-16T00:09:29.000,570,MEMORY_STRESS,46.39999999999999,7.105427357601002e-15,46.4,46.4,0.0,0.0,1115580.5,0.0,0.0,0.0,0.0,0.0,-0.1236363636363635,-0.003090909090909,9.0,9.0,0.0,0.0,0.0,0.0,0.0,0.0,0.0,93.37,0.0,91.04,100.0,100.0,100.0,50.0,25.47,0,0,1,0,0,0,0,1,2,0.839,-5e-05,0.0005,0.2666666666666666
2026-09-16T00:09:30.000,571,MEMORY_STRESS,46.39999999999999,7.105427357601002e-15,46.4,46.4,0.0,0.0,1115580.5,0.0,0.0,0.0,0.0,0.0,-0.952727272727273,-0.0141774891774891,9.0,9.0,0.0,0.0,0.0,0.0,0.0,0.0,0.0,93.37,0.0,94.67,100.0,100.0,100.0,50.0,25.6,0,0,1,0,0,0,0,1,2,0.838,-5e-05,0.0006,0.2666666666666666
2026-09-16T00:09:31.000,572,MEMORY_STRESS,46.39999999999999,7.105427357601002e-15,46.4,46.4,0.0,0.0,1115580.5,0.0,0.0,0.0,0.0,0.0,0.8824242424242426,0.022060606060606,9.0,9.0,0.0,0.0,0.0,0.0,0.0,0.0,0.0,93.37,0.0,92.59,100.0,100.0,100.0,50.0,25.53,0,0,1,0,0,0,0,1,2,0.8385,-5e-05,0.0006,0.2666666666666666
2026-09-16T00:09:32.000,573,MEMORY_STRESS,46.39999999999999,7.105427357601002e-15,46.4,46.4,0.0,0.0,1115580.5,0.0,0.0,0.0,0.0,0.0,-1.0169696969696966,-0.0182908218879441,9.0,9.0,0.0,0.0,0.0,0.0,0.0,0.0,0.0,93.37,0.0,97.63,100.0,100.0,100.0,50.0,25.7,0,0,1,0,0,0,0,1,2,0.8373,-5e-05,0.0008,0.2666666666666666
2026-09-16T00:09:33.000,574,MEMORY_STRESS,46.39999999999999,7.105427357601002e-15,46.4,46.4,0.0,0.0,1115580.5,0.0,0.0,0.0,0.0,0.0,1.087272727272727,0.0610827374872318,9.0,9.0,0.0,0.0,0.0,0.0,0.0,0.0,0.0,93.37,0.0,91.04,95.2,100.0,100.0,50.0,25.22,0,0,1,0,0,0,0,1,2,0.8409,-5e-05,0.0005,0.2666666666666666
2026-09-16T00:09:34.000,575,MEMORY_STRESS,46.39999999999999,7.105427357601002e-15,46.4,46.4,0.0,0.0,1115580.5,0.0,0.0,0.0,0.0,0.0,-0.952727272727273,-0.0141774891774891,9.0,9.0,0.0,0.0,0.0,0.0,0.0,0.0,0.0,93.37,0.0,94.67,100.0,100.0,100.0,50.0,25.6,0,0,1,0,0,0,0,1,2,0.838,-5e-05,0.0006,0.2666666666666666
2026-09-16T00:09:35.000,576,MEMORY_STRESS,46.39999999999999,7.105427357601002e-15,46.4,46.4,0.0,0.0,1115580.5,0.0,0.0,0.0,0.0,0.0,0.8824242424242426,0.022060606060606,9.0,9.0,0.0,0.0,0.0,0.0,0.0,0.0,0.0,93.37,0.0,92.59,100.0,100.0,100.0,50.0,25.53,0,0,1,0,0,0,0,1,2,0.8385,-5e-05,0.0006,0.2666666666666666
2026-09-16T00:09:36.000,577,MEMORY_STRESS,46.39999999999999,7.105427357601002e-15,46.4,46.4,0.0,0.0,1115580.5,0.0,0.0,0.0,0.0,0.0,-1.0169696969696966,-0.0182908218879441,9.0,9.0,0.0,0.0,0.0,0.0,0.0,0.0,0.0,93.37,0.0,97.63,100.0,100.0,100.0,50.0,25.7,0,0,1,0,0,0,0,1,2,0.8373,-5e-05,0.0007,0.2666666666666666
2026-09-16T00:09:37.000,578,MEMORY_STRESS,46.39999999999999,7.105427357601002e-15,46.4,46.4,0.0,0.0,1115580.5,0.0,0.0,0.0,0.0,0.0,1.087272727272727,0.0610827374872318,9.0,9.0,0.0,0.0,0.0,0.0,0.0,0.0,0.0,93.37,0.0,91.04,95.2,100.0,100.0,50.0,25.22,0,0,1,0,0,0,0,1,2,0.8409,-5e-05,0.0005,0.2666666666666666
2026-09-16T00:09:38.000,579,MEMORY_STRESS,46.39999999999999,7.105427357601002e-15,46.4,46.4,0.0,0.0,1115580.5,0.0,0.0,0.0,0.0,0.0,-0.952727272727273,-0.0141774891774891,9.0,9.0,0.0,0.0,0.0,0.0,0.0,0.0,0.0,93.37,0.0,94.67,100.0,100.0,100.0,50.0,25.6,0,0,1,0,0,0,0,1,2,0.838,-5e-05,0.0005,0.2666666666666666
2026-09-16T00:09:39.000,580,MEMORY_STRESS,46.39999999999999,7.105427357601002e-15,46.4,46.4,0.0,0.0,1115580.5,0.0,0.0,0.0,0.0,0.0,0.8824242424242426,0.022060606060606,9.0,9.0,0.0,0.0,0.0,0.0,0.0,0.0,0.0,93.37,0.0,92.59,100.0,100.0,100.0,50.0,25.53,0,0,1,0,0,0,0,1,2,0.8385,-5e-05,0.0005,0.2666666666666666
2026-09-16T00:09:40.000,581,MEMORY_STRESS,46.39999999999999,7.105427357601002e-15,46.4,46.4,0.0,0.0,1115580.5,0.0,0.0,0.0,0.0,0.0,-1.0169696969696966,-0.0182908218879441,9.0,9.0,0.0,0.0,0.0,0.0,0.0,0.0,0.0,93.37,0.0,97.63,100.0,100.0,100.0,50.0,25.7,0,0,1,0,0,0,0,1,2,0.8373,-6e-05,0.0007,0.2666666666666666
2026-09-16T00:09:41.000,582,MEMORY_STRESS,46.39999999999999,7.105427357601002e-15,46.4,46.4,0.0,0.0,1115580.5,0.0,0.0,0.0,0.0,0.0,1.087272727272727,0.0610827374872318,9.0,9.0,0.0,0.0,0.0,0.0,0.0,0.0,0.0,93.37,0.0,91.04,99.2,100.0,100.0,50.0,25.43,0,0,1,0,0,0,0,1,2,0.8393,-6e-05,0.0006,0.2666666666666666
2026-09-16T00:09:42.000,583,MEMORY_STRESS,46.39999999999999,7.105427357601002e-15,46.4,46.4,0.0,0.0,1115580.5,0.0,0.0,0.0,0.0,0.0,-0.952727272727273,-0.0141774891774891,9.0,9.0,0.0,0.0,0.0,0.0,0.0,0.0,0.0,93.37,0.0,94.67,100.0,100.0,100.0,50.0,25.6,0,0,1,0,0,0,0,1,2,0.838,-6e-05,0.0007,0.2666666666666666
2026-09-16T00:09:43.000,584,MEMORY_STRESS,46.39999999999999,7.105427357601002e-15,46.4,46.4,0.0,0.0,1115580.5,0.0,0.0,0.0,0.0,0.0,1.5151515151515156,0.0378787878787878,9.0,9.0,0.0,0.0,0.0,0.0,0.0,0.0,0.0,93.37,0.0,91.04,96.0,100.0,100.0,50.0,25.26,0,0,1,0,0,0,0,1,2,0.8405,-6e-05,0.0005,0.2666666666666666
2026-09-16T00:09:44.000,585,MEMORY_STRESS,46.39999999999999,7.105427357601002e-15,46.4,46.4,0.0,0.0,1115580.5,0.0,0.0,0.0,0.0,0.0,0.6860606060606061,0.0123392195334641,9.0,9.0,0.0,0.0,0.0,0.0,0.0,0.0,0.0,93.37,0.0,94.67,100.0,100.0,100.0,50.0,25.6,0,0,1,0,0,0,0,1,2,0.838,-6e-05,0.0005,0.2666666666666666
2026-09-16T00:09:45.000,586,MEMORY_STRESS,46.39999999999999,7.105427357601002e-15,46.4,46.4,0.0,0.0,1115580.5,0.0,0.0,0.0,0.0,0.0,1.7478787878787878,0.0981954375212802,9.0,9.0,0.0,0.0,0.0,0.0,0.0,0.0,0.0,93.37,0.0,92.59,100.0,100.0,100.0,50.0,25.53,0,0,1,0,0,0,0,1,2,0.8385,-6e-05,0.0005,0.2666666666666666
2026-09-16T00:09:46.000,587,MEMORY_STRESS,46.39999999999999,7.105427357601002e-15,46.4,46.4,0.0,0.0,1115580.5,0.0,0.0,0.0,0.0,0.0,-1.7721212121212124,-0.0263708513708513,9.0,9.0,0.0,0.0,0.0,0.0,0.0,0.0,0.0,93.37,0.0,97.63,100.0,100.0,100.0,50.0,25.7,0,0,1,0,0,0,0,1,2,0.8373,-6e-05,0.0007,0.2666666666666666
2026-09-16T00:09:47.000,588,MEMORY_STRESS,46.39999999999999,7.105427357601002e-15,46.4,46.4,0.0,0.0,1115580.5,0.0,0.0,0.0,0.0,0.0,0.6957575757575758,0.0173939393939393,9.0,9.0,0.0,0.0,0.0,0.0,0.0,0.0,0.0,93.37,0.0,91.04,95.2,100.0,100.0,50.0,25.22,0,0,1,0,0,0,0,1,2,0.8409,-6e-05,0.0004,0.2666666666666666
2026-09-16T00:09:48.000,589,MEMORY_STRESS,46.39999999999999,7.105427357601002e-15,46.4,46.4,0.0,0.0,1115580.5,0.0,0.0,0.0,0.0,0.0,-0.1333333333333333,-0.0023980815347721,9.0,9.0,0.0,0.0,0.0,0.0,0.0,0.0,0.0,93.37,0.0,94.67,100.0,100.0,100.0,50.0,25.6,0,0,1,0,0,0,0,1,2,0.838,-6e-05,0.0005,0.2666666666666666
2026-09-16T00:09:49.000,590,MEMORY_STRESS,46.39999999999999,7.105427357601002e-15,46.4,46.4,0.0,0.0,1115580.5,0.0,0.0,0.0,0.0,0.0,0.9284848484848484,0.0521620701395982,9.0,9.0,0.0,0.0,0.0,0.0,0.0,0.0,0.0,93.37,0.0,92.59,100.0,100.0,100.0,50.0,25.53,0,0,1,0,0,0,0,1,2,0.8385,-6e-05,0.0005,0.2666666666666666
2026-09-16T00:09:50.000,591,MEMORY_STRESS,46.39999999999999,7.105427357601002e-15,46.4,46.4,0.0,0.0,1115580.5,0.0,0.0,0.0,0.0,0.0,-2.591515151515152,-0.0385642135642135,9.0,9.0,0.0,0.0,0.0,0.0,0.0,0.0,0.0,93.37,0.0,97.63,100.0,100.0,100.0,50.0,25.7,0,0,1,0,0,0,0,1,2,0.8373,-6e-05,0.0006,0.2666666666666666
2026-09-16T00:09:51.000,592,MEMORY_STRESS,46.39999999999999,7.105427357601002e-15,46.4,46.4,0.0,0.0,1115580.5,0.0,0.0,0.0,0.0,0.0,-0.1236363636363635,-0.003090909090909,9.0,9.0,0.0,0.0,0.0,0.0,0.0,0.0,0.0,93.37,0.0,91.04,100.0,100.0,100.0,50.0,25.47,0,0,1,0,0,0,0,1,2,0.839,-6e-05,0.0006,0.2666666666666666
2026-09-16T00:09:52.000,593,MEMORY_STRESS,46.39999999999999,7.105427357601002e-15,46.4,46.4,0.0,0.0,1115580.5,0.0,0.0,0.0,0.0,0.0,-0.952727272727273,-0.0141774891774891,9.0,9.0,0.0,0.0,0.0,0.0,0.0,0.0,0.0,93.37,0.0,94.67,100.0,100.0,100.0,50.0,25.6,0,0,1,0,0,0,0,1,2,0.838,-6e-05,0.0006,0.2666666666666666
2026-09-16T00:09:53.000,594,MEMORY_STRESS,46.39999999999999,7.105427357601002e-15,46.4,46.4,0.0,0.0,1115580.5,0.0,0.0,0.0,0.0,0.0,0.8824242424242426,0.022060606060606,9.0,9.0,0.0,0.0,0.0,0.0,0.0,0.0,0.0,93.37,0.0,92.59,100.0,100.0,100.0,50.0,25.53,0,0,1,0,0,0,0,1,2,0.8385,-6e-05,0.0006,0.2666666666666666
2026-09-16T00:09:54.000,595,MEMORY_STRESS,46.39999999999999,7.105427357601002e-15,46.4,46.4,0.0,0.0,1115580.5,0.0,0.0,0.0,0.0,0.0,-1.0169696969696966,-0.0182908218879441,9.0,9.0,0.0,0.0,0.0,0.0,0.0,0.0,0.0,93.37,0.0,97.63,100.0,100.0,100.0,50.0,25.7,0,0,1,0,0,0,0,1,2,0.8373,-6e-05,0.0008,0.2666666666666666
2026-09-16T00:09:55.000,596,MEMORY_STRESS,46.39999999999999,7.105427357601002e-15,46.4,46.4,0.0,0.0,1115580.5,0.0,0.0,0.0,0.0,0.0,1.087272727272727,0.0610827374872318,9.0,9.0,0.0,0.0,0.0,0.0,0.0,0.0,0.0,93.37,0.0,91.04,95.2,100.0,100.0,50.0,25.22,0,0,1,0,0,0,0,1,2,0.8409,-6e-05,0.0006,0.2666666666666666
2026-09-16T00:09:56.000,597,MEMORY_STRESS,46.39999999999999,7.105427357601002e-15,46.4,46.4,0.0,0.0,1115580.5,0.0,0.0,0.0,0.0,0.0,-0.952727272727273,-0.0141774891774891,9.0,9.0,0.0,0.0,0.0,0.0,0.0,0.0,0.0,93.37,0.0,94.67,100.0,100.0,100.0,50.0,25.6,0,0,1,0,0,0,0,1,2,0.838,-6e-05,0.0006,0.2666666666666666
2026-09-16T00:09:57.000,598,MEMORY_STRESS,46.39999999999999,7.105427357601002e-15,46.4,46.4,0.0,0.0,1115580.5,0.0,0.0,0.0,0.0,0.0,0.8824242424242426,0.022060606060606,9.0,9.0,0.0,0.0,0.0,0.0,0.0,0.0,0.0,93.37,0.0,92.59,100.0,100.0,100.0,50.0,25.53,0,0,1,0,0,0,0,1,2,0.8385,-6e-05,0.0006,0.2666666666666666
2026-09-16T00:09:58.000,599,MEMORY_STRESS,46.39999999999999,7.105427357601002e-15,46.4,46.4,0.0,0.0,1115580.5,0.0,0.0,0.0,0.0,0.0,-1.0169696969696966,-0.0182908218879441,9.0,9.0,0.0,0.0,0.0,0.0,0.0,0.0,0.0,93.37,0.0,97.63,100.0,100.0,100.0,50.0,25.7,0,0,1,0,0,0,0,1,2,0.8373,-6e-05,0.0007,0.2666666666666666
2026-09-16T00:09:59.000,600,MEMORY_STRESS,46.39999999999999,7.105427357601002e-15,46.4,46.4,0.0,0.0,1115580.5,0.0,0.0,0.0,0.0,0.0,1.087272727272727,0.0610827374872318,9.0,9.0,0.0,0.0,0.0,0.0,0.0,0.0,0.0,93.37,0.0,91.04,95.2,100.0,100.0,50.0,25.22,0,0,1,0,0,0,0,1,2,0.8409,-6e-05,0.0005,0.2666666666666666
2026-09-16T00:10:00.000,601,MEMORY_STRESS,46.39999999999999,7.105427357601002e-15,46.4,46.4,0.0,0.0,1115580.5,0.0,0.0,0.0,0.0,0.0,-0.952727272727273,-0.0141774891774891,9.0,9.0,0.0,0.0,0.0,0.0,0.0,0.0,0.0,93.37,0.0,94.67,100.0,100.0,100.0,50.0,25.6,0,0,1,0,0,0,0,1,2,0.838,-6e-05,0.0006,0.2666666666666666
2026-09-16T00:10:01.000,602,MEMORY_STRESS,46.39999999999999,7.105427357601002e-15,46.4,46.4,0.0,0.0,1115580.5,0.0,0.0,0.0,0.0,0.0,0.8824242424242426,0.022060606060606,9.0,9.0,0.0,0.0,0.0,0.0,0.0,0.0,0.0,93.37,0.0,92.59,100.0,100.0,100.0,50.0,25.53,0,0,1,0,0,0,0,1,2,0.8385,-6e-05,0.0006,0.2666666666666666
2026-09-16T00:10:02.000,603,MEMORY_STRESS,46.39999999999999,7.105427357601002e-15,46.4,46.4,0.0,0.0,1115580.5,0.0,0.0,0.0,0.0,0.0,-1.0169696969696966,-0.0182908218879441,9.0,9.0,0.0,0.0,0.0,0.0,0.0,0.0,0.0,93.37,0.0,97.63,100.0,100.0,100.0,50.0,25.7,0,0,1,0,0,0,0,1,2,0.8373,-6e-05,0.0007,0.2666666666666666
2026-09-16T00:10:03.000,604,MEMORY_STRESS,46.39999999999999,7.105427357601002e-15,46.4,46.4,0.0,0.0,1115580.5,0.0,0.0,0.0,0.0,0.0,1.087272727272727,0.0610827374872318,9.0,9.0,0.0,0.0,0.0,0.0,0.0,0.0,0.0,93.37,0.0,91.04,100.0,100.0,100.0,50.0,25.47,0,0,1,0,0,0,0,1,2,0.839,-6e-05,0.0007,0.2666666666666666
2026-09-16T00:10:04.000,605,MEMORY_STRESS,46.39999999999999,7.105427357601002e-15,46.4,46.4,0.0,0.0,1115580.5,0.0,0.0,0.0,0.0,0.0,-0.952727272727273,-0.0141774891774891,9.0,9.0,0.0,0.0,0.0,0.0,0.0,0.0,0.0,93.37,0.0,94.67,100.0,100.0,100.0,50.0,25.6,0,0,1,0,0,0,0,1,2,0.838,-6e-05,0.0007,0.2666666666666666
2026-09-16T00:10:05.000,606,MEMORY_STRESS,46.39999999999999,7.105427357601002e-15,46.4,46.4,0.0,0.0,1115580.5,0.0,0.0,0.0,0.0,0.0,-1.1793939393939394,-0.0294848484848484,9.0,9.0,0.0,0.0,0.0,0.0,0.0,0.0,0.0,93.37,0.0,97.63,100.0,100.0,100.0,50.0,25.7,0,0,1,0,0,0,0,1,2,0.8373,-6e-05,0.0008,0.2666666666666666
2026-09-16T00:10:06.000,607,MEMORY_STRESS,46.39999999999999,7.105427357601002e-15,46.4,46.4,0.0,0.0,1115580.5,0.0,0.0,0.0,0.0,0.0,0.0739393939393938,0.0013298452147372,9.0,9.0,0.0,0.0,0.0,0.0,0.0,0.0,0.0,93.37,0.0,91.04,95.2,100.0,100.0,50.0,25.22,0,0,1,0,0,0,0,1,2,0.8409,-6e-05,0.0006,0.2666666666666666
2026-09-16T00:10:07.000,608,MEMORY_STRESS,46.39999999999999,7.105427357601002e-15,46.4,46.4,0.0,0.0,1115580.5,0.0,0.0,0.0,0.0,0.0,0.5539393939393938,0.0311201906707524,9.0,9.0,0.0,0.0,0.0,0.0,0.0,0.0,0.0,93.37,0.0,94.67,100.0,100.0,100.0,50.0,25.6,0,0,1,0,0,0,0,1,2,0.838,-6e-05,0.0007,0.2666666666666666
2026-09-16T00:10:08.000,609,MEMORY_STRESS,46.39999999999999,7.105427357601002e-15,46.4,46.4,0.0,0.0,1115580.5,0.0,0.0,0.0,0.0,0.0,-0.4460606060606062,-0.0066378066378066,9.0,9.0,0.0,0.0,0.0,0.0,0.0,0.0,0.0,93.37,0.0,92.59,100.0,100.0,100.0,50.0,25.53,0,0,1,0,0,0,0,1,2,0.8385,-6e-05,0.0007,0.2666666666666666
2026-09-16T00:10:09.000,610,MEMORY_STRESS,46.39999999999999,7.105427357601002e-15,46.4,46.4,0.0,0.0,1115580.5,0.0,0.0,0.0,0.0,0.0,-0.6727272727272726,-0.0168181818181818,9.0,9.0,0.0,0.0,0.0,0.0,0.0,0.0,0.0,93.37,0.0,97.63,100.0,100.0,100.0,50.0,25.7,0,0,1,0,0,0,0,1,2,0.8373,-6e-05,0.0008,0.2666666666666666
2026-09-16T00:10:10.000,611,MEMORY_STRESS,46.39999999999999,7.105427357601002e-15,46.4,46.4,0.0,0.0,1115580.5,0.0,0.0,0.0,0.0,0.0,0.5806060606060607,0.0104425550468715,9.0,9.0,0.0,0.0,0.0,0.0,0.0,0.0,0.0,93.37,0.0,91.04,95.2,100.0,100.0,50.0,25.22,0,0,1,0,0,0,0,1,2,0.8409,-6e-05,0.0006,0.2666666666666666
2026-09-16T00:10:11.000,612,MEMORY_STRESS,46.39999999999999,7.105427357601002e-15,46.4,46.4,0.0,0.0,1115580.5,0.0,0.0,0.0,0.0,0.0,1.0606060606060603,0.0595846101464078,9.0,9.0,0.0,0.0,0.0,0.0,0.0,0.0,0.0,93.37,0.0,94.67,100.0,100.0,100.0,50.0,25.6,0,0,1,0,0,0,0,1,2,0.838,-6e-05,0.0006,0.2666666666666666
2026-09-16T00:10:12.000,613,MEMORY_STRESS,46.40999999999999,0.0300000000000004,46.4,46.5,0.0054545454545455,0.0001175548589341,1115580.5,0.0,0.0,0.0,0.0,0.0,0.0606060606060605,0.0009018759018759,9.0,9.0,0.0,0.0,0.0,0.0,0.0,0.0,0.0,93.36,0.0,92.59,100.0,100.0,100.0,50.0,25.53,0,0,1,0,0,0,0,1,2,0.8385,-6e-05,0.0006,0.2666784221525601
2026-09-16T00:10:13.000,614,MEMORY_STRESS,46.42,0.0400000000000005,46.4,46.5,0.0096969696969698,0.0002089864158829,1115580.5,0.0,0.0,0.0,0.0,0.0,-0.1660606060606059,-0.0041515151515151,9.0,9.0,0.0,0.0,0.0,0.0,0.0,0.0,0.0,93.36,0.0,97.63,100.0,100.0,100.0,50.0,25.7,0,0,1,0,0,0,0,1,2,0.8373,-6e-05,0.0007,0.2666875653082549
2026-09-16T00:10:14.000,615,MEMORY_STRESS,46.42999999999999,0.045825756949559,46.4,46.5,0.0127272727272729,0.0002742946708463,1115580.5,0.0,0.0,0.0,0.0,0.0,1.087272727272727,0.0610827374872318,9.0,9.0,0.0,0.0,0.0,0.0,0.0,0.0,0.0,93.36,0.0,91.04,99.2,100.0,100.0,50.0,25.43,0,0,1,0,0,0,0,1,2,0.8393,-6e-05,0.0007,0.2666940961337513
2026-09-16T00:10:15.000,616,MEMORY_STRESS,46.44,0.0489897948556642,46.4,46.5,0.0145454545454547,0.0003134796238244,1115580.5,0.0,0.0,0.0,0.0,0.0,-0.952727272727273,-0.0141774891774891,9.0,9.0,0.0,0.0,0.0,0.0,0.0,0.0,0.0,93.36,0.0,94.67,100.0,100.0,100.0,50.0,25.6,0,0,1,0,0,0,0,1,2,0.838,-6e-05,0.0007,0.2666980146290491
2026-09-16T00:10:16.000,617,MEMORY_STRESS,46.44,0.0489897948556642,46.4,46.5,0.0096969696969698,0.0002089864158829,1115580.5,0.0,0.0,0.0,0.0,0.0,0.8824242424242426,0.022060606060606,9.0,9.0,0.0,0.0,0.0,0.0,0.0,0.0,0.0,93.37,0.0,92.59,100.0,100.0,100.0,50.0,25.53,0,0,1,0,0,0,0,1,2,0.8385,-6e-05,0.0007,0.2666875653082549
2026-09-16T00:10:17.000,618,MEMORY_STRESS,46.44,0.0489897948556642,46.4,46.5,0.0048484848484849,0.0001044932079414,1115580.5,0.0,0.0,0.0,0.0,0.0,-1.0169696969696966,-0.0182908218879441,9.0,9.0,0.0,0.0,0.0,0.0,0.0,0.0,0.0,93.37,0.0,97.63,100.0,100.0,100.0,50.0,25.7,0,0,1,0,0,0,0,1,2,0.8373,-6e-05,0.0008,0.2666771159874608
2026-09-16T00:10:18.000,619,MEMORY_STRESS,46.43999999999999,0.0489897948556642,46.4,46.5,0.0,0.0,1115580.5,0.0,0.0,0.0,0.0,0.0,1.087272727272727,0.0610827374872318,9.0,9.0,0.0,0.0,0.0,0.0,0.0,0.0,0.0,93.37,0.0,91.04,96.0,100.0,100.0,50.0,25.26,0,0,1,0,0,0,0,1,2,0.8405,-6e-05,0.0006,0.2666666666666666
2026-09-16T00:10:19.000,620,MEMORY_STRESS,46.43999999999999,0.0489897948556642,46.4,46.5,-0.0048484848484849,-0.0001044932079414,1115580.5,0.0,0.0,0.0,0.0,0.0,-0.952727272727273,-0.0141774891774891,9.0,9.0,0.0,0.0,0.0,0.0,0.0,0.0,0.0,93.37,0.0,94.67,100.0,100.0,100.0,50.0,25.6,0,0,1,0,0,0,0,1,2,0.838,-6e-05,0.0007,0.2666771159874608
2026-09-16T00:10:20.000,621,MEMORY_STRESS,46.43999999999999,0.0489897948556642,46.4,46.5,-0.0096969696969698,-0.0002089864158829,1115580.5,0.0,0.0,0.0,0.0,0.0,0.8824242424242426,0.022060606060606,9.0,9.0,0.0,0.0,0.0,0.0,0.0,0.0,0.0,93.37,0.0,92.59,100.0,100.0,100.0,50.0,25.53,0,0,1,0,0,0,0,1,2,0.8385,-6e-05,0.0007,0.2666875653082549
2026-09-16T00:10:21.000,622,MEMORY_STRESS,46.43999999999999,0.0489897948556642,46.4,46.5,-0.0145454545454547,-0.0003128054740958,1115580.5,0.0,0.0,0.0,0.0,0.0,-1.0169696969696966,-0.0182908218879441,9.0,9.0,0.0,0.0,0.0,0.0,0.0,0.0,0.0,93.37,0.0,97.63,100.0,100.0,100.0,50.0,25.7,0,0,1,0,0,0,0,1,2,0.8373,-6e-05,0.0008,0.2666979472140762
2026-09-16T00:10:22.000,623,MEMORY_STRESS,46.42999999999999,0.045825756949559,46.4,46.5,-0.0127272727272729,-0.0002737047898338,1115580.5,0.0,0.0,0.0,0.0,0.0,1.087272727272727,0.0610827374872318,9.0,9.0,0.0,0.0,0.0,0.0,0.0,0.0,0.0,93.37,0.0,91.04,95.2,100.0,100.0,50.0,25.22,0,0,1,0,0,0,0,1,2,0.8409,-6e-05,0.0006,0.26669403714565
2026-09-16T00:10:23.000,624,MEMORY_STRESS,46.42,0.0400000000000005,46.4,46.5,-0.0096969696969698,-0.0002085369827305,1115580.5,0.0,0.0,0.0,0.0,0.0,-0.952727272727273,-0.0141774891774891,9.0,9.0,0.0,0.0,0.0,0.0,0.0,0.0,0.0,93.37,0.0,94.67,100.0,100.0,100.0,50.0,25.6,0,0,1,0,0,0,0,1,2,0.838,-6e-05,0.0006,0.2666875203649397
2026-09-16T00:10:24.000,625,MEMORY_STRESS,46.42,0.0400000000000005,46.4,46.5,0.0,0.0,1115580.5,0.0,0.0,0.0,0.0,0.0,0.8824242424242426,0.022060606060606,9.0,9.0,0.0,0.0,0.0,0.0,0.0,0.0,0.0,93.36,0.0,92.59,100.0,100.0,100.0,50.0,25.53,0,0,1,0,0,0,0,1,2,0.8385,-6e-05,0.0006,0.2666666666666666
2026-09-16T00:10:25.000,626,MEMORY_STRESS,46.42,0.0400000000000005,46.4,46.5,0.0096969696969698,0.0002089864158829,1115580.5,0.0,0.0,0.0,0.0,0.0,-1.0169696969696966,-0.0182908218879441,9.0,9.0,0.0,0.0,0.0,0.0,0.0,0.0,0.0,93.36,0.0,97.63,100.0,100.0,100.0,50.0,25.7,0,0,1,0,0,0,0,1,2,0.8373,-6e-05,0.0007,0.2666875653082549
2026-09-16T00:10:26.000,627,MEMORY_STRESS,46.42999999999999,0.045825756949559,46.4,46.5,0.0127272727272729,0.0002742946708463,1115580.5,0.0,0.0,0.0,0.0,0.0,1.087272727272727,0.0610827374872318,9.0,9.0,0.0,0.0,0.0,0.0,0.0,0.0,0.0,93.36,0.0,91.04,100.0,100.0,100.0,50.0,25.47,0,0,1,0,0,0,0,1,2,0.839,-6e-05,0.0007,0.2666940961337513
2026-09-16T00:10:27.000,628,MEMORY_STRESS,46.44,0.0489897948556642,46.4,46.5,0.0145454545454547,0.0003134796238244,1115580.5,0.0,0.0,0.0,0.0,0.0,-0.952727272727273,-0.0141774891774891,9.0,9.0,0.0,0.0,0.0,0.0,0.0,0.0,0.0,93.36,0.0,94.67,100.0,100.0,100.0,50.0,25.6,0,0,1,0,0,0,0,1,2,0.838,-6e-05,0.0007,0.2666980146290491
2026-09-16T00:10:28.000,629,MEMORY_STRESS,46.44,0.0489897948556642,46.4,46.5,0.0096969696969698,0.0002089864158829,1115580.5,0.0,0.0,0.0,0.0,0.0,1.5151515151515156,0.0378787878787878,9.0,9.0,0.0,0.0,0.0,0.0,0.0,0.0,0.0,93.37,0.0,91.04,95.2,100.0,100.0,50.0,25.22,0,0,1,0,0,0,0,1,2,0.8409,-6e-05,0.0006,0.2666875653082549
2026-09-16T00:10:29.000,630,MEMORY_STRESS,46.44,0.0489897948556642,46.4,46.5,0.0048484848484849,0.0001044932079414,1115580.5,0.0,0.0,0.0,0.0,0.0,0.6860606060606061,0.0123392195334641,9.0,9.0,0.0,0.0,0.0,0.0,0.0,0.0,0.0,93.37,0.0,94.67,100.0,100.0,100.0,50.0,25.6,0,0,1,0,0,0,0,1,2,0.838,-6e-05,0.0006,0.2666771159874608
2026-09-16T00:10:30.000,631,MEMORY_STRESS,46.45,0.0500000000000007,46.4,46.5,0.0054545454545455,0.0001175548589341,1115580.5,0.0,0.0,0.0,0.0,0.0,1.7478787878787878,0.0981954375212802,9.0,9.0,0.0,0.0,0.0,0.0,0.0,0.0,0.0,93.36,0.0,92.59,100.0,100.0,100.0,50.0,25.53,0,0,1,0,0,0,0,1,2,0.8385,-6e-05,0.0006,0.2666784221525601
2026-09-16T00:10:31.000,632,MEMORY_STRESS,46.46,0.0489897948556642,46.4,46.5,0.0048484848484849,0.0001044932079414,1115580.5,0.0,0.0,0.0,0.0,0.0,-1.7721212121212124,-0.0263708513708513,9.0,9.0,0.0,0.0,0.0,0.0,0.0,0.0,0.0,93.36,0.0,97.63,100.0,100.0,100.0,50.0,25.7,0,0,1,0,0,0,0,1,2,0.8373,-6e-05,0.0007,0.2666771159874608
2026-09-16T00:10:32.000,633,MEMORY_STRESS,46.47,0.045825756949559,46.4,46.5,0.003030303030303,6.53082549634283e-05,1115580.5,0.0,0.0,0.0,0.0,0.0,0.6957575757575758,0.0173939393939393,9.0,9.0,0.0,0.0,0.0,0.0,0.0,0.0,0.0,93.36,0.0,91.04,95.2,100.0,100.0,50.0,25.22,0,0,1,0,0,0,0,1,2,0.8409,-6e-05,0.0005,0.266673197492163
2026-09-16T00:10:33.000,634,MEMORY_STRESS,46.48,0.0400000000000005,46.4,46.5,0.0,0.0,1115580.5,0.0,0.0,0.0,0.0,0.0,-0.1333333333333333,-0.0023980815347721,9.0,9.0,0.0,0.0,0.0,0.0,0.0,0.0,0.0,93.36,0.0,94.67,100.0,100.0,100.0,50.0,25.6,0,0,1,0,0,0,0,1,2,0.838,-6e-05,0.0006,0.2666666666666666
2026-09-16T00:10:34.000,635,MEMORY_STRESS,46.47,0.045825756949559,46.4,46.5,-0.003030303030303,-6.51678071032919e-05,1115580.5,0.0,0.0,0.0,0.0,0.0,0.9284848484848484,0.0521620701395982,9.0,9.0,0.0,0.0,0.0,0.0,0.0,0.0,0.0,93.37,0.0,92.59,100.0,100.0,100.0,50.0,25.53,0,0,1,0,0,0,0,1,2,0.8385,-6e-05,0.0006,0.2666731834473769
2026-09-16T00:10:35.000,636,MEMORY_STRESS,46.46,0.0489897948556642,46.4,46.5,-0.0048484848484849,-0.0001042684913652,1115580.5,0.0,0.0,0.0,0.0,0.0,-2.591515151515152,-0.0385642135642135,9.0,9.0,0.0,0.0,0.0,0.0,0.0,0.0,0.0,93.37,0.0,97.63,100.0,100.0,100.0,50.0,25.7,0,0,1,0,0,0,0,1,2,0.8373,-6e-05,0.0006,0.2666770935158032
2026-09-16T00:10:36.000,637,MEMORY_STRESS,46.45,0.0500000000000007,46.4,46.5,-0.0054545454545455,-0.0001173020527859,1115580.5,0.0,0.0,0.0,0.0,0.0,-0.1236363636363635,-0.003090909090909,9.0,9.0,0.0,0.0,0.0,0.0,0.0,0.0,0.0,93.37,0.0,91.04,100.0,100.0,100.0,50.0,25.47,0,0,1,0,0,0,0,1,2,0.839,-6e-05,0.0006,0.2666783968719452
2026-09-16T00:10:37.000,638,MEMORY_STRESS,46.43999999999999,0.0489897948556642,46.4,46.5,-0.0048484848484849,-0.0001044932079414,1115580.5,0.0,0.0,0.0,0.0,0.0,-0.952727272727273,-0.0141774891774891,9.0,9.0,0.0,0.0,0.0,0.0,0.0,0.0,0.0,93.37,0.0,94.67,100.0,100.0,100.0,50.0,25.6,0,0,1,0,0,0,0,1,2,0.838,-6e-05,0.0006,0.2666771159874608
2026-09-16T00:10:38.000,639,MEMORY_STRESS,46.45,0.0500000000000007,46.4,46.5,-0.0042424242424243,-9.143155694879965e-05,1115580.5,0.0,0.0,0.0,0.0,0.0,0.8824242424242426,0.022060606060606,9.0,9.0,0.0,0.0,0.0,0.0,0.0,0.0,0.0,93.36,0.0,92.59,100.0,100.0,100.0,50.0,25.53,0,0,1,0,0,0,0,1,2,0.8385,-6e-05,0.0006,0.2666758098223615
2026-09-16T00:10:39.000,640,MEMORY_STRESS,46.46,0.0489897948556642,46.4,46.5,-0.0048484848484849,-0.0001042684913652,1115580.5,0.0,0.0,0.0,0.0,0.0,-1.0169696969696966,-0.0182908218879441,9.0,9.0,0.0,0.0,0.0,0.0,0.0,0.0,0.0,93.36,0.0,97.63,100.0,100.0,100.0,50.0,25.7,0,0,1,0,0,0,0,1,2,0.8373,-6e-05,0.0007,0.2666770935158032
2026-09-16T00:10:40.000,641,MEMORY_STRESS,46.46,0.0489897948556642,46.4,46.5,0.0,0.0,1115580.5,0.0,0.0,0.0,0.0,0.0,1.087272727272727,0.0610827374872318,9.0,9.0,0.0,0.0,0.0,0.0,0.0,0.0,0.0,93.36,0.0,91.04,95.2,100.0,100.0,50.0,25.22,0,0,1,0,0,0,0,1,2,0.8409,-6e-05,0.0006,0.2666666666666666
2026-09-16T00:10:41.000,642,MEMORY_STRESS,46.46,0.0489897948556642,46.4,46.5,0.0048484848484849,0.0001042684913652,1115580.5,0.0,0.0,0.0,0.0,0.0,-0.952727272727273,-0.0141774891774891,9.0,9.0,0.0,0.0,0.0,0.0,0.0,0.0,0.0,93.36,0.0,94.67,100.0,100.0,100.0,50.0,25.6,0,0,1,0,0,0,0,1,2,0.838,-6e-05,0.0006,0.2666770935158032
2026-09-16T00:10:42.000,643,MEMORY_STRESS,46.46,0.0489897948556642,46.4,46.5,0.0096969696969698,0.0002085369827305,1115580.5,0.0,0.0,0.0,0.0,0.0,0.8824242424242426,0.022060606060606,9.0,9.0,0.0,0.0,0.0,0.0,0.0,0.0,0.0,93.36,0.0,92.59,100.0,100.0,100.0,50.0,25.53,0,0,1,0,0,0,0,1,2,0.8385,-6e-05,0.0006,0.2666875203649397
2026-09-16T00:10:43.000,644,MEMORY_STRESS,46.46,0.0489897948556642,46.4,46.5,0.0145454545454547,0.0003134796238244,1115580.5,0.0,0.0,0.0,0.0,0.0,-1.0169696969696966,-0.0182908218879441,9.0,9.0,0.0,0.0,0.0,0.0,0.0,0.0,0.0,93.36,0.0,97.63,100.0,100.0,100.0,50.0,25.7,0,0,1,0,0,0,0,1,2,0.8373,-6e-05,0.0007,0.2666980146290491
2026-09-16T00:10:44.000,645,MEMORY_STRESS,46.47,0.045825756949559,46.4,46.5,0.0127272727272729,0.0002742946708463,1115580.5,0.0,0.0,0.0,0.0,0.0,1.087272727272727,0.0610827374872318,9.0,9.0,0.0,0.0,0.0,0.0,0.0,0.0,0.0,93.36,0.0,91.04,95.2,100.0,100.0,50.0,25.22,0,0,1,0,0,0,0,1,2,0.8409,-5e-05,0.0005,0.2666940961337513
2026-09-16T00:10:45.000,646,MEMORY_STRESS,46.48,0.0400000000000005,46.4,46.5,0.0096969696969698,0.0002089864158829,1115580.5,0.0,0.0,0.0,0.0,0.0,-0.952727272727273,-0.0141774891774891,9.0,9.0,0.0,0.0,0.0,0.0,0.0,0.0,0.0,93.36,0.0,94.67,100.0,100.0,100.0,50.0,25.6,0,0,1,0,0,0,0,1,2,0.838,-6e-05,0.0006,0.2666875653082549
2026-09-16T00:10:46.000,647,MEMORY_STRESS,46.49,0.0300000000000004,46.4,46.5,0.0054545454545455,0.0001175548589341,1115580.5,0.0,0.0,0.0,0.0,0.0,0.8824242424242426,0.022060606060606,9.0,9.0,0.0,0.0,0.0,0.0,0.0,0.0,0.0,93.36,0.0,92.59,100.0,100.0,100.0,50.0,25.53,0,0,1,0,0,0,0,1,2,0.8385,-5e-05,0.0006,0.2666784221525601
2026-09-16T00:10:47.000,648,MEMORY_STRESS,46.5,0.0,46.5,46.5,0.0,0.0,1115580.5,0.0,0.0,0.0,0.0,0.0,-1.0169696969696966,-0.0182908218879441,9.0,9.0,0.0,0.0,0.0,0.0,0.0,0.0,0.0,93.36,0.0,97.63,100.0,100.0,100.0,50.0,25.7,0,0,1,0,0,0,0,1,2,0.8373,-6e-05,0.0006,0.2666666666666666
2026-09-16T00:10:48.000,649,MEMORY_STRESS,46.5,0.0,46.5,46.5,0.0,0.0,1115580.5,0.0,0.0,0.0,0.0,0.0,1.087272727272727,0.0610827374872318,9.0,9.0,0.0,0.0,0.0,0.0,0.0,0.0,0.0,93.36,0.0,91.04,99.2,100.0,100.0,50.0,25.43,0,0,1,0,0,0,0,1,2,0.8393,-5e-05,0.0006,0.2666666666666666
2026-09-16T00:10:49.000,650,MEMORY_STRESS,46.5,0.0,46.5,46.5,0.0,0.0,1115580.5,0.0,0.0,0.0,0.0,0.0,-0.952727272727273,-0.0141774891774891,9.0,9.0,0.0,0.0,0.0,0.0,0.0,0.0,0.0,93.36,0.0,94.67,100.0,100.0,100.0,50.0,25.6,0,0,1,0,0,0,0,1,2,0.838,-5e-05,0.0006,0.2666666666666666
2026-09-16T00:10:50.000,651,MEMORY_STRESS,46.5,0.0,46.5,46.5,0.0,0.0,1115580.5,0.0,0.0,0.0,0.0,0.0,1.5151515151515156,0.0378787878787878,9.0,9.0,0.0,0.0,0.0,0.0,0.0,0.0,0.0,93.36,0.0,91.04,96.0,100.0,100.0,50.0,25.26,0,0,1,0,0,0,0,1,2,0.8405,-5e-05,0.0005,0.2666666666666666
2026-09-16T00:10:51.000,652,MEMORY_STRESS,46.5,0.0,46.5,46.5,0.0,0.0,1115580.5,0.0,0.0,0.0,0.0,0.0,0.6860606060606061,0.0123392195334641,9.0,9.0,0.0,0.0,0.0,0.0,0.0,0.0,0.0,93.36,0.0,94.67,100.0,100.0,100.0,50.0,25.6,0,0,1,0,0,0,0,1,2,0.838,-5e-05,0.0005,0.2666666666666666
2026-09-16T00:10:52.000,653,MEMORY_STRESS,46.5,0.0,46.5,46.5,0.0,0.0,1115580.5,0.0,0.0,0.0,0.0,0.0,1.7478787878787878,0.0981954375212802,9.0,9.0,0.0,0.0,0.0,0.0,0.0,0.0,0.0,93.36,0.0,92.59,100.0,100.0,100.0,50.0,25.53,0,0,1,0,0,0,0,1,2,0.8385,-5e-05,0.0005,0.2666666666666666
2026-09-16T00:10:53.000,654,MEMORY_STRESS,46.5,0.0,46.5,46.5,0.0,0.0,1115580.5,0.0,0.0,0.0,0.0,0.0,-1.7721212121212124,-0.0263708513708513,9.0,9.0,0.0,0.0,0.0,0.0,0.0,0.0,0.0,93.36,0.0,97.63,100.0,100.0,100.0,50.0,25.7,0,0,1,0,0,0,0,1,2,0.8373,-5e-05,0.0006,0.2666666666666666
2026-09-16T00:10:54.000,655,MEMORY_STRESS,46.5,0.0,46.5,46.5,0.0,0.0,1115580.5,0.0,0.0,0.0,0.0,0.0,0.6957575757575758,0.0173939393939393,9.0,9.0,0.0,0.0,0.0,0.0,0.0,0.0,0.0,93.36,0.0,91.04,95.2,100.0,100.0,50.0,25.22,0,0,1,0,0,0,0,1,2,0.8409,-5e-05,0.0005,0.2666666666666666
2026-09-16T00:10:55.000,656,MEMORY_STRESS,46.5,0.0,46.5,46.5,0.0,0.0,1115580.5,0.0,0.0,0.0,0.0,0.0,-0.1333333333333333,-0.0023980815347721,9.0,9.0,0.0,0.0,0.0,0.0,0.0,0.0,0.0,93.36,0.0,94.67,100.0,100.0,100.0,50.0,25.6,0,0,1,0,0,0,0,1,2,0.838,-5e-05,0.0005,0.2666666666666666
2026-09-16T00:10:56.000,657,MEMORY_STRESS,46.5,0.0,46.5,46.5,0.0,0.0,1115580.5,0.0,0.0,0.0,0.0,0.0,0.9284848484848484,0.0521620701395982,9.0,9.0,0.0,0.0,0.0,0.0,0.0,0.0,0.0,93.36,0.0,92.59,100.0,100.0,100.0,50.0,25.53,0,0,1,0,0,0,0,1,2,0.8385,-5e-05,0.0005,0.2666666666666666
2026-09-16T00:10:57.000,658,MEMORY_STRESS,46.5,0.0,46.5,46.5,0.0,0.0,1115580.5,0.0,0.0,0.0,0.0,0.0,-2.591515151515152,-0.0385642135642135,9.0,9.0,0.0,0.0,0.0,0.0,0.0,0.0,0.0,93.36,0.0,97.63,100.0,100.0,100.0,50.0,25.7,0,0,1,0,0,0,0,1,2,0.8373,-5e-05,0.0006,0.2666666666666666
2026-09-16T00:10:58.000,659,MEMORY_STRESS,46.5,0.0,46.5,46.5,0.0,0.0,1115580.5,0.0,0.0,0.0,0.0,0.0,-0.1236363636363635,-0.003090909090909,9.0,9.0,0.0,0.0,0.0,0.0,0.0,0.0,0.0,93.36,0.0,91.04,100.0,100.0,100.0,50.0,25.47,0,0,1,0,0,0,0,1,2,0.839,-5e-05,0.0006,0.2666666666666666
2026-09-16T00:10:59.000,660,MEMORY_STRESS,46.5,0.0,46.5,46.5,0.0,0.0,1115580.5,0.0,0.0,0.0,0.0,0.0,-0.952727272727273,-0.0141774891774891,9.0,9.0,0.0,0.0,0.0,0.0,0.0,0.0,0.0,93.36,0.0,94.67,100.0,100.0,100.0,50.0,25.6,0,0,1,0,0,0,0,1,2,0.838,-5e-05,0.0006,0.2666666666666666
2026-09-16T00:11:00.000,661,MEMORY_STRESS,46.5,0.0,46.5,46.5,0.0,0.0,1115580.5,0.0,0.0,0.0,0.0,0.0,1.5151515151515156,0.0378787878787878,9.0,9.0,0.0,0.0,0.0,0.0,0.0,0.0,0.0,93.36,0.0,91.04,95.2,100.0,100.0,50.0,25.22,0,0,1,0,0,0,0,1,2,0.8409,-5e-05,0.0005,0.2666666666666666
2026-09-16T00:11:01.000,662,MEMORY_STRESS,46.5,0.0,46.5,46.5,0.0,0.0,1115580.5,0.0,0.0,0.0,0.0,0.0,0.6860606060606061,0.0123392195334641,9.0,9.0,0.0,0.0,0.0,0.0,0.0,0.0,0.0,93.36,0.0,94.67,100.0,100.0,100.0,50.0,25.6,0,0,1,0,0,0,0,1,2,0.838,-5e-05,0.0005,0.2666666666666666
2026-09-16T00:11:02.000,663,MEMORY_STRESS,46.5,0.0,46.5,46.5,0.0,0.0,1115580.5,0.0,0.0,0.0,0.0,0.0,1.7478787878787878,0.0981954375212802,9.0,9.0,0.0,0.0,0.0,0.0,0.0,0.0,0.0,93.36,0.0,92.59,100.0,100.0,100.0,50.0,25.53,0,0,1,0,0,0,0,1,2,0.8385,-5e-05,0.0005,0.2666666666666666
2026-09-16T00:11:03.000,664,MEMORY_STRESS,46.5,0.0,46.5,46.5,0.0,0.0,1115580.5,0.0,0.0,0.0,0.0,0.0,-1.7721212121212124,-0.0263708513708513,9.0,9.0,0.0,0.0,0.0,0.0,0.0,0.0,0.0,93.36,0.0,97.63,100.0,100.0,100.0,50.0,25.7,0,0,1,0,0,0,0,1,2,0.8373,-5e-05,0.0005,0.2666666666666666
2026-09-16T00:11:04.000,665,MEMORY_STRESS,46.5,0.0,46.5,46.5,0.0,0.0,1115580.5,0.0,0.0,0.0,0.0,0.0,0.6957575757575758,0.0173939393939393,9.0,9.0,0.0,0.0,0.0,0.0,0.0,0.0,0.0,93.36,0.0,91.04,95.2,100.0,100.0,50.0,25.22,0,0,1,0,0,0,0,1,2,0.8409,-5e-05,0.0004,0.2666666666666666
2026-09-16T00:11:05.000,666,MEMORY_STRESS,46.5,0.0,46.5,46.5,0.0,0.0,1115580.5,0.0,0.0,0.0,0.0,0.0,-0.1333333333333333,-0.0023980815347721,9.0,9.0,0.0,0.0,0.0,0.0,0.0,0.0,0.0,93.36,0.0,94.67,100.0,100.0,100.0,50.0,25.6,0,0,1,0,0,0,0,1,2,0.838,-5e-05,0.0005,0.2666666666666666
2026-09-16T00:11:06.000,667,MEMORY_STRESS,46.5,0.0,46.5,46.5,0.0,0.0,1115580.5,0.0,0.0,0.0,0.0,0.0,0.9284848484848484,0.0521620701395982,9.0,9.0,0.0,0.0,0.0,0.0,0.0,0.0,0.0,93.36,0.0,92.59,100.0,100.0,100.0,50.0,25.53,0,0,1,0,0,0,0,1,2,0.8385,-5e-05,0.0005,0.2666666666666666
2026-09-16T00:11:07.000,668,MEMORY_STRESS,46.5,0.0,46.5,46.5,0.0,0.0,1115580.5,0.0,0.0,0.0,0.0,0.0,-2.591515151515152,-0.0385642135642135,9.0,9.0,0.0,0.0,0.0,0.0,0.0,0.0,0.0,93.36,0.0,97.63,100.0,100.0,100.0,50.0,25.7,0,0,1,0,0,0,0,1,2,0.8373,-5e-05,0.0005,0.2666666666666666
2026-09-16T00:11:08.000,669,MEMORY_STRESS,46.5,0.0,46.5,46.5,0.0,0.0,1115580.5,0.0,0.0,0.0,0.0,0.0,-0.1236363636363635,-0.003090909090909,9.0,9.0,0.0,0.0,0.0,0.0,0.0,0.0,0.0,93.36,0.0,91.04,100.0,100.0,100.0,50.0,25.47,0,0,1,0,0,0,0,1,2,0.839,-5e-05,0.0005,0.2666666666666666
2026-09-16T00:11:09.000,670,MEMORY_STRESS,46.5,0.0,46.5,46.5,0.0,0.0,1115580.5,0.0,0.0,0.0,0.0,0.0,-0.952727272727273,-0.0141774891774891,9.0,9.0,0.0,0.0,0.0,0.0,0.0,0.0,0.0,93.36,0.0,94.67,100.0,100.0,100.0,50.0,25.6,0,0,1,0,0,0,0,1,2,0.838,-5e-05,0.0005,0.2666666666666666
2026-09-16T00:11:10.000,671,MEMORY_STRESS,46.5,0.0,46.5,46.5,0.0,0.0,1115580.5,0.0,0.0,0.0,0.0,0.0,-1.1793939393939394,-0.0294848484848484,9.0,9.0,0.0,0.0,0.0,0.0,0.0,0.0,0.0,93.36,0.0,97.63,100.0,100.0,100.0,50.0,25.7,0,0,1,0,0,0,0,1,2,0.8373,-5e-05,0.0006,0.2666666666666666
2026-09-16T00:11:11.000,672,MEMORY_STRESS,46.5,0.0,46.5,46.5,0.0,0.0,1115580.5,0.0,0.0,0.0,0.0,0.0,0.0739393939393938,0.0013298452147372,9.0,9.0,0.0,0.0,0.0,0.0,0.0,0.0,0.0,93.36,0.0,91.04,95.2,100.0,100.0,50.0,25.22,0,0,1,0,0,0,0,1,2,0.8409,-5e-05,0.0005,0.2666666666666666
2026-09-16T00:11:12.000,673,MEMORY_STRESS,46.5,0.0,46.5,46.5,0.0,0.0,1115580.5,0.0,0.0,0.0,0.0,0.0,0.5539393939393938,0.0311201906707524,9.0,9.0,0.0,0.0,0.0,0.0,0.0,0.0,0.0,93.36,0.0,94.67,100.0,100.0,100.0,50.0,25.6,0,0,1,0,0,0,0,1,2,0.838,-5e-05,0.0005,0.2666666666666666
2026-09-16T00:11:13.000,674,MEMORY_STRESS,46.5,0.0,46.5,46.5,0.0,0.0,1115580.5,0.0,0.0,0.0,0.0,0.0,-0.4460606060606062,-0.0066378066378066,9.0,9.0,0.0,0.0,0.0,0.0,0.0,0.0,0.0,93.36,0.0,92.59,100.0,100.0,100.0,50.0,25.53,0,0,1,0,0,0,0,1,2,0.8385,-5e-05,0.0005,0.2666666666666666
2026-09-16T00:11:14.000,675,MEMORY_STRESS,46.5,0.0,46.5,46.5,0.0,0.0,1115580.5,0.0,0.0,0.0,0.0,0.0,-0.6727272727272726,-0.0168181818181818,9.0,9.0,0.0,0.0,0.0,0.0,0.0,0.0,0.0,93.36,0.0,97.63,100.0,100.0,100.0,50.0,25.7,0,0,1,0,0,0,0,1,2,0.8373,-5e-05,0.0005,0.2666666666666666
2026-09-16T00:11:15.000,676,MEMORY_STRESS,46.5,0.0,46.5,46.5,0.0,0.0,1115580.5,0.0,0.0,0.0,0.0,0.0,0.5806060606060607,0.0104425550468715,9.0,9.0,0.0,0.0,0.0,0.0,0.0,0.0,0.0,93.36,0.0,91.04,95.2,100.0,100.0,50.0,25.22,0,0,1,0,0,0,0,1,2,0.8409,-5e-05,0.0004,0.2666666666666666
2026-09-16T00:11:16.000,677,MEMORY_STRESS,46.5,0.0,46.5,46.5,0.0,0.0,1115580.5,0.0,0.0,0.0,0.0,0.0,1.0606060606060603,0.0595846101464078,9.0,9.0,0.0,0.0,0.0,0.0,0.0,0.0,0.0,93.36,0.0,94.67,100.0,100.0,100.0,50.0,25.6,0,0,1,0,0,0,0,1,2,0.838,-5e-05,0.0005,0.2666666666666666
2026-09-16T00:11:17.000,678,MEMORY_STRESS,46.5,0.0,46.5,46.5,0.0,0.0,1115580.5,0.0,0.0,0.0,0.0,0.0,0.0606060606060605,0.0009018759018759,9.0,9.0,0.0,0.0,0.0,0.0,0.0,0.0,0.0,93.36,0.0,92.59,100.0,100.0,100.0,50.0,25.53,0,0,1,0,0,0,0,1,2,0.8385,-5e-05,0.0005,0.2666666666666666
2026-09-16T00:11:18.000,679,MEMORY_STRESS,46.5,0.0,46.5,46.5,0.0,0.0,1115580.5,0.0,0.0,0.0,0.0,0.0,-0.1660606060606059,-0.0041515151515151,9.0,9.0,0.0,0.0,0.0,0.0,0.0,0.0,0.0,93.36,0.0,97.63,100.0,100.0,100.0,50.0,25.7,0,0,1,0,0,0,0,1,2,0.8373,-5e-05,0.0005,0.2666666666666666
2026-09-16T00:11:19.000,680,MEMORY_STRESS,46.5,0.0,46.5,46.5,0.0,0.0,1115580.5,0.0,0.0,0.0,0.0,0.0,1.087272727272727,0.0610827374872318,9.0,9.0,0.0,0.0,0.0,0.0,0.0,0.0,0.0,93.36,0.0,91.04,99.2,100.0,100.0,50.0,25.43,0,0,1,0,0,0,0,1,2,0.8393,-5e-05,0.0005,0.2666666666666666
2026-09-16T00:11:20.000,681,MEMORY_STRESS,46.5,0.0,46.5,46.5,0.0,0.0,1115580.5,0.0,0.0,0.0,0.0,0.0,-0.952727272727273,-0.0141774891774891,9.0,9.0,0.0,0.0,0.0,0.0,0.0,0.0,0.0,93.36,0.0,94.67,100.0,100.0,100.0,50.0,25.6,0,0,1,0,0,0,0,1,2,0.838,-5e-05,0.0005,0.2666666666666666
2026-09-16T00:11:21.000,682,MEMORY_STRESS,46.5,0.0,46.5,46.5,0.0,0.0,1115580.5,0.0,0.0,0.0,0.0,0.0,1.5151515151515156,0.0378787878787878,9.0,9.0,0.0,0.0,0.0,0.0,0.0,0.0,0.0,93.36,0.0,91.04,96.0,100.0,100.0,50.0,25.26,0,0,1,0,0,0,0,1,2,0.8405,-5e-05,0.0004,0.2666666666666666
2026-09-16T00:11:22.000,683,MEMORY_STRESS,46.5,0.0,46.5,46.5,0.0,0.0,1115580.5,0.0,0.0,0.0,0.0,0.0,0.6860606060606061,0.0123392195334641,9.0,9.0,0.0,0.0,0.0,0.0,0.0,0.0,0.0,93.36,0.0,94.67,100.0,100.0,100.0,50.0,25.6,0,0,1,0,0,0,0,1,2,0.838,-5e-05,0.0004,0.2666666666666666
2026-09-16T00:11:23.000,684,MEMORY_STRESS,46.5,0.0,46.5,46.5,0.0,0.0,1115580.5,0.0,0.0,0.0,0.0,0.0,1.7478787878787878,0.0981954375212802,9.0,9.0,0.0,0.0,0.0,0.0,0.0,0.0,0.0,93.36,0.0,92.59,100.0,100.0,100.0,50.0,25.53,0,0,1,0,0,0,0,1,2,0.8385,-5e-05,0.0004,0.2666666666666666
2026-09-16T00:11:24.000,685,MEMORY_STRESS,46.5,0.0,46.5,46.5,0.0,0.0,1115580.5,0.0,0.0,0.0,0.0,0.0,-1.7721212121212124,-0.0263708513708513,9.0,9.0,0.0,0.0,0.0,0.0,0.0,0.0,0.0,93.36,0.0,97.63,100.0,100.0,100.0,50.0,25.7,0,0,1,0,0,0,0,1,2,0.8373,-5e-05,0.0005,0.2666666666666666
2026-09-16T00:11:25.000,686,MEMORY_STRESS,46.5,0.0,46.5,46.5,0.0,0.0,1115580.5,0.0,0.0,0.0,0.0,0.0,0.6957575757575758,0.0173939393939393,9.0,9.0,0.0,0.0,0.0,0.0,0.0,0.0,0.0,93.36,0.0,91.04,95.2,100.0,100.0,50.0,25.22,0,0,1,0,0,0,0,1,2,0.8409,-5e-05,0.0004,0.2666666666666666
2026-09-16T00:11:26.000,687,MEMORY_STRESS,46.5,0.0,46.5,46.5,0.0,0.0,1115580.5,0.0,0.0,0.0,0.0,0.0,-0.1333333333333333,-0.0023980815347721,9.0,9.0,0.0,0.0,0.0,0.0,0.0,0.0,0.0,93.36,0.0,94.67,100.0,100.0,100.0,50.0,25.6,0,0,1,0,0,0,0,1,2,0.838,-5e-05,0.0004,0.2666666666666666
2026-09-16T00:11:27.000,688,MEMORY_STRESS,46.5,0.0,46.5,46.5,0.0,0.0,1115580.5,0.0,0.0,0.0,0.0,0.0,0.9284848484848484,0.0521620701395982,9.0,9.0,0.0,0.0,0.0,0.0,0.0,0.0,0.0,93.36,0.0,92.59,100.0,100.0,100.0,50.0,25.53,0,0,1,0,0,0,0,1,2,0.8385,-5e-05,0.0004,0.2666666666666666
2026-09-16T00:11:28.000,689,MEMORY_STRESS,46.5,0.0,46.5,46.5,0.0,0.0,1115580.5,0.0,0.0,0.0,0.0,0.0,-2.591515151515152,-0.0385642135642135,9.0,9.0,0.0,0.0,0.0,0.0,0.0,0.0,0.0,93.36,0.0,97.63,100.0,100.0,100.0,50.0,25.7,0,0,1,0,0,0,0,1,2,0.8373,-5e-05,0.0005,0.2666666666666666
2026-09-16T00:11:29.000,690,MEMORY_STRESS,46.5,0.0,46.5,46.5,0.0,0.0,1115580.5,0.0,0.0,0.0,0.0,0.0,-0.1236363636363635,-0.003090909090909,9.0,9.0,0.0,0.0,0.0,0.0,0.0,0.0,0.0,93.36,0.0,91.04,100.0,100.0,100.0,50.0,25.47,0,0,1,0,0,0,0,1,2,0.839,-5e-05,0.0004,0.2666666666666666
2026-09-16T00:11:30.000,691,MEMORY_STRESS,46.5,0.0,46.5,46.5,0.0,0.0,1115580.5,0.0,0.0,0.0,0.0,0.0,-0.952727272727273,-0.0141774891774891,9.0,9.0,0.0,0.0,0.0,0.0,0.0,0.0,0.0,93.36,0.0,94.67,100.0,100.0,100.0,50.0,25.6,0,0,1,0,0,0,0,1,2,0.838,-5e-05,0.0005,0.2666666666666666
2026-09-16T00:11:31.000,692,MEMORY_STRESS,46.5,0.0,46.5,46.5,0.0,0.0,1115580.5,0.0,0.0,0.0,0.0,0.0,0.8824242424242426,0.022060606060606,9.0,9.0,0.0,0.0,0.0,0.0,0.0,0.0,0.0,93.36,0.0,92.59,100.0,100.0,100.0,50.0,25.53,0,0,1,0,0,0,0,1,2,0.8385,-5e-05,0.0005,0.2666666666666666
2026-09-16T00:11:32.000,693,MEMORY_STRESS,46.5,0.0,46.5,46.5,0.0,0.0,1115580.5,0.0,0.0,0.0,0.0,0.0,-1.0169696969696966,-0.0182908218879441,9.0,9.0,0.0,0.0,0.0,0.0,0.0,0.0,0.0,93.36,0.0,97.63,100.0,100.0,100.0,50.0,25.7,0,0,1,0,0,0,0,1,2,0.8373,-5e-05,0.0005,0.2666666666666666
2026-09-16T00:11:33.000,694,MEMORY_STRESS,46.5,0.0,46.5,46.5,0.0,0.0,1115580.5,0.0,0.0,0.0,0.0,0.0,1.087272727272727,0.0610827374872318,9.0,9.0,0.0,0.0,0.0,0.0,0.0,0.0,0.0,93.36,0.0,91.04,95.2,100.0,100.0,50.0,25.22,0,0,1,0,0,0,0,1,2,0.8409,-5e-05,0.0004,0.2666666666666666
2026-09-16T00:11:34.000,695,MEMORY_STRESS,46.5,0.0,46.5,46.5,0.0,0.0,1115580.5,0.0,0.0,0.0,0.0,0.0,-0.952727272727273,-0.0141774891774891,9.0,9.0,0.0,0.0,0.0,0.0,0.0,0.0,0.0,93.36,0.0,94.67,100.0,100.0,100.0,50.0,25.6,0,0,1,0,0,0,0,1,2,0.838,-5e-05,0.0004,0.2666666666666666
2026-09-16T00:11:35.000,696,MEMORY_STRESS,46.5,0.0,46.5,46.5,0.0,0.0,1115580.5,0.0,0.0,0.0,0.0,0.0,0.8824242424242426,0.022060606060606,9.0,9.0,0.0,0.0,0.0,0.0,0.0,0.0,0.0,93.36,0.0,92.59,100.0,100.0,100.0,50.0,25.53,0,0,1,0,0,0,0,1,2,0.8385,-4e-05,0.0004,0.2666666666666666
2026-09-16T00:11:36.000,697,MEMORY_STRESS,46.5,0.0,46.5,46.5,0.0,0.0,1115580.5,0.0,0.0,0.0,0.0,0.0,-1.0169696969696966,-0.0182908218879441,9.0,9.0,0.0,0.0,0.0,0.0,0.0,0.0,0.0,93.36,0.0,97.63,100.0,100.0,100.0,50.0,25.7,0,0,1,0,0,0,0,1,2,0.8373,-4e-05,0.0005,0.2666666666666666
2026-09-16T00:11:37.000,698,MEMORY_STRESS,46.5,0.0,46.5,46.5,0.0,0.0,1115580.5,0.0,0.0,0.0,0.0,0.0,1.087272727272727,0.0610827374872318,9.0,9.0,0.0,0.0,0.0,0.0,0.0,0.0,0.0,93.36,0.0,91.04,95.2,100.0,100.0,50.0,25.22,0,0,1,0,0,0,0,1,2,0.8409,-4e-05,0.0004,0.2666666666666666
2026-09-16T00:11:38.000,699,MEMORY_STRESS,46.5,0.0,46.5,46.5,0.0,0.0,1115580.5,0.0,0.0,0.0,0.0,0.0,-0.952727272727273,-0.0141774891774891,9.0,9.0,0.0,0.0,0.0,0.0,0.0,0.0,0.0,93.36,0.0,94.67,100.0,100.0,100.0,50.0,25.6,0,0,1,0,0,0,0,1,2,0.838,-4e-05,0.0004,0.2666666666666666
2026-09-16T00:11:39.000,700,MEMORY_STRESS,46.5,0.0,46.5,46.5,0.0,0.0,1115580.5,0.0,0.0,0.0,0.0,0.0,0.8824242424242426,0.022060606060606,9.0,9.0,0.0,0.0,0.0,0.0,0.0,0.0,0.0,93.36,0.0,92.59,100.0,100.0,100.0,50.0,25.53,0,0,1,0,0,0,0,1,2,0.8385,-4e-05,0.0004,0.2666666666666666
2026-09-16T00:11:40.000,701,MEMORY_STRESS,46.5,0.0,46.5,46.5,0.0,0.0,1115580.5,0.0,0.0,0.0,0.0,0.0,-1.0169696969696966,-0.0182908218879441,9.0,9.0,0.0,0.0,0.0,0.0,0.0,0.0,0.0,93.36,0.0,97.63,100.0,100.0,100.0,50.0,25.7,0,0,1,0,0,0,0,1,2,0.8373,-4e-05,0.0005,0.2666666666666666
2026-09-16T00:11:41.000,702,MEMORY_STRESS,46.5,0.0,46.5,46.5,0.0,0.0,1115580.5,0.0,0.0,0.0,0.0,0.0,1.087272727272727,0.0610827374872318,9.0,9.0,0.0,0.0,0.0,0.0,0.0,0.0,0.0,93.36,0.0,91.04,100.0,100.0,100.0,50.0,25.47,0,0,1,0,0,0,0,1,2,0.839,-4e-05,0.0004,0.2666666666666666
2026-09-16T00:11:42.000,703,MEMORY_STRESS,46.5,0.0,46.5,46.5,0.0,0.0,1115580.5,0.0,0.0,0.0,0.0,0.0,-0.952727272727273,-0.0141774891774891,9.0,9.0,0.0,0.0,0.0,0.0,0.0,0.0,0.0,93.36,0.0,94.67,100.0,100.0,100.0,50.0,25.6,0,0,1,0,0,0,0,1,2,0.838,-4e-05,0.0005,0.2666666666666666
2026-09-16T00:11:43.000,704,MEMORY_STRESS,46.5,0.0,46.5,46.5,0.0,0.0,1115580.5,0.0,0.0,0.0,0.0,0.0,0.8824242424242426,0.022060606060606,9.0,9.0,0.0,0.0,0.0,0.0,0.0,0.0,0.0,93.36,0.0,92.59,100.0,100.0,100.0,50.0,25.53,0,0,1,0,0,0,0,1,2,0.8385,-4e-05,0.0005,0.2666666666666666
2026-09-16T00:11:44.000,705,MEMORY_STRESS,46.5,0.0,46.5,46.5,0.0,0.0,1115580.5,0.0,0.0,0.0,0.0,0.0,-1.0169696969696966,-0.0182908218879441,9.0,9.0,0.0,0.0,0.0,0.0,0.0,0.0,0.0,93.36,0.0,97.63,100.0,100.0,100.0,50.0,25.7,0,0,1,0,0,0,0,1,2,0.8373,-4e-05,0.0005,0.2666666666666666
2026-09-16T00:11:45.000,706,MEMORY_STRESS,46.5,0.0,46.5,46.5,0.0,0.0,1115580.5,0.0,0.0,0.0,0.0,0.0,1.087272727272727,0.0610827374872318,9.0,9.0,0.0,0.0,0.0,0.0,0.0,0.0,0.0,93.36,0.0,91.04,95.2,100.0,100.0,50.0,25.22,0,0,1,0,0,0,0,1,2,0.8409,-4e-05,0.0004,0.2666666666666666
2026-09-16T00:11:46.000,707,MEMORY_STRESS,46.5,0.0,46.5,46.5,0.0,0.0,1115580.5,0.0,0.0,0.0,0.0,0.0,-0.952727272727273,-0.0141774891774891,9.0,9.0,0.0,0.0,0.0,0.0,0.0,0.0,0.0,93.36,0.0,94.67,100.0,100.0,100.0,50.0,25.6,0,0,1,0,0,0,0,1,2,0.838,-4e-05,0.0004,0.2666666666666666
2026-09-16T00:11:47.000,708,MEMORY_STRESS,46.5,0.0,46.5,46.5,0.0,0.0,1115580.5,0.0,0.0,0.0,0.0,0.0,0.8824242424242426,0.022060606060606,9.0,9.0,0.0,0.0,0.0,0.0,0.0,0.0,0.0,93.36,0.0,92.59,100.0,100.0,100.0,50.0,25.53,0,0,1,0,0,0,0,1,2,0.8385,-4e-05,0.0004,0.2666666666666666
2026-09-16T00:11:48.000,709,MEMORY_STRESS,46.5,0.0,46.5,46.5,0.0,0.0,1115580.5,0.0,0.0,0.0,0.0,0.0,0.193939393939394,0.0034881185960322,9.0,9.0,0.0,0.0,0.0,0.0,0.0,0.0,0.0,93.36,0.0,94.67,100.0,100.0,100.0,50.0,25.6,0,0,1,0,0,0,0,1,2,0.838,-4e-05,0.0005,0.2666666666666666
2026-09-16T00:11:49.000,710,MEMORY_STRESS,46.5,0.0,46.5,46.5,0.0,0.0,1115580.5,0.0,0.0,0.0,0.0,0.0,1.396363636363636,0.0784473953013278,9.0,9.0,0.0,0.0,0.0,0.0,0.0,0.0,0.0,93.36,0.0,92.59,100.0,100.0,100.0,50.0,25.53,0,0,1,0,0,0,0,1,2,0.8385,-4e-05,0.0005,0.2666666666666666
2026-09-16T00:11:50.000,711,MEMORY_STRESS,46.5,0.0,46.5,46.5,0.0,0.0,1115580.5,0.0,0.0,0.0,0.0,0.0,-1.983030303030303,-0.0295093795093795,9.0,9.0,0.0,0.0,0.0,0.0,0.0,0.0,0.0,93.36,0.0,97.63,100.0,100.0,100.0,50.0,25.7,0,0,1,0,0,0,0,1,2,0.8373,-4e-05,0.0005,0.2666666666666666
2026-09-16T00:11:51.000,712,MEMORY_STRESS,46.5,0.0,46.5,46.5,0.0,0.0,1115580.5,0.0,0.0,0.0,0.0,0.0,0.6254545454545456,0.0156363636363636,9.0,9.0,0.0,0.0,0.0,0.0,0.0,0.0,0.0,93.36,0.0,91.04,99.2,100.0,100.0,50.0,25.43,0,0,1,0,0,0,0,1,2,0.8393,-4e-05,0.0005,0.2666666666666666
2026-09-16T00:11:52.000,713,MEMORY_STRESS,46.5,0.0,46.5,46.5,0.0,0.0,1115580.5,0.0,0.0,0.0,0.0,0.0,-0.0630303030303029,-0.0011336385437104,9.0,9.0,0.0,0.0,0.0,0.0,0.0,0.0,0.0,93.36,0.0,94.67,100.0,100.0,100.0,50.0,25.6,0,0,1,0,0,0,0,1,2,0.838,-4e-05,0.0005,0.2666666666666666
2026-09-16T00:11:53.000,714,MEMORY_STRESS,46.5,0.0,46.5,46.5,0.0,0.0,1115580.5,0.0,0.0,0.0,0.0,0.0,1.1393939393939394,0.0640108954715696,9.0,9.0,0.0,0.0,0.0,0.0,0.0,0.0,0.0,93.36,0.0,92.59,100.0,100.0,100.0,50.0,25.53,0,0,1,0,0,0,0,1,2,0.8385,-4e-05,0.0005,0.2666666666666666
2026-09-16T00:11:54.000,715,MEMORY_STRESS,46.5,0.0,46.5,46.5,0.0,0.0,1115580.5,0.0,0.0,0.0,0.0,0.0,-2.24,-0.0333333333333333,9.0,9.0,0.0,0.0,0.0,0.0,0.0,0.0,0.0,93.36,0.0,97.63,100.0,100.0,100.0,50.0,25.7,0,0,1,0,0,0,0,1,2,0.8373,-4e-05,0.0005,0.2666666666666666
2026-09-16T00:11:55.000,716,MEMORY_STRESS,46.5,0.0,46.5,46.5,0.0,0.0,1115580.5,0.0,0.0,0.0,0.0,0.0,0.3684848484848487,0.0092121212121212,9.0,9.0,0.0,0.0,0.0,0.0,0.0,0.0,0.0,93.36,0.0,91.04,96.0,100.0,100.0,50.0,25.26,0,0,1,0,0,0,0,1,2,0.8405,-4e-05,0.0005,0.2666666666666666
2026-09-16T00:11:56.000,717,MEMORY_STRESS,46.5,0.0,46.5,46.5,0.0,0.0,1115580.5,0.0,0.0,0.0,0.0,0.0,-0.3200000000000002,-0.0057553956834532,9.0,9.0,0.0,0.0,0.0,0.0,0.0,0.0,0.0,93.36,0.0,94.67,100.0,100.0,100.0,50.0,25.6,0,0,1,0,0,0,0,1,2,0.838,-4e-05,0.0004,0.2666666666666666
2026-09-16T00:11:57.000,718,MEMORY_STRESS,46.5,0.0,46.5,46.5,0.0,0.0,1115580.5,0.0,0.0,0.0,0.0,0.0,0.8824242424242426,0.022060606060606,9.0,9.0,0.0,0.0,0.0,0.0,0.0,0.0,0.0,93.36,0.0,92.59,100.0,100.0,100.0,50.0,25.53,0,0,1,0,0,0,0,1,2,0.8385,-4e-05,0.0004,0.2666666666666666
2026-09-16T00:11:58.000,719,MEMORY_STRESS,46.5,0.0,46.5,46.5,0.0,0.0,1115580.5,0.0,0.0,0.0,0.0,0.0,-1.0169696969696966,-0.0182908218879441,9.0,9.0,0.0,0.0,0.0,0.0,0.0,0.0,0.0,93.36,0.0,97.63,100.0,100.0,100.0,50.0,25.7,0,0,1,0,0,0,0,1,2,0.8373,-4e-05,0.0005,0.2666666666666666
2026-09-16T00:11:59.000,720,MEMORY_STRESS,46.5,0.0,46.5,46.5,0.0,0.0,1115580.5,0.0,0.0,0.0,0.0,0.0,1.087272727272727,0.0610827374872318,9.0,9.0,0.0,0.0,0.0,0.0,0.0,0.0,0.0,93.36,0.0,91.04,95.2,100.0,100.0,50.0,25.22,0,0,1,0,0,0,0,1,2,0.8409,-4e-05,0.0005,0.2666666666666666
2026-09-16T00:12:00.000,721,MEMORY_STRESS,46.5,0.0,46.5,46.5,0.0,0.0,1115580.5,0.0,0.0,0.0,0.0,0.0,-0.952727272727273,-0.0141774891774891,9.0,9.0,0.0,0.0,0.0,0.0,0.0,0.0,0.0,93.36,0.0,94.67,100.0,100.0,100.0,50.0,25.6,0,0,1,0,0,0,0,1,2,0.838,-4e-05,0.0004,0.2666666666666666
2026-09-16T00:12:01.000,722,MEMORY_STRESS,46.5,0.0,46.5,46.5,0.0,0.0,1115580.5,0.0,0.0,0.0,0.0,0.0,0.8824242424242426,0.022060606060606,9.0,9.0,0.0,0.0,0.0,0.0,0.0,0.0,0.0,93.36,0.0,92.59,100.0,100.0,100.0,50.0,25.53,0,0,1,0,0,0,0,1,2,0.8385,-4e-05,0.0004,0.2666666666666666
2026-09-16T00:12:02.000,723,MEMORY_STRESS,46.5,0.0,46.5,46.5,0.0,0.0,1115580.5,0.0,0.0,0.0,0.0,0.0,-1.0169696969696966,-0.0182908218879441,9.0,9.0,0.0,0.0,0.0,0.0,0.0,0.0,0.0,93.36,0.0,97.63,100.0,100.0,100.0,50.0,25.7,0,0,1,0,0,0,0,1,2,0.8373,-4e-05,0.0005,0.2666666666666666
2026-09-16T00:12:03.000,724,MEMORY_STRESS,46.5,0.0,46.5,46.5,0.0,0.0,1115580.5,0.0,0.0,0.0,0.0,0.0,1.087272727272727,0.0610827374872318,9.0,9.0,0.0,0.0,0.0,0.0,0.0,0.0,0.0,93.36,0.0,91.04,100.0,100.0,100.0,50.0,25.47,0,0,1,0,0,0,0,1,2,0.839,-5e-05,0.0005,0.2666666666666666
2026-09-16T00:12:04.000,725,MEMORY_STRESS,46.5,0.0,46.5,46.5,0.0,0.0,1115580.5,0.0,0.0,0.0,0.0,0.0,-0.952727272727273,-0.0141774891774891,9.0,9.0,0.0,0.0,0.0,0.0,0.0,0.0,0.0,93.36,0.0,94.67,100.0,100.0,100.0,50.0,25.6,0,0,1,0,0,0,0,1,2,0.838,-5e-05,0.0005,0.2666666666666666
2026-09-16T00:12:05.000,726,MEMORY_STRESS,46.5,0.0,46.5,46.5,0.0,0.0,1115580.5,0.0,0.0,0.0,0.0,0.0,0.8824242424242426,0.022060606060606,9.0,9.0,0.0,0.0,0.0,0.0,0.0,0.0,0.0,93.36,0.0,92.59,100.0,100.0,100.0,50.0,25.53,0,0,1,0,0,0,0,1,2,0.8385,-5e-05,0.0005,0.2666666666666666
2026-09-16T00:12:06.000,727,MEMORY_STRESS,46.5,0.0,46.5,46.5,0.0,0.0,1115580.5,0.0,0.0,0.0,0.0,0.0,-1.0169696969696966,-0.0182908218879441,9.0,9.0,0.0,0.0,0.0,0.0,0.0,0.0,0.0,93.36,0.0,97.63,100.0,100.0,100.0,50.0,25.7,0,0,1,0,0,0,0,1,2,0.8373,-5e-05,0.0006,0.2666666666666666
2026-09-16T00:12:07.000,728,MEMORY_STRESS,46.5,0.0,46.5,46.5,0.0,0.0,1115580.5,0.0,0.0,0.0,0.0,0.0,1.087272727272727,0.0610827374872318,9.0,9.0,0.0,0.0,0.0,0.0,0.0,0.0,0.0,93.36,0.0,91.04,95.2,100.0,100.0,50.0,25.22,0,0,1,0,0,0,0,1,2,0.8409,-5e-05,0.0006,0.2666666666666666
2026-09-16T00:12:08.000,729,MEMORY_STRESS,46.5,0.0,46.5,46.5,0.0,0.0,1115580.5,0.0,0.0,0.0,0.0,0.0,-0.952727272727273,-0.0141774891774891,9.0,9.0,0.0,0.0,0.0,0.0,0.0,0.0,0.0,93.36,0.0,94.67,100.0,100.0,100.0,50.0,25.6,0,0,1,0,0,0,0,1,2,0.838,-5e-05,0.0005,0.2666666666666666
2026-09-16T00:12:09.000,730,MEMORY_STRESS,46.5,0.0,46.5,46.5,0.0,0.0,1115580.5,0.0,0.0,0.0,0.0,0.0,0.8824242424242426,0.022060606060606,9.0,9.0,0.0,0.0,0.0,0.0,0.0,0.0,0.0,93.36,0.0,92.59,100.0,100.0,100.0,50.0,25.53,0,0,1,0,0,0,0,1,2,0.8385,-5e-05,0.0005,0.2666666666666666
2026-09-16T00:12:10.000,731,MEMORY_STRESS,46.5,0.0,46.5,46.5,0.0,0.0,1115580.5,0.0,0.0,0.0,0.0,0.0,-1.0169696969696966,-0.0182908218879441,9.0,9.0,0.0,0.0,0.0,0.0,0.0,0.0,0.0,93.36,0.0,97.63,100.0,100.0,100.0,50.0,25.7,0,0,1,0,0,0,0,1,2,0.8373,-5e-05,0.0006,0.2666666666666666
2026-09-16T00:12:11.000,732,MEMORY_STRESS,46.5,0.0,46.5,46.5,0.0,0.0,1115580.5,0.0,0.0,0.0,0.0,0.0,1.087272727272727,0.0610827374872318,9.0,9.0,0.0,0.0,0.0,0.0,0.0,0.0,0.0,93.36,0.0,91.04,95.2,100.0,100.0,50.0,25.22,0,0,1,0,0,0,0,1,2,0.8409,-5e-05,0.0005,0.2666666666666666
2026-09-16T00:12:12.000,733,MEMORY_STRESS,46.5,0.0,46.5,46.5,0.0,0.0,1115580.5,0.0,0.0,0.0,0.0,0.0,-0.952727272727273,-0.0141774891774891,9.0,9.0,0.0,0.0,0.0,0.0,0.0,0.0,0.0,93.36,0.0,94.67,100.0,100.0,100.0,50.0,25.6,0,0,1,0,0,0,0,1,2,0.838,-5e-05,0.0005,0.2666666666666666
2026-09-16T00:12:13.000,734,MEMORY_STRESS,46.5,0.0,46.5,46.5,0.0,0.0,1115580.5,0.0,0.0,0.0,0.0,0.0,0.8824242424242426,0.022060606060606,9.0,9.0,0.0,0.0,0.0,0.0,0.0,0.0,0.0,93.36,0.0,92.59,100.0,100.0,100.0,50.0,25.53,0,0,1,0,0,0,0,1,2,0.8385,-5e-05,0.0005,0.2666666666666666
2026-09-16T00:12:14.000,735,MEMORY_STRESS,46.5,0.0,46.5,46.5,0.0,0.0,1115580.5,0.0,0.0,0.0,0.0,0.0,-1.0169696969696966,-0.0182908218879441,9.0,9.0,0.0,0.0,0.0,0.0,0.0,0.0,0.0,93.36,0.0,97.63,100.0,100.0,100.0,50.0,25.7,0,0,1,0,0,0,0,1,2,0.8373,-5e-05,0.0006,0.2666666666666666
2026-09-16T00:12:15.000,736,MEMORY_STRESS,46.5,0.0,46.5,46.5,0.0,0.0,1115580.5,0.0,0.0,0.0,0.0,0.0,1.087272727272727,0.0610827374872318,9.0,9.0,0.0,0.0,0.0,0.0,0.0,0.0,0.0,93.36,0.0,91.04,100.0,100.0,100.0,50.0,25.47,0,0,1,0,0,0,0,1,2,0.839,-5e-05,0.0006,0.2666666666666666
2026-09-16T00:12:16.000,737,MEMORY_STRESS,46.5,0.0,46.5,46.5,0.0,0.0,1115580.5,0.0,0.0,0.0,0.0,0.0,-0.952727272727273,-0.0141774891774891,9.0,9.0,0.0,0.0,0.0,0.0,0.0,0.0,0.0,93.36,0.0,94.67,100.0,100.0,100.0,50.0,25.6,0,0,1,0,0,0,0,1,2,0.838,-5e-05,0.0006,0.2666666666666666
2026-09-16T00:12:17.000,738,MEMORY_STRESS,46.5,0.0,46.5,46.5,0.0,0.0,1115580.5,0.0,0.0,0.0,0.0,0.0,0.8824242424242426,0.022060606060606,9.0,9.0,0.0,0.0,0.0,0.0,0.0,0.0,0.0,93.36,0.0,92.59,100.0,100.0,100.0,50.0,25.53,0,0,1,0,0,0,0,1,2,0.8385,-5e-05,0.0006,0.2666666666666666
2026-09-16T00:12:18.000,739,MEMORY_STRESS,46.5,0.0,46.5,46.5,0.0,0.0,1115580.5,0.0,0.0,0.0,0.0,0.0,-1.0169696969696966,-0.0182908218879441,9.0,9.0,0.0,0.0,0.0,0.0,0.0,0.0,0.0,93.36,0.0,97.63,100.0,100.0,100.0,50.0,25.7,0,0,1,0,0,0,0,1,2,0.8373,-5e-05,0.0007,0.2666666666666666
2026-09-16T00:12:19.000,740,MEMORY_STRESS,46.5,0.0,46.5,46.5,0.0,0.0,1115580.5,0.0,0.0,0.0,0.0,0.0,1.087272727272727,0.0610827374872318,9.0,9.0,0.0,0.0,0.0,0.0,0.0,0.0,0.0,93.36,0.0,91.04,95.2,100.0,100.0,50.0,25.22,0,0,1,0,0,0,0,1,2,0.8409,-5e-05,0.0006,0.2666666666666666
2026-09-16T00:12:20.000,741,MEMORY_STRESS,46.5,0.0,46.5,46.5,0.0,0.0,1115580.5,0.0,0.0,0.0,0.0,0.0,-0.952727272727273,-0.0141774891774891,9.0,9.0,0.0,0.0,0.0,0.0,0.0,0.0,0.0,93.36,0.0,94.67,100.0,100.0,100.0,50.0,25.6,0,0,1,0,0,0,0,1,2,0.838,-5e-05,0.0006,0.2666666666666666
2026-09-16T00:12:21.000,742,MEMORY_STRESS,46.5,0.0,46.5,46.5,0.0,0.0,1115580.5,0.0,0.0,0.0,0.0,0.0,0.8824242424242426,0.022060606060606,9.0,9.0,0.0,0.0,0.0,0.0,0.0,0.0,0.0,93.36,0.0,92.59,100.0,100.0,100.0,50.0,25.53,0,0,1,0,0,0,0,1,2,0.8385,-5e-05,0.0006,0.2666666666666666
2026-09-16T00:12:22.000,743,MEMORY_STRESS,46.5,0.0,46.5,46.5,0.0,0.0,1115580.5,0.0,0.0,0.0,0.0,0.0,-1.0169696969696966,-0.0182908218879441,9.0,9.0,0.0,0.0,0.0,0.0,0.0,0.0,0.0,93.36,0.0,97.63,100.0,100.0,100.0,50.0,25.7,0,0,1,0,0,0,0,1,2,0.8373,-6e-05,0.0007,0.2666666666666666
2026-09-16T00:12:23.000,744,MEMORY_STRESS,46.5,0.0,46.5,46.5,0.0,0.0,1115580.5,0.0,0.0,0.0,0.0,0.0,1.087272727272727,0.0610827374872318,9.0,9.0,0.0,0.0,0.0,0.0,0.0,0.0,0.0,93.36,0.0,91.04,95.2,100.0,100.0,50.0,25.22,0,0,1,0,0,0,0,1,2,0.8409,-5e-05,0.0006,0.2666666666666666
2026-09-16T00:12:24.000,745,MEMORY_STRESS,46.5,0.0,46.5,46.5,0.0,0.0,1115580.5,0.0,0.0,0.0,0.0,0.0,-0.952727272727273,-0.0141774891774891,9.0,9.0,0.0,0.0,0.0,0.0,0.0,0.0,0.0,93.36,0.0,94.67,100.0,100.0,100.0,50.0,25.6,0,0,1,0,0,0,0,1,2,0.838,-6e-05,0.0006,0.2666666666666666
2026-09-16T00:12:25.000,746,MEMORY_STRESS,46.5,0.0,46.5,46.5,0.0,0.0,1115580.5,0.0,0.0,0.0,0.0,0.0,0.8824242424242426,0.022060606060606,9.0,9.0,0.0,0.0,0.0,0.0,0.0,0.0,0.0,93.36,0.0,92.59,100.0,100.0,100.0,50.0,25.53,0,0,1,0,0,0,0,1,2,0.8385,-6e-05,0.0006,0.2666666666666666
2026-09-16T00:12:26.000,747,MEMORY_STRESS,46.5,0.0,46.5,46.5,0.0,0.0,1115580.5,0.0,0.0,0.0,0.0,0.0,-1.0169696969696966,-0.0182908218879441,9.0,9.0,0.0,0.0,0.0,0.0,0.0,0.0,0.0,93.36,0.0,97.63,100.0,100.0,100.0,50.0,25.7,0,0,1,0,0,0,0,1,2,0.8373,-6e-05,0.0007,0.2666666666666666
2026-09-16T00:12:27.000,748,MEMORY_STRESS,46.5,0.0,46.5,46.5,0.0,0.0,1115580.5,0.0,0.0,0.0,0.0,0.0,1.087272727272727,0.0610827374872318,9.0,9.0,0.0,0.0,0.0,0.0,0.0,0.0,0.0,93.36,0.0,91.04,99.2,100.0,100.0,50.0,25.43,0,0,1,0,0,0,0,1,2,0.8393,-6e-05,0.0007,0.2666666666666666
2026-09-16T00:12:28.000,749,MEMORY_STRESS,46.5,0.0,46.5,46.5,0.0,0.0,1115580.5,0.0,0.0,0.0,0.0,0.0,-0.952727272727273,-0.0141774891774891,9.0,9.0,0.0,0.0,0.0,0.0,0.0,0.0,0.0,93.36,0.0,94.67,100.0,100.0,100.0,50.0,25.6,0,0,1,0,0,0,0,1,2,0.838,-6e-05,0.0007,0.2666666666666666
2026-09-16T00:12:29.000,750,MEMORY_STRESS,46.5,0.0,46.5,46.5,0.0,0.0,1115580.5,0.0,0.0,0.0,0.0,0.0,0.8824242424242426,0.022060606060606,9.0,9.0,0.0,0.0,0.0,0.0,0.0,0.0,0.0,93.36,0.0,92.59,100.0,100.0,100.0,50.0,25.53,0,0,1,0,0,0,0,1,2,0.8385,-6e-05,0.0007,0.2666666666666666
2026-09-16T00:12:30.000,751,MEMORY_STRESS,46.5,0.0,46.5,46.5,0.0,0.0,1115580.5,0.0,0.0,0.0,0.0,0.0,-1.0169696969696966,-0.0182908218879441,9.0,9.0,0.0,0.0,0.0,0.0,0.0,0.0,0.0,93.36,0.0,97.63,100.0,100.0,100.0,50.0,25.7,0,0,1,0,0,0,0,1,2,0.8373,-6e-05,0.0008,0.2666666666666666
2026-09-16T00:12:31.000,752,MEMORY_STRESS,46.5,0.0,46.5,46.5,0.0,0.0,1115580.5,0.0,0.0,0.0,0.0,0.0,1.087272727272727,0.0610827374872318,9.0,9.0,0.0,0.0,0.0,0.0,0.0,0.0,0.0,93.36,0.0,91.04,96.0,100.0,100.0,50.0,25.26,0,0,1,0,0,0,0,1,2,0.8405,-6e-05,0.0007,0.2666666666666666
2026-09-16T00:12:32.000,753,MEMORY_STRESS,46.5,0.0,46.5,46.5,0.0,0.0,1115580.5,0.0,0.0,0.0,0.0,0.0,-0.952727272727273,-0.0141774891774891,9.0,9.0,0.0,0.0,0.0,0.0,0.0,0.0,0.0,93.36,0.0,94.67,100.0,100.0,100.0,50.0,25.6,0,0,1,0,0,0,0,1,2,0.838,-6e-05,0.0007,0.2666666666666666
2026-09-16T00:12:33.000,754,MEMORY_STRESS,46.5,0.0,46.5,46.5,0.0,0.0,1115580.5,0.0,0.0,0.0,0.0,0.0,0.8824242424242426,0.022060606060606,9.0,9.0,0.0,0.0,0.0,0.0,0.0,0.0,0.0,93.36,0.0,92.59,100.0,100.0,100.0,50.0,25.53,0,0,1,0,0,0,0,1,2,0.8385,-6e-05,0.0007,0.2666666666666666
2026-09-16T00:12:34.000,755,MEMORY_STRESS,46.5,0.0,46.5,46.5,0.0,0.0,1115580.5,0.0,0.0,0.0,0.0,0.0,-1.0169696969696966,-0.0182908218879441,9.0,9.0,0.0,0.0,0.0,0.0,0.0,0.0,0.0,93.36,0.0,97.63,100.0,100.0,100.0,50.0,25.7,0,0,1,0,0,0,0,1,2,0.8373,-6e-05,0.0008,0.2666666666666666
2026-09-16T00:12:35.000,756,MEMORY_STRESS,46.5,0.0,46.5,46.5,0.0,0.0,1115580.5,0.0,0.0,0.0,0.0,0.0,1.087272727272727,0.0610827374872318,9.0,9.0,0.0,0.0,0.0,0.0,0.0,0.0,0.0,93.36,0.0,91.04,95.2,100.0,100.0,50.0,25.22,0,0,1,0,0,0,0,1,2,0.8409,-6e-05,0.0006,0.2666666666666666
2026-09-16T00:12:36.000,757,MEMORY_STRESS,46.5,0.0,46.5,46.5,0.0,0.0,1115580.5,0.0,0.0,0.0,0.0,0.0,-0.952727272727273,-0.0141774891774891,9.0,9.0,0.0,0.0,0.0,0.0,0.0,0.0,0.0,93.36,0.0,94.67,100.0,100.0,100.0,50.0,25.6,0,0,1,0,0,0,0,1,2,0.838,-6e-05,0.0007,0.2666666666666666
2026-09-16T00:12:37.000,758,MEMORY_STRESS,46.5,0.0,46.5,46.5,0.0,0.0,1115580.5,0.0,0.0,0.0,0.0,0.0,0.8824242424242426,0.022060606060606,9.0,9.0,0.0,0.0,0.0,0.0,0.0,0.0,0.0,93.36,0.0,92.59,100.0,100.0,100.0,50.0,25.53,0,0,1,0,0,0,0,1,2,0.8385,-6e-05,0.0007,0.2666666666666666
2026-09-16T00:12:38.000,759,MEMORY_STRESS,46.5,0.0,46.5,46.5,0.0,0.0,1115580.5,0.0,0.0,0.0,0.0,0.0,-1.0169696969696966,-0.0182908218879441,9.0,9.0,0.0,0.0,0.0,0.0,0.0,0.0,0.0,93.36,0.0,97.63,100.0,100.0,100.0,50.0,25.7,0,0,1,0,0,0,0,1,2,0.8373,-6e-05,0.0008,0.2666666666666666
2026-09-16T00:12:39.000,760,MEMORY_STRESS,46.5,0.0,46.5,46.5,0.0,0.0,1115580.5,0.0,0.0,0.0,0.0,0.0,1.087272727272727,0.0610827374872318,9.0,9.0,0.0,0.0,0.0,0.0,0.0,0.0,0.0,93.36,0.0,91.04,100.0,100.0,100.0,50.0,25.47,0,0,1,0,0,0,0,1,2,0.839,-6e-05,0.0008,0.2666666666666666
2026-09-16T00:12:40.000,761,MEMORY_STRESS,46.5,0.0,46.5,46.5,0.0,0.0,1115580.5,0.0,0.0,0.0,0.0,0.0,-0.952727272727273,-0.0141774891774891,9.0,9.0,0.0,0.0,0.0,0.0,0.0,0.0,0.0,93.36,0.0,94.67,100.0,100.0,100.0,50.0,25.6,0,0,1,0,0,0,0,1,2,0.838,-6e-05,0.0008,0.2666666666666666
2026-09-16T00:12:41.000,762,MEMORY_STRESS,46.5,0.0,46.5,46.5,0.0,0.0,1115580.5,0.0,0.0,0.0,0.0,0.0,0.8824242424242426,0.022060606060606,9.0,9.0,0.0,0.0,0.0,0.0,0.0,0.0,0.0,93.36,0.0,92.59,100.0,100.0,100.0,50.0,25.53,0,0,1,0,0,0,0,1,2,0.8385,-6e-05,0.0006,0.2666666666666666
2026-09-16T00:12:42.000,763,MEMORY_STRESS,46.5,0.0,46.5,46.5,0.0,0.0,1115580.5,0.0,0.0,0.0,0.0,0.0,-1.0169696969696966,-0.0182908218879441,9.0,9.0,0.0,0.0,0.0,0.0,0.0,0.0,0.0,93.36,0.0,97.63,100.0,100.0,100.0,50.0,25.7,0,0,1,0,0,0,0,1,2,0.8373,-6e-05,0.0007,0.2666666666666666
2026-09-16T00:12:43.000,764,MEMORY_STRESS,46.5,0.0,46.5,46.5,0.0,0.0,1115580.5,0.0,0.0,0.0,0.0,0.0,1.087272727272727,0.0610827374872318,9.0,9.0,0.0,0.0,0.0,0.0,0.0,0.0,0.0,93.36,0.0,91.04,95.2,100.0,100.0,50.0,25.22,0,0,1,0,0,0,0,1,2,0.8409,-5e-05,0.0006,0.2666666666666666
2026-09-16T00:12:44.000,765,MEMORY_STRESS,46.5,0.0,46.5,46.5,0.0,0.0,1115580.5,0.0,0.0,0.0,0.0,0.0,-0.952727272727273,-0.0141774891774891,9.0,9.0,0.0,0.0,0.0,0.0,0.0,0.0,0.0,93.36,0.0,94.67,100.0,100.0,100.0,50.0,25.6,0,0,1,0,0,0,0,1,2,0.838,-5e-05,0.0006,0.2666666666666666
2026-09-16T00:12:45.000,766,MEMORY_STRESS,46.5,0.0,46.5,46.5,0.0,0.0,1115580.5,0.0,0.0,0.0,0.0,0.0,0.8824242424242426,0.022060606060606,9.0,9.0,0.0,0.0,0.0,0.0,0.0,0.0,0.0,93.36,0.0,92.59,100.0,100.0,100.0,50.0,25.53,0,0,1,0,0,0,0,1,2,0.8385,-5e-05,0.0005,0.2666666666666666
2026-09-16T00:12:46.000,767,MEMORY_STRESS,46.5,0.0,46.5,46.5,0.0,0.0,1115580.5,0.0,0.0,0.0,0.0,0.0,-1.0169696969696966,-0.0182908218879441,9.0,9.0,0.0,0.0,0.0,0.0,0.0,0.0,0.0,93.36,0.0,97.63,100.0,100.0,100.0,50.0,25.7,0,0,1,0,0,0,0,1,2,0.8373,-5e-05,0.0006,0.2666666666666666
2026-09-16T00:12:47.000,768,MEMORY_STRESS,46.5,0.0,46.5,46.5,0.0,0.0,1115580.5,0.0,0.0,0.0,0.0,0.0,1.087272727272727,0.0610827374872318,9.0,9.0,0.0,0.0,0.0,0.0,0.0,0.0,0.0,93.36,0.0,91.04,95.2,100.0,100.0,50.0,25.22,0,0,1,0,0,0,0,1,2,0.8409,-4e-05,0.0005,0.2666666666666666
2026-09-16T00:12:48.000,769,MEMORY_STRESS,46.5,0.0,46.5,46.5,0.0,0.0,1115580.5,0.0,0.0,0.0,0.0,0.0,-0.952727272727273,-0.0141774891774891,9.0,9.0,0.0,0.0,0.0,0.0,0.0,0.0,0.0,93.36,0.0,94.67,100.0,100.0,100.0,50.0,25.6,0,0,1,0,0,0,0,1,2,0.838,-4e-05,0.0005,0.2666666666666666
2026-09-16T00:12:49.000,770,MEMORY_STRESS,46.5,0.0,46.5,46.5,0.0,0.0,1115580.5,0.0,0.0,0.0,0.0,0.0,0.8824242424242426,0.022060606060606,9.0,9.0,0.0,0.0,0.0,0.0,0.0,0.0,0.0,93.36,0.0,92.59,100.0,100.0,100.0,35.0,25.0,0,0,1,0,0,0,0,1,2,0.8425,-4e-05,0.0004,0.2666666666666666
2026-09-16T00:12:50.000,771,MEMORY_STRESS,46.5,0.0,46.5,46.5,0.0,0.0,1115580.5,0.0,0.0,0.0,0.0,0.0,-1.0169696969696966,-0.0182908218879441,9.0,9.0,0.0,0.0,0.0,0.0,0.0,0.0,0.0,93.36,0.0,97.63,100.0,100.0,100.0,35.0,25.18,0,0,1,0,0,0,0,1,2,0.8412,-4e-05,0.0003,0.2666666666666666
2026-09-16T00:12:51.000,772,MEMORY_STRESS,46.5,0.0,46.5,46.5,0.0,0.0,1115580.5,0.0,0.0,0.0,0.0,0.0,1.087272727272727,0.0610827374872318,9.0,9.0,0.0,0.0,0.0,0.0,0.0,0.0,0.0,93.36,0.0,91.04,100.0,100.0,100.0,35.0,24.95,0,0,1,0,0,0,0,1,2,0.8429,-3e-05,0.0001,0.2666666666666666
2026-09-16T00:12:52.000,773,MEMORY_STRESS,46.5,0.0,46.5,46.5,0.0,0.0,1115580.5,0.0,0.0,0.0,0.0,0.0,-0.952727272727273,-0.0141774891774891,9.0,9.0,0.0,0.0,0.0,0.0,0.0,0.0,0.0,93.36,0.0,94.67,100.0,100.0,100.0,35.0,25.07,0,0,1,0,0,0,0,1,2,0.842,-3e-05,0.0,0.2666666666666666
2026-09-16T00:12:53.000,774,MEMORY_STRESS,46.5,0.0,46.5,46.5,0.0,0.0,1115580.5,0.0,0.0,0.0,0.0,0.0,1.5151515151515156,0.0378787878787878,9.0,9.0,0.0,0.0,0.0,0.0,0.0,0.0,0.0,93.36,0.0,91.04,95.2,100.0,100.0,35.0,24.69,0,0,1,0,0,0,0,1,2,0.8448,-3e-05,-0.0002,0.2666666666666666
2026-09-16T00:12:54.000,775,MEMORY_STRESS,46.5,0.0,46.5,46.5,0.0,0.0,1115580.5,0.0,0.0,0.0,0.0,0.0,0.6860606060606061,0.0123392195334641,9.0,9.0,0.0,0.0,0.0,0.0,0.0,0.0,0.0,93.36,0.0,94.67,100.0,100.0,100.0,35.0,25.07,0,0,1,0,0,0,0,1,2,0.842,-3e-05,-0.0003,0.2666666666666666
2026-09-16T00:12:55.000,776,MEMORY_STRESS,46.5,0.0,46.5,46.5,0.0,0.0,1115580.5,0.0,0.0,0.0,0.0,0.0,1.7478787878787878,0.0981954375212802,9.0,9.0,0.0,0.0,0.0,0.0,0.0,0.0,0.0,93.36,0.0,92.59,100.0,100.0,100.0,35.0,25.0,0,0,1,0,0,0,0,1,2,0.8425,-3e-05,-0.0004,0.2666666666666666
2026-09-16T00:12:56.000,777,MEMORY_STRESS,46.5,0.0,46.5,46.5,0.0,0.0,1115580.5,0.0,0.0,0.0,0.0,0.0,-1.7721212121212124,-0.0263708513708513,9.0,9.0,0.0,0.0,0.0,0.0,0.0,0.0,0.0,93.36,0.0,97.63,100.0,100.0,100.0,35.0,25.18,0,0,1,0,0,0,0,1,2,0.8412,-3e-05,-0.0005,0.2666666666666666
2026-09-16T00:12:57.000,778,MEMORY_STRESS,46.5,0.0,46.5,46.5,0.0,0.0,1115580.5,0.0,0.0,0.0,0.0,0.0,0.6957575757575758,0.0173939393939393,9.0,9.0,0.0,0.0,0.0,0.0,0.0,0.0,0.0,93.36,0.0,91.04,95.2,100.0,100.0,35.0,24.69,0,0,1,0,0,0,0,1,2,0.8448,-3e-05,-0.0008,0.2666666666666666
2026-09-16T00:12:58.000,779,MEMORY_STRESS,46.5,0.0,46.5,46.5,0.0,0.0,1115580.5,0.0,0.0,0.0,0.0,0.0,-0.1333333333333333,-0.0023980815347721,9.0,9.0,0.0,0.0,0.0,0.0,0.0,0.0,0.0,93.36,0.0,94.67,100.0,100.0,100.0,35.0,25.07,0,0,1,0,0,0,0,1,2,0.842,-3e-05,-0.0008,0.2666666666666666
2026-09-16T00:12:59.000,780,MEMORY_STRESS,46.5,0.0,46.5,46.5,0.0,0.0,1115580.5,0.0,0.0,0.0,0.0,0.0,0.9284848484848484,0.0521620701395982,9.0,9.0,0.0,0.0,0.0,0.0,0.0,0.0,0.0,93.36,0.0,92.59,100.0,100.0,100.0,35.0,25.0,0,0,1,0,0,0,0,1,2,0.8425,-3e-05,-0.001,0.2666666666666666
2026-09-16T00:13:00.000,781,MEMORY_STRESS,46.5,0.0,46.5,46.5,0.0,0.0,1115580.5,0.0,0.0,0.0,0.0,0.0,-2.591515151515152,-0.0385642135642135,9.0,9.0,0.0,0.0,0.0,0.0,0.0,0.0,0.0,93.36,0.0,97.63,100.0,100.0,100.0,35.0,25.18,0,0,1,0,0,0,0,1,2,0.8412,-3e-05,-0.001,0.2666666666666666
2026-09-16T00:13:01.000,782,MEMORY_STRESS,46.5,0.0,46.5,46.5,0.0,0.0,1115580.5,0.0,0.0,0.0,0.0,0.0,-0.1236363636363635,-0.003090909090909,9.0,9.0,0.0,0.0,0.0,0.0,0.0,0.0,0.0,93.36,0.0,91.04,99.2,100.0,100.0,35.0,24.9,0,0,1,0,0,0,0,1,2,0.8432,-3e-05,-0.0011,0.2666666666666666
2026-09-16T00:13:02.000,783,MEMORY_STRESS,46.5,0.0,46.5,46.5,0.0,0.0,1115580.5,0.0,0.0,0.0,0.0,0.0,-0.952727272727273,-0.0141774891774891,9.0,9.0,0.0,0.0,0.0,0.0,0.0,0.0,0.0,93.36,0.0,94.67,100.0,100.0,100.0,35.0,25.07,0,0,1,0,0,0,0,1,2,0.842,-3e-05,-0.0012,0.2666666666666666
2026-09-16T00:13:03.000,784,MEMORY_STRESS,46.5,0.0,46.5,46.5,0.0,0.0,1115580.5,0.0,0.0,0.0,0.0,0.0,0.8824242424242426,0.022060606060606,9.0,9.0,0.0,0.0,0.0,0.0,0.0,0.0,0.0,93.36,0.0,92.59,100.0,100.0,100.0,35.0,25.0,0,0,1,0,0,0,0,1,2,0.8425,-2e-05,-0.0015,0.2666666666666666
2026-09-16T00:13:04.000,785,MEMORY_STRESS,46.5,0.0,46.5,46.5,0.0,0.0,1115580.5,0.0,0.0,0.0,0.0,0.0,-1.0169696969696966,-0.0182908218879441,9.0,9.0,0.0,0.0,0.0,0.0,0.0,0.0,0.0,93.36,0.0,97.63,100.0,100.0,100.0,35.0,25.18,0,0,1,0,0,0,0,1,2,0.8412,-2e-05,-0.0015,0.2666666666666666
2026-09-16T00:13:05.000,786,MEMORY_STRESS,46.5,0.0,46.5,46.5,0.0,0.0,1115580.5,0.0,0.0,0.0,0.0,0.0,1.087272727272727,0.0610827374872318,9.0,9.0,0.0,0.0,0.0,0.0,0.0,0.0,0.0,93.36,0.0,91.04,96.0,100.0,100.0,35.0,24.74,0,0,1,0,0,0,0,1,2,0.8444,-1e-05,-0.0018,0.2666666666666666
2026-09-16T00:13:06.000,787,MEMORY_STRESS,46.5,0.0,46.5,46.5,0.0,0.0,1115580.5,0.0,0.0,0.0,0.0,0.0,-0.952727272727273,-0.0141774891774891,9.0,9.0,0.0,0.0,0.0,0.0,0.0,0.0,0.0,93.36,0.0,94.67,100.0,100.0,100.0,35.0,25.07,0,0,1,0,0,0,0,1,2,0.842,-1e-05,-0.0019,0.2666666666666666
2026-09-16T00:13:07.000,788,MEMORY_STRESS,46.5,0.0,46.5,46.5,0.0,0.0,1115580.5,0.0,0.0,0.0,0.0,0.0,0.8824242424242426,0.022060606060606,9.0,9.0,0.0,0.0,0.0,0.0,0.0,0.0,0.0,93.36,0.0,92.59,100.0,100.0,100.0,35.0,25.0,0,0,1,0,0,0,0,1,2,0.8425,0.0,-0.0021,0.2666666666666666
2026-09-16T00:13:08.000,789,MEMORY_STRESS,46.5,0.0,46.5,46.5,0.0,0.0,1115580.5,0.0,0.0,0.0,0.0,0.0,-1.0169696969696966,-0.0182908218879441,9.0,9.0,0.0,0.0,0.0,0.0,0.0,0.0,0.0,93.36,0.0,97.63,100.0,100.0,100.0,35.0,25.18,0,0,1,0,0,0,0,1,2,0.8412,0.0,-0.0022,0.2666666666666666
2026-09-16T00:13:09.000,790,MEMORY_STRESS,46.5,0.0,46.5,46.5,0.0,0.0,1115580.5,0.0,0.0,0.0,0.0,0.0,1.087272727272727,0.0610827374872318,9.0,9.0,0.0,0.0,0.0,0.0,0.0,0.0,0.0,93.36,0.0,91.04,95.2,100.0,100.0,35.0,24.69,0,0,1,0,0,0,0,1,2,0.8448,1e-05,-0.0024,0.2666666666666666
2026-09-16T00:13:10.000,791,MEMORY_STRESS,46.5,0.0,46.5,46.5,0.0,0.0,1115580.5,0.0,0.0,0.0,0.0,0.0,-0.952727272727273,-0.0141774891774891,9.0,9.0,0.0,0.0,0.0,0.0,0.0,0.0,0.0,93.36,0.0,94.67,100.0,100.0,100.0,35.0,25.07,0,0,1,0,0,0,0,1,2,0.842,1e-05,-0.0025,0.2666666666666666
2026-09-16T00:13:11.000,792,MEMORY_STRESS,46.5,0.0,46.5,46.5,0.0,0.0,1115580.5,0.0,0.0,0.0,0.0,0.0,0.8824242424242426,0.022060606060606,9.0,9.0,0.0,0.0,0.0,0.0,0.0,0.0,0.0,93.36,0.0,92.59,100.0,100.0,100.0,35.0,25.0,0,0,1,0,0,0,0,1,2,0.8425,1e-05,-0.0026,0.2666666666666666
2026-09-16T00:13:12.000,793,MEMORY_STRESS,46.5,0.0,46.5,46.5,0.0,0.0,1115580.5,0.0,0.0,0.0,0.0,0.0,-1.0169696969696966,-0.0182908218879441,9.0,9.0,0.0,0.0,0.0,0.0,0.0,0.0,0.0,93.36,0.0,97.63,100.0,100.0,100.0,35.0,25.18,0,0,1,0,0,0,0,1,2,0.8412,1e-05,-0.0027,0.2666666666666666
2026-09-16T00:13:13.000,794,MEMORY_STRESS,46.5,0.0,46.5,46.5,0.0,0.0,1115580.5,0.0,0.0,0.0,0.0,0.0,1.087272727272727,0.0610827374872318,9.0,9.0,0.0,0.0,0.0,0.0,0.0,0.0,0.0,93.36,0.0,91.04,100.0,100.0,100.0,35.0,24.95,0,0,1,0,0,0,0,1,2,0.8429,2e-05,-0.0029,0.2666666666666666
2026-09-16T00:13:14.000,795,MEMORY_STRESS,46.5,0.0,46.5,46.5,0.0,0.0,1115580.5,0.0,0.0,0.0,0.0,0.0,-0.952727272727273,-0.0141774891774891,9.0,9.0,0.0,0.0,0.0,0.0,0.0,0.0,0.0,93.36,0.0,94.67,100.0,100.0,100.0,35.0,25.07,0,0,1,0,0,0,0,1,2,0.842,2e-05,-0.0029,0.2666666666666666
2026-09-16T00:13:15.000,796,MEMORY_STRESS,46.5,0.0,46.5,46.5,0.0,0.0,1115580.5,0.0,0.0,0.0,0.0,0.0,0.8824242424242426,0.022060606060606,9.0,9.0,0.0,0.0,0.0,0.0,0.0,0.0,0.0,93.36,0.0,92.59,100.0,100.0,100.0,35.0,25.0,0,0,1,0,0,0,0,1,2,0.8425,2e-05,-0.0031,0.2666666666666666
2026-09-16T00:13:16.000,797,MEMORY_STRESS,46.5,0.0,46.5,46.5,0.0,0.0,1115580.5,0.0,0.0,0.0,0.0,0.0,-1.0169696969696966,-0.0182908218879441,9.0,9.0,0.0,0.0,0.0,0.0,0.0,0.0,0.0,93.36,0.0,97.63,100.0,100.0,100.0,35.0,25.18,0,0,1,0,0,0,0,1,2,0.8412,2e-05,-0.0032,0.2666666666666666
2026-09-16T00:13:17.000,798,MEMORY_STRESS,46.5,0.0,46.5,46.5,0.0,0.0,1115580.5,0.0,0.0,0.0,0.0,0.0,1.087272727272727,0.0610827374872318,9.0,9.0,0.0,0.0,0.0,0.0,0.0,0.0,0.0,93.36,0.0,91.04,95.2,100.0,100.0,35.0,24.69,0,0,1,0,0,0,0,1,2,0.8448,2e-05,-0.0033,0.2666666666666666
2026-09-16T00:13:18.000,799,MEMORY_STRESS,46.5,0.0,46.5,46.5,0.0,0.0,1115580.5,0.0,0.0,0.0,0.0,0.0,-0.952727272727273,-0.0141774891774891,9.0,9.0,0.0,0.0,0.0,0.0,0.0,0.0,0.0,93.36,0.0,94.67,100.0,100.0,100.0,35.0,25.07,0,0,1,0,0,0,0,1,2,0.842,3e-05,-0.0034,0.2666666666666666
2026-09-16T00:13:19.000,800,MEMORY_STRESS,46.5,0.0,46.5,46.5,0.0,0.0,1115580.5,0.0,0.0,0.0,0.0,0.0,0.8824242424242426,0.022060606060606,9.0,9.0,0.0,0.0,0.0,0.0,0.0,0.0,0.0,93.36,0.0,92.59,100.0,100.0,100.0,35.0,25.0,0,0,1,0,0,0,0,1,2,0.8425,3e-05,-0.0036,0.2666666666666666
2026-09-16T00:13:20.000,801,MEMORY_STRESS,46.5,0.0,46.5,46.5,0.0,0.0,1115580.5,0.0,0.0,0.0,0.0,0.0,-1.0169696969696966,-0.0182908218879441,9.0,9.0,0.0,0.0,0.0,0.0,0.0,0.0,0.0,93.36,0.0,97.63,100.0,100.0,100.0,35.0,25.18,0,0,1,0,0,0,0,1,2,0.8412,3e-05,-0.0036,0.2666666666666666
2026-09-16T00:13:21.000,802,MEMORY_STRESS,46.5,0.0,46.5,46.5,0.0,0.0,1115580.5,0.0,0.0,0.0,0.0,0.0,1.087272727272727,0.0610827374872318,9.0,9.0,0.0,0.0,0.0,0.0,0.0,0.0,0.0,93.36,0.0,91.04,95.2,100.0,100.0,35.0,24.69,0,0,1,0,0,0,0,1,2,0.8448,3e-05,-0.0038,0.2666666666666666
2026-09-16T00:13:22.000,803,MEMORY_STRESS,46.5,0.0,46.5,46.5,0.0,0.0,1115580.5,0.0,0.0,0.0,0.0,0.0,-0.952727272727273,-0.0141774891774891,9.0,9.0,0.0,0.0,0.0,0.0,0.0,0.0,0.0,93.36,0.0,94.67,100.0,100.0,100.0,35.0,25.07,0,0,1,0,0,0,0,1,2,0.842,3e-05,-0.0038,0.2666666666666666
2026-09-16T00:13:23.000,804,MEMORY_STRESS,46.5,0.0,46.5,46.5,0.0,0.0,1115580.5,0.0,0.0,0.0,0.0,0.0,0.8824242424242426,0.022060606060606,9.0,9.0,0.0,0.0,0.0,0.0,0.0,0.0,0.0,93.36,0.0,92.59,100.0,100.0,100.0,35.0,25.0,0,0,1,0,0,0,0,1,2,0.8425,3e-05,-0.0039,0.2666666666666666
2026-09-16T00:13:24.000,805,MEMORY_STRESS,46.5,0.0,46.5,46.5,0.0,0.0,1115580.5,0.0,0.0,0.0,0.0,0.0,-1.0169696969696966,-0.0182908218879441,9.0,9.0,0.0,0.0,0.0,0.0,0.0,0.0,0.0,93.36,0.0,97.63,100.0,100.0,100.0,35.0,25.18,0,0,1,0,0,0,0,1,2,0.8412,3e-05,-0.004,0.2666666666666666
2026-09-16T00:13:25.000,806,MEMORY_STRESS,46.5,0.0,46.5,46.5,0.0,0.0,1115580.5,0.0,0.0,0.0,0.0,0.0,1.087272727272727,0.0610827374872318,9.0,9.0,0.0,0.0,0.0,0.0,0.0,0.0,0.0,93.36,0.0,91.04,100.0,100.0,100.0,35.0,24.95,0,0,1,0,0,0,0,1,2,0.8429,3e-05,-0.004,0.2666666666666666
2026-09-16T00:13:26.000,807,MEMORY_STRESS,46.5,0.0,46.5,46.5,0.0,0.0,1115580.5,0.0,0.0,0.0,0.0,0.0,-0.952727272727273,-0.0141774891774891,9.0,9.0,0.0,0.0,0.0,0.0,0.0,0.0,0.0,93.36,0.0,94.67,100.0,100.0,100.0,35.0,25.07,0,0,1,0,0,0,0,1,2,0.842,3e-05,-0.0042,0.2666666666666666
2026-09-16T00:13:27.000,808,MEMORY_STRESS,46.5,0.0,46.5,46.5,0.0,0.0,1115580.5,0.0,0.0,0.0,0.0,0.0,-1.1793939393939394,-0.0294848484848484,9.0,9.0,0.0,0.0,0.0,0.0,0.0,0.0,0.0,93.36,0.0,97.63,100.0,100.0,100.0,35.0,25.18,0,0,1,0,0,0,0,1,2,0.8412,3e-05,-0.0042,0.2666666666666666
2026-09-16T00:13:28.000,809,MEMORY_STRESS,46.5,0.0,46.5,46.5,0.0,0.0,1115580.5,0.0,0.0,0.0,0.0,0.0,0.0739393939393938,0.0013298452147372,9.0,9.0,0.0,0.0,0.0,0.0,0.0,0.0,0.0,93.36,0.0,91.04,95.2,100.0,100.0,35.0,24.69,0,0,1,0,0,0,0,1,2,0.8448,3e-05,-0.0044,0.2666666666666666
2026-09-16T00:13:29.000,810,MEMORY_STRESS,46.5,0.0,46.5,46.5,0.0,0.0,1115580.5,0.0,0.0,0.0,0.0,0.0,0.5539393939393938,0.0311201906707524,9.0,9.0,0.0,0.0,0.0,0.0,0.0,0.0,0.0,93.36,0.0,94.67,100.0,100.0,100.0,35.0,25.07,0,0,1,0,0,0,0,1,2,0.842,3e-05,-0.0044,0.2666666666666666
2026-09-16T00:13:30.000,811,MEMORY_STRESS,46.5,0.0,46.5,46.5,0.0,0.0,1115580.5,0.0,0.0,0.0,0.0,0.0,-0.4460606060606062,-0.0066378066378066,9.0,9.0,0.0,0.0,0.0,0.0,0.0,0.0,0.0,93.36,0.0,92.59,100.0,100.0,100.0,35.0,25.0,0,0,1,0,0,0,0,1,2,0.8425,3e-05,-0.0046,0.2666666666666666
2026-09-16T00:13:31.000,812,MEMORY_STRESS,46.5,0.0,46.5,46.5,0.0,0.0,1115580.5,0.0,0.0,0.0,0.0,0.0,-0.6727272727272726,-0.0168181818181818,9.0,9.0,0.0,0.0,0.0,0.0,0.0,0.0,0.0,93.36,0.0,97.63,100.0,100.0,100.0,35.0,25.18,0,0,1,0,0,0,0,1,2,0.8412,3e-05,-0.0046,0.2666666666666666
2026-09-16T00:13:32.000,813,MEMORY_STRESS,46.5,0.0,46.5,46.5,0.0,0.0,1115580.5,0.0,0.0,0.0,0.0,0.0,0.5806060606060607,0.0104425550468715,9.0,9.0,0.0,0.0,0.0,0.0,0.0,0.0,0.0,93.36,0.0,91.04,95.2,100.0,100.0,35.0,24.69,0,0,1,0,0,0,0,1,2,0.8448,4e-05,-0.0048,0.2666666666666666
2026-09-16T00:13:33.000,814,MEMORY_STRESS,46.5,0.0,46.5,46.5,0.0,0.0,1115580.5,0.0,0.0,0.0,0.0,0.0,1.0606060606060603,0.0595846101464078,9.0,9.0,0.0,0.0,0.0,0.0,0.0,0.0,0.0,93.36,0.0,94.67,100.0,100.0,100.0,35.0,25.07,0,0,1,0,0,0,0,1,2,0.842,4e-05,-0.0048,0.2666666666666666
2026-09-16T00:13:34.000,815,MEMORY_STRESS,46.5,0.0,46.5,46.5,0.0,0.0,1115580.5,0.0,0.0,0.0,0.0,0.0,0.0606060606060605,0.0009018759018759,9.0,9.0,0.0,0.0,0.0,0.0,0.0,0.0,0.0,93.36,0.0,92.59,100.0,100.0,100.0,35.0,25.0,0,0,1,0,0,0,0,1,2,0.8425,4e-05,-0.005,0.2666666666666666
2026-09-16T00:13:35.000,816,MEMORY_STRESS,46.5,0.0,46.5,46.5,0.0,0.0,1115580.5,0.0,0.0,0.0,0.0,0.0,-0.1660606060606059,-0.0041515151515151,9.0,9.0,0.0,0.0,0.0,0.0,0.0,0.0,0.0,93.36,0.0,97.63,100.0,100.0,100.0,35.0,25.18,0,0,1,0,0,0,0,1,2,0.8412,4e-05,-0.005,0.2666666666666666
2026-09-16T00:13:36.000,817,MEMORY_STRESS,46.5,0.0,46.5,46.5,0.0,0.0,1115580.5,0.0,0.0,0.0,0.0,0.0,1.087272727272727,0.0610827374872318,9.0,9.0,0.0,0.0,0.0,0.0,0.0,0.0,0.0,93.36,0.0,91.04,99.2,100.0,100.0,35.0,24.9,0,0,1,0,0,0,0,1,2,0.8432,4e-05,-0.0051,0.2666666666666666
2026-09-16T00:13:37.000,818,MEMORY_STRESS,46.5,0.0,46.5,46.5,0.0,0.0,1115580.5,0.0,0.0,0.0,0.0,0.0,-0.952727272727273,-0.0141774891774891,9.0,9.0,0.0,0.0,0.0,0.0,0.0,0.0,0.0,93.36,0.0,94.67,100.0,100.0,100.0,35.0,25.07,0,0,1,0,0,0,0,1,2,0.842,4e-05,-0.0051,0.2666666666666666
2026-09-16T00:13:38.000,819,MEMORY_STRESS,46.5,0.0,46.5,46.5,0.0,0.0,1115580.5,0.0,0.0,0.0,0.0,0.0,1.5151515151515156,0.0378787878787878,9.0,9.0,0.0,0.0,0.0,0.0,0.0,0.0,0.0,93.36,0.0,91.04,96.0,100.0,100.0,35.0,24.74,0,0,1,0,0,0,0,1,2,0.8444,4e-05,-0.0053,0.2666666666666666
2026-09-16T00:13:39.000,820,MEMORY_STRESS,46.5,0.0,46.5,46.5,0.0,0.0,1115580.5,0.0,0.0,0.0,0.0,0.0,0.6860606060606061,0.0123392195334641,9.0,9.0,0.0,0.0,0.0,0.0,0.0,0.0,0.0,93.36,0.0,94.67,100.0,100.0,100.0,35.0,25.07,0,0,1,0,0,0,0,1,2,0.842,4e-05,-0.0054,0.2666666666666666
2026-09-16T00:13:40.000,821,MEMORY_STRESS,46.5,0.0,46.5,46.5,0.0,0.0,1115580.5,0.0,0.0,0.0,0.0,0.0,1.7478787878787878,0.0981954375212802,9.0,9.0,0.0,0.0,0.0,0.0,0.0,0.0,0.0,93.36,0.0,92.59,100.0,100.0,100.0,35.0,25.0,0,0,1,0,0,0,0,1,2,0.8425,4e-05,-0.0055,0.2666666666666666
2026-09-16T00:13:41.000,822,MEMORY_STRESS,46.5,0.0,46.5,46.5,0.0,0.0,1115580.5,0.0,0.0,0.0,0.0,0.0,-1.7721212121212124,-0.0263708513708513,9.0,9.0,0.0,0.0,0.0,0.0,0.0,0.0,0.0,93.36,0.0,97.63,100.0,100.0,100.0,35.0,25.18,0,0,1,0,0,0,0,1,2,0.8412,4e-05,-0.0055,0.2666666666666666
2026-09-16T00:13:42.000,823,MEMORY_STRESS,46.5,0.0,46.5,46.5,0.0,0.0,1115580.5,0.0,0.0,0.0,0.0,0.0,0.6957575757575758,0.0173939393939393,9.0,9.0,0.0,0.0,0.0,0.0,0.0,0.0,0.0,93.36,0.0,91.04,95.2,100.0,100.0,35.0,24.69,0,0,1,0,0,0,0,1,2,0.8448,4e-05,-0.0057,0.2666666666666666
2026-09-16T00:13:43.000,824,MEMORY_STRESS,46.5,0.0,46.5,46.5,0.0,0.0,1115580.5,0.0,0.0,0.0,0.0,0.0,-0.1333333333333333,-0.0023980815347721,9.0,9.0,0.0,0.0,0.0,0.0,0.0,0.0,0.0,93.36,0.0,94.67,100.0,100.0,100.0,35.0,25.07,0,0,1,0,0,0,0,1,2,0.842,4e-05,-0.0058,0.2666666666666666
2026-09-16T00:13:44.000,825,MEMORY_STRESS,46.5,0.0,46.5,46.5,0.0,0.0,1115580.5,0.0,0.0,0.0,0.0,0.0,0.9284848484848484,0.0521620701395982,9.0,9.0,0.0,0.0,0.0,0.0,0.0,0.0,0.0,93.36,0.0,92.59,100.0,100.0,100.0,35.0,25.0,0,0,1,0,0,0,0,1,2,0.8425,4e-05,-0.0058,0.2666666666666666
2026-09-16T00:13:45.000,826,MEMORY_STRESS,46.5,0.0,46.5,46.5,0.0,0.0,1115580.5,0.0,0.0,0.0,0.0,0.0,-2.591515151515152,-0.0385642135642135,9.0,9.0,0.0,0.0,0.0,0.0,0.0,0.0,0.0,93.36,0.0,97.63,100.0,100.0,100.0,35.0,25.18,0,0,1,0,0,0,0,1,2,0.8412,4e-05,-0.0058,0.2666666666666666
2026-09-16T00:13:46.000,827,MEMORY_STRESS,46.5,0.0,46.5,46.5,0.0,0.0,1115580.5,0.0,0.0,0.0,0.0,0.0,-0.1236363636363635,-0.003090909090909,9.0,9.0,0.0,0.0,0.0,0.0,0.0,0.0,0.0,93.36,0.0,91.04,100.0,100.0,100.0,35.0,24.95,0,0,1,0,0,0,0,1,2,0.8429,4e-05,-0.006,0.2666666666666666
2026-09-16T00:13:47.000,828,MEMORY_STRESS,46.5,0.0,46.5,46.5,0.0,0.0,1115580.5,0.0,0.0,0.0,0.0,0.0,-0.952727272727273,-0.0141774891774891,9.0,9.0,0.0,0.0,0.0,0.0,0.0,0.0,0.0,93.36,0.0,94.67,100.0,100.0,100.0,35.0,25.07,0,0,1,0,0,0,0,1,2,0.842,4e-05,-0.006,0.2666666666666666
2026-09-16T00:13:48.000,829,MEMORY_STRESS,46.5,0.0,46.5,46.5,0.0,0.0,1115580.5,0.0,0.0,0.0,0.0,0.0,-1.1793939393939394,-0.0294848484848484,9.0,9.0,0.0,0.0,0.0,0.0,0.0,0.0,0.0,93.36,0.0,97.63,100.0,100.0,100.0,35.0,25.18,0,0,1,0,0,0,0,1,2,0.8412,5e-05,-0.006,0.2666666666666666
2026-09-16T00:13:49.000,830,MEMORY_STRESS,46.5,0.0,46.5,46.5,0.0,0.0,1115580.5,0.0,0.0,0.0,0.0,0.0,0.0739393939393938,0.0013298452147372,9.0,9.0,0.0,0.0,0.0,0.0,0.0,0.0,0.0,93.36,0.0,91.04,70.0,100.0,100.0,35.0,23.37,0,0,1,0,0,0,0,1,2,0.8547,5e-05,-0.0065,0.2666666666666666
2026-09-16T00:13:50.000,831,MEMORY_STRESS,46.5,0.0,46.5,46.5,0.0,0.0,1115580.5,0.0,0.0,0.0,0.0,0.0,0.5539393939393938,0.0311201906707524,9.0,9.0,0.0,0.0,0.0,0.0,0.0,0.0,0.0,93.36,0.0,94.67,100.0,100.0,100.0,35.0,25.07,0,0,1,0,0,0,0,1,2,0.842,5e-05,-0.0066,0.2666666666666666
2026-09-16T00:13:51.000,832,MEMORY_STRESS,46.510000000000005,0.0300000000000004,46.5,46.6,0.0054545454545455,0.0001173020527859,1115580.5,0.0,0.0,0.0,0.0,0.0,-0.4460606060606062,-0.0066378066378066,9.0,9.0,0.0,0.0,0.0,0.0,0.0,0.0,0.0,93.34,0.0,92.59,100.0,100.0,100.0,35.0,25.0,0,0,1,0,0,0,0,1,2,0.8425,5e-05,-0.0067,0.2666783968719452
2026-09-16T00:13:52.000,833,MEMORY_STRESS,46.52,0.0400000000000005,46.5,46.6,0.0096969696969698,0.0002085369827305,1115580.5,0.0,0.0,0.0,0.0,0.0,-0.6727272727272726,-0.0168181818181818,9.0,9.0,0.0,0.0,0.0,0.0,0.0,0.0,0.0,93.34,0.0,97.63,100.0,100.0,100.0,35.0,25.18,0,0,1,0,0,0,0,1,2,0.8412,5e-05,-0.0067,0.2666875203649397
2026-09-16T00:13:53.000,834,MEMORY_STRESS,46.53000000000001,0.045825756949559,46.5,46.6,0.0127272727272729,0.0002737047898338,1115580.5,0.0,0.0,0.0,0.0,0.0,0.5806060606060607,0.0104425550468715,9.0,9.0,0.0,0.0,0.0,0.0,0.0,0.0,0.0,93.34,0.0,91.04,70.0,100.0,100.0,35.0,23.37,0,0,1,0,0,0,0,1,2,0.8547,5e-05,-0.0071,0.26669403714565
2026-09-16T00:13:54.000,835,MEMORY_STRESS,46.540000000000006,0.0489897948556642,46.5,46.6,0.0145454545454547,0.0003128054740958,1115580.5,0.0,0.0,0.0,0.0,0.0,1.0606060606060603,0.0595846101464078,9.0,9.0,0.0,0.0,0.0,0.0,0.0,0.0,0.0,93.34,0.0,94.67,100.0,100.0,100.0,35.0,25.07,0,0,1,0,0,0,0,1,2,0.842,5e-05,-0.0073,0.2666979472140762
2026-09-16T00:13:55.000,836,MEMORY_STRESS,46.55000000000001,0.0500000000000007,46.5,46.6,0.0151515151515153,0.0003258390355164,1115580.5,0.0,0.0,0.0,0.0,0.0,0.0606060606060605,0.0009018759018759,9.0,9.0,0.0,0.0,0.0,0.0,0.0,0.0,0.0,93.34,0.0,92.59,100.0,100.0,100.0,35.0,25.0,0,0,1,0,0,0,0,1,2,0.8425,5e-05,-0.0073,0.2666992505702182
2026-09-16T00:13:56.000,837,MEMORY_STRESS,46.56000000000001,0.0489897948556642,46.5,46.6,0.0145454545454547,0.0003128054740958,1115580.5,0.0,0.0,0.0,0.0,0.0,-0.1660606060606059,-0.0041515151515151,9.0,9.0,0.0,0.0,0.0,0.0,0.0,0.0,0.0,93.34,0.0,97.63,100.0,100.0,100.0,35.0,25.18,0,0,1,0,0,0,0,1,2,0.8412,5e-05,-0.0073,0.2666979472140762
2026-09-16T00:13:57.000,838,MEMORY_STRESS,46.57000000000001,0.045825756949559,46.5,46.6,0.0127272727272729,0.0002737047898338,1115580.5,0.0,0.0,0.0,0.0,0.0,1.087272727272727,0.0610827374872318,9.0,9.0,0.0,0.0,0.0,0.0,0.0,0.0,0.0,93.34,0.0,91.04,100.0,100.0,100.0,35.0,24.95,0,0,1,0,0,0,0,1,2,0.8429,6e-05,-0.0074,0.26669403714565
2026-09-16T00:13:58.000,839,MEMORY_STRESS,46.580000000000005,0.0400000000000005,46.5,46.6,0.0096969696969698,0.0002085369827305,1115580.5,0.0,0.0,0.0,0.0,0.0,-0.952727272727273,-0.0141774891774891,9.0,9.0,0.0,0.0,0.0,0.0,0.0,0.0,0.0,93.34,0.0,94.67,100.0,100.0,100.0,35.0,25.07,0,0,1,0,0,0,0,1,2,0.842,6e-05,-0.0074,0.2666875203649397
2026-09-16T00:13:59.000,840,MEMORY_STRESS,46.59000000000001,0.0300000000000004,46.5,46.6,0.0054545454545455,0.0001173020527859,1115580.5,0.0,0.0,0.0,0.0,0.0,1.5151515151515156,0.0378787878787878,9.0,9.0,0.0,0.0,0.0,0.0,0.0,0.0,0.0,93.34,0.0,91.04,70.0,100.0,100.0,35.0,23.37,0,0,1,0,0,0,0,1,2,0.8547,6e-05,-0.0079,0.2666783968719452
2026-09-16T00:14:00.000,841,MEMORY_STRESS,46.60000000000001,7.105427357601002e-15,46.6,46.6,0.0,0.0,1115580.5,0.0,0.0,0.0,0.0,0.0,0.6860606060606061,0.0123392195334641,9.0,9.0,0.0,0.0,0.0,0.0,0.0,0.0,0.0,93.34,0.0,94.67,100.0,100.0,100.0,35.0,25.07,0,0,1,0,0,0,0,1,2,0.842,6e-05,-0.0079,0.2666666666666666
2026-09-16T00:14:01.000,842,MEMORY_STRESS,46.60000000000001,7.105427357601002e-15,46.6,46.6,0.0,0.0,1115580.5,0.0,0.0,0.0,0.0,0.0,1.7478787878787878,0.0981954375212802,9.0,9.0,0.0,0.0,0.0,0.0,0.0,0.0,0.0,93.34,0.0,92.59,100.0,100.0,100.0,35.0,25.0,0,0,1,0,0,0,0,1,2,0.8425,6e-05,-0.008,0.2666666666666666
2026-09-16T00:14:02.000,843,MEMORY_STRESS,46.60000000000001,7.105427357601002e-15,46.6,46.6,0.0,0.0,1115580.5,0.0,0.0,0.0,0.0,0.0,-1.7721212121212124,-0.0263708513708513,9.0,9.0,0.0,0.0,0.0,0.0,0.0,0.0,0.0,93.34,0.0,97.63,100.0,100.0,100.0,35.0,25.18,0,0,1,0,0,0,0,1,2,0.8412,6e-05,-0.008,0.2666666666666666
2026-09-16T00:14:03.000,844,MEMORY_STRESS,46.60000000000001,7.105427357601002e-15,46.6,46.6,0.0,0.0,1115580.5,0.0,0.0,0.0,0.0,0.0,0.6957575757575758,0.0173939393939393,9.0,9.0,0.0,0.0,0.0,0.0,0.0,0.0,0.0,93.34,0.0,91.04,70.0,100.0,100.0,35.0,23.37,0,0,1,0,0,0,0,1,2,0.8547,6e-05,-0.0085,0.2666666666666666
2026-09-16T00:14:04.000,845,MEMORY_STRESS,46.60000000000001,7.105427357601002e-15,46.6,46.6,0.0,0.0,1115580.5,0.0,0.0,0.0,0.0,0.0,-0.1333333333333333,-0.0023980815347721,9.0,9.0,0.0,0.0,0.0,0.0,0.0,0.0,0.0,93.34,0.0,94.67,100.0,100.0,100.0,35.0,25.07,0,0,1,0,0,0,0,1,2,0.842,6e-05,-0.0085,0.2666666666666666
2026-09-16T00:14:05.000,846,MEMORY_STRESS,46.60000000000001,7.105427357601002e-15,46.6,46.6,0.0,0.0,1115580.5,0.0,0.0,0.0,0.0,0.0,0.9284848484848484,0.0521620701395982,9.0,9.0,0.0,0.0,0.0,0.0,0.0,0.0,0.0,93.34,0.0,92.59,100.0,100.0,100.0,35.0,25.0,0,0,1,0,0,0,0,1,2,0.8425,6e-05,-0.0086,0.2666666666666666
2026-09-16T00:14:06.000,847,MEMORY_STRESS,46.60000000000001,7.105427357601002e-15,46.6,46.6,0.0,0.0,1115580.5,0.0,0.0,0.0,0.0,0.0,-2.591515151515152,-0.0385642135642135,9.0,9.0,0.0,0.0,0.0,0.0,0.0,0.0,0.0,93.34,0.0,97.63,100.0,100.0,100.0,35.0,25.18,0,0,1,0,0,0,0,1,2,0.8412,6e-05,-0.0086,0.2666666666666666
2026-09-16T00:14:07.000,848,MEMORY_STRESS,46.60000000000001,7.105427357601002e-15,46.6,46.6,0.0,0.0,1115580.5,0.0,0.0,0.0,0.0,0.0,-0.1236363636363635,-0.003090909090909,9.0,9.0,0.0,0.0,0.0,0.0,0.0,0.0,0.0,93.34,0.0,91.04,100.0,100.0,100.0,35.0,24.95,0,0,1,0,0,0,0,1,2,0.8429,7e-05,-0.0087,0.2666666666666666
2026-09-16T00:14:08.000,849,MEMORY_STRESS,46.60000000000001,7.105427357601002e-15,46.6,46.6,0.0,0.0,1115580.5,0.0,0.0,0.0,0.0,0.0,-0.952727272727273,-0.0141774891774891,9.0,9.0,0.0,0.0,0.0,0.0,0.0,0.0,0.0,93.34,0.0,94.67,100.0,100.0,100.0,35.0,25.07,0,0,1,0,0,0,0,1,2,0.842,7e-05,-0.0087,0.2666666666666666
2026-09-16T00:14:09.000,850,MEMORY_STRESS,46.60000000000001,7.105427357601002e-15,46.6,46.6,0.0,0.0,1115580.5,0.0,0.0,0.0,0.0,0.0,1.5151515151515156,0.0378787878787878,9.0,9.0,0.0,0.0,0.0,0.0,0.0,0.0,0.0,93.34,0.0,91.04,70.0,100.0,100.0,35.0,23.37,0,0,1,0,0,0,0,1,2,0.8547,7e-05,-0.0092,0.2666666666666666
2026-09-16T00:14:10.000,851,MEMORY_STRESS,46.60000000000001,7.105427357601002e-15,46.6,46.6,0.0,0.0,1115580.5,0.0,0.0,0.0,0.0,0.0,0.6860606060606061,0.0123392195334641,9.0,9.0,0.0,0.0,0.0,0.0,0.0,0.0,0.0,93.34,0.0,94.67,100.0,100.0,100.0,35.0,25.07,0,0,1,0,0,0,0,1,2,0.842,7e-05,-0.0092,0.2666666666666666
2026-09-16T00:14:11.000,852,MEMORY_STRESS,46.61000000000001,0.0300000000000004,46.6,46.7,0.0054545454545455,0.0001170503316426,1115580.5,0.0,0.0,0.0,0.0,0.0,1.7478787878787878,0.0981954375212802,9.0,9.0,0.0,0.0,0.0,0.0,0.0,0.0,0.0,93.33,0.0,92.59,100.0,100.0,100.0,35.0,25.0,0,0,1,0,0,0,0,1,2,0.8425,7e-05,-0.0093,0.2666783716998309
2026-09-16T00:14:12.000,853,MEMORY_STRESS,46.620000000000005,0.0400000000000005,46.6,46.7,0.0096969696969698,0.0002080894784757,1115580.5,0.0,0.0,0.0,0.0,0.0,-1.7721212121212124,-0.0263708513708513,9.0,9.0,0.0,0.0,0.0,0.0,0.0,0.0,0.0,93.33,0.0,97.63,100.0,100.0,100.0,35.0,25.18,0,0,1,0,0,0,0,1,2,0.8412,7e-05,-0.0093,0.2666874756145142
2026-09-16T00:14:13.000,854,MEMORY_STRESS,46.63,0.045825756949559,46.6,46.7,0.0127272727272729,0.0002731174404994,1115580.5,0.0,0.0,0.0,0.0,0.0,0.6957575757575758,0.0173939393939393,9.0,9.0,0.0,0.0,0.0,0.0,0.0,0.0,0.0,93.33,0.0,91.04,70.0,100.0,100.0,35.0,23.37,0,0,1,0,0,0,0,1,2,0.8547,7e-05,-0.0097,0.2666939784107166
2026-09-16T00:14:14.000,855,MEMORY_STRESS,46.64,0.0489897948556642,46.6,46.7,0.0145454545454547,0.0003121342177136,1115580.5,0.0,0.0,0.0,0.0,0.0,-0.1333333333333333,-0.0023980815347721,9.0,9.0,0.0,0.0,0.0,0.0,0.0,0.0,0.0,93.33,0.0,94.67,100.0,100.0,100.0,35.0,25.07,0,0,1,0,0,0,0,1,2,0.842,7e-05,-0.0097,0.266697880088438
2026-09-16T00:14:15.000,856,MEMORY_STRESS,46.64999999999999,0.0500000000000007,46.6,46.7,0.0151515151515153,0.0003251398101183,1115580.5,0.0,0.0,0.0,0.0,0.0,0.9284848484848484,0.0521620701395982,9.0,9.0,0.0,0.0,0.0,0.0,0.0,0.0,0.0,93.33,0.0,92.59,100.0,100.0,100.0,35.0,25.0,0,0,1,0,0,0,0,1,2,0.8425,7e-05,-0.0098,0.2666991806476785
2026-09-16T00:14:16.000,857,MEMORY_STRESS,46.66,0.0489897948556642,46.6,46.7,0.0145454545454547,0.0003121342177136,1115580.5,0.0,0.0,0.0,0.0,0.0,-2.591515151515152,-0.0385642135642135,9.0,9.0,0.0,0.0,0.0,0.0,0.0,0.0,0.0,93.33,0.0,97.63,100.0,100.0,100.0,35.0,25.18,0,0,1,0,0,0,0,1,2,0.8412,7e-05,-0.0098,0.266697880088438
2026-09-16T00:14:17.000,858,MEMORY_STRESS,46.67,0.045825756949559,46.6,46.7,0.0127272727272729,0.0002731174404994,1115580.5,0.0,0.0,0.0,0.0,0.0,-0.1236363636363635,-0.003090909090909,9.0,9.0,0.0,0.0,0.0,0.0,0.0,0.0,0.0,93.33,0.0,91.04,100.0,100.0,100.0,35.0,24.94,0,0,1,0,0,0,0,1,2,0.843,7e-05,-0.0099,0.2666939784107166
2026-09-16T00:14:18.000,859,MEMORY_STRESS,46.67999999999999,0.0400000000000005,46.6,46.7,0.0096969696969698,0.0002080894784757,1115580.5,0.0,0.0,0.0,0.0,0.0,-0.952727272727273,-0.0141774891774891,9.0,9.0,0.0,0.0,0.0,0.0,0.0,0.0,0.0,93.33,0.0,94.67,100.0,100.0,100.0,35.0,25.07,0,0,1,0,0,0,0,1,2,0.842,7e-05,-0.0099,0.2666874756145142
2026-09-16T00:14:19.000,860,MEMORY_STRESS,46.68999999999999,0.0300000000000004,46.6,46.7,0.0054545454545455,0.0001170503316426,1115580.5,0.0,0.0,0.0,0.0,0.0,1.5151515151515156,0.0378787878787878,9.0,9.0,0.0,0.0,0.0,0.0,0.0,0.0,0.0,93.33,0.0,91.04,70.0,100.0,100.0,35.0,23.37,0,0,1,0,0,0,0,1,2,0.8547,8e-05,-0.0103,0.2666783716998309
2026-09-16T00:14:20.000,861,MEMORY_STRESS,46.7,7.105427357601002e-15,46.7,46.7,0.0,0.0,1115580.5,0.0,0.0,0.0,0.0,0.0,0.6860606060606061,0.0123392195334641,9.0,9.0,0.0,0.0,0.0,0.0,0.0,0.0,0.0,93.33,0.0,94.67,100.0,100.0,100.0,35.0,25.07,0,0,1,0,0,0,0,1,2,0.842,8e-05,-0.0103,0.2666666666666666
2026-09-16T00:14:21.000,862,MEMORY_STRESS,46.7,7.105427357601002e-15,46.7,46.7,0.0,0.0,1115580.5,0.0,0.0,0.0,0.0,0.0,1.7478787878787878,0.0981954375212802,9.0,9.0,0.0,0.0,0.0,0.0,0.0,0.0,0.0,93.33,0.0,92.59,100.0,100.0,100.0,35.0,25.0,0,0,1,0,0,0,0,1,2,0.8425,8e-05,-0.0104,0.2666666666666666
2026-09-16T00:14:22.000,863,MEMORY_STRESS,46.7,7.105427357601002e-15,46.7,46.7,0.0,0.0,1115580.5,0.0,0.0,0.0,0.0,0.0,-1.7721212121212124,-0.0263708513708513,9.0,9.0,0.0,0.0,0.0,0.0,0.0,0.0,0.0,93.33,0.0,97.63,100.0,100.0,100.0,35.0,25.18,0,0,1,0,0,0,0,1,2,0.8412,8e-05,-0.0104,0.2666666666666666
2026-09-16T00:14:23.000,864,MEMORY_STRESS,46.7,7.105427357601002e-15,46.7,46.7,0.0,0.0,1115580.5,0.0,0.0,0.0,0.0,0.0,0.6957575757575758,0.0173939393939393,9.0,9.0,0.0,0.0,0.0,0.0,0.0,0.0,0.0,93.33,0.0,91.04,70.0,100.0,100.0,35.0,23.37,0,0,1,0,0,0,0,1,2,0.8547,8e-05,-0.0108,0.2666666666666666
2026-09-16T00:14:24.000,865,MEMORY_STRESS,46.7,7.105427357601002e-15,46.7,46.7,0.0,0.0,1115580.5,0.0,0.0,0.0,0.0,0.0,-0.1333333333333333,-0.0023980815347721,9.0,9.0,0.0,0.0,0.0,0.0,0.0,0.0,0.0,93.33,0.0,94.67,100.0,100.0,100.0,35.0,25.07,0,0,1,0,0,0,0,1,2,0.842,8e-05,-0.0108,0.2666666666666666
2026-09-16T00:14:25.000,866,MEMORY_STRESS,46.7,7.105427357601002e-15,46.7,46.7,0.0,0.0,1115580.5,0.0,0.0,0.0,0.0,0.0,0.9284848484848484,0.0521620701395982,9.0,9.0,0.0,0.0,0.0,0.0,0.0,0.0,0.0,93.33,0.0,92.59,100.0,100.0,100.0,35.0,25.0,0,0,1,0,0,0,0,1,2,0.8425,8e-05,-0.0109,0.2666666666666666
2026-09-16T00:14:26.000,867,MEMORY_STRESS,46.7,7.105427357601002e-15,46.7,46.7,0.0,0.0,1115580.5,0.0,0.0,0.0,0.0,0.0,-2.591515151515152,-0.0385642135642135,9.0,9.0,0.0,0.0,0.0,0.0,0.0,0.0,0.0,93.33,0.0,97.63,100.0,100.0,100.0,35.0,25.18,0,0,1,0,0,0,0,1,2,0.8412,8e-05,-0.0109,0.2666666666666666
2026-09-16T00:14:27.000,868,MEMORY_STRESS,46.7,7.105427357601002e-15,46.7,46.7,0.0,0.0,1115580.5,0.0,0.0,0.0,0.0,0.0,-0.1236363636363635,-0.003090909090909,9.0,9.0,0.0,0.0,0.0,0.0,0.0,0.0,0.0,93.33,0.0,91.04,100.0,100.0,100.0,35.0,24.94,0,0,1,0,0,0,0,1,2,0.843,8e-05,-0.0109,0.2666666666666666
2026-09-16T00:14:28.000,869,MEMORY_STRESS,46.7,7.105427357601002e-15,46.7,46.7,0.0,0.0,1115580.5,0.0,0.0,0.0,0.0,0.0,-0.952727272727273,-0.0141774891774891,9.0,9.0,0.0,0.0,0.0,0.0,0.0,0.0,0.0,93.33,0.0,94.67,100.0,100.0,100.0,35.0,25.07,0,0,1,0,0,0,0,1,2,0.842,8e-05,-0.0109,0.2666666666666666
2026-09-16T00:14:29.000,870,MEMORY_STRESS,46.7,7.105427357601002e-15,46.7,46.7,0.0,0.0,1115580.5,0.0,0.0,0.0,0.0,0.0,1.5151515151515156,0.0378787878787878,9.0,9.0,0.0,0.0,0.0,0.0,0.0,0.0,0.0,93.33,0.0,91.04,70.0,100.0,100.0,35.0,23.37,0,0,1,0,0,0,0,1,2,0.8547,9e-05,-0.0113,0.2666666666666666
2026-09-16T00:14:30.000,871,MEMORY_STRESS,46.7,7.105427357601002e-15,46.7,46.7,0.0,0.0,1115580.5,0.0,0.0,0.0,0.0,0.0,0.6860606060606061,0.0123392195334641,9.0,9.0,0.0,0.0,0.0,0.0,0.0,0.0,0.0,93.33,0.0,94.67,100.0,100.0,100.0,35.0,25.07,0,0,1,0,0,0,0,1,2,0.842,8e-05,-0.0113,0.2666666666666666
2026-09-16T00:14:31.000,872,MEMORY_STRESS,46.7,7.105427357601002e-15,46.7,46.7,0.0,0.0,1115580.5,0.0,0.0,0.0,0.0,0.0,1.884242424242424,0.1058563159686755,9.0,9.0,0.0,0.0,0.0,0.0,0.0,0.0,0.0,93.33,0.0,92.25,100.0,100.0,100.0,35.0,24.99,0,0,1,0,0,0,0,1,2,0.8426,9e-05,-0.0113,0.2666666666666666
2026-09-16T00:14:32.000,873,MEMORY_STRESS,46.7,7.105427357601002e-15,46.7,46.7,0.0,0.0,1115580.5,0.0,0.0,0.0,0.0,0.0,-1.666060606060606,-0.0247925685425685,9.0,9.0,0.0,0.0,0.0,0.0,0.0,0.0,0.0,93.33,0.0,97.63,100.0,100.0,100.0,35.0,25.18,0,0,1,0,0,0,0,1,2,0.8412,8e-05,-0.0113,0.2666666666666666
2026-09-16T00:14:33.000,874,MEMORY_STRESS,46.7,7.105427357601002e-15,46.7,46.7,0.0,0.0,1115580.5,0.0,0.0,0.0,0.0,0.0,0.7715151515151516,0.0192878787878787,9.0,9.0,0.0,0.0,0.0,0.0,0.0,0.0,0.0,93.33,0.0,91.04,70.0,100.0,100.0,35.0,23.37,0,0,1,0,0,0,0,1,2,0.8547,9e-05,-0.0118,0.2666666666666666
2026-09-16T00:14:34.000,875,MEMORY_STRESS,46.7,7.105427357601002e-15,46.7,46.7,0.0,0.0,1115580.5,0.0,0.0,0.0,0.0,0.0,-0.0878787878787878,-0.0015805537388271,9.0,9.0,0.0,0.0,0.0,0.0,0.0,0.0,0.0,93.33,0.0,94.67,100.0,100.0,100.0,35.0,25.07,0,0,1,0,0,0,0,1,2,0.842,9e-05,-0.0117,0.2666666666666666
2026-09-16T00:14:35.000,876,MEMORY_STRESS,46.7,7.105427357601002e-15,46.7,46.7,0.0,0.0,1115580.5,0.0,0.0,0.0,0.0,0.0,1.08,0.0606741573033707,9.0,9.0,0.0,0.0,0.0,0.0,0.0,0.0,0.0,93.33,0.0,92.25,100.0,100.0,100.0,35.0,24.99,0,0,1,0,0,0,0,1,2,0.8426,9e-05,-0.0118,0.2666666666666666
2026-09-16T00:14:36.000,877,MEMORY_STRESS,46.7,7.105427357601002e-15,46.7,46.7,0.0,0.0,1115580.5,0.0,0.0,0.0,0.0,0.0,-2.500606060606061,-0.0372113997113997,9.0,9.0,0.0,0.0,0.0,0.0,0.0,0.0,0.0,93.33,0.0,97.63,100.0,100.0,100.0,35.0,25.18,0,0,1,0,0,0,0,1,2,0.8412,9e-05,-0.0117,0.2666666666666666
2026-09-16T00:14:37.000,878,MEMORY_STRESS,46.7,7.105427357601002e-15,46.7,46.7,0.0,0.0,1115580.5,0.0,0.0,0.0,0.0,0.0,-0.0933333333333332,-0.0023333333333333,9.0,9.0,0.0,0.0,0.0,0.0,0.0,0.0,0.0,93.33,0.0,91.04,100.0,100.0,100.0,35.0,24.94,0,0,1,0,0,0,0,1,2,0.843,9e-05,-0.0118,0.2666666666666666
2026-09-16T00:14:38.000,879,MEMORY_STRESS,46.7,7.105427357601002e-15,46.7,46.7,0.0,0.0,1115580.5,0.0,0.0,0.0,0.0,0.0,-0.9830303030303033,-0.0146284271284271,9.0,9.0,0.0,0.0,0.0,0.0,0.0,0.0,0.0,93.33,0.0,94.67,100.0,100.0,100.0,35.0,25.07,0,0,1,0,0,0,0,1,2,0.842,9e-05,-0.0118,0.2666666666666666
2026-09-16T00:14:39.000,880,MEMORY_STRESS,46.7,7.105427357601002e-15,46.7,46.7,0.0,0.0,1115580.5,0.0,0.0,0.0,0.0,0.0,1.4242424242424248,0.0356060606060606,9.0,9.0,0.0,0.0,0.0,0.0,0.0,0.0,0.0,93.33,0.0,91.04,70.0,100.0,100.0,35.0,23.37,0,0,1,0,0,0,0,1,2,0.8547,9e-05,-0.0122,0.2666666666666666
2026-09-16T00:14:40.000,881,MEMORY_STRESS,46.7,7.105427357601002e-15,46.7,46.7,0.0,0.0,1115580.5,0.0,0.0,0.0,0.0,0.0,0.5345454545454544,0.0092004381161007,9.0,9.0,0.0,0.0,0.0,0.0,0.0,0.0,0.0,93.33,0.0,94.67,100.0,100.0,100.0,35.0,25.07,0,0,1,0,0,0,0,1,2,0.842,9e-05,-0.0121,0.2666666666666666
2026-09-16T00:14:41.000,882,MEMORY_STRESS,46.71,0.0299999999999982,46.7,46.8,0.0054545454545451,0.0001167996885341,1115580.5,0.0,0.0,0.0,0.0,0.0,1.8387878787878784,0.1033026898195437,9.0,9.0,0.0,0.0,0.0,0.0,0.0,0.0,0.0,93.31,0.0,92.25,100.0,100.0,100.0,35.0,24.99,0,0,1,0,0,0,0,1,2,0.8426,9e-05,-0.0122,0.2666783466355201
2026-09-16T00:14:42.000,883,MEMORY_STRESS,46.72,0.0399999999999977,46.7,46.8,0.0096969696969691,0.0002076438907273,1115580.5,0.0,0.0,0.0,0.0,0.0,-1.7418181818181817,-0.0259199134199134,9.0,9.0,0.0,0.0,0.0,0.0,0.0,0.0,0.0,93.31,0.0,97.63,100.0,100.0,100.0,35.0,25.17,0,0,1,0,0,0,0,1,2,0.8412,9e-05,-0.0121,0.2666874310557394
2026-09-16T00:14:43.000,884,MEMORY_STRESS,46.73,0.0458257569495557,46.7,46.8,0.012727272727272,0.0002725326065797,1115580.5,0.0,0.0,0.0,0.0,0.0,0.6654545454545455,0.0166363636363636,9.0,9.0,0.0,0.0,0.0,0.0,0.0,0.0,0.0,93.31,0.0,91.04,70.0,100.0,100.0,35.0,23.37,0,0,1,0,0,0,0,1,2,0.8547,9e-05,-0.0126,0.2666939199273246
2026-09-16T00:14:44.000,885,MEMORY_STRESS,46.74,0.0489897948556607,46.7,46.8,0.0145454545454537,0.000311465836091,1115580.5,0.0,0.0,0.0,0.0,0.0,-0.2242424242424242,-0.00385959422104,9.0,9.0,0.0,0.0,0.0,0.0,0.0,0.0,0.0,93.31,0.0,94.67,100.0,100.0,100.0,35.0,25.07,0,0,1,0,0,0,0,1,2,0.842,9e-05,-0.0126,0.2666978132502757
2026-09-16T00:14:45.000,886,MEMORY_STRESS,46.75000000000001,0.0499999999999971,46.7,46.8,0.0151515151515142,0.0003244435792615,1115580.5,0.0,0.0,0.0,0.0,0.0,1.08,0.0606741573033707,9.0,9.0,0.0,0.0,0.0,0.0,0.0,0.0,0.0,93.31,0.0,92.25,100.0,100.0,100.0,35.0,24.99,0,0,1,0,0,0,0,1,2,0.8426,9e-05,-0.0125,0.2666991110245928
2026-09-16T00:14:46.000,887,MEMORY_STRESS,46.760000000000005,0.0489897948556607,46.7,46.8,0.0145454545454537,0.000311465836091,1115580.5,0.0,0.0,0.0,0.0,0.0,-2.500606060606061,-0.0372113997113997,9.0,9.0,0.0,0.0,0.0,0.0,0.0,0.0,0.0,93.31,0.0,97.63,100.0,100.0,100.0,35.0,25.17,0,0,1,0,0,0,0,1,2,0.8412,9e-05,-0.0125,0.2666978132502757
2026-09-16T00:14:47.000,888,MEMORY_STRESS,46.77000000000001,0.0458257569495557,46.7,46.8,0.012727272727272,0.0002725326065797,1115580.5,0.0,0.0,0.0,0.0,0.0,-0.0933333333333332,-0.0023333333333333,9.0,9.0,0.0,0.0,0.0,0.0,0.0,0.0,0.0,93.31,0.0,91.04,100.0,100.0,100.0,35.0,24.94,0,0,1,0,0,0,0,1,2,0.843,9e-05,-0.0125,0.2666939199273246
2026-09-16T00:14:48.000,889,MEMORY_STRESS,46.78000000000001,0.0399999999999977,46.7,46.8,0.0096969696969691,0.0002076438907273,1115580.5,0.0,0.0,0.0,0.0,0.0,-0.9830303030303033,-0.0146284271284271,9.0,9.0,0.0,0.0,0.0,0.0,0.0,0.0,0.0,93.31,0.0,94.67,100.0,100.0,100.0,35.0,25.07,0,0,1,0,0,0,0,1,2,0.842,9e-05,-0.0125,0.2666874310557394
2026-09-16T00:14:49.000,890,MEMORY_STRESS,46.790000000000006,0.0299999999999982,46.7,46.8,0.0054545454545451,0.0001167996885341,1115580.5,0.0,0.0,0.0,0.0,0.0,1.4242424242424248,0.0356060606060606,9.0,9.0,0.0,0.0,0.0,0.0,0.0,0.0,0.0,93.31,0.0,91.04,70.0,100.0,100.0,35.0,23.37,0,0,1,0,0,0,0,1,2,0.8547,0.0001,-0.0129,0.2666783466355201
2026-09-16T00:14:50.000,891,MEMORY_STRESS,46.8,7.105427357601002e-15,46.8,46.8,0.0,0.0,1115580.5,0.0,0.0,0.0,0.0,0.0,0.5345454545454544,0.0092004381161007,9.0,9.0,0.0,0.0,0.0,0.0,0.0,0.0,0.0,93.31,0.0,94.67,100.0,100.0,100.0,35.0,25.07,0,0,1,0,0,0,0,1,2,0.842,0.0001,-0.0128,0.2666666666666666
2026-09-16T00:14:51.000,892,MEMORY_STRESS,46.8,7.105427357601002e-15,46.8,46.8,0.0,0.0,1115580.5,0.0,0.0,0.0,0.0,0.0,1.8387878787878784,0.1033026898195437,9.0,9.0,0.0,0.0,0.0,0.0,0.0,0.0,0.0,93.31,0.0,92.25,100.0,100.0,100.0,35.0,24.99,0,0,1,0,0,0,0,1,2,0.8426,0.0001,-0.0128,0.2666666666666666
2026-09-16T00:14:52.000,893,MEMORY_STRESS,46.8,7.105427357601002e-15,46.8,46.8,0.0,0.0,1115580.5,0.0,0.0,0.0,0.0,0.0,-1.7418181818181817,-0.0259199134199134,9.0,9.0,0.0,0.0,0.0,0.0,0.0,0.0,0.0,93.31,0.0,97.63,100.0,100.0,100.0,35.0,25.17,0,0,1,0,0,0,0,1,2,0.8412,0.0001,-0.0128,0.2666666666666666
2026-09-16T00:14:53.000,894,MEMORY_STRESS,46.8,7.105427357601002e-15,46.8,46.8,0.0,0.0,1115580.5,0.0,0.0,0.0,0.0,0.0,0.6654545454545455,0.0166363636363636,9.0,9.0,0.0,0.0,0.0,0.0,0.0,0.0,0.0,93.31,0.0,91.04,70.0,100.0,100.0,35.0,23.37,0,0,1,0,0,0,0,1,2,0.8547,0.0001,-0.0132,0.2666666666666666
2026-09-16T00:14:54.000,895,MEMORY_STRESS,46.8,7.105427357601002e-15,46.8,46.8,0.0,0.0,1115580.5,0.0,0.0,0.0,0.0,0.0,-0.2242424242424242,-0.00385959422104,9.0,9.0,0.0,0.0,0.0,0.0,0.0,0.0,0.0,93.31,0.0,94.67,100.0,100.0,100.0,35.0,25.07,0,0,1,0,0,0,0,1,2,0.842,0.0001,-0.0131,0.2666666666666666
2026-09-16T00:14:55.000,896,MEMORY_STRESS,46.8,7.105427357601002e-15,46.8,46.8,0.0,0.0,1115580.5,0.0,0.0,0.0,0.0,0.0,1.08,0.0606741573033707,9.0,9.0,0.0,0.0,0.0,0.0,0.0,0.0,0.0,93.31,0.0,92.25,100.0,100.0,100.0,35.0,24.99,0,0,1,0,0,0,0,1,2,0.8426,0.0001,-0.0132,0.2666666666666666
2026-09-16T00:14:56.000,897,MEMORY_STRESS,46.8,7.105427357601002e-15,46.8,46.8,0.0,0.0,1115580.5,0.0,0.0,0.0,0.0,0.0,-2.500606060606061,-0.0372113997113997,9.0,9.0,0.0,0.0,0.0,0.0,0.0,0.0,0.0,93.31,0.0,97.63,100.0,100.0,100.0,35.0,25.17,0,0,1,0,0,0,0,1,2,0.8412,0.0001,-0.0131,0.2666666666666666
2026-09-16T00:14:57.000,898,MEMORY_STRESS,46.8,7.105427357601002e-15,46.8,46.8,0.0,0.0,1115580.5,0.0,0.0,0.0,0.0,0.0,-0.0933333333333332,-0.0023333333333333,9.0,9.0,0.0,0.0,0.0,0.0,0.0,0.0,0.0,93.31,0.0,91.04,100.0,100.0,100.0,35.0,24.94,0,0,1,0,0,0,0,1,2,0.843,0.0001,-0.0131,0.2666666666666666
2026-09-16T00:14:58.000,899,MEMORY_STRESS,46.8,7.105427357601002e-15,46.8,46.8,0.0,0.0,1115580.5,0.0,0.0,0.0,0.0,0.0,-0.9830303030303033,-0.0146284271284271,9.0,9.0,0.0,0.0,0.0,0.0,0.0,0.0,0.0,93.31,0.0,94.67,100.0,100.0,100.0,35.0,25.07,0,0,1,0,0,0,0,1,2,0.842,0.0001,-0.013,0.2666666666666666
2026-09-16T00:14:59.000,900,MEMORY_STRESS,46.8,7.105427357601002e-15,46.8,46.8,0.0,0.0,1115580.5,0.0,0.0,0.0,0.0,0.0,0.927878787878788,0.0231969696969697,9.0,9.0,0.0,0.0,0.0,0.0,0.0,0.0,0.0,93.31,0.0,92.25,100.0,100.0,100.0,35.0,24.99,0,0,1,0,0,0,0,1,2,0.8426,0.0001,-0.0131,0.2666666666666666
2026-09-16T00:15:00.000,901,MEMORY_STRESS,46.8,7.105427357601002e-15,46.8,46.8,0.0,0.0,1115580.5,0.0,0.0,0.0,0.0,0.0,-1.0624242424242425,-0.0182861315391435,9.0,9.0,0.0,0.0,0.0,0.0,0.0,0.0,0.0,93.31,0.0,97.63,100.0,100.0,100.0,35.0,25.17,0,0,1,0,0,0,0,1,2,0.8412,0.0001,-0.013,0.2666666666666666
2026-09-16T00:15:01.000,902,MEMORY_STRESS,46.8,7.105427357601002e-15,46.8,46.8,0.0,0.0,1115580.5,0.0,0.0,0.0,0.0,0.0,1.1175757575757572,0.0627851549199863,9.0,9.0,0.0,0.0,0.0,0.0,0.0,0.0,0.0,93.31,0.0,91.04,70.0,100.0,100.0,35.0,23.37,0,0,1,0,0,0,0,1,2,0.8547,0.0001,-0.0134,0.2666666666666666
2026-09-16T00:15:02.000,903,MEMORY_STRESS,46.8,7.105427357601002e-15,46.8,46.8,0.0,0.0,1115580.5,0.0,0.0,0.0,0.0,0.0,-0.9830303030303033,-0.0146284271284271,9.0,9.0,0.0,0.0,0.0,0.0,0.0,0.0,0.0,93.31,0.0,94.67,100.0,100.0,100.0,35.0,25.07,0,0,1,0,0,0,0,1,2,0.842,0.0001,-0.0133,0.2666666666666666
2026-09-16T00:15:03.000,904,MEMORY_STRESS,46.81,0.0300000000000004,46.8,46.9,0.0054545454545455,0.0001165501165501,1115580.5,0.0,0.0,0.0,0.0,0.0,0.927878787878788,0.0231969696969697,9.0,9.0,0.0,0.0,0.0,0.0,0.0,0.0,0.0,93.3,0.0,92.25,100.0,100.0,100.0,35.0,24.98,0,0,1,0,0,0,0,1,2,0.8426,0.0001,-0.0133,0.2666783216783217
2026-09-16T00:15:04.000,905,MEMORY_STRESS,46.82,0.0400000000000005,46.8,46.9,0.0096969696969698,0.0002072002072002,1115580.5,0.0,0.0,0.0,0.0,0.0,-1.0624242424242425,-0.0182861315391435,9.0,9.0,0.0,0.0,0.0,0.0,0.0,0.0,0.0,93.3,0.0,97.63,100.0,100.0,100.0,35.0,25.17,0,0,1,0,0,0,0,1,2,0.8412,0.0001,-0.0132,0.2666873866873867
2026-09-16T00:15:05.000,906,MEMORY_STRESS,46.83,0.045825756949559,46.8,46.9,0.0127272727272729,0.0002719502719502,1115580.5,0.0,0.0,0.0,0.0,0.0,1.1175757575757572,0.0627851549199863,9.0,9.0,0.0,0.0,0.0,0.0,0.0,0.0,0.0,93.3,0.0,91.04,70.0,100.0,100.0,35.0,23.37,0,0,1,0,0,0,0,1,2,0.8547,0.0001,-0.0135,0.2666938616938616
2026-09-16T00:15:06.000,907,MEMORY_STRESS,46.83999999999999,0.0489897948556642,46.8,46.9,0.0145454545454547,0.0003108003108003,1115580.5,0.0,0.0,0.0,0.0,0.0,-0.9830303030303033,-0.0146284271284271,9.0,9.0,0.0,0.0,0.0,0.0,0.0,0.0,0.0,93.3,0.0,94.67,100.0,100.0,100.0,35.0,25.07,0,0,1,0,0,0,0,1,2,0.842,0.0001,-0.0136,0.2666977466977466
2026-09-16T00:15:07.000,908,MEMORY_STRESS,46.84999999999999,0.0500000000000007,46.8,46.9,0.0151515151515153,0.0003237503237503,1115580.5,0.0,0.0,0.0,0.0,0.0,0.927878787878788,0.0231969696969697,9.0,9.0,0.0,0.0,0.0,0.0,0.0,0.0,0.0,93.3,0.0,92.25,100.0,100.0,100.0,35.0,24.98,0,0,1,0,0,0,0,1,2,0.8426,0.0001,-0.0135,0.2666990416990417
2026-09-16T00:15:08.000,909,MEMORY_STRESS,46.85999999999999,0.0489897948556642,46.8,46.9,0.0145454545454547,0.0003108003108003,1115580.5,0.0,0.0,0.0,0.0,0.0,-1.0624242424242425,-0.0182861315391435,9.0,9.0,0.0,0.0,0.0,0.0,0.0,0.0,0.0,93.3,0.0,97.63,100.0,100.0,100.0,35.0,25.17,0,0,1,0,0,0,0,1,2,0.8412,0.0001,-0.0134,0.2666977466977466
2026-09-16T00:15:09.000,910,MEMORY_STRESS,46.86999999999999,0.045825756949559,46.8,46.9,0.0127272727272729,0.0002719502719502,1115580.5,0.0,0.0,0.0,0.0,0.0,1.1175757575757572,0.0627851549199863,9.0,9.0,0.0,0.0,0.0,0.0,0.0,0.0,0.0,93.3,0.0,91.04,100.0,100.0,100.0,35.0,24.94,0,0,1,0,0,0,0,1,2,0.843,0.0001,-0.0134,0.2666938616938616
2026-09-16T00:15:10.000,911,MEMORY_STRESS,46.87999999999999,0.0400000000000005,46.8,46.9,0.0096969696969698,0.0002072002072002,1115580.5,0.0,0.0,0.0,0.0,0.0,-0.9830303030303033,-0.0146284271284271,9.0,9.0,0.0,0.0,0.0,0.0,0.0,0.0,0.0,93.3,0.0,94.67,100.0,100.0,100.0,35.0,25.07,0,0,1,0,0,0,0,1,2,0.842,0.0001,-0.0134,0.2666873866873867
2026-09-16T00:15:11.000,912,MEMORY_STRESS,46.88999999999999,0.0300000000000004,46.8,46.9,0.0054545454545455,0.0001165501165501,1115580.5,0.0,0.0,0.0,0.0,0.0,0.927878787878788,0.0231969696969697,9.0,9.0,0.0,0.0,0.0,0.0,0.0,0.0,0.0,93.3,0.0,92.25,100.0,100.0,100.0,35.0,24.98,0,0,1,0,0,0,0,1,2,0.8426,0.0001,-0.0134,0.2666783216783217
2026-09-16T00:15:12.000,913,MEMORY_STRESS,46.89999999999999,7.105427357601002e-15,46.9,46.9,0.0,0.0,1115580.5,0.0,0.0,0.0,0.0,0.0,-1.0624242424242425,-0.0182861315391435,9.0,9.0,0.0,0.0,0.0,0.0,0.0,0.0,0.0,93.3,0.0,97.63,100.0,100.0,100.0,35.0,25.17,0,0,1,0,0,0,0,1,2,0.8412,0.0001,-0.0133,0.2666666666666666
2026-09-16T00:15:13.000,914,MEMORY_STRESS,46.89999999999999,7.105427357601002e-15,46.9,46.9,0.0,0.0,1115580.5,0.0,0.0,0.0,0.0,0.0,1.1175757575757572,0.0627851549199863,9.0,9.0,0.0,0.0,0.0,0.0,0.0,0.0,0.0,93.3,0.0,91.04,70.0,100.0,100.0,35.0,23.37,0,0,1,0,0,0,0,1,2,0.8547,0.0001,-0.0136,0.2666666666666666
2026-09-16T00:15:14.000,915,MEMORY_STRESS,46.89999999999999,7.105427357601002e-15,46.9,46.9,0.0,0.0,1115580.5,0.0,0.0,0.0,0.0,0.0,-0.9830303030303033,-0.0146284271284271,9.0,9.0,0.0,0.0,0.0,0.0,0.0,0.0,0.0,93.3,0.0,94.67,100.0,100.0,100.0,35.0,25.07,0,0,1,0,0,0,0,1,2,0.842,0.0001,-0.0136,0.2666666666666666
2026-09-16T00:15:15.000,916,MEMORY_STRESS,46.89999999999999,7.105427357601002e-15,46.9,46.9,0.0,0.0,1115580.5,0.0,0.0,0.0,0.0,0.0,0.927878787878788,0.0231969696969697,9.0,9.0,0.0,0.0,0.0,0.0,0.0,0.0,0.0,93.3,0.0,92.25,100.0,100.0,100.0,35.0,24.98,0,0,1,0,0,0,0,1,2,0.8426,0.0001,-0.0135,0.2666666666666666
2026-09-16T00:15:16.000,917,MEMORY_STRESS,46.89999999999999,7.105427357601002e-15,46.9,46.9,0.0,0.0,1115580.5,0.0,0.0,0.0,0.0,0.0,-1.0624242424242425,-0.0182861315391435,9.0,9.0,0.0,0.0,0.0,0.0,0.0,0.0,0.0,93.3,0.0,97.63,100.0,100.0,100.0,35.0,25.17,0,0,1,0,0,0,0,1,2,0.8412,0.0001,-0.0135,0.2666666666666666
2026-09-16T00:15:17.000,918,MEMORY_STRESS,46.89999999999999,7.105427357601002e-15,46.9,46.9,0.0,0.0,1115580.5,0.0,0.0,0.0,0.0,0.0,1.1175757575757572,0.0627851549199863,9.0,9.0,0.0,0.0,0.0,0.0,0.0,0.0,0.0,93.3,0.0,91.04,70.0,100.0,100.0,35.0,23.37,0,0,1,0,0,0,0,1,2,0.8547,0.0001,-0.0138,0.2666666666666666
2026-09-16T00:15:18.000,919,MEMORY_STRESS,46.89999999999999,7.105427357601002e-15,46.9,46.9,0.0,0.0,1115580.5,0.0,0.0,0.0,0.0,0.0,-0.9830303030303033,-0.0146284271284271,9.0,9.0,0.0,0.0,0.0,0.0,0.0,0.0,0.0,93.3,0.0,94.67,100.0,100.0,100.0,35.0,25.07,0,0,1,0,0,0,0,1,2,0.842,0.0001,-0.0138,0.2666666666666666
2026-09-16T00:15:19.000,920,MEMORY_STRESS,46.89999999999999,7.105427357601002e-15,46.9,46.9,0.0,0.0,1115580.5,0.0,0.0,0.0,0.0,0.0,0.927878787878788,0.0231969696969697,9.0,9.0,0.0,0.0,0.0,0.0,0.0,0.0,0.0,93.3,0.0,92.25,100.0,100.0,100.0,35.0,24.98,0,0,1,0,0,0,0,1,2,0.8426,0.0001,-0.0137,0.2666666666666666
2026-09-16T00:15:20.000,921,MEMORY_STRESS,46.89999999999999,7.105427357601002e-15,46.9,46.9,0.0,0.0,1115580.5,0.0,0.0,0.0,0.0,0.0,-1.0624242424242425,-0.0182861315391435,9.0,9.0,0.0,0.0,0.0,0.0,0.0,0.0,0.0,93.3,0.0,97.63,100.0,100.0,100.0,35.0,25.17,0,0,1,0,0,0,0,1,2,0.8412,0.0001,-0.0136,0.2666666666666666
2026-09-16T00:15:21.000,922,MEMORY_STRESS,46.89999999999999,7.105427357601002e-15,46.9,46.9,0.0,0.0,1115580.5,0.0,0.0,0.0,0.0,0.0,1.1175757575757572,0.0627851549199863,9.0,9.0,0.0,0.0,0.0,0.0,0.0,0.0,0.0,93.3,0.0,91.04,100.0,100.0,100.0,35.0,24.94,0,0,1,0,0,0,0,1,2,0.843,0.0001,-0.0136,0.2666666666666666
2026-09-16T00:15:22.000,923,MEMORY_STRESS,46.89999999999999,7.105427357601002e-15,46.9,46.9,0.0,0.0,1115580.5,0.0,0.0,0.0,0.0,0.0,-0.9830303030303033,-0.0146284271284271,9.0,9.0,0.0,0.0,0.0,0.0,0.0,0.0,0.0,93.3,0.0,94.67,100.0,100.0,100.0,35.0,25.07,0,0,1,0,0,0,0,1,2,0.842,0.0001,-0.0136,0.2666666666666666
2026-09-16T00:15:23.000,924,MEMORY_STRESS,46.89999999999999,7.105427357601002e-15,46.9,46.9,0.0,0.0,1115580.5,0.0,0.0,0.0,0.0,0.0,0.927878787878788,0.0231969696969697,9.0,9.0,0.0,0.0,0.0,0.0,0.0,0.0,0.0,93.3,0.0,92.25,100.0,100.0,100.0,35.0,24.98,0,0,1,0,0,0,0,1,2,0.8426,0.0001,-0.0135,0.2666666666666666
2026-09-16T00:15:24.000,925,MEMORY_STRESS,46.89999999999999,7.105427357601002e-15,46.9,46.9,0.0,0.0,1115580.5,0.0,0.0,0.0,0.0,0.0,-1.0624242424242425,-0.0182861315391435,9.0,9.0,0.0,0.0,0.0,0.0,0.0,0.0,0.0,93.3,0.0,97.63,100.0,100.0,100.0,35.0,25.17,0,0,1,0,0,0,0,1,2,0.8412,0.0001,-0.0134,0.2666666666666666
2026-09-16T00:15:25.000,926,MEMORY_STRESS,46.89999999999999,7.105427357601002e-15,46.9,46.9,0.0,0.0,1115580.5,0.0,0.0,0.0,0.0,0.0,1.1175757575757572,0.0627851549199863,9.0,9.0,0.0,0.0,0.0,0.0,0.0,0.0,0.0,93.3,0.0,91.04,70.0,100.0,100.0,35.0,23.37,0,0,1,0,0,0,0,1,2,0.8547,0.0001,-0.0138,0.2666666666666666
2026-09-16T00:15:26.000,927,MEMORY_STRESS,46.89999999999999,7.105427357601002e-15,46.9,46.9,0.0,0.0,1115580.5,0.0,0.0,0.0,0.0,0.0,-0.9830303030303033,-0.0146284271284271,9.0,9.0,0.0,0.0,0.0,0.0,0.0,0.0,0.0,93.3,0.0,94.67,100.0,100.0,100.0,35.0,25.07,0,0,1,0,0,0,0,1,2,0.842,0.0001,-0.0137,0.2666666666666666
2026-09-16T00:15:27.000,928,MEMORY_STRESS,46.89999999999999,7.105427357601002e-15,46.9,46.9,0.0,0.0,1115580.5,0.0,0.0,0.0,0.0,0.0,0.927878787878788,0.0231969696969697,9.0,9.0,0.0,0.0,0.0,0.0,0.0,0.0,0.0,93.3,0.0,92.25,100.0,100.0,100.0,35.0,24.98,0,0,1,0,0,0,0,1,2,0.8426,0.0001,-0.0136,0.2666666666666666
2026-09-16T00:15:28.000,929,MEMORY_STRESS,46.89999999999999,7.105427357601002e-15,46.9,46.9,0.0,0.0,1115580.5,0.0,0.0,0.0,0.0,0.0,-1.0624242424242425,-0.0182861315391435,9.0,9.0,0.0,0.0,0.0,0.0,0.0,0.0,0.0,93.3,0.0,97.63,100.0,100.0,100.0,35.0,25.17,0,0,1,0,0,0,0,1,2,0.8412,0.0001,-0.0136,0.2666666666666666
2026-09-16T00:15:29.000,930,MEMORY_STRESS,46.89999999999999,7.105427357601002e-15,46.9,46.9,0.0,0.0,1115580.5,0.0,0.0,0.0,0.0,0.0,1.1175757575757572,0.0627851549199863,9.0,9.0,0.0,0.0,0.0,0.0,0.0,0.0,0.0,93.3,0.0,91.04,70.0,100.0,100.0,35.0,23.37,0,0,1,0,0,0,0,1,2,0.8547,0.0001,-0.014,0.2666666666666666
2026-09-16T00:15:30.000,931,MEMORY_STRESS,46.89999999999999,7.105427357601002e-15,46.9,46.9,0.0,0.0,1115580.5,0.0,0.0,0.0,0.0,0.0,-0.9830303030303033,-0.0146284271284271,9.0,9.0,0.0,0.0,0.0,0.0,0.0,0.0,0.0,93.3,0.0,94.67,100.0,100.0,100.0,35.0,25.07,0,0,1,0,0,0,0,1,2,0.842,0.0001,-0.0139,0.2666666666666666
2026-09-16T00:15:31.000,932,MEMORY_STRESS,46.89999999999999,7.105427357601002e-15,46.9,46.9,0.0,0.0,1115580.5,0.0,0.0,0.0,0.0,0.0,0.927878787878788,0.0231969696969697,9.0,9.0,0.0,0.0,0.0,0.0,0.0,0.0,0.0,93.3,0.0,92.25,100.0,100.0,100.0,35.0,24.98,0,0,1,0,0,0,0,1,2,0.8426,0.0001,-0.0138,0.2666666666666666
2026-09-16T00:15:32.000,933,MEMORY_STRESS,46.89999999999999,7.105427357601002e-15,46.9,46.9,0.0,0.0,1115580.5,0.0,0.0,0.0,0.0,0.0,-1.0624242424242425,-0.0182861315391435,9.0,9.0,0.0,0.0,0.0,0.0,0.0,0.0,0.0,93.3,0.0,97.63,100.0,100.0,100.0,35.0,25.17,0,0,1,0,0,0,0,1,2,0.8412,0.0001,-0.0138,0.2666666666666666
2026-09-16T00:15:33.000,934,MEMORY_STRESS,46.89999999999999,7.105427357601002e-15,46.9,46.9,0.0,0.0,1115580.5,0.0,0.0,0.0,0.0,0.0,1.1175757575757572,0.0627851549199863,9.0,9.0,0.0,0.0,0.0,0.0,0.0,0.0,0.0,93.3,0.0,91.04,100.0,100.0,100.0,35.0,24.94,0,0,1,0,0,0,0,1,2,0.843,0.0001,-0.0137,0.2666666666666666
2026-09-16T00:15:34.000,935,MEMORY_STRESS,46.89999999999999,7.105427357601002e-15,46.9,46.9,0.0,0.0,1115580.5,0.0,0.0,0.0,0.0,0.0,-0.9830303030303033,-0.0146284271284271,9.0,9.0,0.0,0.0,0.0,0.0,0.0,0.0,0.0,93.3,0.0,94.67,100.0,100.0,100.0,35.0,25.07,0,0,1,0,0,0,0,1,2,0.842,0.0001,-0.0136,0.2666666666666666
2026-09-16T00:15:35.000,936,MEMORY_STRESS,46.89999999999999,7.105427357601002e-15,46.9,46.9,0.0,0.0,1115580.5,0.0,0.0,0.0,0.0,0.0,0.927878787878788,0.0231969696969697,9.0,9.0,0.0,0.0,0.0,0.0,0.0,0.0,0.0,93.3,0.0,92.25,100.0,100.0,100.0,35.0,24.98,0,0,1,0,0,0,0,1,2,0.8426,0.0001,-0.0135,0.2666666666666666
2026-09-16T00:15:36.000,937,MEMORY_STRESS,46.89999999999999,7.105427357601002e-15,46.9,46.9,0.0,0.0,1115580.5,0.0,0.0,0.0,0.0,0.0,-1.0624242424242425,-0.0182861315391435,9.0,9.0,0.0,0.0,0.0,0.0,0.0,0.0,0.0,93.3,0.0,97.63,100.0,100.0,100.0,35.0,25.17,0,0,1,0,0,0,0,1,2,0.8412,0.0001,-0.0134,0.2666666666666666
2026-09-16T00:15:37.000,938,MEMORY_STRESS,46.89999999999999,7.105427357601002e-15,46.9,46.9,0.0,0.0,1115580.5,0.0,0.0,0.0,0.0,0.0,1.1175757575757572,0.0627851549199863,9.0,9.0,0.0,0.0,0.0,0.0,0.0,0.0,0.0,93.3,0.0,91.04,95.2,100.0,100.0,35.0,24.69,0,0,1,0,0,0,0,1,2,0.8448,0.0001,-0.0134,0.2666666666666666
2026-09-16T00:15:38.000,939,MEMORY_STRESS,46.89999999999999,7.105427357601002e-15,46.9,46.9,0.0,0.0,1115580.5,0.0,0.0,0.0,0.0,0.0,-0.9830303030303033,-0.0146284271284271,9.0,9.0,0.0,0.0,0.0,0.0,0.0,0.0,0.0,93.3,0.0,94.67,100.0,100.0,100.0,35.0,25.07,0,0,1,0,0,0,0,1,2,0.842,0.0001,-0.0134,0.2666666666666666
2026-09-16T00:15:39.000,940,MEMORY_STRESS,46.89999999999999,7.105427357601002e-15,46.9,46.9,0.0,0.0,1115580.5,0.0,0.0,0.0,0.0,0.0,0.927878787878788,0.0231969696969697,9.0,9.0,0.0,0.0,0.0,0.0,0.0,0.0,0.0,93.3,0.0,92.25,100.0,100.0,100.0,35.0,24.98,0,0,1,0,0,0,0,1,2,0.8426,0.0001,-0.0133,0.2666666666666666
2026-09-16T00:15:40.000,941,MEMORY_STRESS,46.89999999999999,7.105427357601002e-15,46.9,46.9,0.0,0.0,1115580.5,0.0,0.0,0.0,0.0,0.0,-1.0624242424242425,-0.0182861315391435,9.0,9.0,0.0,0.0,0.0,0.0,0.0,0.0,0.0,93.3,0.0,97.63,100.0,100.0,100.0,35.0,25.17,0,0,1,0,0,0,0,1,2,0.8412,0.0001,-0.0132,0.2666666666666666
2026-09-16T00:15:41.000,942,MEMORY_STRESS,46.89999999999999,7.105427357601002e-15,46.9,46.9,0.0,0.0,1115580.5,0.0,0.0,0.0,0.0,0.0,1.1175757575757572,0.0627851549199863,9.0,9.0,0.0,0.0,0.0,0.0,0.0,0.0,0.0,93.3,0.0,91.04,95.2,100.0,100.0,35.0,24.69,0,0,1,0,0,0,0,1,2,0.8448,0.0001,-0.0132,0.2666666666666666
2026-09-16T00:15:42.000,943,MEMORY_STRESS,46.89999999999999,7.105427357601002e-15,46.9,46.9,0.0,0.0,1115580.5,0.0,0.0,0.0,0.0,0.0,-0.9830303030303033,-0.0146284271284271,9.0,9.0,0.0,0.0,0.0,0.0,0.0,0.0,0.0,93.3,0.0,94.67,100.0,100.0,100.0,35.0,25.07,0,0,1,0,0,0,0,1,2,0.842,0.0001,-0.0132,0.2666666666666666
2026-09-16T00:15:43.000,944,MEMORY_STRESS,46.89999999999999,7.105427357601002e-15,46.9,46.9,0.0,0.0,1115580.5,0.0,0.0,0.0,0.0,0.0,0.927878787878788,0.0231969696969697,9.0,9.0,0.0,0.0,0.0,0.0,0.0,0.0,0.0,93.3,0.0,92.25,100.0,100.0,100.0,35.0,24.98,0,0,1,0,0,0,0,1,2,0.8426,0.0001,-0.0131,0.2666666666666666
2026-09-16T00:15:44.000,945,MEMORY_STRESS,46.89999999999999,7.105427357601002e-15,46.9,46.9,0.0,0.0,1115580.5,0.0,0.0,0.0,0.0,0.0,-1.0624242424242425,-0.0182861315391435,9.0,9.0,0.0,0.0,0.0,0.0,0.0,0.0,0.0,93.3,0.0,97.63,100.0,100.0,100.0,35.0,25.17,0,0,1,0,0,0,0,1,2,0.8412,0.0001,-0.013,0.2666666666666666
2026-09-16T00:15:45.000,946,MEMORY_STRESS,46.89999999999999,7.105427357601002e-15,46.9,46.9,0.0,0.0,1115580.5,0.0,0.0,0.0,0.0,0.0,1.1175757575757572,0.0627851549199863,9.0,9.0,0.0,0.0,0.0,0.0,0.0,0.0,0.0,93.3,0.0,91.04,100.0,100.0,100.0,35.0,24.94,0,0,1,0,0,0,0,1,2,0.843,0.0001,-0.013,0.2666666666666666
2026-09-16T00:15:46.000,947,MEMORY_STRESS,46.89999999999999,7.105427357601002e-15,46.9,46.9,0.0,0.0,1115580.5,0.0,0.0,0.0,0.0,0.0,-0.9830303030303033,-0.0146284271284271,9.0,9.0,0.0,0.0,0.0,0.0,0.0,0.0,0.0,93.3,0.0,94.67,100.0,100.0,100.0,35.0,25.07,0,0,1,0,0,0,0,1,2,0.842,0.0001,-0.0129,0.2666666666666666
2026-09-16T00:15:47.000,948,MEMORY_STRESS,46.89999999999999,7.105427357601002e-15,46.9,46.9,0.0,0.0,1115580.5,0.0,0.0,0.0,0.0,0.0,0.927878787878788,0.0231969696969697,9.0,9.0,0.0,0.0,0.0,0.0,0.0,0.0,0.0,93.3,0.0,92.25,100.0,100.0,100.0,35.0,24.98,0,0,1,0,0,0,0,1,2,0.8426,0.0001,-0.0128,0.2666666666666666
2026-09-16T00:15:48.000,949,MEMORY_STRESS,46.89999999999999,7.105427357601002e-15,46.9,46.9,0.0,0.0,1115580.5,0.0,0.0,0.0,0.0,0.0,-1.0624242424242425,-0.0182861315391435,9.0,9.0,0.0,0.0,0.0,0.0,0.0,0.0,0.0,93.3,0.0,97.63,100.0,100.0,100.0,35.0,25.17,0,0,1,0,0,0,0,1,2,0.8412,9e-05,-0.0127,0.2666666666666666
2026-09-16T00:15:49.000,950,MEMORY_STRESS,46.89999999999999,7.105427357601002e-15,46.9,46.9,0.0,0.0,1115580.5,0.0,0.0,0.0,0.0,0.0,1.1175757575757572,0.0627851549199863,9.0,9.0,0.0,0.0,0.0,0.0,0.0,0.0,0.0,93.3,0.0,91.04,95.2,100.0,100.0,35.0,24.69,0,0,1,0,0,0,0,1,2,0.8448,9e-05,-0.0127,0.2666666666666666
2026-09-16T00:15:50.000,951,MEMORY_STRESS,46.89999999999999,7.105427357601002e-15,46.9,46.9,0.0,0.0,1115580.5,0.0,0.0,0.0,0.0,0.0,-0.9830303030303033,-0.0146284271284271,9.0,9.0,0.0,0.0,0.0,0.0,0.0,0.0,0.0,93.3,0.0,94.67,100.0,100.0,100.0,35.0,25.07,0,0,1,0,0,0,0,1,2,0.842,9e-05,-0.0127,0.2666666666666666
2026-09-16T00:15:51.000,952,MEMORY_STRESS,46.89999999999999,7.105427357601002e-15,46.9,46.9,0.0,0.0,1115580.5,0.0,0.0,0.0,0.0,0.0,0.927878787878788,0.0231969696969697,9.0,9.0,0.0,0.0,0.0,0.0,0.0,0.0,0.0,93.3,0.0,92.25,100.0,100.0,100.0,35.0,24.98,0,0,1,0,0,0,0,1,2,0.8426,9e-05,-0.0126,0.2666666666666666
2026-09-16T00:15:52.000,953,MEMORY_STRESS,46.89999999999999,7.105427357601002e-15,46.9,46.9,0.0,0.0,1115580.5,0.0,0.0,0.0,0.0,0.0,-1.0624242424242425,-0.0182861315391435,9.0,9.0,0.0,0.0,0.0,0.0,0.0,0.0,0.0,93.3,0.0,97.63,100.0,100.0,100.0,35.0,25.17,0,0,1,0,0,0,0,1,2,0.8412,9e-05,-0.0125,0.2666666666666666
2026-09-16T00:15:53.000,954,MEMORY_STRESS,46.89999999999999,7.105427357601002e-15,46.9,46.9,0.0,0.0,1115580.5,0.0,0.0,0.0,0.0,0.0,1.1175757575757572,0.0627851549199863,9.0,9.0,0.0,0.0,0.0,0.0,0.0,0.0,0.0,93.3,0.0,91.04,95.2,100.0,100.0,35.0,24.69,0,0,1,0,0,0,0,1,2,0.8448,9e-05,-0.0124,0.2666666666666666
2026-09-16T00:15:54.000,955,MEMORY_STRESS,46.89999999999999,7.105427357601002e-15,46.9,46.9,0.0,0.0,1115580.5,0.0,0.0,0.0,0.0,0.0,-0.9830303030303033,-0.0146284271284271,9.0,9.0,0.0,0.0,0.0,0.0,0.0,0.0,0.0,93.3,0.0,94.67,100.0,100.0,100.0,35.0,25.07,0,0,1,0,0,0,0,1,2,0.842,9e-05,-0.0124,0.2666666666666666
2026-09-16T00:15:55.000,956,MEMORY_STRESS,46.89999999999999,7.105427357601002e-15,46.9,46.9,0.0,0.0,1115580.5,0.0,0.0,0.0,0.0,0.0,0.927878787878788,0.0231969696969697,9.0,9.0,0.0,0.0,0.0,0.0,0.0,0.0,0.0,93.3,0.0,92.25,100.0,100.0,100.0,35.0,24.98,0,0,1,0,0,0,0,1,2,0.8426,9e-05,-0.0123,0.2666666666666666
2026-09-16T00:15:56.000,957,MEMORY_STRESS,46.89999999999999,7.105427357601002e-15,46.9,46.9,0.0,0.0,1115580.5,0.0,0.0,0.0,0.0,0.0,-1.0624242424242425,-0.0182861315391435,9.0,9.0,0.0,0.0,0.0,0.0,0.0,0.0,0.0,93.3,0.0,97.63,100.0,100.0,100.0,35.0,25.17,0,0,1,0,0,0,0,1,2,0.8412,9e-05,-0.0122,0.2666666666666666
2026-09-16T00:15:57.000,958,MEMORY_STRESS,46.89999999999999,7.105427357601002e-15,46.9,46.9,0.0,0.0,1115580.5,0.0,0.0,0.0,0.0,0.0,1.1175757575757572,0.0627851549199863,9.0,9.0,0.0,0.0,0.0,0.0,0.0,0.0,0.0,93.3,0.0,91.04,99.2,100.0,100.0,35.0,24.9,0,0,1,0,0,0,0,1,2,0.8432,9e-05,-0.0121,0.2666666666666666
2026-09-16T00:15:58.000,959,MEMORY_STRESS,46.89999999999999,7.105427357601002e-15,46.9,46.9,0.0,0.0,1115580.5,0.0,0.0,0.0,0.0,0.0,-0.9830303030303033,-0.0146284271284271,9.0,9.0,0.0,0.0,0.0,0.0,0.0,0.0,0.0,93.3,0.0,94.67,100.0,100.0,100.0,35.0,25.07,0,0,1,0,0,0,0,1,2,0.842,9e-05,-0.012,0.2666666666666666
2026-09-16T00:15:59.000,960,MEMORY_STRESS,46.89999999999999,7.105427357601002e-15,46.9,46.9,0.0,0.0,1115580.5,0.0,0.0,0.0,0.0,0.0,0.927878787878788,0.0231969696969697,9.0,9.0,0.0,0.0,0.0,0.0,0.0,0.0,0.0,93.3,0.0,92.25,100.0,100.0,100.0,35.0,24.98,0,0,1,0,0,0,0,1,2,0.8426,9e-05,-0.012,0.2666666666666666
2026-09-16T00:16:00.000,961,MEMORY_STRESS,46.89999999999999,7.105427357601002e-15,46.9,46.9,0.0,0.0,1115580.5,0.0,0.0,0.0,0.0,0.0,-1.0624242424242425,-0.0182861315391435,9.0,9.0,0.0,0.0,0.0,0.0,0.0,0.0,0.0,93.3,0.0,97.63,100.0,100.0,100.0,35.0,25.17,0,0,1,0,0,0,0,1,2,0.8412,9e-05,-0.0119,0.2666666666666666
2026-09-16T00:16:01.000,962,MEMORY_STRESS,46.89999999999999,7.105427357601002e-15,46.9,46.9,0.0,0.0,1115580.5,0.0,0.0,0.0,0.0,0.0,1.1175757575757572,0.0627851549199863,9.0,9.0,0.0,0.0,0.0,0.0,0.0,0.0,0.0,93.3,0.0,91.04,96.0,100.0,100.0,35.0,24.73,0,0,1,0,0,0,0,1,2,0.8445,9e-05,-0.0119,0.2666666666666666
2026-09-16T00:16:02.000,963,MEMORY_STRESS,46.89999999999999,7.105427357601002e-15,46.9,46.9,0.0,0.0,1115580.5,0.0,0.0,0.0,0.0,0.0,-0.9830303030303033,-0.0146284271284271,9.0,9.0,0.0,0.0,0.0,0.0,0.0,0.0,0.0,93.3,0.0,94.67,100.0,100.0,100.0,35.0,25.07,0,0,1,0,0,0,0,1,2,0.842,9e-05,-0.0118,0.2666666666666666
2026-09-16T00:16:03.000,964,MEMORY_STRESS,46.89999999999999,7.105427357601002e-15,46.9,46.9,0.0,0.0,1115580.5,0.0,0.0,0.0,0.0,0.0,0.927878787878788,0.0231969696969697,9.0,9.0,0.0,0.0,0.0,0.0,0.0,0.0,0.0,93.3,0.0,92.25,100.0,100.0,100.0,35.0,24.98,0,0,1,0,0,0,0,1,2,0.8426,9e-05,-0.0117,0.2666666666666666
2026-09-16T00:16:04.000,965,MEMORY_STRESS,46.89999999999999,7.105427357601002e-15,46.9,46.9,0.0,0.0,1115580.5,0.0,0.0,0.0,0.0,0.0,-1.0624242424242425,-0.0182861315391435,9.0,9.0,0.0,0.0,0.0,0.0,0.0,0.0,0.0,93.3,0.0,97.63,100.0,100.0,100.0,35.0,25.17,0,0,1,0,0,0,0,1,2,0.8412,9e-05,-0.0116,0.2666666666666666
2026-09-16T00:16:05.000,966,MEMORY_STRESS,46.89999999999999,7.105427357601002e-15,46.9,46.9,0.0,0.0,1115580.5,0.0,0.0,0.0,0.0,0.0,1.1175757575757572,0.0627851549199863,9.0,9.0,0.0,0.0,0.0,0.0,0.0,0.0,0.0,93.3,0.0,91.04,95.2,100.0,100.0,35.0,24.69,0,0,1,0,0,0,0,1,2,0.8448,9e-05,-0.0116,0.2666666666666666
2026-09-16T00:16:06.000,967,MEMORY_STRESS,46.89999999999999,7.105427357601002e-15,46.9,46.9,0.0,0.0,1115580.5,0.0,0.0,0.0,0.0,0.0,-0.9830303030303033,-0.0146284271284271,9.0,9.0,0.0,0.0,0.0,0.0,0.0,0.0,0.0,93.3,0.0,94.67,100.0,100.0,100.0,35.0,25.07,0,0,1,0,0,0,0,1,2,0.842,9e-05,-0.0115,0.2666666666666666
2026-09-16T00:16:07.000,968,MEMORY_STRESS,46.89999999999999,7.105427357601002e-15,46.9,46.9,0.0,0.0,1115580.5,0.0,0.0,0.0,0.0,0.0,0.927878787878788,0.0231969696969697,9.0,9.0,0.0,0.0,0.0,0.0,0.0,0.0,0.0,93.3,0.0,92.25,100.0,100.0,100.0,35.0,24.98,0,0,1,0,0,0,0,1,2,0.8426,8e-05,-0.0114,0.2666666666666666
2026-09-16T00:16:08.000,969,MEMORY_STRESS,46.89999999999999,7.105427357601002e-15,46.9,46.9,0.0,0.0,1115580.5,0.0,0.0,0.0,0.0,0.0,-1.0624242424242425,-0.0182861315391435,9.0,9.0,0.0,0.0,0.0,0.0,0.0,0.0,0.0,93.3,0.0,97.63,100.0,100.0,100.0,35.0,25.17,0,0,1,0,0,0,0,1,2,0.8412,8e-05,-0.0113,0.2666666666666666
2026-09-16T00:16:09.000,970,MEMORY_STRESS,46.89999999999999,7.105427357601002e-15,46.9,46.9,0.0,0.0,1115580.5,0.0,0.0,0.0,0.0,0.0,1.1175757575757572,0.0627851549199863,9.0,9.0,0.0,0.0,0.0,0.0,0.0,0.0,0.0,93.3,0.0,91.04,100.0,100.0,100.0,35.0,24.94,0,0,1,0,0,0,0,1,2,0.843,8e-05,-0.0112,0.2666666666666666
2026-09-16T00:16:10.000,971,MEMORY_STRESS,46.89999999999999,7.105427357601002e-15,46.9,46.9,0.0,0.0,1115580.5,0.0,0.0,0.0,0.0,0.0,-0.9830303030303033,-0.0146284271284271,9.0,9.0,0.0,0.0,0.0,0.0,0.0,0.0,0.0,93.3,0.0,94.67,100.0,100.0,100.0,35.0,25.07,0,0,1,0,0,0,0,1,2,0.842,8e-05,-0.011,0.2666666666666666
2026-09-16T00:16:11.000,972,MEMORY_STRESS,46.89999999999999,7.105427357601002e-15,46.9,46.9,0.0,0.0,1115580.5,0.0,0.0,0.0,0.0,0.0,1.4242424242424248,0.0356060606060606,9.0,9.0,0.0,0.0,0.0,0.0,0.0,0.0,0.0,93.3,0.0,91.04,95.2,100.0,100.0,35.0,24.69,0,0,1,0,0,0,0,1,2,0.8448,8e-05,-0.0111,0.2666666666666666
2026-09-16T00:16:12.000,973,MEMORY_STRESS,46.89999999999999,7.105427357601002e-15,46.9,46.9,0.0,0.0,1115580.5,0.0,0.0,0.0,0.0,0.0,0.5345454545454544,0.0092004381161007,9.0,9.0,0.0,0.0,0.0,0.0,0.0,0.0,0.0,93.3,0.0,94.67,100.0,100.0,100.0,35.0,25.07,0,0,1,0,0,0,0,1,2,0.842,8e-05,-0.011,0.2666666666666666
2026-09-16T00:16:13.000,974,MEMORY_STRESS,46.89999999999999,7.105427357601002e-15,46.9,46.9,0.0,0.0,1115580.5,0.0,0.0,0.0,0.0,0.0,1.8387878787878784,0.1033026898195437,9.0,9.0,0.0,0.0,0.0,0.0,0.0,0.0,0.0,93.3,0.0,92.25,100.0,100.0,100.0,35.0,24.98,0,0,1,0,0,0,0,1,2,0.8426,8e-05,-0.0109,0.2666666666666666
2026-09-16T00:16:14.000,975,MEMORY_STRESS,46.89999999999999,7.105427357601002e-15,46.9,46.9,0.0,0.0,1115580.5,0.0,0.0,0.0,0.0,0.0,-1.7418181818181817,-0.0259199134199134,9.0,9.0,0.0,0.0,0.0,0.0,0.0,0.0,0.0,93.3,0.0,97.63,100.0,100.0,100.0,35.0,25.17,0,0,1,0,0,0,0,1,2,0.8412,8e-05,-0.0107,0.2666666666666666
2026-09-16T00:16:15.000,976,MEMORY_STRESS,46.89999999999999,7.105427357601002e-15,46.9,46.9,0.0,0.0,1115580.5,0.0,0.0,0.0,0.0,0.0,0.6654545454545455,0.0166363636363636,9.0,9.0,0.0,0.0,0.0,0.0,0.0,0.0,0.0,93.3,0.0,91.04,95.2,100.0,100.0,35.0,24.69,0,0,1,0,0,0,0,1,2,0.8448,8e-05,-0.0108,0.2666666666666666
2026-09-16T00:16:16.000,977,MEMORY_STRESS,46.89999999999999,7.105427357601002e-15,46.9,46.9,0.0,0.0,1115580.5,0.0,0.0,0.0,0.0,0.0,-0.2242424242424242,-0.00385959422104,9.0,9.0,0.0,0.0,0.0,0.0,0.0,0.0,0.0,93.3,0.0,94.67,100.0,100.0,100.0,35.0,25.07,0,0,1,0,0,0,0,1,2,0.842,8e-05,-0.0106,0.2666666666666666
2026-09-16T00:16:17.000,978,MEMORY_STRESS,46.89999999999999,7.105427357601002e-15,46.9,46.9,0.0,0.0,1115580.5,0.0,0.0,0.0,0.0,0.0,1.08,0.0606741573033707,9.0,9.0,0.0,0.0,0.0,0.0,0.0,0.0,0.0,93.3,0.0,92.25,100.0,100.0,100.0,35.0,24.98,0,0,1,0,0,0,0,1,2,0.8426,8e-05,-0.0106,0.2666666666666666
2026-09-16T00:16:18.000,979,MEMORY_STRESS,46.89999999999999,7.105427357601002e-15,46.9,46.9,0.0,0.0,1115580.5,0.0,0.0,0.0,0.0,0.0,-2.500606060606061,-0.0372113997113997,9.0,9.0,0.0,0.0,0.0,0.0,0.0,0.0,0.0,93.3,0.0,97.63,100.0,100.0,100.0,35.0,25.17,0,0,1,0,0,0,0,1,2,0.8412,8e-05,-0.0104,0.2666666666666666
2026-09-16T00:16:19.000,980,MEMORY_STRESS,46.89999999999999,7.105427357601002e-15,46.9,46.9,0.0,0.0,1115580.5,0.0,0.0,0.0,0.0,0.0,-0.0933333333333332,-0.0023333333333333,9.0,9.0,0.0,0.0,0.0,0.0,0.0,0.0,0.0,93.3,0.0,91.04,100.0,100.0,100.0,35.0,24.94,0,0,1,0,0,0,0,1,2,0.843,8e-05,-0.0103,0.2666666666666666
2026-09-16T00:16:20.000,981,MEMORY_STRESS,46.89999999999999,7.105427357601002e-15,46.9,46.9,0.0,0.0,1115580.5,0.0,0.0,0.0,0.0,0.0,-0.9830303030303033,-0.0146284271284271,9.0,9.0,0.0,0.0,0.0,0.0,0.0,0.0,0.0,93.3,0.0,94.67,100.0,100.0,100.0,35.0,25.07,0,0,1,0,0,0,0,1,2,0.842,8e-05,-0.0102,0.2666666666666666
2026-09-16T00:16:21.000,982,MEMORY_STRESS,46.89999999999999,7.105427357601002e-15,46.9,46.9,0.0,0.0,1115580.5,0.0,0.0,0.0,0.0,0.0,0.927878787878788,0.0231969696969697,9.0,9.0,0.0,0.0,0.0,0.0,0.0,0.0,0.0,93.3,0.0,92.25,100.0,100.0,100.0,35.0,24.98,0,0,1,0,0,0,0,1,2,0.8426,8e-05,-0.0102,0.2666666666666666
2026-09-16T00:16:22.000,983,MEMORY_STRESS,46.89999999999999,7.105427357601002e-15,46.9,46.9,0.0,0.0,1115580.5,0.0,0.0,0.0,0.0,0.0,-1.0624242424242425,-0.0182861315391435,9.0,9.0,0.0,0.0,0.0,0.0,0.0,0.0,0.0,93.3,0.0,97.63,100.0,100.0,100.0,35.0,25.17,0,0,1,0,0,0,0,1,2,0.8412,7e-05,-0.01,0.2666666666666666
2026-09-16T00:16:23.000,984,MEMORY_STRESS,46.89999999999999,7.105427357601002e-15,46.9,46.9,0.0,0.0,1115580.5,0.0,0.0,0.0,0.0,0.0,1.1175757575757572,0.0627851549199863,9.0,9.0,0.0,0.0,0.0,0.0,0.0,0.0,0.0,93.3,0.0,91.04,95.2,100.0,100.0,35.0,24.69,0,0,1,0,0,0,0,1,2,0.8448,7e-05,-0.01,0.2666666666666666
2026-09-16T00:16:24.000,985,MEMORY_STRESS,46.89999999999999,7.105427357601002e-15,46.9,46.9,0.0,0.0,1115580.5,0.0,0.0,0.0,0.0,0.0,-0.9830303030303033,-0.0146284271284271,9.0,9.0,0.0,0.0,0.0,0.0,0.0,0.0,0.0,93.3,0.0,94.67,100.0,100.0,100.0,35.0,25.07,0,0,1,0,0,0,0,1,2,0.842,7e-05,-0.0098,0.2666666666666666
2026-09-16T00:16:25.000,986,MEMORY_STRESS,46.89999999999999,7.105427357601002e-15,46.9,46.9,0.0,0.0,1115580.5,0.0,0.0,0.0,0.0,0.0,0.927878787878788,0.0231969696969697,9.0,9.0,0.0,0.0,0.0,0.0,0.0,0.0,0.0,93.3,0.0,92.25,100.0,100.0,100.0,35.0,24.98,0,0,1,0,0,0,0,1,2,0.8426,7e-05,-0.0098,0.2666666666666666
2026-09-16T00:16:26.000,987,MEMORY_STRESS,46.89999999999999,7.105427357601002e-15,46.9,46.9,0.0,0.0,1115580.5,0.0,0.0,0.0,0.0,0.0,-1.0624242424242425,-0.0182861315391435,9.0,9.0,0.0,0.0,0.0,0.0,0.0,0.0,0.0,93.3,0.0,97.63,100.0,100.0,100.0,35.0,25.17,0,0,1,0,0,0,0,1,2,0.8412,7e-05,-0.0096,0.2666666666666666
2026-09-16T00:16:27.000,988,MEMORY_STRESS,46.89999999999999,7.105427357601002e-15,46.9,46.9,0.0,0.0,1115580.5,0.0,0.0,0.0,0.0,0.0,1.1175757575757572,0.0627851549199863,9.0,9.0,0.0,0.0,0.0,0.0,0.0,0.0,0.0,93.3,0.0,91.04,95.2,100.0,100.0,35.0,24.69,0,0,1,0,0,0,0,1,2,0.8448,7e-05,-0.0096,0.2666666666666666
2026-09-16T00:16:28.000,989,MEMORY_STRESS,46.89999999999999,7.105427357601002e-15,46.9,46.9,0.0,0.0,1115580.5,0.0,0.0,0.0,0.0,0.0,-0.9830303030303033,-0.0146284271284271,9.0,9.0,0.0,0.0,0.0,0.0,0.0,0.0,0.0,93.3,0.0,94.67,100.0,100.0,100.0,35.0,25.07,0,0,1,0,0,0,0,1,2,0.842,7e-05,-0.0095,0.2666666666666666
2026-09-16T00:16:29.000,990,MEMORY_STRESS,46.89999999999999,7.105427357601002e-15,46.9,46.9,0.0,0.0,1115580.5,0.0,0.0,0.0,0.0,0.0,0.927878787878788,0.0231969696969697,9.0,9.0,0.0,0.0,0.0,0.0,0.0,0.0,0.0,93.3,0.0,92.25,100.0,100.0,100.0,35.0,24.98,0,0,1,0,0,0,0,1,2,0.8426,7e-05,-0.0094,0.2666666666666666
2026-09-16T00:16:30.000,991,MEMORY_STRESS,46.89999999999999,7.105427357601002e-15,46.9,46.9,0.0,0.0,1115580.5,0.0,0.0,0.0,0.0,0.0,-1.0624242424242425,-0.0182861315391435,9.0,9.0,0.0,0.0,0.0,0.0,0.0,0.0,0.0,93.3,0.0,97.63,100.0,100.0,100.0,35.0,25.17,0,0,1,0,0,0,0,1,2,0.8412,7e-05,-0.0092,0.2666666666666666
2026-09-16T00:16:31.000,992,MEMORY_STRESS,46.89999999999999,7.105427357601002e-15,46.9,46.9,0.0,0.0,1115580.5,0.0,0.0,0.0,0.0,0.0,1.1175757575757572,0.0627851549199863,9.0,9.0,0.0,0.0,0.0,0.0,0.0,0.0,0.0,93.3,0.0,91.04,99.2,100.0,100.0,35.0,24.9,0,0,1,0,0,0,0,1,2,0.8432,7e-05,-0.0091,0.2666666666666666
2026-09-16T00:16:32.000,993,MEMORY_STRESS,46.89999999999999,7.105427357601002e-15,46.9,46.9,0.0,0.0,1115580.5,0.0,0.0,0.0,0.0,0.0,-0.9830303030303033,-0.0146284271284271,9.0,9.0,0.0,0.0,0.0,0.0,0.0,0.0,0.0,93.3,0.0,94.67,100.0,100.0,100.0,35.0,25.07,0,0,1,0,0,0,0,1,2,0.842,7e-05,-0.009,0.2666666666666666
2026-09-16T00:16:33.000,994,MEMORY_STRESS,46.89999999999999,7.105427357601002e-15,46.9,46.9,0.0,0.0,1115580.5,0.0,0.0,0.0,0.0,0.0,0.927878787878788,0.0231969696969697,9.0,9.0,0.0,0.0,0.0,0.0,0.0,0.0,0.0,93.3,0.0,92.25,100.0,100.0,100.0,35.0,24.98,0,0,1,0,0,0,0,1,2,0.8426,7e-05,-0.0089,0.2666666666666666
2026-09-16T00:16:34.000,995,MEMORY_STRESS,46.89999999999999,7.105427357601002e-15,46.9,46.9,0.0,0.0,1115580.5,0.0,0.0,0.0,0.0,0.0,-1.0624242424242425,-0.0182861315391435,9.0,9.0,0.0,0.0,0.0,0.0,0.0,0.0,0.0,93.3,0.0,97.63,100.0,100.0,100.0,35.0,25.17,0,0,1,0,0,0,0,1,2,0.8412,7e-05,-0.0088,0.2666666666666666
2026-09-16T00:16:35.000,996,MEMORY_STRESS,46.89999999999999,7.105427357601002e-15,46.9,46.9,0.0,0.0,1115580.5,0.0,0.0,0.0,0.0,0.0,1.1175757575757572,0.0627851549199863,9.0,9.0,0.0,0.0,0.0,0.0,0.0,0.0,0.0,93.3,0.0,91.04,96.0,100.0,100.0,35.0,24.73,0,0,1,0,0,0,0,1,2,0.8445,6e-05,-0.0087,0.2666666666666666
2026-09-16T00:16:36.000,997,MEMORY_STRESS,46.89999999999999,7.105427357601002e-15,46.9,46.9,0.0,0.0,1115580.5,0.0,0.0,0.0,0.0,0.0,-0.9830303030303033,-0.0146284271284271,9.0,9.0,0.0,0.0,0.0,0.0,0.0,0.0,0.0,93.3,0.0,94.67,100.0,100.0,100.0,35.0,25.07,0,0,1,0,0,0,0,1,2,0.842,6e-05,-0.0086,0.2666666666666666
2026-09-16T00:16:37.000,998,MEMORY_STRESS,46.89999999999999,7.105427357601002e-15,46.9,46.9,0.0,0.0,1115580.5,0.0,0.0,0.0,0.0,0.0,0.927878787878788,0.0231969696969697,9.0,9.0,0.0,0.0,0.0,0.0,0.0,0.0,0.0,93.3,0.0,92.25,100.0,100.0,100.0,35.0,24.98,0,0,1,0,0,0,0,1,2,0.8426,6e-05,-0.0085,0.2666666666666666
2026-09-16T00:16:38.000,999,MEMORY_STRESS,46.89999999999999,7.105427357601002e-15,46.9,46.9,0.0,0.0,1115580.5,0.0,0.0,0.0,0.0,0.0,-1.0624242424242425,-0.0182861315391435,9.0,9.0,0.0,0.0,0.0,0.0,0.0,0.0,0.0,93.3,0.0,97.63,100.0,100.0,100.0,35.0,25.17,0,0,1,0,0,0,0,1,2,0.8412,6e-05,-0.0084,0.2666666666666666
2026-09-16T00:16:39.000,1000,MEMORY_STRESS,46.89999999999999,7.105427357601002e-15,46.9,46.9,0.0,0.0,1115580.5,0.0,0.0,0.0,0.0,0.0,1.1175757575757572,0.0627851549199863,9.0,9.0,0.0,0.0,0.0,0.0,0.0,0.0,0.0,93.3,0.0,91.04,95.2,100.0,100.0,35.0,24.69,0,0,1,0,0,0,0,1,2,0.8448,6e-05,-0.0083,0.2666666666666666
2026-09-16T00:16:40.000,1001,MEMORY_STRESS,46.89999999999999,7.105427357601002e-15,46.9,46.9,0.0,0.0,1115580.5,0.0,0.0,0.0,0.0,0.0,-0.9830303030303033,-0.0146284271284271,9.0,9.0,0.0,0.0,0.0,0.0,0.0,0.0,0.0,93.3,0.0,94.67,100.0,100.0,100.0,35.0,25.07,0,0,1,0,0,0,0,1,2,0.842,6e-05,-0.0082,0.2666666666666666
2026-09-16T00:16:41.000,1002,MEMORY_STRESS,46.89999999999999,7.105427357601002e-15,46.9,46.9,0.0,0.0,1115580.5,0.0,0.0,0.0,0.0,0.0,0.927878787878788,0.0231969696969697,9.0,9.0,0.0,0.0,0.0,0.0,0.0,0.0,0.0,93.3,0.0,92.25,100.0,100.0,100.0,35.0,24.98,0,0,1,0,0,0,0,1,2,0.8426,6e-05,-0.0081,0.2666666666666666
2026-09-16T00:16:42.000,1003,MEMORY_STRESS,46.89999999999999,7.105427357601002e-15,46.9,46.9,0.0,0.0,1115580.5,0.0,0.0,0.0,0.0,0.0,-1.0624242424242425,-0.0182861315391435,9.0,9.0,0.0,0.0,0.0,0.0,0.0,0.0,0.0,93.3,0.0,97.63,100.0,100.0,100.0,35.0,25.17,0,0,1,0,0,0,0,1,2,0.8412,6e-05,-0.0079,0.2666666666666666
2026-09-16T00:16:43.000,1004,MEMORY_STRESS,46.89999999999999,7.105427357601002e-15,46.9,46.9,0.0,0.0,1115580.5,0.0,0.0,0.0,0.0,0.0,1.1175757575757572,0.0627851549199863,9.0,9.0,0.0,0.0,0.0,0.0,0.0,0.0,0.0,93.3,0.0,91.04,100.0,100.0,100.0,35.0,24.94,0,0,1,0,0,0,0,1,2,0.843,6e-05,-0.0078,0.2666666666666666
2026-09-16T00:16:44.000,1005,MEMORY_STRESS,46.89999999999999,7.105427357601002e-15,46.9,46.9,0.0,0.0,1115580.5,0.0,0.0,0.0,0.0,0.0,-0.9830303030303033,-0.0146284271284271,9.0,9.0,0.0,0.0,0.0,0.0,0.0,0.0,0.0,93.3,0.0,94.67,100.0,100.0,100.0,35.0,25.07,0,0,1,0,0,0,0,1,2,0.842,6e-05,-0.0076,0.2666666666666666
2026-09-16T00:16:45.000,1006,MEMORY_STRESS,46.89999999999999,7.105427357601002e-15,46.9,46.9,0.0,0.0,1115580.5,0.0,0.0,0.0,0.0,0.0,0.927878787878788,0.0231969696969697,9.0,9.0,0.0,0.0,0.0,0.0,0.0,0.0,0.0,93.3,0.0,92.25,100.0,100.0,100.0,35.0,24.98,0,0,1,0,0,0,0,1,2,0.8426,6e-05,-0.0076,0.2666666666666666
2026-09-16T00:16:46.000,1007,MEMORY_STRESS,46.89999999999999,7.105427357601002e-15,46.9,46.9,0.0,0.0,1115580.5,0.0,0.0,0.0,0.0,0.0,-1.0624242424242425,-0.0182861315391435,9.0,9.0,0.0,0.0,0.0,0.0,0.0,0.0,0.0,93.3,0.0,97.63,100.0,100.0,100.0,35.0,25.17,0,0,1,0,0,0,0,1,2,0.8412,6e-05,-0.0074,0.2666666666666666
2026-09-16T00:16:47.000,1008,MEMORY_STRESS,46.89999999999999,7.105427357601002e-15,46.9,46.9,0.0,0.0,1115580.5,0.0,0.0,0.0,0.0,0.0,1.1175757575757572,0.0627851549199863,9.0,9.0,0.0,0.0,0.0,0.0,0.0,0.0,0.0,93.3,0.0,91.04,95.2,100.0,100.0,35.0,24.69,0,0,1,0,0,0,0,1,2,0.8448,5e-05,-0.0074,0.2666666666666666
2026-09-16T00:16:48.000,1009,MEMORY_STRESS,46.89999999999999,7.105427357601002e-15,46.9,46.9,0.0,0.0,1115580.5,0.0,0.0,0.0,0.0,0.0,-0.9830303030303033,-0.0146284271284271,9.0,9.0,0.0,0.0,0.0,0.0,0.0,0.0,0.0,93.3,0.0,94.67,100.0,100.0,100.0,35.0,25.07,0,0,1,0,0,0,0,1,2,0.842,5e-05,-0.0072,0.2666666666666666
2026-09-16T00:16:49.000,1010,MEMORY_STRESS,46.89999999999999,7.105427357601002e-15,46.9,46.9,0.0,0.0,1115580.5,0.0,0.0,0.0,0.0,0.0,0.927878787878788,0.0231969696969697,9.0,9.0,0.0,0.0,0.0,0.0,0.0,0.0,0.0,93.3,0.0,92.25,100.0,100.0,100.0,35.0,24.98,0,0,1,0,0,0,0,1,2,0.8426,5e-05,-0.0071,0.2666666666666666
2026-09-16T00:16:50.000,1011,MEMORY_STRESS,46.89999999999999,7.105427357601002e-15,46.9,46.9,0.0,0.0,1115580.5,0.0,0.0,0.0,0.0,0.0,-1.0624242424242425,-0.0182861315391435,9.0,9.0,0.0,0.0,0.0,0.0,0.0,0.0,0.0,93.3,0.0,97.63,100.0,100.0,100.0,35.0,25.17,0,0,1,0,0,0,0,1,2,0.8412,5e-05,-0.0069,0.2666666666666666
2026-09-16T00:16:51.000,1012,MEMORY_STRESS,46.89999999999999,7.105427357601002e-15,46.9,46.9,0.0,0.0,1115580.5,0.0,0.0,0.0,0.0,0.0,1.1175757575757572,0.0627851549199863,9.0,9.0,0.0,0.0,0.0,0.0,0.0,0.0,0.0,93.3,0.0,91.04,95.2,100.0,100.0,35.0,24.69,0,0,1,0,0,0,0,1,2,0.8448,5e-05,-0.0069,0.2666666666666666
2026-09-16T00:16:52.000,1013,MEMORY_STRESS,46.89999999999999,7.105427357601002e-15,46.9,46.9,0.0,0.0,1115580.5,0.0,0.0,0.0,0.0,0.0,-0.9830303030303033,-0.0146284271284271,9.0,9.0,0.0,0.0,0.0,0.0,0.0,0.0,0.0,93.3,0.0,94.67,100.0,100.0,100.0,35.0,25.07,0,0,1,0,0,0,0,1,2,0.842,5e-05,-0.0067,0.2666666666666666
2026-09-16T00:16:53.000,1014,MEMORY_STRESS,46.89999999999999,7.105427357601002e-15,46.9,46.9,0.0,0.0,1115580.5,0.0,0.0,0.0,0.0,0.0,0.927878787878788,0.0231969696969697,9.0,9.0,0.0,0.0,0.0,0.0,0.0,0.0,0.0,93.3,0.0,92.25,100.0,100.0,100.0,35.0,24.98,0,0,1,0,0,0,0,1,2,0.8426,5e-05,-0.0066,0.2666666666666666
2026-09-16T00:16:54.000,1015,MEMORY_STRESS,46.89999999999999,7.105427357601002e-15,46.9,46.9,0.0,0.0,1115580.5,0.0,0.0,0.0,0.0,0.0,-1.0624242424242425,-0.0182861315391435,9.0,9.0,0.0,0.0,0.0,0.0,0.0,0.0,0.0,93.3,0.0,97.63,100.0,100.0,100.0,35.0,25.17,0,0,1,0,0,0,0,1,2,0.8412,5e-05,-0.0064,0.2666666666666666
2026-09-16T00:16:55.000,1016,MEMORY_STRESS,46.89999999999999,7.105427357601002e-15,46.9,46.9,0.0,0.0,1115580.5,0.0,0.0,0.0,0.0,0.0,1.1175757575757572,0.0627851549199863,9.0,9.0,0.0,0.0,0.0,0.0,0.0,0.0,0.0,93.3,0.0,91.04,100.0,100.0,100.0,35.0,24.94,0,0,1,0,0,0,0,1,2,0.843,5e-05,-0.0063,0.2666666666666666
2026-09-16T00:16:56.000,1017,MEMORY_STRESS,46.89999999999999,7.105427357601002e-15,46.9,46.9,0.0,0.0,1115580.5,0.0,0.0,0.0,0.0,0.0,-0.9830303030303033,-0.0146284271284271,9.0,9.0,0.0,0.0,0.0,0.0,0.0,0.0,0.0,93.3,0.0,94.67,100.0,100.0,100.0,35.0,25.07,0,0,1,0,0,0,0,1,2,0.842,5e-05,-0.0062,0.2666666666666666
2026-09-16T00:16:57.000,1018,MEMORY_STRESS,46.89999999999999,7.105427357601002e-15,46.9,46.9,0.0,0.0,1115580.5,0.0,0.0,0.0,0.0,0.0,1.4242424242424248,0.0356060606060606,9.0,9.0,0.0,0.0,0.0,0.0,0.0,0.0,0.0,93.3,0.0,91.04,70.0,100.0,100.0,35.0,23.37,0,0,1,0,0,0,0,1,2,0.8547,5e-05,-0.0065,0.2666666666666666
2026-09-16T00:16:58.000,1019,MEMORY_STRESS,46.89999999999999,7.105427357601002e-15,46.9,46.9,0.0,0.0,1115580.5,0.0,0.0,0.0,0.0,0.0,0.5345454545454544,0.0092004381161007,9.0,9.0,0.0,0.0,0.0,0.0,0.0,0.0,0.0,93.3,0.0,94.67,100.0,100.0,100.0,35.0,25.07,0,0,1,0,0,0,0,1,2,0.842,5e-05,-0.0063,0.2666666666666666
2026-09-16T00:16:59.000,1020,MEMORY_STRESS,46.89999999999999,7.105427357601002e-15,46.9,46.9,0.0,0.0,1115580.5,0.0,0.0,0.0,0.0,0.0,1.8387878787878784,0.1033026898195437,9.0,9.0,0.0,0.0,0.0,0.0,0.0,0.0,0.0,93.3,0.0,92.25,100.0,100.0,100.0,35.0,24.98,0,0,1,0,0,0,0,1,2,0.8426,5e-05,-0.0062,0.2666666666666666
2026-09-16T00:17:00.000,1021,MEMORY_STRESS,46.89999999999999,7.105427357601002e-15,46.9,46.9,0.0,0.0,1115580.5,0.0,0.0,0.0,0.0,0.0,-1.7418181818181817,-0.0259199134199134,9.0,9.0,0.0,0.0,0.0,0.0,0.0,0.0,0.0,93.3,0.0,97.63,100.0,100.0,100.0,35.0,25.17,0,0,1,0,0,0,0,1,2,0.8412,4e-05,-0.006,0.2666666666666666
2026-09-16T00:17:01.000,1022,MEMORY_STRESS,46.89999999999999,7.105427357601002e-15,46.9,46.9,0.0,0.0,1115580.5,0.0,0.0,0.0,0.0,0.0,0.6654545454545455,0.0166363636363636,9.0,9.0,0.0,0.0,0.0,0.0,0.0,0.0,0.0,93.3,0.0,91.04,70.0,100.0,100.0,35.0,23.37,0,0,1,0,0,0,0,1,2,0.8547,5e-05,-0.0063,0.2666666666666666
2026-09-16T00:17:02.000,1023,MEMORY_STRESS,46.89999999999999,7.105427357601002e-15,46.9,46.9,0.0,0.0,1115580.5,0.0,0.0,0.0,0.0,0.0,-0.2242424242424242,-0.00385959422104,9.0,9.0,0.0,0.0,0.0,0.0,0.0,0.0,0.0,93.3,0.0,94.67,100.0,100.0,100.0,35.0,25.07,0,0,1,0,0,0,0,1,2,0.842,5e-05,-0.0061,0.2666666666666666
2026-09-16T00:17:03.000,1024,MEMORY_STRESS,46.89999999999999,7.105427357601002e-15,46.9,46.9,0.0,0.0,1115580.5,0.0,0.0,0.0,0.0,0.0,1.08,0.0606741573033707,9.0,9.0,0.0,0.0,0.0,0.0,0.0,0.0,0.0,93.3,0.0,92.25,100.0,100.0,100.0,35.0,24.98,0,0,1,0,0,0,0,1,2,0.8426,4e-05,-0.006,0.2666666666666666
2026-09-16T00:17:04.000,1025,MEMORY_STRESS,46.89999999999999,7.105427357601002e-15,46.9,46.9,0.0,0.0,1115580.5,0.0,0.0,0.0,0.0,0.0,-2.500606060606061,-0.0372113997113997,9.0,9.0,0.0,0.0,0.0,0.0,0.0,0.0,0.0,93.3,0.0,97.63,100.0,100.0,100.0,35.0,25.17,0,0,1,0,0,0,0,1,2,0.8412,4e-05,-0.0058,0.2666666666666666
2026-09-16T00:17:05.000,1026,MEMORY_STRESS,46.89999999999999,7.105427357601002e-15,46.9,46.9,0.0,0.0,1115580.5,0.0,0.0,0.0,0.0,0.0,-0.0933333333333332,-0.0023333333333333,9.0,9.0,0.0,0.0,0.0,0.0,0.0,0.0,0.0,93.3,0.0,91.04,99.2,100.0,100.0,35.0,24.9,0,0,1,0,0,0,0,1,2,0.8432,4e-05,-0.0057,0.2666666666666666
2026-09-16T00:17:06.000,1027,MEMORY_STRESS,46.89999999999999,7.105427357601002e-15,46.9,46.9,0.0,0.0,1115580.5,0.0,0.0,0.0,0.0,0.0,-0.9830303030303033,-0.0146284271284271,9.0,9.0,0.0,0.0,0.0,0.0,0.0,0.0,0.0,93.3,0.0,94.67,100.0,100.0,100.0,35.0,25.07,0,0,1,0,0,0,0,1,2,0.842,4e-05,-0.0055,0.2666666666666666
2026-09-16T00:17:07.000,1028,MEMORY_STRESS,46.89999999999999,7.105427357601002e-15,46.9,46.9,0.0,0.0,1115580.5,0.0,0.0,0.0,0.0,0.0,-1.2703030303030305,-0.0317575757575757,9.0,9.0,0.0,0.0,0.0,0.0,0.0,0.0,0.0,93.3,0.0,97.63,100.0,100.0,100.0,35.0,25.17,0,0,1,0,0,0,0,1,2,0.8412,4e-05,-0.0053,0.2666666666666666
2026-09-16T00:17:08.000,1029,MEMORY_STRESS,46.89999999999999,7.105427357601002e-15,46.9,46.9,0.0,0.0,1115580.5,0.0,0.0,0.0,0.0,0.0,-0.0775757575757576,-0.0013352109737651,9.0,9.0,0.0,0.0,0.0,0.0,0.0,0.0,0.0,93.3,0.0,91.04,70.0,100.0,100.0,35.0,23.37,0,0,1,0,0,0,0,1,2,0.8547,4e-05,-0.0056,0.2666666666666666
2026-09-16T00:17:09.000,1030,MEMORY_STRESS,46.89999999999999,7.105427357601002e-15,46.9,46.9,0.0,0.0,1115580.5,0.0,0.0,0.0,0.0,0.0,0.5084848484848483,0.0285665645216206,9.0,9.0,0.0,0.0,0.0,0.0,0.0,0.0,0.0,93.3,0.0,94.67,100.0,100.0,100.0,35.0,25.07,0,0,1,0,0,0,0,1,2,0.842,4e-05,-0.0054,0.2666666666666666
2026-09-16T00:17:10.000,1031,MEMORY_STRESS,46.90999999999999,0.0300000000000004,46.9,47.0,0.0054545454545455,0.0001163016088389,1115580.5,0.0,0.0,0.0,0.0,0.0,-0.3854545454545456,-0.0057359307359307,9.0,9.0,0.0,0.0,0.0,0.0,0.0,0.0,0.0,93.29,0.0,92.25,100.0,100.0,100.0,35.0,24.98,0,0,1,0,0,0,0,1,2,0.8426,4e-05,-0.0052,0.2666782968275505
2026-09-16T00:17:11.000,1032,MEMORY_STRESS,46.92,0.0400000000000005,46.9,47.0,0.0096969696969698,0.0002067584157136,1115580.5,0.0,0.0,0.0,0.0,0.0,-0.6727272727272726,-0.0168181818181818,9.0,9.0,0.0,0.0,0.0,0.0,0.0,0.0,0.0,93.29,0.0,97.63,100.0,100.0,100.0,35.0,25.17,0,0,1,0,0,0,0,1,2,0.8412,4e-05,-0.0051,0.266687342508238
2026-09-16T00:17:12.000,1033,MEMORY_STRESS,46.92999999999999,0.045825756949559,46.9,47.0,0.0127272727272729,0.0002713704206241,1115580.5,0.0,0.0,0.0,0.0,0.0,0.52,0.0089500860585197,9.0,9.0,0.0,0.0,0.0,0.0,0.0,0.0,0.0,93.29,0.0,91.04,70.0,100.0,100.0,35.0,23.37,0,0,1,0,0,0,0,1,2,0.8547,4e-05,-0.0054,0.2666938037087291
2026-09-16T00:17:13.000,1034,MEMORY_STRESS,46.94,0.0489897948556642,46.9,47.0,0.0145454545454547,0.0003101376235704,1115580.5,0.0,0.0,0.0,0.0,0.0,1.106060606060606,0.0621382362955396,9.0,9.0,0.0,0.0,0.0,0.0,0.0,0.0,0.0,93.29,0.0,94.67,100.0,100.0,100.0,35.0,25.07,0,0,1,0,0,0,0,1,2,0.842,4e-05,-0.0052,0.2666976804290237
2026-09-16T00:17:14.000,1035,MEMORY_STRESS,46.95,0.0500000000000007,46.9,47.0,0.0151515151515153,0.0003230600245525,1115580.5,0.0,0.0,0.0,0.0,0.0,0.212121212121212,0.0031565656565656,9.0,9.0,0.0,0.0,0.0,0.0,0.0,0.0,0.0,93.29,0.0,92.25,100.0,100.0,100.0,35.0,24.98,0,0,1,0,0,0,0,1,2,0.8426,4e-05,-0.005,0.2666989726691219
2026-09-16T00:17:15.000,1036,MEMORY_STRESS,46.96,0.0489897948556642,46.9,47.0,0.0145454545454547,0.0003101376235704,1115580.5,0.0,0.0,0.0,0.0,0.0,-0.075151515151515,-0.0018787878787878,9.0,9.0,0.0,0.0,0.0,0.0,0.0,0.0,0.0,93.29,0.0,97.63,100.0,100.0,100.0,35.0,25.17,0,0,1,0,0,0,0,1,2,0.8412,4e-05,-0.0048,0.2666976804290237
2026-09-16T00:17:16.000,1037,MEMORY_STRESS,46.97,0.045825756949559,46.9,47.0,0.0127272727272729,0.0002713704206241,1115580.5,0.0,0.0,0.0,0.0,0.0,1.1175757575757572,0.0627851549199863,9.0,9.0,0.0,0.0,0.0,0.0,0.0,0.0,0.0,93.29,0.0,91.04,100.0,100.0,100.0,35.0,24.94,0,0,1,0,0,0,0,1,2,0.843,3e-05,-0.0047,0.2666938037087291
2026-09-16T00:17:17.000,1038,MEMORY_STRESS,46.98,0.0400000000000005,46.9,47.0,0.0096969696969698,0.0002067584157136,1115580.5,0.0,0.0,0.0,0.0,0.0,-0.9830303030303033,-0.0146284271284271,9.0,9.0,0.0,0.0,0.0,0.0,0.0,0.0,0.0,93.29,0.0,94.67,100.0,100.0,100.0,35.0,25.07,0,0,1,0,0,0,0,1,2,0.842,3e-05,-0.0045,0.266687342508238
2026-09-16T00:17:18.000,1039,MEMORY_STRESS,46.99,0.0300000000000004,46.9,47.0,0.0054545454545455,0.0001163016088389,1115580.5,0.0,0.0,0.0,0.0,0.0,1.4242424242424248,0.0356060606060606,9.0,9.0,0.0,0.0,0.0,0.0,0.0,0.0,0.0,93.29,0.0,91.04,70.0,100.0,100.0,35.0,23.37,0,0,1,0,0,0,0,1,2,0.8547,3e-05,-0.0047,0.2666782968275505
2026-09-16T00:17:19.000,1040,MEMORY_STRESS,47.0,0.0,47.0,47.0,0.0,0.0,1115580.5,0.0,0.0,0.0,0.0,0.0,0.5345454545454544,0.0092004381161007,9.0,9.0,0.0,0.0,0.0,0.0,0.0,0.0,0.0,93.29,0.0,94.67,100.0,100.0,100.0,35.0,25.07,0,0,1,0,0,0,0,1,2,0.842,3e-05,-0.0046,0.2666666666666666
2026-09-16T00:17:20.000,1041,MEMORY_STRESS,47.0,0.0,47.0,47.0,0.0,0.0,1115580.5,0.0,0.0,0.0,0.0,0.0,1.8387878787878784,0.1033026898195437,9.0,9.0,0.0,0.0,0.0,0.0,0.0,0.0,0.0,93.29,0.0,92.25,100.0,100.0,100.0,35.0,24.98,0,0,1,0,0,0,0,1,2,0.8426,3e-05,-0.0044,0.2666666666666666
2026-09-16T00:17:21.000,1042,MEMORY_STRESS,47.0,0.0,47.0,47.0,0.0,0.0,1115580.5,0.0,0.0,0.0,0.0,0.0,-1.7418181818181817,-0.0259199134199134,9.0,9.0,0.0,0.0,0.0,0.0,0.0,0.0,0.0,93.29,0.0,97.63,100.0,100.0,100.0,35.0,25.17,0,0,1,0,0,0,0,1,2,0.8412,3e-05,-0.0042,0.2666666666666666
2026-09-16T00:17:22.000,1043,MEMORY_STRESS,47.0,0.0,47.0,47.0,0.0,0.0,1115580.5,0.0,0.0,0.0,0.0,0.0,0.6654545454545455,0.0166363636363636,9.0,9.0,0.0,0.0,0.0,0.0,0.0,0.0,0.0,93.29,0.0,91.04,70.0,100.0,100.0,35.0,23.37,0,0,1,0,0,0,0,1,2,0.8547,3e-05,-0.0044,0.2666666666666666
2026-09-16T00:17:23.000,1044,MEMORY_STRESS,47.0,0.0,47.0,47.0,0.0,0.0,1115580.5,0.0,0.0,0.0,0.0,0.0,-0.2242424242424242,-0.00385959422104,9.0,9.0,0.0,0.0,0.0,0.0,0.0,0.0,0.0,93.29,0.0,94.67,100.0,100.0,100.0,35.0,25.07,0,0,1,0,0,0,0,1,2,0.842,3e-05,-0.0043,0.2666666666666666
2026-09-16T00:17:24.000,1045,MEMORY_STRESS,47.0,0.0,47.0,47.0,0.0,0.0,1115580.5,0.0,0.0,0.0,0.0,0.0,1.08,0.0606741573033707,9.0,9.0,0.0,0.0,0.0,0.0,0.0,0.0,0.0,93.29,0.0,92.25,100.0,100.0,100.0,35.0,24.98,0,0,1,0,0,0,0,1,2,0.8426,3e-05,-0.0041,0.2666666666666666
2026-09-16T00:17:25.000,1046,MEMORY_STRESS,47.0,0.0,47.0,47.0,0.0,0.0,1115580.5,0.0,0.0,0.0,0.0,0.0,-2.500606060606061,-0.0372113997113997,9.0,9.0,0.0,0.0,0.0,0.0,0.0,0.0,0.0,93.29,0.0,97.63,100.0,100.0,100.0,35.0,25.17,0,0,1,0,0,0,0,1,2,0.8412,3e-05,-0.0039,0.2666666666666666
2026-09-16T00:17:26.000,1047,MEMORY_STRESS,47.0,0.0,47.0,47.0,0.0,0.0,1115580.5,0.0,0.0,0.0,0.0,0.0,-0.0933333333333332,-0.0023333333333333,9.0,9.0,0.0,0.0,0.0,0.0,0.0,0.0,0.0,93.29,0.0,91.04,100.0,100.0,100.0,35.0,24.94,0,0,1,0,0,0,0,1,2,0.843,3e-05,-0.0037,0.2666666666666666
2026-09-16T00:17:27.000,1048,MEMORY_STRESS,47.0,0.0,47.0,47.0,0.0,0.0,1115580.5,0.0,0.0,0.0,0.0,0.0,-0.9830303030303033,-0.0146284271284271,9.0,9.0,0.0,0.0,0.0,0.0,0.0,0.0,0.0,93.29,0.0,94.67,100.0,100.0,100.0,35.0,25.07,0,0,1,0,0,0,0,1,2,0.842,3e-05,-0.0036,0.2666666666666666
2026-09-16T00:17:28.000,1049,MEMORY_STRESS,47.0,0.0,47.0,47.0,0.0,0.0,1115580.5,0.0,0.0,0.0,0.0,0.0,0.927878787878788,0.0231969696969697,9.0,9.0,0.0,0.0,0.0,0.0,0.0,0.0,0.0,93.29,0.0,92.25,100.0,100.0,100.0,35.0,24.98,0,0,1,0,0,0,0,1,2,0.8426,2e-05,-0.0034,0.2666666666666666
2026-09-16T00:17:29.000,1050,MEMORY_STRESS,47.0,0.0,47.0,47.0,0.0,0.0,1115580.5,0.0,0.0,0.0,0.0,0.0,-1.0624242424242425,-0.0182861315391435,9.0,9.0,0.0,0.0,0.0,0.0,0.0,0.0,0.0,93.29,0.0,97.63,100.0,100.0,100.0,35.0,25.17,0,0,1,0,0,0,0,1,2,0.8412,2e-05,-0.0032,0.2666666666666666
2026-09-16T00:17:30.000,1051,MEMORY_STRESS,47.0,0.0,47.0,47.0,0.0,0.0,1115580.5,0.0,0.0,0.0,0.0,0.0,1.1175757575757572,0.0627851549199863,9.0,9.0,0.0,0.0,0.0,0.0,0.0,0.0,0.0,93.29,0.0,91.04,70.0,100.0,100.0,35.0,23.37,0,0,1,0,0,0,0,1,2,0.8547,2e-05,-0.0033,0.2666666666666666
2026-09-16T00:17:31.000,1052,MEMORY_STRESS,47.0,0.0,47.0,47.0,0.0,0.0,1115580.5,0.0,0.0,0.0,0.0,0.0,-0.9830303030303033,-0.0146284271284271,9.0,9.0,0.0,0.0,0.0,0.0,0.0,0.0,0.0,93.29,0.0,94.67,100.0,100.0,100.0,35.0,25.07,0,0,1,0,0,0,0,1,2,0.842,2e-05,-0.0032,0.2666666666666666
2026-09-16T00:17:32.000,1053,MEMORY_STRESS,47.0,0.0,47.0,47.0,0.0,0.0,1115580.5,0.0,0.0,0.0,0.0,0.0,0.927878787878788,0.0231969696969697,9.0,9.0,0.0,0.0,0.0,0.0,0.0,0.0,0.0,93.29,0.0,92.25,100.0,100.0,100.0,35.0,24.98,0,0,1,0,0,0,0,1,2,0.8426,2e-05,-0.003,0.2666666666666666
2026-09-16T00:17:33.000,1054,MEMORY_STRESS,47.0,0.0,47.0,47.0,0.0,0.0,1115580.5,0.0,0.0,0.0,0.0,0.0,-1.0624242424242425,-0.0182861315391435,9.0,9.0,0.0,0.0,0.0,0.0,0.0,0.0,0.0,93.29,0.0,97.63,100.0,100.0,100.0,35.0,25.17,0,0,1,0,0,0,0,1,2,0.8412,2e-05,-0.0028,0.2666666666666666
2026-09-16T00:17:34.000,1055,MEMORY_STRESS,47.0,0.0,47.0,47.0,0.0,0.0,1115580.5,0.0,0.0,0.0,0.0,0.0,1.1175757575757572,0.0627851549199863,9.0,9.0,0.0,0.0,0.0,0.0,0.0,0.0,0.0,93.29,0.0,91.04,70.0,100.0,100.0,35.0,23.37,0,0,1,0,0,0,0,1,2,0.8547,2e-05,-0.003,0.2666666666666666
2026-09-16T00:17:35.000,1056,MEMORY_STRESS,47.0,0.0,47.0,47.0,0.0,0.0,1115580.5,0.0,0.0,0.0,0.0,0.0,-0.9830303030303033,-0.0146284271284271,9.0,9.0,0.0,0.0,0.0,0.0,0.0,0.0,0.0,93.29,0.0,94.67,100.0,100.0,100.0,35.0,25.07,0,0,1,0,0,0,0,1,2,0.842,2e-05,-0.0029,0.2666666666666666
2026-09-16T00:17:36.000,1057,MEMORY_STRESS,47.0,0.0,47.0,47.0,0.0,0.0,1115580.5,0.0,0.0,0.0,0.0,0.0,0.927878787878788,0.0231969696969697,9.0,9.0,0.0,0.0,0.0,0.0,0.0,0.0,0.0,93.29,0.0,92.25,100.0,100.0,100.0,35.0,24.98,0,0,1,0,0,0,0,1,2,0.8426,2e-05,-0.0027,0.2666666666666666
2026-09-16T00:17:37.000,1058,MEMORY_STRESS,47.0,0.0,47.0,47.0,0.0,0.0,1115580.5,0.0,0.0,0.0,0.0,0.0,-1.0624242424242425,-0.0182861315391435,9.0,9.0,0.0,0.0,0.0,0.0,0.0,0.0,0.0,93.29,0.0,97.63,100.0,100.0,100.0,35.0,25.17,0,0,1,0,0,0,0,1,2,0.8412,2e-05,-0.0025,0.2666666666666666
2026-09-16T00:17:38.000,1059,MEMORY_STRESS,47.0,0.0,47.0,47.0,0.0,0.0,1115580.5,0.0,0.0,0.0,0.0,0.0,1.1175757575757572,0.0627851549199863,9.0,9.0,0.0,0.0,0.0,0.0,0.0,0.0,0.0,93.29,0.0,91.04,100.0,100.0,100.0,35.0,24.94,0,0,1,0,0,0,0,1,2,0.843,2e-05,-0.0022,0.2666666666666666
2026-09-16T00:17:39.000,1060,MEMORY_STRESS,47.0,0.0,47.0,47.0,0.0,0.0,1115580.5,0.0,0.0,0.0,0.0,0.0,-0.9830303030303033,-0.0146284271284271,9.0,9.0,0.0,0.0,0.0,0.0,0.0,0.0,0.0,93.29,0.0,94.67,100.0,100.0,100.0,35.0,25.07,0,0,1,0,0,0,0,1,2,0.842,1e-05,-0.0021,0.2666666666666666
2026-09-16T00:17:40.000,1061,MEMORY_STRESS,47.0,0.0,47.0,47.0,0.0,0.0,1115580.5,0.0,0.0,0.0,0.0,0.0,0.927878787878788,0.0231969696969697,9.0,9.0,0.0,0.0,0.0,0.0,0.0,0.0,0.0,93.29,0.0,92.25,100.0,100.0,100.0,35.0,24.98,0,0,1,0,0,0,0,1,2,0.8426,1e-05,-0.0019,0.2666666666666666
2026-09-16T00:17:41.000,1062,MEMORY_STRESS,47.0,0.0,47.0,47.0,0.0,0.0,1115580.5,0.0,0.0,0.0,0.0,0.0,-1.0624242424242425,-0.0182861315391435,9.0,9.0,0.0,0.0,0.0,0.0,0.0,0.0,0.0,93.29,0.0,97.63,100.0,100.0,100.0,35.0,25.17,0,0,1,0,0,0,0,1,2,0.8412,1e-05,-0.0016,0.2666666666666666
2026-09-16T00:17:42.000,1063,MEMORY_STRESS,47.0,0.0,47.0,47.0,0.0,0.0,1115580.5,0.0,0.0,0.0,0.0,0.0,1.1175757575757572,0.0627851549199863,9.0,9.0,0.0,0.0,0.0,0.0,0.0,0.0,0.0,93.29,0.0,91.04,70.0,100.0,100.0,35.0,23.37,0,0,1,0,0,0,0,1,2,0.8547,1e-05,-0.0018,0.2666666666666666
2026-09-16T00:17:43.000,1064,MEMORY_STRESS,47.0,0.0,47.0,47.0,0.0,0.0,1115580.5,0.0,0.0,0.0,0.0,0.0,-0.9830303030303033,-0.0146284271284271,9.0,9.0,0.0,0.0,0.0,0.0,0.0,0.0,0.0,93.29,0.0,94.67,100.0,100.0,100.0,35.0,25.07,0,0,1,0,0,0,0,1,2,0.842,1e-05,-0.0017,0.2666666666666666
2026-09-16T00:17:44.000,1065,MEMORY_STRESS,47.010000000000005,0.0300000000000004,47.0,47.1,0.0054545454545455,0.0001160541586073,1115580.5,0.0,0.0,0.0,0.0,0.0,0.927878787878788,0.0231969696969697,9.0,9.0,0.0,0.0,0.0,0.0,0.0,0.0,0.0,93.27,0.0,92.25,100.0,100.0,100.0,35.0,24.98,0,0,1,0,0,0,0,1,2,0.8426,1e-05,-0.0015,0.2666782720825273
2026-09-16T00:17:45.000,1066,MEMORY_STRESS,47.02,0.0400000000000005,47.0,47.1,0.0096969696969698,0.0002063185041908,1115580.5,0.0,0.0,0.0,0.0,0.0,-1.0624242424242425,-0.0182861315391435,9.0,9.0,0.0,0.0,0.0,0.0,0.0,0.0,0.0,93.27,0.0,97.63,100.0,100.0,100.0,35.0,25.17,0,0,1,0,0,0,0,1,2,0.8412,1e-05,-0.0012,0.2666872985170857
2026-09-16T00:17:46.000,1067,MEMORY_STRESS,47.03000000000001,0.045825756949559,47.0,47.1,0.0127272727272729,0.0002707930367504,1115580.5,0.0,0.0,0.0,0.0,0.0,1.1175757575757572,0.0627851549199863,9.0,9.0,0.0,0.0,0.0,0.0,0.0,0.0,0.0,93.27,0.0,91.04,70.0,100.0,100.0,35.0,23.37,0,0,1,0,0,0,0,1,2,0.8547,1e-05,-0.0014,0.2666937459703417
2026-09-16T00:17:47.000,1068,MEMORY_STRESS,47.040000000000006,0.0489897948556642,47.0,47.1,0.0145454545454547,0.0003094777562862,1115580.5,0.0,0.0,0.0,0.0,0.0,-0.9830303030303033,-0.0146284271284271,9.0,9.0,0.0,0.0,0.0,0.0,0.0,0.0,0.0,93.27,0.0,94.67,100.0,100.0,100.0,35.0,25.07,0,0,1,0,0,0,0,1,2,0.842,1e-05,-0.0012,0.2666976144422953
2026-09-16T00:17:48.000,1069,MEMORY_STRESS,47.05000000000001,0.0500000000000007,47.0,47.1,0.0151515151515153,0.0003223726627981,1115580.5,0.0,0.0,0.0,0.0,0.0,0.927878787878788,0.0231969696969697,9.0,9.0,0.0,0.0,0.0,0.0,0.0,0.0,0.0,93.27,0.0,92.25,100.0,100.0,100.0,35.0,24.98,0,0,1,0,0,0,0,1,2,0.8426,1e-05,-0.001,0.2666989039329465
2026-09-16T00:17:49.000,1070,MEMORY_STRESS,47.06000000000001,0.0489897948556642,47.0,47.1,0.0145454545454547,0.0003094777562862,1115580.5,0.0,0.0,0.0,0.0,0.0,-1.0624242424242425,-0.0182861315391435,9.0,9.0,0.0,0.0,0.0,0.0,0.0,0.0,0.0,93.27,0.0,97.63,100.0,100.0,100.0,35.0,25.17,0,0,1,0,0,0,0,1,2,0.8412,1e-05,-0.0009,0.2666976144422953
2026-09-16T00:17:50.000,1071,MEMORY_STRESS,47.07000000000001,0.045825756949559,47.0,47.1,0.0127272727272729,0.0002707930367504,1115580.5,0.0,0.0,0.0,0.0,0.0,1.1175757575757572,0.0627851549199863,9.0,9.0,0.0,0.0,0.0,0.0,0.0,0.0,0.0,93.27,0.0,91.04,100.0,100.0,100.0,35.0,24.94,0,0,1,0,0,0,0,1,2,0.843,1e-05,-0.0008,0.2666937459703417
2026-09-16T00:17:51.000,1072,MEMORY_STRESS,47.080000000000005,0.0400000000000005,47.0,47.1,0.0096969696969698,0.0002063185041908,1115580.5,0.0,0.0,0.0,0.0,0.0,-0.9830303030303033,-0.0146284271284271,9.0,9.0,0.0,0.0,0.0,0.0,0.0,0.0,0.0,93.27,0.0,94.67,100.0,100.0,100.0,35.0,25.07,0,0,1,0,0,0,0,1,2,0.842,1e-05,-0.0008,0.2666872985170857
2026-09-16T00:17:52.000,1073,MEMORY_STRESS,47.09000000000001,0.0300000000000004,47.0,47.1,0.0054545454545455,0.0001160541586073,1115580.5,0.0,0.0,0.0,0.0,0.0,0.927878787878788,0.0231969696969697,9.0,9.0,0.0,0.0,0.0,0.0,0.0,0.0,0.0,93.27,0.0,92.25,100.0,100.0,100.0,35.0,24.98,0,0,1,0,0,0,0,1,2,0.8426,0.0,-0.0007,0.2666782720825273
2026-09-16T00:17:53.000,1074,MEMORY_STRESS,47.10000000000001,7.105427357601002e-15,47.1,47.1,0.0,0.0,1115580.5,0.0,0.0,0.0,0.0,0.0,-1.0624242424242425,-0.0182861315391435,9.0,9.0,0.0,0.0,0.0,0.0,0.0,0.0,0.0,93.27,0.0,97.63,100.0,100.0,100.0,35.0,25.17,0,0,1,0,0,0,0,1,2,0.8412,0.0,-0.0006,0.2666666666666666
2026-09-16T00:17:54.000,1075,MEMORY_STRESS,47.10000000000001,7.105427357601002e-15,47.1,47.1,0.0,0.0,1115580.5,0.0,0.0,0.0,0.0,0.0,1.1175757575757572,0.0627851549199863,9.0,9.0,0.0,0.0,0.0,0.0,0.0,0.0,0.0,93.27,0.0,91.04,95.2,100.0,100.0,35.0,24.69,0,0,1,0,0,0,0,1,2,0.8448,0.0,-0.0006,0.2666666666666666
2026-09-16T00:17:55.000,1076,MEMORY_STRESS,47.10000000000001,7.105427357601002e-15,47.1,47.1,0.0,0.0,1115580.5,0.0,0.0,0.0,0.0,0.0,-0.9830303030303033,-0.0146284271284271,9.0,9.0,0.0,0.0,0.0,0.0,0.0,0.0,0.0,93.27,0.0,94.67,100.0,100.0,100.0,35.0,25.07,0,0,1,0,0,0,0,1,2,0.842,0.0,-0.0006,0.2666666666666666
2026-09-16T00:17:56.000,1077,MEMORY_STRESS,47.10000000000001,7.105427357601002e-15,47.1,47.1,0.0,0.0,1115580.5,0.0,0.0,0.0,0.0,0.0,0.927878787878788,0.0231969696969697,9.0,9.0,0.0,0.0,0.0,0.0,0.0,0.0,0.0,93.27,0.0,92.25,100.0,100.0,100.0,35.0,24.98,0,0,1,0,0,0,0,1,2,0.8426,0.0,-0.0004,0.2666666666666666
2026-09-16T00:17:57.000,1078,MEMORY_STRESS,47.10000000000001,7.105427357601002e-15,47.1,47.1,0.0,0.0,1115580.5,0.0,0.0,0.0,0.0,0.0,-1.0624242424242425,-0.0182861315391435,9.0,9.0,0.0,0.0,0.0,0.0,0.0,0.0,0.0,93.27,0.0,97.63,100.0,100.0,100.0,35.0,25.17,0,0,1,0,0,0,0,1,2,0.8412,0.0,-0.0004,0.2666666666666666
2026-09-16T00:17:58.000,1079,MEMORY_STRESS,47.10000000000001,7.105427357601002e-15,47.1,47.1,0.0,0.0,1115580.5,0.0,0.0,0.0,0.0,0.0,1.1175757575757572,0.0627851549199863,9.0,9.0,0.0,0.0,0.0,0.0,0.0,0.0,0.0,93.27,0.0,91.04,95.2,100.0,100.0,35.0,24.69,0,0,1,0,0,0,0,1,2,0.8448,0.0,-0.0004,0.2666666666666666
2026-09-16T00:17:59.000,1080,MEMORY_STRESS,47.10000000000001,7.105427357601002e-15,47.1,47.1,0.0,0.0,1115580.5,0.0,0.0,0.0,0.0,0.0,-0.9830303030303033,-0.0146284271284271,9.0,9.0,0.0,0.0,0.0,0.0,0.0,0.0,0.0,93.27,0.0,94.67,100.0,100.0,100.0,35.0,25.07,0,0,1,0,0,0,0,1,2,0.842,0.0,-0.0003,0.2666666666666666
2026-09-16T00:18:00.000,1081,MEMORY_STRESS,47.10000000000001,7.105427357601002e-15,47.1,47.1,0.0,0.0,1115580.5,0.0,0.0,0.0,0.0,0.0,0.927878787878788,0.0231969696969697,9.0,9.0,0.0,0.0,0.0,0.0,0.0,0.0,0.0,93.27,0.0,92.25,100.0,100.0,100.0,35.0,24.98,0,0,1,0,0,0,0,1,2,0.8426,0.0,-0.0002,0.2666666666666666
2026-09-16T00:18:01.000,1082,MEMORY_STRESS,47.10000000000001,7.105427357601002e-15,47.1,47.1,0.0,0.0,1115580.5,0.0,0.0,0.0,0.0,0.0,-1.0624242424242425,-0.0182861315391435,9.0,9.0,0.0,0.0,0.0,0.0,0.0,0.0,0.0,93.27,0.0,97.63,100.0,100.0,100.0,35.0,25.17,0,0,1,0,0,0,0,1,2,0.8412,0.0,-0.0001,0.2666666666666666
2026-09-16T00:18:02.000,1083,MEMORY_STRESS,47.10000000000001,7.105427357601002e-15,47.1,47.1,0.0,0.0,1115580.5,0.0,0.0,0.0,0.0,0.0,1.1175757575757572,0.0627851549199863,9.0,9.0,0.0,0.0,0.0,0.0,0.0,0.0,0.0,93.27,0.0,91.04,100.0,100.0,100.0,35.0,24.94,0,0,1,0,0,0,0,1,2,0.843,-0.0,-0.0001,0.2666666666666666
2026-09-16T00:18:03.000,1084,MEMORY_STRESS,47.10000000000001,7.105427357601002e-15,47.1,47.1,0.0,0.0,1115580.5,0.0,0.0,0.0,0.0,0.0,-0.9830303030303033,-0.0146284271284271,9.0,9.0,0.0,0.0,0.0,0.0,0.0,0.0,0.0,93.27,0.0,94.67,100.0,100.0,100.0,35.0,25.07,0,0,1,0,0,0,0,1,2,0.842,-0.0,0.0,0.2666666666666666
2026-09-16T00:18:04.000,1085,MEMORY_STRESS,47.10000000000001,7.105427357601002e-15,47.1,47.1,0.0,0.0,1115580.5,0.0,0.0,0.0,0.0,0.0,0.927878787878788,0.0231969696969697,9.0,9.0,0.0,0.0,0.0,0.0,0.0,0.0,0.0,93.27,0.0,92.25,100.0,100.0,100.0,35.0,24.98,0,0,1,0,0,0,0,1,2,0.8426,-0.0,0.0001,0.2666666666666666
2026-09-16T00:18:05.000,1086,MEMORY_STRESS,47.10000000000001,7.105427357601002e-15,47.1,47.1,0.0,0.0,1115580.5,0.0,0.0,0.0,0.0,0.0,-1.0624242424242425,-0.0182861315391435,9.0,9.0,0.0,0.0,0.0,0.0,0.0,0.0,0.0,93.27,0.0,97.63,100.0,100.0,100.0,35.0,25.17,0,0,1,0,0,0,0,1,2,0.8412,-0.0,0.0002,0.2666666666666666
2026-09-16T00:18:06.000,1087,MEMORY_STRESS,47.10000000000001,7.105427357601002e-15,47.1,47.1,0.0,0.0,1115580.5,0.0,0.0,0.0,0.0,0.0,1.1175757575757572,0.0627851549199863,9.0,9.0,0.0,0.0,0.0,0.0,0.0,0.0,0.0,93.27,0.0,91.04,95.2,100.0,100.0,35.0,24.69,0,0,1,0,0,0,0,1,2,0.8448,-0.0,0.0002,0.2666666666666666
2026-09-16T00:18:07.000,1088,MEMORY_STRESS,47.10000000000001,7.105427357601002e-15,47.1,47.1,0.0,0.0,1115580.5,0.0,0.0,0.0,0.0,0.0,-0.9830303030303033,-0.0146284271284271,9.0,9.0,0.0,0.0,0.0,0.0,0.0,0.0,0.0,93.27,0.0,94.67,100.0,100.0,100.0,35.0,25.07,0,0,1,0,0,0,0,1,2,0.842,-0.0,0.0003,0.2666666666666666
2026-09-16T00:18:08.000,1089,MEMORY_STRESS,47.10000000000001,7.105427357601002e-15,47.1,47.1,0.0,0.0,1115580.5,0.0,0.0,0.0,0.0,0.0,0.927878787878788,0.0231969696969697,9.0,9.0,0.0,0.0,0.0,0.0,0.0,0.0,0.0,93.27,0.0,92.25,100.0,100.0,100.0,35.0,24.98,0,0,1,0,0,0,0,1,2,0.8426,0.0,0.0,0.2666666666666666
2026-09-16T00:18:09.000,1090,MEMORY_STRESS,47.10000000000001,7.105427357601002e-15,47.1,47.1,0.0,0.0,1115580.5,0.0,0.0,0.0,0.0,0.0,1.6321212121212123,0.0280915871277317,9.0,9.0,0.0,0.0,0.0,0.0,0.0,0.0,0.0,93.27,0.0,91.04,95.2,100.0,100.0,35.0,24.69,0,0,1,0,0,0,0,1,2,0.8448,0.0,0.0,0.2666666666666666
2026-09-16T00:18:10.000,1091,MEMORY_STRESS,47.10000000000001,7.105427357601002e-15,47.1,47.1,0.0,0.0,1115580.5,0.0,0.0,0.0,0.0,0.0,1.7296969696969695,0.0971739870616275,9.0,9.0,0.0,0.0,0.0,0.0,0.0,0.0,0.0,93.27,0.0,94.67,100.0,100.0,100.0,35.0,25.07,0,0,1,0,0,0,0,1,2,0.842,0.0,0.0,0.2666666666666666
2026-09-16T00:18:11.000,1092,MEMORY_STRESS,47.10000000000001,7.105427357601002e-15,47.1,47.1,0.0,0.0,1115580.5,0.0,0.0,0.0,0.0,0.0,0.3472727272727274,0.0051677489177489,9.0,9.0,0.0,0.0,0.0,0.0,0.0,0.0,0.0,93.27,0.0,92.25,100.0,100.0,100.0,35.0,24.98,0,0,1,0,0,0,0,1,2,0.8426,0.0,0.0,0.2666666666666666
2026-09-16T00:18:12.000,1093,MEMORY_STRESS,47.10000000000001,7.105427357601002e-15,47.1,47.1,0.0,0.0,1115580.5,0.0,0.0,0.0,0.0,0.0,-0.4284848484848487,-0.0107121212121212,9.0,9.0,0.0,0.0,0.0,0.0,0.0,0.0,0.0,93.27,0.0,97.63,100.0,100.0,100.0,35.0,25.17,0,0,1,0,0,0,0,1,2,0.8412,0.0,0.0,0.2666666666666666
2026-09-16T00:18:13.000,1094,MEMORY_STRESS,47.10000000000001,7.105427357601002e-15,47.1,47.1,0.0,0.0,1115580.5,0.0,0.0,0.0,0.0,0.0,0.2757575757575759,0.0047462577583059,9.0,9.0,0.0,0.0,0.0,0.0,0.0,0.0,0.0,93.27,0.0,91.04,99.2,100.0,100.0,35.0,24.9,0,0,1,0,0,0,0,1,2,0.8432,-0.00107,0.1365,0.2666666666666666
2026-09-16T00:18:14.000,1095,MEMORY_STRESS,47.10000000000001,7.105427357601002e-15,47.1,47.1,0.0,0.0,1115580.5,0.0,0.0,0.0,0.0,0.0,0.3733333333333331,0.0209737827715355,9.0,9.0,0.0,0.0,0.0,0.0,0.0,0.0,0.0,93.27,0.0,94.67,100.0,100.0,100.0,35.0,25.07,0,0,1,0,0,0,0,1,2,0.842,-0.00115,0.1499,0.2666666666666666
2026-09-16T00:18:15.000,1096,MEMORY_STRESS,47.10000000000001,7.105427357601002e-15,47.1,47.1,0.0,0.0,1115580.5,0.0,0.0,0.0,0.0,0.0,-1.0090909090909093,-0.0150162337662337,9.0,9.0,0.0,0.0,0.0,0.0,0.0,0.0,0.0,93.27,0.0,82.25,100.0,100.0,100.0,35.0,24.63,0,0,1,0,0,0,0,1,2,0.8753,0.01252,-0.0701,0.2666666666666666
2026-09-16T00:18:16.000,1097,MEMORY_STRESS,47.10000000000001,7.105427357601002e-15,47.1,47.1,0.0,0.0,1115580.5,0.0,0.0,0.0,0.0,0.0,-1.784848484848485,-0.0446212121212121,9.0,9.0,0.0,0.0,0.0,0.0,0.0,0.0,0.0,93.27,0.0,97.63,100.0,100.0,100.0,35.0,25.17,0,0,1,0,0,0,0,1,2,0.8412,0.00741,0.0098,0.2666666666666666
2026-09-16T00:18:17.000,1098,MEMORY_STRESS,47.10000000000001,7.105427357601002e-15,47.1,47.1,0.0,0.0,1115580.5,0.0,0.0,0.0,0.0,0.0,-1.0806060606060606,-0.0185990716111198,9.0,9.0,0.0,0.0,0.0,0.0,0.0,0.0,0.0,93.27,0.0,91.04,96.0,100.0,100.0,35.0,24.73,0,0,1,0,0,0,0,1,2,0.8445,0.00569,-0.0337,0.2666666666666666
2026-09-16T00:18:18.000,1099,MEMORY_STRESS,47.10000000000001,7.105427357601002e-15,47.1,47.1,0.0,0.0,1115580.5,0.0,0.0,0.0,0.0,0.0,-0.9830303030303033,-0.0146284271284271,9.0,9.0,0.0,0.0,0.0,0.0,0.0,0.0,0.0,93.27,0.0,94.67,100.0,100.0,100.0,35.0,25.07,0,0,1,0,0,0,0,1,2,0.842,0.00435,-0.0101,0.2666666666666666
2026-09-16T00:18:19.000,1100,MEMORY_STRESS,47.09000000000001,0.0300000000000004,47.0,47.1,-0.0054545454545455,-0.0001158077591198,1115580.5,0.0,0.0,0.0,0.0,0.0,0.927878787878788,0.0231969696969697,9.0,9.0,0.0,0.0,0.0,0.0,0.0,0.0,0.0,93.29,0.0,92.25,100.0,100.0,100.0,35.0,24.98,0,0,1,0,0,0,0,1,2,0.8426,0.00224,-0.0005,0.2666782474425786
2026-09-16T00:18:20.000,1101,MEMORY_STRESS,47.080000000000005,0.0400000000000005,47.0,47.1,-0.0096969696969698,-0.0002058804606575,1115580.5,0.0,0.0,0.0,0.0,0.0,-1.0624242424242425,-0.0182861315391435,9.0,9.0,0.0,0.0,0.0,0.0,0.0,0.0,0.0,93.29,0.0,97.63,100.0,100.0,100.0,35.0,25.17,0,0,1,0,0,0,0,1,2,0.8412,0.00115,0.0294,0.2666872547127324
2026-09-16T00:18:21.000,1102,MEMORY_STRESS,47.07000000000001,0.045825756949559,47.0,47.1,-0.0127272727272729,-0.000270218104613,1115580.5,0.0,0.0,0.0,0.0,0.0,1.1175757575757572,0.0627851549199863,9.0,9.0,0.0,0.0,0.0,0.0,0.0,0.0,0.0,93.29,0.0,91.04,95.2,100.0,100.0,35.0,24.69,0,0,1,0,0,0,0,1,2,0.8448,0.00092,-0.0048,0.2666936884771279
2026-09-16T00:18:22.000,1103,MEMORY_STRESS,47.06,0.0489897948556642,47.0,47.1,-0.0145454545454547,-0.0003088206909863,1115580.5,0.0,0.0,0.0,0.0,0.0,-0.9830303030303033,-0.0146284271284271,9.0,9.0,0.0,0.0,0.0,0.0,0.0,0.0,0.0,93.29,0.0,94.67,100.0,100.0,100.0,35.0,25.07,0,0,1,0,0,0,0,1,2,0.842,0.00054,0.0064,0.2666975487357653
2026-09-16T00:18:23.000,1104,MEMORY_STRESS,47.06,0.0489897948556642,47.0,47.1,-0.0096969696969698,-0.0002058804606575,1115580.5,0.0,0.0,0.0,0.0,0.0,0.927878787878788,0.0231969696969697,9.0,9.0,0.0,0.0,0.0,0.0,0.0,0.0,0.0,93.27,0.0,92.25,100.0,100.0,100.0,35.0,24.98,0,0,1,0,0,0,0,1,2,0.8426,0.00015,0.0073,0.2666872547127324
2026-09-16T00:18:24.000,1105,MEMORY_STRESS,47.06,0.0489897948556642,47.0,47.1,-0.0048484848484849,-0.0001029402303287,1115580.5,0.0,0.0,0.0,0.0,0.0,-1.0624242424242425,-0.0182861315391435,9.0,9.0,0.0,0.0,0.0,0.0,0.0,0.0,0.0,93.27,0.0,97.63,100.0,100.0,100.0,35.0,25.17,0,0,1,0,0,0,0,1,2,0.8412,-0.00018,0.0237,0.2666769606896995
2026-09-16T00:18:25.000,1106,MEMORY_STRESS,47.06000000000001,0.0489897948556642,47.0,47.1,0.0,0.0,1115580.5,0.0,0.0,0.0,0.0,0.0,1.1175757575757572,0.0627851549199863,9.0,9.0,0.0,0.0,0.0,0.0,0.0,0.0,0.0,93.27,0.0,91.04,100.0,100.0,100.0,35.0,24.94,0,0,1,0,0,0,0,1,2,0.843,-0.00026,0.0184,0.2666666666666666
2026-09-16T00:18:26.000,1107,MEMORY_STRESS,47.06000000000001,0.0489897948556642,47.0,47.1,0.0048484848484849,0.0001029402303287,1115580.5,0.0,0.0,0.0,0.0,0.0,-0.9830303030303033,-0.0146284271284271,9.0,9.0,0.0,0.0,0.0,0.0,0.0,0.0,0.0,93.27,0.0,94.67,100.0,100.0,100.0,35.0,25.07,0,0,1,0,0,0,0,1,2,0.842,-0.00037,0.0221,0.2666769606896995
2026-09-16T00:18:27.000,1108,MEMORY_STRESS,47.05,0.0500000000000007,47.0,47.1,0.0042424242424243,9.007270153767096e-05,1115580.5,0.0,0.0,0.0,0.0,0.0,0.927878787878788,0.0231969696969697,9.0,9.0,0.0,0.0,0.0,0.0,0.0,0.0,0.0,93.29,0.0,92.25,100.0,100.0,100.0,35.0,24.98,0,0,1,0,0,0,0,1,2,0.8426,-0.00042,0.0183,0.2666756739368204
2026-09-16T00:18:28.000,1109,MEMORY_STRESS,47.040000000000006,0.0489897948556642,47.0,47.1,0.0048484848484849,0.0001031592520954,1115580.5,0.0,0.0,0.0,0.0,0.0,-1.0624242424242425,-0.0182861315391435,9.0,9.0,0.0,0.0,0.0,0.0,0.0,0.0,0.0,93.29,0.0,97.63,100.0,100.0,100.0,35.0,25.17,0,0,1,0,0,0,0,1,2,0.8412,-0.00053,0.0264,0.2666769825918761
2026-09-16T00:18:29.000,1110,MEMORY_STRESS,47.040000000000006,0.0489897948556642,47.0,47.1,0.0,0.0,1115580.5,0.0,0.0,0.0,0.0,0.0,1.1175757575757572,0.0627851549199863,9.0,9.0,0.0,0.0,0.0,0.0,0.0,0.0,0.0,93.29,0.0,91.04,95.2,100.0,100.0,35.0,24.69,0,0,1,0,0,0,0,1,2,0.8448,-0.00044,0.0095,0.2666666666666666
2026-09-16T00:18:30.000,1111,MEMORY_STRESS,47.04,0.0489897948556642,47.0,47.1,-0.0048484848484849,-0.0001031592520954,1115580.5,0.0,0.0,0.0,0.0,0.0,-0.9830303030303033,-0.0146284271284271,9.0,9.0,0.0,0.0,0.0,0.0,0.0,0.0,0.0,93.29,0.0,94.67,100.0,100.0,100.0,35.0,25.07,0,0,1,0,0,0,0,1,2,0.842,-0.00048,0.0126,0.2666769825918761
2026-09-16T00:18:31.000,1112,MEMORY_STRESS,47.05,0.0500000000000007,47.0,47.1,-0.0042424242424243,-9.02643455834958e-05,1115580.5,0.0,0.0,0.0,0.0,0.0,0.927878787878788,0.0231969696969697,9.0,9.0,0.0,0.0,0.0,0.0,0.0,0.0,0.0,93.27,0.0,92.25,100.0,100.0,100.0,35.0,24.98,0,0,1,0,0,0,0,1,2,0.8426,-0.00047,0.0109,0.2666756931012249
2026-09-16T00:18:32.000,1113,MEMORY_STRESS,47.06,0.0489897948556642,47.0,47.1,-0.0048484848484849,-0.0001029402303287,1115580.5,0.0,0.0,0.0,0.0,0.0,-1.0624242424242425,-0.0182861315391435,9.0,9.0,0.0,0.0,0.0,0.0,0.0,0.0,0.0,93.27,0.0,97.63,100.0,100.0,100.0,35.0,25.17,0,0,1,0,0,0,0,1,2,0.8412,-0.00052,0.0172,0.2666769606896995
2026-09-16T00:18:33.000,1114,MEMORY_STRESS,47.06000000000001,0.0489897948556642,47.0,47.1,0.0,0.0,1115580.5,0.0,0.0,0.0,0.0,0.0,1.1175757575757572,0.0627851549199863,9.0,9.0,0.0,0.0,0.0,0.0,0.0,0.0,0.0,93.27,0.0,91.04,95.2,100.0,100.0,35.0,24.69,0,0,1,0,0,0,0,1,2,0.8448,-0.00044,0.0055,0.2666666666666666
2026-09-16T00:18:34.000,1115,MEMORY_STRESS,47.06000000000001,0.0489897948556642,47.0,47.1,0.0048484848484849,0.0001029402303287,1115580.5,0.0,0.0,0.0,0.0,0.0,-0.9830303030303033,-0.0146284271284271,9.0,9.0,0.0,0.0,0.0,0.0,0.0,0.0,0.0,93.27,0.0,94.67,100.0,100.0,100.0,35.0,25.07,0,0,1,0,0,0,0,1,2,0.842,-0.00046,0.0079,0.2666769606896995
2026-09-16T00:18:35.000,1116,MEMORY_STRESS,47.05,0.0500000000000007,47.0,47.1,0.0042424242424243,9.007270153767096e-05,1115580.5,0.0,0.0,0.0,0.0,0.0,0.927878787878788,0.0231969696969697,9.0,9.0,0.0,0.0,0.0,0.0,0.0,0.0,0.0,93.29,0.0,92.25,100.0,100.0,100.0,35.0,24.98,0,0,1,0,0,0,0,1,2,0.8426,-0.00044,0.007,0.2666756739368204
2026-09-16T00:18:36.000,1117,MEMORY_STRESS,47.040000000000006,0.0489897948556642,47.0,47.1,0.0048484848484849,0.0001031592520954,1115580.5,0.0,0.0,0.0,0.0,0.0,-1.0624242424242425,-0.0182861315391435,9.0,9.0,0.0,0.0,0.0,0.0,0.0,0.0,0.0,93.29,0.0,97.63,100.0,100.0,100.0,35.0,25.17,0,0,1,0,0,0,0,1,2,0.8412,-0.00047,0.012,0.2666769825918761
2026-09-16T00:18:37.000,1118,MEMORY_STRESS,47.040000000000006,0.0489897948556642,47.0,47.1,0.0,0.0,1115580.5,0.0,0.0,0.0,0.0,0.0,1.1175757575757572,0.0627851549199863,9.0,9.0,0.0,0.0,0.0,0.0,0.0,0.0,0.0,93.29,0.0,91.04,100.0,100.0,100.0,35.0,24.94,0,0,1,0,0,0,0,1,2,0.843,-0.00044,0.0098,0.2666666666666666
2026-09-16T00:18:38.000,1119,MEMORY_STRESS,47.04,0.0489897948556642,47.0,47.1,-0.0048484848484849,-0.0001031592520954,1115580.5,0.0,0.0,0.0,0.0,0.0,-0.9830303030303033,-0.0146284271284271,9.0,9.0,0.0,0.0,0.0,0.0,0.0,0.0,0.0,93.29,0.0,94.67,100.0,100.0,100.0,35.0,25.07,0,0,1,0,0,0,0,1,2,0.842,-0.00045,0.0111,0.2666769825918761
2026-09-16T00:18:39.000,1120,MEMORY_STRESS,47.04,0.0489897948556642,47.0,47.1,-0.0096969696969698,-0.0002063185041908,1115580.5,0.0,0.0,0.0,0.0,0.0,0.927878787878788,0.0231969696969697,9.0,9.0,0.0,0.0,0.0,0.0,0.0,0.0,0.0,93.29,0.0,92.25,100.0,100.0,100.0,35.0,24.98,0,0,1,0,0,0,0,1,2,0.8426,-0.00042,0.0097,0.2666872985170857
2026-09-16T00:18:40.000,1121,MEMORY_STRESS,47.04,0.0489897948556642,47.0,47.1,-0.0145454545454547,-0.0003088206909863,1115580.5,0.0,0.0,0.0,0.0,0.0,-1.0624242424242425,-0.0182861315391435,9.0,9.0,0.0,0.0,0.0,0.0,0.0,0.0,0.0,93.29,0.0,97.63,100.0,100.0,100.0,35.0,25.17,0,0,1,0,0,0,0,1,2,0.8412,-0.00044,0.0131,0.2666975487357653
2026-09-16T00:18:41.000,1122,MEMORY_STRESS,47.03,0.045825756949559,47.0,47.1,-0.0127272727272729,-0.000270218104613,1115580.5,0.0,0.0,0.0,0.0,0.0,1.1175757575757572,0.0627851549199863,9.0,9.0,0.0,0.0,0.0,0.0,0.0,0.0,0.0,93.29,0.0,91.04,95.2,100.0,100.0,35.0,24.69,0,0,1,0,0,0,0,1,2,0.8448,-0.00038,0.0059,0.2666936884771279
2026-09-16T00:18:42.000,1123,MEMORY_STRESS,47.02,0.0400000000000005,47.0,47.1,-0.0096969696969698,-0.0002058804606575,1115580.5,0.0,0.0,0.0,0.0,0.0,-0.9830303030303033,-0.0146284271284271,9.0,9.0,0.0,0.0,0.0,0.0,0.0,0.0,0.0,93.29,0.0,94.67,100.0,100.0,100.0,35.0,25.07,0,0,1,0,0,0,0,1,2,0.842,-0.00038,0.0071,0.2666872547127324
2026-09-16T00:18:43.000,1124,MEMORY_STRESS,47.010000000000005,0.0300000000000004,47.0,47.1,-0.0054545454545455,-0.0001158077591198,1115580.5,0.0,0.0,0.0,0.0,0.0,0.927878787878788,0.0231969696969697,9.0,9.0,0.0,0.0,0.0,0.0,0.0,0.0,0.0,93.29,0.0,92.25,100.0,100.0,100.0,35.0,24.98,0,0,1,0,0,0,0,1,2,0.8426,-0.00036,0.0064,0.2666782474425786
2026-09-16T00:18:44.000,1125,MEMORY_STRESS,47.0,0.0,47.0,47.0,0.0,0.0,1115580.5,0.0,0.0,0.0,0.0,0.0,-1.0624242424242425,-0.0182861315391435,9.0,9.0,0.0,0.0,0.0,0.0,0.0,0.0,0.0,93.29,0.0,97.63,100.0,100.0,100.0,35.0,25.17,0,0,1,0,0,0,0,1,2,0.8412,-0.00037,0.0092,0.2666666666666666
2026-09-16T00:18:45.000,1126,MEMORY_STRESS,47.0,0.0,47.0,47.0,0.0,0.0,1115580.5,0.0,0.0,0.0,0.0,0.0,1.1175757575757572,0.0627851549199863,9.0,9.0,0.0,0.0,0.0,0.0,0.0,0.0,0.0,93.29,0.0,91.04,95.2,100.0,100.0,35.0,24.69,0,0,1,0,0,0,0,1,2,0.8448,-0.00032,0.0037,0.2666666666666666
2026-09-16T00:18:46.000,1127,MEMORY_STRESS,47.0,0.0,47.0,47.0,0.0,0.0,1115580.5,0.0,0.0,0.0,0.0,0.0,-0.9830303030303033,-0.0146284271284271,9.0,9.0,0.0,0.0,0.0,0.0,0.0,0.0,0.0,93.29,0.0,94.67,100.0,100.0,100.0,35.0,25.07,0,0,1,0,0,0,0,1,2,0.842,-0.00032,0.0048,0.2666666666666666
2026-09-16T00:18:47.000,1128,MEMORY_STRESS,47.0,0.0,47.0,47.0,0.0,0.0,1115580.5,0.0,0.0,0.0,0.0,0.0,0.927878787878788,0.0231969696969697,9.0,9.0,0.0,0.0,0.0,0.0,0.0,0.0,0.0,93.29,0.0,92.25,100.0,100.0,100.0,35.0,24.98,0,0,1,0,0,0,0,1,2,0.8426,-0.00031,0.0043,0.2666666666666666
2026-09-16T00:18:48.000,1129,MEMORY_STRESS,47.0,0.0,47.0,47.0,0.0,0.0,1115580.5,0.0,0.0,0.0,0.0,0.0,-1.0624242424242425,-0.0182861315391435,9.0,9.0,0.0,0.0,0.0,0.0,0.0,0.0,0.0,93.29,0.0,97.63,100.0,100.0,100.0,35.0,25.17,0,0,1,0,0,0,0,1,2,0.8412,-0.00032,0.0067,0.2666666666666666
2026-09-16T00:18:49.000,1130,MEMORY_STRESS,47.0,0.0,47.0,47.0,0.0,0.0,1115580.5,0.0,0.0,0.0,0.0,0.0,1.1175757575757572,0.0627851549199863,9.0,9.0,0.0,0.0,0.0,0.0,0.0,0.0,0.0,93.29,0.0,91.04,99.2,100.0,100.0,35.0,24.9,0,0,1,0,0,0,0,1,2,0.8432,-0.0003,0.0051,0.2666666666666666
2026-09-16T00:18:50.000,1131,MEMORY_STRESS,47.0,0.0,47.0,47.0,0.0,0.0,1115580.5,0.0,0.0,0.0,0.0,0.0,-0.9830303030303033,-0.0146284271284271,9.0,9.0,0.0,0.0,0.0,0.0,0.0,0.0,0.0,93.29,0.0,94.67,100.0,100.0,100.0,35.0,25.07,0,0,1,0,0,0,0,1,2,0.842,-0.0003,0.0058,0.2666666666666666
2026-09-16T00:18:51.000,1132,MEMORY_STRESS,47.0,0.0,47.0,47.0,0.0,0.0,1115580.5,0.0,0.0,0.0,0.0,0.0,0.927878787878788,0.0231969696969697,9.0,9.0,0.0,0.0,0.0,0.0,0.0,0.0,0.0,93.29,0.0,92.25,100.0,100.0,100.0,35.0,24.98,0,0,1,0,0,0,0,1,2,0.8426,-0.00028,0.0053,0.2666666666666666
2026-09-16T00:18:52.000,1133,MEMORY_STRESS,47.0,0.0,47.0,47.0,0.0,0.0,1115580.5,0.0,0.0,0.0,0.0,0.0,-1.0624242424242425,-0.0182861315391435,9.0,9.0,0.0,0.0,0.0,0.0,0.0,0.0,0.0,93.29,0.0,97.63,100.0,100.0,100.0,35.0,25.17,0,0,1,0,0,0,0,1,2,0.8412,-0.00029,0.0072,0.2666666666666666
2026-09-16T00:18:53.000,1134,MEMORY_STRESS,47.0,0.0,47.0,47.0,0.0,0.0,1115580.5,0.0,0.0,0.0,0.0,0.0,1.1175757575757572,0.0627851549199863,9.0,9.0,0.0,0.0,0.0,0.0,0.0,0.0,0.0,93.29,0.0,91.04,96.0,100.0,100.0,35.0,24.73,0,0,1,0,0,0,0,1,2,0.8445,-0.00026,0.0038,0.2666666666666666
2026-09-16T00:18:54.000,1135,MEMORY_STRESS,47.0,0.0,47.0,47.0,0.0,0.0,1115580.5,0.0,0.0,0.0,0.0,0.0,-0.9830303030303033,-0.0146284271284271,9.0,9.0,0.0,0.0,0.0,0.0,0.0,0.0,0.0,93.29,0.0,94.67,100.0,100.0,100.0,35.0,25.07,0,0,1,0,0,0,0,1,2,0.842,-0.00025,0.0045,0.2666666666666666
2026-09-16T00:18:55.000,1136,MEMORY_STRESS,47.0,0.0,47.0,47.0,0.0,0.0,1115580.5,0.0,0.0,0.0,0.0,0.0,0.927878787878788,0.0231969696969697,9.0,9.0,0.0,0.0,0.0,0.0,0.0,0.0,0.0,93.29,0.0,92.25,100.0,100.0,100.0,35.0,24.98,0,0,1,0,0,0,0,1,2,0.8426,-0.00024,0.0041,0.2666666666666666
2026-09-16T00:18:56.000,1137,MEMORY_STRESS,47.0,0.0,47.0,47.0,0.0,0.0,1115580.5,0.0,0.0,0.0,0.0,0.0,-1.0624242424242425,-0.0182861315391435,9.0,9.0,0.0,0.0,0.0,0.0,0.0,0.0,0.0,93.29,0.0,97.63,100.0,100.0,100.0,35.0,25.17,0,0,1,0,0,0,0,1,2,0.8412,-0.00025,0.0057,0.2666666666666666
2026-09-16T00:18:57.000,1138,MEMORY_STRESS,47.0,0.0,47.0,47.0,0.0,0.0,1115580.5,0.0,0.0,0.0,0.0,0.0,1.1175757575757572,0.0627851549199863,9.0,9.0,0.0,0.0,0.0,0.0,0.0,0.0,0.0,93.29,0.0,91.04,95.2,100.0,100.0,35.0,24.69,0,0,1,0,0,0,0,1,2,0.8448,-0.00022,0.0025,0.2666666666666666
2026-09-16T00:18:58.000,1139,MEMORY_STRESS,47.0,0.0,47.0,47.0,0.0,0.0,1115580.5,0.0,0.0,0.0,0.0,0.0,-0.9830303030303033,-0.0146284271284271,9.0,9.0,0.0,0.0,0.0,0.0,0.0,0.0,0.0,93.29,0.0,94.67,100.0,100.0,100.0,35.0,25.07,0,0,1,0,0,0,0,1,2,0.842,-0.00022,0.0031,0.2666666666666666
2026-09-16T00:18:59.000,1140,MEMORY_STRESS,47.0,0.0,47.0,47.0,0.0,0.0,1115580.5,0.0,0.0,0.0,0.0,0.0,0.927878787878788,0.0231969696969697,9.0,9.0,0.0,0.0,0.0,0.0,0.0,0.0,0.0,93.29,0.0,92.25,100.0,100.0,100.0,35.0,24.98,0,0,1,0,0,0,0,1,2,0.8426,-0.00021,0.0029,0.2666666666666666
2026-09-16T00:19:00.000,1141,MEMORY_STRESS,47.0,0.0,47.0,47.0,0.0,0.0,1115580.5,0.0,0.0,0.0,0.0,0.0,-1.0624242424242425,-0.0182861315391435,9.0,9.0,0.0,0.0,0.0,0.0,0.0,0.0,0.0,93.29,0.0,97.63,100.0,100.0,100.0,35.0,25.17,0,0,1,0,0,0,0,1,2,0.8412,-0.00022,0.0043,0.2666666666666666
2026-09-16T00:19:01.000,1142,MEMORY_STRESS,47.0,0.0,47.0,47.0,0.0,0.0,1115580.5,0.0,0.0,0.0,0.0,0.0,1.1175757575757572,0.0627851549199863,9.0,9.0,0.0,0.0,0.0,0.0,0.0,0.0,0.0,93.29,0.0,91.04,100.0,100.0,100.0,35.0,24.94,0,0,1,0,0,0,0,1,2,0.843,-0.00021,0.0037,0.2666666666666666
2026-09-16T00:19:02.000,1143,MEMORY_STRESS,47.0,0.0,47.0,47.0,0.0,0.0,1115580.5,0.0,0.0,0.0,0.0,0.0,-0.9830303030303033,-0.0146284271284271,9.0,9.0,0.0,0.0,0.0,0.0,0.0,0.0,0.0,93.29,0.0,94.67,100.0,100.0,100.0,35.0,25.07,0,0,1,0,0,0,0,1,2,0.842,-0.0002,0.0041,0.2666666666666666
2026-09-16T00:19:03.000,1144,MEMORY_STRESS,47.0,0.0,47.0,47.0,0.0,0.0,1115580.5,0.0,0.0,0.0,0.0,0.0,0.927878787878788,0.0231969696969697,9.0,9.0,0.0,0.0,0.0,0.0,0.0,0.0,0.0,93.29,0.0,92.25,100.0,100.0,100.0,35.0,24.98,0,0,1,0,0,0,0,1,2,0.8426,-0.0002,0.0038,0.2666666666666666
2026-09-16T00:19:04.000,1145,MEMORY_STRESS,47.0,0.0,47.0,47.0,0.0,0.0,1115580.5,0.0,0.0,0.0,0.0,0.0,-1.0624242424242425,-0.0182861315391435,9.0,9.0,0.0,0.0,0.0,0.0,0.0,0.0,0.0,93.29,0.0,97.63,100.0,100.0,100.0,35.0,25.17,0,0,1,0,0,0,0,1,2,0.8412,-0.0002,0.0049,0.2666666666666666
2026-09-16T00:19:05.000,1146,MEMORY_STRESS,47.0,0.0,47.0,47.0,0.0,0.0,1115580.5,0.0,0.0,0.0,0.0,0.0,1.1175757575757572,0.0627851549199863,9.0,9.0,0.0,0.0,0.0,0.0,0.0,0.0,0.0,93.29,0.0,91.04,95.2,100.0,100.0,35.0,24.69,0,0,1,0,0,0,0,1,2,0.8448,-0.00018,0.0025,0.2666666666666666
2026-09-16T00:19:06.000,1147,MEMORY_STRESS,47.0,0.0,47.0,47.0,0.0,0.0,1115580.5,0.0,0.0,0.0,0.0,0.0,-0.9830303030303033,-0.0146284271284271,9.0,9.0,0.0,0.0,0.0,0.0,0.0,0.0,0.0,93.29,0.0,94.67,100.0,100.0,100.0,35.0,25.07,0,0,1,0,0,0,0,1,2,0.842,-0.00018,0.003,0.2666666666666666
2026-09-16T00:19:07.000,1148,MEMORY_STRESS,47.0,0.0,47.0,47.0,0.0,0.0,1115580.5,0.0,0.0,0.0,0.0,0.0,0.927878787878788,0.0231969696969697,9.0,9.0,0.0,0.0,0.0,0.0,0.0,0.0,0.0,93.29,0.0,92.25,100.0,100.0,100.0,35.0,24.98,0,0,1,0,0,0,0,1,2,0.8426,-0.00017,0.0027,0.2666666666666666
2026-09-16T00:19:08.000,1149,MEMORY_STRESS,47.0,0.0,47.0,47.0,0.0,0.0,1115580.5,0.0,0.0,0.0,0.0,0.0,-1.0624242424242425,-0.0182861315391435,9.0,9.0,0.0,0.0,0.0,0.0,0.0,0.0,0.0,93.29,0.0,97.63,100.0,100.0,100.0,35.0,25.17,0,0,1,0,0,0,0,1,2,0.8412,-0.00017,0.0038,0.2666666666666666
2026-09-16T00:19:09.000,1150,MEMORY_STRESS,47.0,0.0,47.0,47.0,0.0,0.0,1115580.5,0.0,0.0,0.0,0.0,0.0,1.1175757575757572,0.0627851549199863,9.0,9.0,0.0,0.0,0.0,0.0,0.0,0.0,0.0,93.29,0.0,91.04,95.2,100.0,100.0,35.0,24.69,0,0,1,0,0,0,0,1,2,0.8448,-0.00016,0.0017,0.2666666666666666
2026-09-16T00:19:10.000,1151,MEMORY_STRESS,47.0,0.0,47.0,47.0,0.0,0.0,1115580.5,0.0,0.0,0.0,0.0,0.0,-0.9830303030303033,-0.0146284271284271,9.0,9.0,0.0,0.0,0.0,0.0,0.0,0.0,0.0,93.29,0.0,94.67,100.0,100.0,100.0,35.0,25.07,0,0,1,0,0,0,0,1,2,0.842,-0.00015,0.0021,0.2666666666666666
2026-09-16T00:19:11.000,1152,MEMORY_STRESS,47.0,0.0,47.0,47.0,0.0,0.0,1115580.5,0.0,0.0,0.0,0.0,0.0,0.927878787878788,0.0231969696969697,9.0,9.0,0.0,0.0,0.0,0.0,0.0,0.0,0.0,93.29,0.0,92.25,100.0,100.0,100.0,35.0,24.98,0,0,1,0,0,0,0,1,2,0.8426,-0.00015,0.002,0.2666666666666666
2026-09-16T00:19:12.000,1153,MEMORY_STRESS,47.0,0.0,47.0,47.0,0.0,0.0,1115580.5,0.0,0.0,0.0,0.0,0.0,-1.0624242424242425,-0.0182861315391435,9.0,9.0,0.0,0.0,0.0,0.0,0.0,0.0,0.0,93.29,0.0,97.63,100.0,100.0,100.0,35.0,25.17,0,0,1,0,0,0,0,1,2,0.8412,-0.00015,0.0029,0.2666666666666666
2026-09-16T00:19:13.000,1154,MEMORY_STRESS,47.0,0.0,47.0,47.0,0.0,0.0,1115580.5,0.0,0.0,0.0,0.0,0.0,1.1175757575757572,0.0627851549199863,9.0,9.0,0.0,0.0,0.0,0.0,0.0,0.0,0.0,93.29,0.0,91.04,100.0,100.0,100.0,35.0,24.94,0,0,1,0,0,0,0,1,2,0.843,-0.00015,0.0025,0.2666666666666666
2026-09-16T00:19:14.000,1155,MEMORY_STRESS,47.0,0.0,47.0,47.0,0.0,0.0,1115580.5,0.0,0.0,0.0,0.0,0.0,-0.9830303030303033,-0.0146284271284271,9.0,9.0,0.0,0.0,0.0,0.0,0.0,0.0,0.0,93.29,0.0,94.67,100.0,100.0,100.0,35.0,25.07,0,0,1,0,0,0,0,1,2,0.842,-0.00015,0.0028,0.2666666666666666
2026-09-16T00:19:15.000,1156,MEMORY_STRESS,47.0,0.0,47.0,47.0,0.0,0.0,1115580.5,0.0,0.0,0.0,0.0,0.0,0.927878787878788,0.0231969696969697,9.0,9.0,0.0,0.0,0.0,0.0,0.0,0.0,0.0,93.29,0.0,92.25,100.0,100.0,100.0,35.0,24.98,0,0,1,0,0,0,0,1,2,0.8426,-0.00014,0.0026,0.2666666666666666
2026-09-16T00:19:16.000,1157,MEMORY_STRESS,47.0,0.0,47.0,47.0,0.0,0.0,1115580.5,0.0,0.0,0.0,0.0,0.0,-1.0624242424242425,-0.0182861315391435,9.0,9.0,0.0,0.0,0.0,0.0,0.0,0.0,0.0,93.29,0.0,97.63,100.0,100.0,100.0,35.0,25.17,0,0,1,0,0,0,0,1,2,0.8412,-0.00014,0.0034,0.2666666666666666
2026-09-16T00:19:17.000,1158,MEMORY_STRESS,47.0,0.0,47.0,47.0,0.0,0.0,1115580.5,0.0,0.0,0.0,0.0,0.0,1.1175757575757572,0.0627851549199863,9.0,9.0,0.0,0.0,0.0,0.0,0.0,0.0,0.0,93.29,0.0,91.04,95.2,100.0,100.0,35.0,24.69,0,0,1,0,0,0,0,1,2,0.8448,-0.00013,0.0018,0.2666666666666666
2026-09-16T00:19:18.000,1159,MEMORY_STRESS,47.0,0.0,47.0,47.0,0.0,0.0,1115580.5,0.0,0.0,0.0,0.0,0.0,-0.9830303030303033,-0.0146284271284271,9.0,9.0,0.0,0.0,0.0,0.0,0.0,0.0,0.0,93.29,0.0,94.67,100.0,100.0,100.0,35.0,25.07,0,0,1,0,0,0,0,1,2,0.842,-0.00013,0.0021,0.2666666666666666
2026-09-16T00:19:19.000,1160,MEMORY_STRESS,47.0,0.0,47.0,47.0,0.0,0.0,1115580.5,0.0,0.0,0.0,0.0,0.0,0.927878787878788,0.0231969696969697,9.0,9.0,0.0,0.0,0.0,0.0,0.0,0.0,0.0,93.29,0.0,92.25,100.0,100.0,100.0,35.0,24.98,0,0,1,0,0,0,0,1,2,0.8426,-0.00013,0.002,0.2666666666666666
2026-09-16T00:19:20.000,1161,MEMORY_STRESS,47.0,0.0,47.0,47.0,0.0,0.0,1115580.5,0.0,0.0,0.0,0.0,0.0,-1.0624242424242425,-0.0182861315391435,9.0,9.0,0.0,0.0,0.0,0.0,0.0,0.0,0.0,93.29,0.0,97.63,100.0,100.0,100.0,35.0,25.17,0,0,1,0,0,0,0,1,2,0.8412,-0.00013,0.0027,0.2666666666666666
2026-09-16T00:19:21.000,1162,MEMORY_STRESS,47.0,0.0,47.0,47.0,0.0,0.0,1115580.5,0.0,0.0,0.0,0.0,0.0,1.1175757575757572,0.0627851549199863,9.0,9.0,0.0,0.0,0.0,0.0,0.0,0.0,0.0,93.29,0.0,91.04,95.2,100.0,100.0,35.0,24.69,0,0,1,0,0,0,0,1,2,0.8448,-0.00011,0.0013,0.2666666666666666
2026-09-16T00:19:22.000,1163,MEMORY_STRESS,47.0,0.0,47.0,47.0,0.0,0.0,1115580.5,0.0,0.0,0.0,0.0,0.0,-0.9830303030303033,-0.0146284271284271,9.0,9.0,0.0,0.0,0.0,0.0,0.0,0.0,0.0,93.29,0.0,94.67,100.0,100.0,100.0,35.0,25.07,0,0,1,0,0,0,0,1,2,0.842,-0.00011,0.0016,0.2666666666666666
2026-09-16T00:19:23.000,1164,MEMORY_STRESS,47.0,0.0,47.0,47.0,0.0,0.0,1115580.5,0.0,0.0,0.0,0.0,0.0,0.927878787878788,0.0231969696969697,9.0,9.0,0.0,0.0,0.0,0.0,0.0,0.0,0.0,93.29,0.0,92.25,100.0,100.0,100.0,35.0,24.98,0,0,1,0,0,0,0,1,2,0.8426,-0.00011,0.0014,0.2666666666666666
2026-09-16T00:19:24.000,1165,MEMORY_STRESS,47.0,0.0,47.0,47.0,0.0,0.0,1115580.5,0.0,0.0,0.0,0.0,0.0,-1.0624242424242425,-0.0182861315391435,9.0,9.0,0.0,0.0,0.0,0.0,0.0,0.0,0.0,93.29,0.0,97.63,100.0,100.0,100.0,35.0,25.17,0,0,1,0,0,0,0,1,2,0.8412,-0.00011,0.0021,0.2666666666666666
2026-09-16T00:19:25.000,1166,MEMORY_STRESS,47.0,0.0,47.0,47.0,0.0,0.0,1115580.5,0.0,0.0,0.0,0.0,0.0,1.1175757575757572,0.0627851549199863,9.0,9.0,0.0,0.0,0.0,0.0,0.0,0.0,0.0,93.29,0.0,91.04,99.2,100.0,100.0,35.0,24.9,0,0,1,0,0,0,0,1,2,0.8432,-0.00011,0.0017,0.2666666666666666
2026-09-16T00:19:26.000,1167,MEMORY_STRESS,47.0,0.0,47.0,47.0,0.0,0.0,1115580.5,0.0,0.0,0.0,0.0,0.0,-0.9830303030303033,-0.0146284271284271,9.0,9.0,0.0,0.0,0.0,0.0,0.0,0.0,0.0,93.29,0.0,94.67,100.0,100.0,100.0,35.0,25.07,0,0,1,0,0,0,0,1,2,0.842,-0.00011,0.0019,0.2666666666666666
2026-09-16T00:19:27.000,1168,MEMORY_STRESS,47.0,0.0,47.0,47.0,0.0,0.0,1115580.5,0.0,0.0,0.0,0.0,0.0,0.927878787878788,0.0231969696969697,9.0,9.0,0.0,0.0,0.0,0.0,0.0,0.0,0.0,93.29,0.0,92.25,100.0,100.0,100.0,35.0,24.98,0,0,1,0,0,0,0,1,2,0.8426,-0.00011,0.0018,0.2666666666666666
2026-09-16T00:19:28.000,1169,MEMORY_STRESS,47.0,0.0,47.0,47.0,0.0,0.0,1115580.5,0.0,0.0,0.0,0.0,0.0,-1.0624242424242425,-0.0182861315391435,9.0,9.0,0.0,0.0,0.0,0.0,0.0,0.0,0.0,93.29,0.0,97.63,100.0,100.0,100.0,35.0,25.17,0,0,1,0,0,0,0,1,2,0.8412,-0.00011,0.0024,0.2666666666666666
2026-09-16T00:19:29.000,1170,MEMORY_STRESS,47.0,0.0,47.0,47.0,0.0,0.0,1115580.5,0.0,0.0,0.0,0.0,0.0,1.1175757575757572,0.0627851549199863,9.0,9.0,0.0,0.0,0.0,0.0,0.0,0.0,0.0,93.29,0.0,91.04,96.0,100.0,100.0,35.0,24.73,0,0,1,0,0,0,0,1,2,0.8445,-0.0001,0.0014,0.2666666666666666
2026-09-16T00:19:30.000,1171,MEMORY_STRESS,47.0,0.0,47.0,47.0,0.0,0.0,1115580.5,0.0,0.0,0.0,0.0,0.0,-0.9830303030303033,-0.0146284271284271,9.0,9.0,0.0,0.0,0.0,0.0,0.0,0.0,0.0,93.29,0.0,94.67,100.0,100.0,100.0,35.0,25.07,0,0,1,0,0,0,0,1,2,0.842,-0.0001,0.0016,0.2666666666666666
2026-09-16T00:19:31.000,1172,MEMORY_STRESS,47.0,0.0,47.0,47.0,0.0,0.0,1115580.5,0.0,0.0,0.0,0.0,0.0,0.927878787878788,0.0231969696969697,9.0,9.0,0.0,0.0,0.0,0.0,0.0,0.0,0.0,93.29,0.0,92.25,100.0,100.0,100.0,35.0,24.98,0,0,1,0,0,0,0,1,2,0.8426,-0.0001,0.0015,0.2666666666666666
2026-09-16T00:19:32.000,1173,MEMORY_STRESS,47.0,0.0,47.0,47.0,0.0,0.0,1115580.5,0.0,0.0,0.0,0.0,0.0,-1.0624242424242425,-0.0182861315391435,9.0,9.0,0.0,0.0,0.0,0.0,0.0,0.0,0.0,93.29,0.0,97.63,100.0,100.0,100.0,35.0,25.17,0,0,1,0,0,0,0,1,2,0.8412,-0.0001,0.002,0.2666666666666666
2026-09-16T00:19:33.000,1174,MEMORY_STRESS,47.0,0.0,47.0,47.0,0.0,0.0,1115580.5,0.0,0.0,0.0,0.0,0.0,1.1175757575757572,0.0627851549199863,9.0,9.0,0.0,0.0,0.0,0.0,0.0,0.0,0.0,93.29,0.0,91.04,95.2,100.0,100.0,35.0,24.69,0,0,1,0,0,0,0,1,2,0.8448,-9e-05,0.001,0.2666666666666666
2026-09-16T00:19:34.000,1175,MEMORY_STRESS,47.0,0.0,47.0,47.0,0.0,0.0,1115580.5,0.0,0.0,0.0,0.0,0.0,-0.9830303030303033,-0.0146284271284271,9.0,9.0,0.0,0.0,0.0,0.0,0.0,0.0,0.0,93.29,0.0,94.67,100.0,100.0,100.0,35.0,25.07,0,0,1,0,0,0,0,1,2,0.842,-9e-05,0.0012,0.2666666666666666
2026-09-16T00:19:35.000,1176,MEMORY_STRESS,47.0,0.0,47.0,47.0,0.0,0.0,1115580.5,0.0,0.0,0.0,0.0,0.0,0.927878787878788,0.0231969696969697,9.0,9.0,0.0,0.0,0.0,0.0,0.0,0.0,0.0,93.29,0.0,92.25,100.0,100.0,100.0,35.0,24.98,0,0,1,0,0,0,0,1,2,0.8426,-9e-05,0.0011,0.2666666666666666
2026-09-16T00:19:36.000,1177,MEMORY_STRESS,47.0,0.0,47.0,47.0,0.0,0.0,1115580.5,0.0,0.0,0.0,0.0,0.0,-1.0624242424242425,-0.0182861315391435,9.0,9.0,0.0,0.0,0.0,0.0,0.0,0.0,0.0,93.29,0.0,97.63,100.0,100.0,100.0,35.0,25.17,0,0,1,0,0,0,0,1,2,0.8412,-9e-05,0.0016,0.2666666666666666
2026-09-16T00:19:37.000,1178,MEMORY_STRESS,47.0,0.0,47.0,47.0,0.0,0.0,1115580.5,0.0,0.0,0.0,0.0,0.0,1.1175757575757572,0.0627851549199863,9.0,9.0,0.0,0.0,0.0,0.0,0.0,0.0,0.0,93.29,0.0,91.04,100.0,100.0,100.0,35.0,24.94,0,0,1,0,0,0,0,1,2,0.843,-9e-05,0.0014,0.2666666666666666
2026-09-16T00:19:38.000,1179,MEMORY_STRESS,47.0,0.0,47.0,47.0,0.0,0.0,1115580.5,0.0,0.0,0.0,0.0,0.0,-0.9830303030303033,-0.0146284271284271,9.0,9.0,0.0,0.0,0.0,0.0,0.0,0.0,0.0,93.29,0.0,94.67,100.0,100.0,100.0,35.0,25.07,0,0,1,0,0,0,0,1,2,0.842,-9e-05,0.0016,0.2666666666666666
2026-09-16T00:19:39.000,1180,MEMORY_STRESS,47.0,0.0,47.0,47.0,0.0,0.0,1115580.5,0.0,0.0,0.0,0.0,0.0,0.927878787878788,0.0231969696969697,9.0,9.0,0.0,0.0,0.0,0.0,0.0,0.0,0.0,93.29,0.0,92.25,100.0,100.0,100.0,35.0,24.98,0,0,1,0,0,0,0,1,2,0.8426,-8e-05,0.0015,0.2666666666666666
2026-09-16T00:19:40.000,1181,MEMORY_STRESS,47.0,0.0,47.0,47.0,0.0,0.0,1115580.5,0.0,0.0,0.0,0.0,0.0,-1.0624242424242425,-0.0182861315391435,9.0,9.0,0.0,0.0,0.0,0.0,0.0,0.0,0.0,93.29,0.0,97.63,100.0,100.0,100.0,35.0,25.17,0,0,1,0,0,0,0,1,2,0.8412,-8e-05,0.0019,0.2666666666666666
2026-09-16T00:19:41.000,1182,MEMORY_STRESS,47.0,0.0,47.0,47.0,0.0,0.0,1115580.5,0.0,0.0,0.0,0.0,0.0,1.1175757575757572,0.0627851549199863,9.0,9.0,0.0,0.0,0.0,0.0,0.0,0.0,0.0,93.29,0.0,91.04,95.2,100.0,100.0,35.0,24.69,0,0,1,0,0,0,0,1,2,0.8448,-8e-05,0.0011,0.2666666666666666
2026-09-16T00:19:42.000,1183,MEMORY_STRESS,47.0,0.0,47.0,47.0,0.0,0.0,1115580.5,0.0,0.0,0.0,0.0,0.0,-0.9830303030303033,-0.0146284271284271,9.0,9.0,0.0,0.0,0.0,0.0,0.0,0.0,0.0,93.29,0.0,94.67,100.0,100.0,100.0,35.0,25.07,0,0,1,0,0,0,0,1,2,0.842,-8e-05,0.0012,0.2666666666666666
2026-09-16T00:19:43.000,1184,MEMORY_STRESS,47.0,0.0,47.0,47.0,0.0,0.0,1115580.5,0.0,0.0,0.0,0.0,0.0,0.927878787878788,0.0231969696969697,9.0,9.0,0.0,0.0,0.0,0.0,0.0,0.0,0.0,93.29,0.0,92.25,100.0,100.0,100.0,35.0,24.98,0,0,1,0,0,0,0,1,2,0.8426,-8e-05,0.0012,0.2666666666666666
2026-09-16T00:19:44.000,1185,MEMORY_STRESS,47.0,0.0,47.0,47.0,0.0,0.0,1115580.5,0.0,0.0,0.0,0.0,0.0,-1.0624242424242425,-0.0182861315391435,9.0,9.0,0.0,0.0,0.0,0.0,0.0,0.0,0.0,93.29,0.0,97.63,100.0,100.0,100.0,35.0,25.17,0,0,1,0,0,0,0,1,2,0.8412,-8e-05,0.0016,0.2666666666666666
2026-09-16T00:19:45.000,1186,MEMORY_STRESS,47.0,0.0,47.0,47.0,0.0,0.0,1115580.5,0.0,0.0,0.0,0.0,0.0,1.1175757575757572,0.0627851549199863,9.0,9.0,0.0,0.0,0.0,0.0,0.0,0.0,0.0,93.29,0.0,91.04,95.2,100.0,100.0,35.0,24.69,0,0,1,0,0,0,0,1,2,0.8448,-7e-05,0.0008,0.2666666666666666
2026-09-16T00:19:46.000,1187,MEMORY_STRESS,47.0,0.0,47.0,47.0,0.0,0.0,1115580.5,0.0,0.0,0.0,0.0,0.0,-0.9830303030303033,-0.0146284271284271,9.0,9.0,0.0,0.0,0.0,0.0,0.0,0.0,0.0,93.29,0.0,94.67,100.0,100.0,100.0,35.0,25.07,0,0,1,0,0,0,0,1,2,0.842,-7e-05,0.0009,0.2666666666666666
2026-09-16T00:19:47.000,1188,MEMORY_STRESS,47.0,0.0,47.0,47.0,0.0,0.0,1115580.5,0.0,0.0,0.0,0.0,0.0,0.927878787878788,0.0231969696969697,9.0,9.0,0.0,0.0,0.0,0.0,0.0,0.0,0.0,93.29,0.0,92.25,100.0,100.0,100.0,35.0,24.98,0,0,1,0,0,0,0,1,2,0.8426,-7e-05,0.0009,0.2666666666666666
2026-09-16T00:19:48.000,1189,MEMORY_STRESS,47.0,0.0,47.0,47.0,0.0,0.0,1115580.5,0.0,0.0,0.0,0.0,0.0,-1.0624242424242425,-0.0182861315391435,9.0,9.0,0.0,0.0,0.0,0.0,0.0,0.0,0.0,93.29,0.0,97.63,100.0,100.0,100.0,35.0,25.17,0,0,1,0,0,0,0,1,2,0.8412,-7e-05,0.0013,0.2666666666666666
2026-09-16T00:19:49.000,1190,MEMORY_STRESS,47.0,0.0,47.0,47.0,0.0,0.0,1115580.5,0.0,0.0,0.0,0.0,0.0,1.1175757575757572,0.0627851549199863,9.0,9.0,0.0,0.0,0.0,0.0,0.0,0.0,0.0,93.29,0.0,91.04,100.0,100.0,100.0,35.0,24.94,0,0,1,0,0,0,0,1,2,0.843,-7e-05,0.0011,0.2666666666666666
2026-09-16T00:19:50.000,1191,MEMORY_STRESS,47.0,0.0,47.0,47.0,0.0,0.0,1115580.5,0.0,0.0,0.0,0.0,0.0,-0.9830303030303033,-0.0146284271284271,9.0,9.0,0.0,0.0,0.0,0.0,0.0,0.0,0.0,93.29,0.0,94.67,100.0,100.0,100.0,35.0,25.07,0,0,1,0,0,0,0,1,2,0.842,-7e-05,0.0013,0.2666666666666666
2026-09-16T00:19:51.000,1192,MEMORY_STRESS,47.0,0.0,47.0,47.0,0.0,0.0,1115580.5,0.0,0.0,0.0,0.0,0.0,0.927878787878788,0.0231969696969697,9.0,9.0,0.0,0.0,0.0,0.0,0.0,0.0,0.0,93.29,0.0,92.25,100.0,100.0,100.0,35.0,24.98,0,0,1,0,0,0,0,1,2,0.8426,-7e-05,0.0012,0.2666666666666666
2026-09-16T00:19:52.000,1193,MEMORY_STRESS,47.0,0.0,47.0,47.0,0.0,0.0,1115580.5,0.0,0.0,0.0,0.0,0.0,-1.0624242424242425,-0.0182861315391435,9.0,9.0,0.0,0.0,0.0,0.0,0.0,0.0,0.0,93.29,0.0,97.63,100.0,100.0,100.0,35.0,25.17,0,0,1,0,0,0,0,1,2,0.8412,-7e-05,0.0015,0.2666666666666666
2026-09-16T00:19:53.000,1194,MEMORY_STRESS,47.0,0.0,47.0,47.0,0.0,0.0,1115580.5,0.0,0.0,0.0,0.0,0.0,1.1175757575757572,0.0627851549199863,9.0,9.0,0.0,0.0,0.0,0.0,0.0,0.0,0.0,93.29,0.0,91.04,95.2,100.0,100.0,35.0,24.69,0,0,1,0,0,0,0,1,2,0.8448,-6e-05,0.0008,0.2666666666666666
2026-09-16T00:19:54.000,1195,MEMORY_STRESS,47.0,0.0,47.0,47.0,0.0,0.0,1115580.5,0.0,0.0,0.0,0.0,0.0,-0.9830303030303033,-0.0146284271284271,9.0,9.0,0.0,0.0,0.0,0.0,0.0,0.0,0.0,93.29,0.0,94.67,100.0,100.0,100.0,35.0,25.07,0,0,1,0,0,0,0,1,2,0.842,-6e-05,0.001,0.2666666666666666
2026-09-16T00:19:55.000,1196,MEMORY_STRESS,47.0,0.0,47.0,47.0,0.0,0.0,1115580.5,0.0,0.0,0.0,0.0,0.0,0.927878787878788,0.0231969696969697,9.0,9.0,0.0,0.0,0.0,0.0,0.0,0.0,0.0,93.29,0.0,92.25,100.0,100.0,100.0,35.0,24.98,0,0,1,0,0,0,0,1,2,0.8426,-6e-05,0.0009,0.2666666666666666
2026-09-16T00:19:56.000,1197,MEMORY_STRESS,47.0,0.0,47.0,47.0,0.0,0.0,1115580.5,0.0,0.0,0.0,0.0,0.0,-1.0624242424242425,-0.0182861315391435,9.0,9.0,0.0,0.0,0.0,0.0,0.0,0.0,0.0,93.29,0.0,97.63,100.0,100.0,100.0,35.0,25.17,0,0,1,0,0,0,0,1,2,0.8412,-6e-05,0.0013,0.2666666666666666
2026-09-16T00:19:57.000,1198,MEMORY_STRESS,47.0,0.0,47.0,47.0,0.0,0.0,1115580.5,0.0,0.0,0.0,0.0,0.0,1.1175757575757572,0.0627851549199863,9.0,9.0,0.0,0.0,0.0,0.0,0.0,0.0,0.0,93.29,0.0,91.04,95.2,100.0,100.0,35.0,24.69,0,0,1,0,0,0,0,1,2,0.8448,-6e-05,0.0006,0.2666666666666666
2026-09-16T00:19:58.000,1199,MEMORY_STRESS,47.0,0.0,47.0,47.0,0.0,0.0,1115580.5,0.0,0.0,0.0,0.0,0.0,-0.9830303030303033,-0.0146284271284271,9.0,9.0,0.0,0.0,0.0,0.0,0.0,0.0,0.0,93.29,0.0,94.67,100.0,100.0,100.0,35.0,25.07,0,0,1,0,0,0,0,1,2,0.842,-6e-05,0.0008,0.2666666666666666
2026-09-16T00:19:59.000,1200,MEMORY_STRESS,47.0,0.0,47.0,47.0,0.0,0.0,1115580.5,0.0,0.0,0.0,0.0,0.0,0.927878787878788,0.0231969696969697,9.0,9.0,0.0,0.0,0.0,0.0,0.0,0.0,0.0,93.29,0.0,92.25,100.0,100.0,100.0,35.0,24.98,0,0,1,0,0,0,0,1,2,0.8426,-6e-05,0.0007,0.2666666666666666
2026-09-16T00:20:00.000,1201,MEMORY_STRESS,47.0,0.0,47.0,47.0,0.0,0.0,1115580.5,0.0,0.0,0.0,0.0,0.0,-1.0624242424242425,-0.0182861315391435,9.0,9.0,0.0,0.0,0.0,0.0,0.0,0.0,0.0,93.29,0.0,97.63,100.0,100.0,100.0,35.0,25.17,0,0,1,0,0,0,0,1,2,0.8412,-6e-05,0.001,0.2666666666666666
2026-09-16T00:20:01.000,1202,MEMORY_STRESS,47.0,0.0,47.0,47.0,0.0,0.0,1115580.5,0.0,0.0,0.0,0.0,0.0,1.1175757575757572,0.0627851549199863,9.0,9.0,0.0,0.0,0.0,0.0,0.0,0.0,0.0,93.29,0.0,91.04,99.2,100.0,100.0,35.0,24.9,0,0,1,0,0,0,0,1,2,0.8432,-5e-05,0.0008,0.2666666666666666
2026-09-16T00:20:02.000,1203,MEMORY_STRESS,47.0,0.0,47.0,47.0,0.0,0.0,1115580.5,0.0,0.0,0.0,0.0,0.0,-0.9830303030303033,-0.0146284271284271,9.0,9.0,0.0,0.0,0.0,0.0,0.0,0.0,0.0,93.29,0.0,94.67,100.0,100.0,100.0,35.0,25.07,0,0,1,0,0,0,0,1,2,0.842,-5e-05,0.0009,0.2666666666666666
2026-09-16T00:20:03.000,1204,MEMORY_STRESS,47.0,0.0,47.0,47.0,0.0,0.0,1115580.5,0.0,0.0,0.0,0.0,0.0,0.927878787878788,0.0231969696969697,9.0,9.0,0.0,0.0,0.0,0.0,0.0,0.0,0.0,93.29,0.0,92.25,100.0,100.0,100.0,35.0,24.98,0,0,1,0,0,0,0,1,2,0.8426,-5e-05,0.0009,0.2666666666666666
2026-09-16T00:20:04.000,1205,MEMORY_STRESS,47.0,0.0,47.0,47.0,0.0,0.0,1115580.5,0.0,0.0,0.0,0.0,0.0,-1.0624242424242425,-0.0182861315391435,9.0,9.0,0.0,0.0,0.0,0.0,0.0,0.0,0.0,93.29,0.0,97.63,100.0,100.0,100.0,35.0,25.17,0,0,1,0,0,0,0,1,2,0.8412,-6e-05,0.0012,0.2666666666666666
2026-09-16T00:20:05.000,1206,MEMORY_STRESS,47.0,0.0,47.0,47.0,0.0,0.0,1115580.5,0.0,0.0,0.0,0.0,0.0,1.1175757575757572,0.0627851549199863,9.0,9.0,0.0,0.0,0.0,0.0,0.0,0.0,0.0,93.29,0.0,91.04,96.0,100.0,100.0,35.0,24.73,0,0,1,0,0,0,0,1,2,0.8445,-5e-05,0.0007,0.2666666666666666
2026-09-16T00:20:06.000,1207,MEMORY_STRESS,47.0,0.0,47.0,47.0,0.0,0.0,1115580.5,0.0,0.0,0.0,0.0,0.0,-0.9830303030303033,-0.0146284271284271,9.0,9.0,0.0,0.0,0.0,0.0,0.0,0.0,0.0,93.29,0.0,94.67,100.0,100.0,100.0,35.0,25.07,0,0,1,0,0,0,0,1,2,0.842,-5e-05,0.0008,0.2666666666666666
2026-09-16T00:20:07.000,1208,MEMORY_STRESS,47.0,0.0,47.0,47.0,0.0,0.0,1115580.5,0.0,0.0,0.0,0.0,0.0,0.927878787878788,0.0231969696969697,9.0,9.0,0.0,0.0,0.0,0.0,0.0,0.0,0.0,93.29,0.0,92.25,100.0,100.0,100.0,35.0,24.98,0,0,1,0,0,0,0,1,2,0.8426,-5e-05,0.0008,0.2666666666666666
2026-09-16T00:20:08.000,1209,MEMORY_STRESS,47.0,0.0,47.0,47.0,0.0,0.0,1115580.5,0.0,0.0,0.0,0.0,0.0,-1.0624242424242425,-0.0182861315391435,9.0,9.0,0.0,0.0,0.0,0.0,0.0,0.0,0.0,93.29,0.0,97.63,100.0,100.0,100.0,35.0,25.17,0,0,1,0,0,0,0,1,2,0.8412,-5e-05,0.001,0.2666666666666666
2026-09-16T00:20:09.000,1210,MEMORY_STRESS,47.0,0.0,47.0,47.0,0.0,0.0,1115580.5,0.0,0.0,0.0,0.0,0.0,1.1175757575757572,0.0627851549199863,9.0,9.0,0.0,0.0,0.0,0.0,0.0,0.0,0.0,93.29,0.0,91.04,95.2,100.0,100.0,35.0,24.69,0,0,1,0,0,0,0,1,2,0.8448,-5e-05,0.0005,0.2666666666666666
2026-09-16T00:20:10.000,1211,MEMORY_STRESS,47.0,0.0,47.0,47.0,0.0,0.0,1115580.5,0.0,0.0,0.0,0.0,0.0,-0.9830303030303033,-0.0146284271284271,9.0,9.0,0.0,0.0,0.0,0.0,0.0,0.0,0.0,93.29,0.0,94.67,100.0,100.0,100.0,35.0,25.07,0,0,1,0,0,0,0,1,2,0.842,-5e-05,0.0006,0.2666666666666666
2026-09-16T00:20:11.000,1212,MEMORY_STRESS,47.0,0.0,47.0,47.0,0.0,0.0,1115580.5,0.0,0.0,0.0,0.0,0.0,0.927878787878788,0.0231969696969697,9.0,9.0,0.0,0.0,0.0,0.0,0.0,0.0,0.0,93.29,0.0,92.25,100.0,100.0,100.0,35.0,24.98,0,0,1,0,0,0,0,1,2,0.8426,-5e-05,0.0006,0.2666666666666666
2026-09-16T00:20:12.000,1213,MEMORY_STRESS,47.0,0.0,47.0,47.0,0.0,0.0,1115580.5,0.0,0.0,0.0,0.0,0.0,-1.0624242424242425,-0.0182861315391435,9.0,9.0,0.0,0.0,0.0,0.0,0.0,0.0,0.0,93.29,0.0,97.63,100.0,100.0,100.0,35.0,25.17,0,0,1,0,0,0,0,1,2,0.8412,-5e-05,0.0008,0.2666666666666666
2026-09-16T00:20:13.000,1214,MEMORY_STRESS,47.0,0.0,47.0,47.0,0.0,0.0,1115580.5,0.0,0.0,0.0,0.0,0.0,1.1175757575757572,0.0627851549199863,9.0,9.0,0.0,0.0,0.0,0.0,0.0,0.0,0.0,93.29,0.0,91.04,100.0,100.0,100.0,35.0,24.94,0,0,1,0,0,0,0,1,2,0.843,-5e-05,0.0007,0.2666666666666666
2026-09-16T00:20:14.000,1215,MEMORY_STRESS,47.0,0.0,47.0,47.0,0.0,0.0,1115580.5,0.0,0.0,0.0,0.0,0.0,-0.9830303030303033,-0.0146284271284271,9.0,9.0,0.0,0.0,0.0,0.0,0.0,0.0,0.0,93.29,0.0,94.67,100.0,100.0,100.0,35.0,25.07,0,0,1,0,0,0,0,1,2,0.842,-5e-05,0.0008,0.2666666666666666
2026-09-16T00:20:15.000,1216,MEMORY_STRESS,47.0,0.0,47.0,47.0,0.0,0.0,1115580.5,0.0,0.0,0.0,0.0,0.0,0.927878787878788,0.0231969696969697,9.0,9.0,0.0,0.0,0.0,0.0,0.0,0.0,0.0,93.29,0.0,92.25,100.0,100.0,100.0,35.0,24.98,0,0,1,0,0,0,0,1,2,0.8426,-5e-05,0.0008,0.2666666666666666
2026-09-16T00:20:16.000,1217,MEMORY_STRESS,47.0,0.0,47.0,47.0,0.0,0.0,1115580.5,0.0,0.0,0.0,0.0,0.0,-1.0624242424242425,-0.0182861315391435,9.0,9.0,0.0,0.0,0.0,0.0,0.0,0.0,0.0,93.29,0.0,97.63,100.0,100.0,100.0,35.0,25.17,0,0,1,0,0,0,0,1,2,0.8412,-5e-05,0.001,0.2666666666666666
2026-09-16T00:20:17.000,1218,MEMORY_STRESS,47.0,0.0,47.0,47.0,0.0,0.0,1115580.5,0.0,0.0,0.0,0.0,0.0,1.1175757575757572,0.0627851549199863,9.0,9.0,0.0,0.0,0.0,0.0,0.0,0.0,0.0,93.29,0.0,91.04,95.2,100.0,100.0,35.0,24.69,0,0,1,0,0,0,0,1,2,0.8448,-4e-05,0.0006,0.2666666666666666
2026-09-16T00:20:18.000,1219,MEMORY_STRESS,47.0,0.0,47.0,47.0,0.0,0.0,1115580.5,0.0,0.0,0.0,0.0,0.0,-0.9830303030303033,-0.0146284271284271,9.0,9.0,0.0,0.0,0.0,0.0,0.0,0.0,0.0,93.29,0.0,94.67,100.0,100.0,100.0,35.0,25.07,0,0,1,0,0,0,0,1,2,0.842,-4e-05,0.0007,0.2666666666666666
2026-09-16T00:20:19.000,1220,MEMORY_STRESS,47.0,0.0,47.0,47.0,0.0,0.0,1115580.5,0.0,0.0,0.0,0.0,0.0,0.927878787878788,0.0231969696969697,9.0,9.0,0.0,0.0,0.0,0.0,0.0,0.0,0.0,93.29,0.0,92.25,100.0,100.0,100.0,35.0,24.98,0,0,1,0,0,0,0,1,2,0.8426,-4e-05,0.0006,0.2666666666666666
2026-09-16T00:20:20.000,1221,MEMORY_STRESS,47.0,0.0,47.0,47.0,0.0,0.0,1115580.5,0.0,0.0,0.0,0.0,0.0,-1.0624242424242425,-0.0182861315391435,9.0,9.0,0.0,0.0,0.0,0.0,0.0,0.0,0.0,93.29,0.0,97.63,100.0,100.0,100.0,35.0,25.17,0,0,1,0,0,0,0,1,2,0.8412,-4e-05,0.0009,0.2666666666666666
2026-09-16T00:20:21.000,1222,MEMORY_STRESS,47.0,0.0,47.0,47.0,0.0,0.0,1115580.5,0.0,0.0,0.0,0.0,0.0,1.1175757575757572,0.0627851549199863,9.0,9.0,0.0,0.0,0.0,0.0,0.0,0.0,0.0,93.29,0.0,91.04,95.2,100.0,100.0,35.0,24.69,0,0,1,0,0,0,0,1,2,0.8448,-4e-05,0.0004,0.2666666666666666
2026-09-16T00:20:22.000,1223,MEMORY_STRESS,47.0,0.0,47.0,47.0,0.0,0.0,1115580.5,0.0,0.0,0.0,0.0,0.0,-0.9830303030303033,-0.0146284271284271,9.0,9.0,0.0,0.0,0.0,0.0,0.0,0.0,0.0,93.29,0.0,94.67,100.0,100.0,100.0,35.0,25.07,0,0,1,0,0,0,0,1,2,0.842,-4e-05,0.0005,0.2666666666666666
2026-09-16T00:20:23.000,1224,MEMORY_STRESS,47.0,0.0,47.0,47.0,0.0,0.0,1115580.5,0.0,0.0,0.0,0.0,0.0,0.927878787878788,0.0231969696969697,9.0,9.0,0.0,0.0,0.0,0.0,0.0,0.0,0.0,93.29,0.0,92.25,100.0,100.0,100.0,35.0,24.98,0,0,1,0,0,0,0,1,2,0.8426,-4e-05,0.0005,0.2666666666666666
2026-09-16T00:20:24.000,1225,MEMORY_STRESS,47.0,0.0,47.0,47.0,0.0,0.0,1115580.5,0.0,0.0,0.0,0.0,0.0,-1.0624242424242425,-0.0182861315391435,9.0,9.0,0.0,0.0,0.0,0.0,0.0,0.0,0.0,93.29,0.0,97.63,100.0,100.0,100.0,35.0,25.17,0,0,1,0,0,0,0,1,2,0.8412,-4e-05,0.0007,0.2666666666666666
2026-09-16T00:20:25.000,1226,MEMORY_STRESS,47.0,0.0,47.0,47.0,0.0,0.0,1115580.5,0.0,0.0,0.0,0.0,0.0,1.1175757575757572,0.0627851549199863,9.0,9.0,0.0,0.0,0.0,0.0,0.0,0.0,0.0,93.29,0.0,91.04,100.0,100.0,100.0,35.0,24.94,0,0,1,0,0,0,0,1,2,0.843,-4e-05,0.0006,0.2666666666666666
2026-09-16T00:20:26.000,1227,MEMORY_STRESS,47.0,0.0,47.0,47.0,0.0,0.0,1115580.5,0.0,0.0,0.0,0.0,0.0,-0.9830303030303033,-0.0146284271284271,9.0,9.0,0.0,0.0,0.0,0.0,0.0,0.0,0.0,93.29,0.0,94.67,100.0,100.0,100.0,35.0,25.07,0,0,1,0,0,0,0,1,2,0.842,-4e-05,0.0007,0.2666666666666666
2026-09-16T00:20:27.000,1228,MEMORY_STRESS,47.0,0.0,47.0,47.0,0.0,0.0,1115580.5,0.0,0.0,0.0,0.0,0.0,0.927878787878788,0.0231969696969697,9.0,9.0,0.0,0.0,0.0,0.0,0.0,0.0,0.0,93.29,0.0,92.25,100.0,100.0,100.0,35.0,24.98,0,0,1,0,0,0,0,1,2,0.8426,-4e-05,0.0007,0.2666666666666666
2026-09-16T00:20:28.000,1229,MEMORY_STRESS,47.0,0.0,47.0,47.0,0.0,0.0,1115580.5,0.0,0.0,0.0,0.0,0.0,-1.0624242424242425,-0.0182861315391435,9.0,9.0,0.0,0.0,0.0,0.0,0.0,0.0,0.0,93.29,0.0,97.63,100.0,100.0,100.0,35.0,25.17,0,0,1,0,0,0,0,1,2,0.8412,-4e-05,0.0009,0.2666666666666666
2026-09-16T00:20:29.000,1230,MEMORY_STRESS,47.0,0.0,47.0,47.0,0.0,0.0,1115580.5,0.0,0.0,0.0,0.0,0.0,1.1175757575757572,0.0627851549199863,9.0,9.0,0.0,0.0,0.0,0.0,0.0,0.0,0.0,93.29,0.0,91.04,95.2,100.0,100.0,35.0,24.69,0,0,1,0,0,0,0,1,2,0.8448,-4e-05,0.0005,0.2666666666666666
2026-09-16T00:20:30.000,1231,MEMORY_STRESS,47.0,0.0,47.0,47.0,0.0,0.0,1115580.5,0.0,0.0,0.0,0.0,0.0,-0.9830303030303033,-0.0146284271284271,9.0,9.0,0.0,0.0,0.0,0.0,0.0,0.0,0.0,93.29,0.0,94.67,100.0,100.0,100.0,35.0,25.07,0,0,1,0,0,0,0,1,2,0.842,-4e-05,0.0006,0.2666666666666666
2026-09-16T00:20:31.000,1232,MEMORY_STRESS,47.0,0.0,47.0,47.0,0.0,0.0,1115580.5,0.0,0.0,0.0,0.0,0.0,0.927878787878788,0.0231969696969697,9.0,9.0,0.0,0.0,0.0,0.0,0.0,0.0,0.0,93.29,0.0,92.25,100.0,100.0,100.0,35.0,24.98,0,0,1,0,0,0,0,1,2,0.8426,-4e-05,0.0005,0.2666666666666666
2026-09-16T00:20:32.000,1233,MEMORY_STRESS,47.0,0.0,47.0,47.0,0.0,0.0,1115580.5,0.0,0.0,0.0,0.0,0.0,-1.0624242424242425,-0.0182861315391435,9.0,9.0,0.0,0.0,0.0,0.0,0.0,0.0,0.0,93.29,0.0,97.63,100.0,100.0,100.0,35.0,25.17,0,0,1,0,0,0,0,1,2,0.8412,-4e-05,0.0007,0.2666666666666666
2026-09-16T00:20:33.000,1234,MEMORY_STRESS,47.0,0.0,47.0,47.0,0.0,0.0,1115580.5,0.0,0.0,0.0,0.0,0.0,1.1175757575757572,0.0627851549199863,9.0,9.0,0.0,0.0,0.0,0.0,0.0,0.0,0.0,93.29,0.0,91.04,95.2,100.0,100.0,35.0,24.69,0,0,1,0,0,0,0,1,2,0.8448,-3e-05,0.0004,0.2666666666666666
2026-09-16T00:20:34.000,1235,MEMORY_STRESS,47.0,0.0,47.0,47.0,0.0,0.0,1115580.5,0.0,0.0,0.0,0.0,0.0,-0.9830303030303033,-0.0146284271284271,9.0,9.0,0.0,0.0,0.0,0.0,0.0,0.0,0.0,93.29,0.0,94.67,100.0,100.0,100.0,35.0,25.07,0,0,1,0,0,0,0,1,2,0.842,-3e-05,0.0004,0.2666666666666666
2026-09-16T00:20:35.000,1236,MEMORY_STRESS,47.0,0.0,47.0,47.0,0.0,0.0,1115580.5,0.0,0.0,0.0,0.0,0.0,0.927878787878788,0.0231969696969697,9.0,9.0,0.0,0.0,0.0,0.0,0.0,0.0,0.0,93.29,0.0,92.25,100.0,100.0,100.0,35.0,24.98,0,0,1,0,0,0,0,1,2,0.8426,-3e-05,0.0004,0.2666666666666666
2026-09-16T00:20:36.000,1237,MEMORY_STRESS,47.0,0.0,47.0,47.0,0.0,0.0,1115580.5,0.0,0.0,0.0,0.0,0.0,-1.0624242424242425,-0.0182861315391435,9.0,9.0,0.0,0.0,0.0,0.0,0.0,0.0,0.0,93.29,0.0,97.63,100.0,100.0,100.0,35.0,25.17,0,0,1,0,0,0,0,1,2,0.8412,-3e-05,0.0006,0.2666666666666666
2026-09-16T00:20:37.000,1238,MEMORY_STRESS,47.0,0.0,47.0,47.0,0.0,0.0,1115580.5,0.0,0.0,0.0,0.0,0.0,1.1175757575757572,0.0627851549199863,9.0,9.0,0.0,0.0,0.0,0.0,0.0,0.0,0.0,93.29,0.0,91.04,99.2,100.0,100.0,35.0,24.9,0,0,1,0,0,0,0,1,2,0.8432,-3e-05,0.0005,0.2666666666666666
2026-09-16T00:20:38.000,1239,MEMORY_STRESS,47.0,0.0,47.0,47.0,0.0,0.0,1115580.5,0.0,0.0,0.0,0.0,0.0,-0.9830303030303033,-0.0146284271284271,9.0,9.0,0.0,0.0,0.0,0.0,0.0,0.0,0.0,93.29,0.0,94.67,100.0,100.0,100.0,35.0,25.07,0,0,1,0,0,0,0,1,2,0.842,-3e-05,0.0006,0.2666666666666666
2026-09-16T00:20:39.000,1240,MEMORY_STRESS,47.0,0.0,47.0,47.0,0.0,0.0,1115580.5,0.0,0.0,0.0,0.0,0.0,1.4242424242424248,0.0356060606060606,9.0,9.0,0.0,0.0,0.0,0.0,0.0,0.0,0.0,93.29,0.0,91.04,96.0,100.0,100.0,35.0,24.73,0,0,1,0,0,0,0,1,2,0.8445,-3e-05,0.0003,0.2666666666666666
2026-09-16T00:20:40.000,1241,MEMORY_STRESS,47.0,0.0,47.0,47.0,0.0,0.0,1115580.5,0.0,0.0,0.0,0.0,0.0,0.5345454545454544,0.0092004381161007,9.0,9.0,0.0,0.0,0.0,0.0,0.0,0.0,0.0,93.29,0.0,94.67,100.0,100.0,100.0,35.0,25.07,0,0,1,0,0,0,0,1,2,0.842,-3e-05,0.0003,0.2666666666666666
2026-09-16T00:20:41.000,1242,MEMORY_STRESS,47.0,0.0,47.0,47.0,0.0,0.0,1115580.5,0.0,0.0,0.0,0.0,0.0,1.8387878787878784,0.1033026898195437,9.0,9.0,0.0,0.0,0.0,0.0,0.0,0.0,0.0,93.29,0.0,92.25,100.0,100.0,100.0,35.0,24.98,0,0,1,0,0,0,0,1,2,0.8426,-3e-05,0.0003,0.2666666666666666
2026-09-16T00:20:42.000,1243,MEMORY_STRESS,47.0,0.0,47.0,47.0,0.0,0.0,1115580.5,0.0,0.0,0.0,0.0,0.0,-1.7418181818181817,-0.0259199134199134,9.0,9.0,0.0,0.0,0.0,0.0,0.0,0.0,0.0,93.29,0.0,97.63,100.0,100.0,100.0,35.0,25.17,0,0,1,0,0,0,0,1,2,0.8412,-3e-05,0.0005,0.2666666666666666
2026-09-16T00:20:43.000,1244,MEMORY_STRESS,47.0,0.0,47.0,47.0,0.0,0.0,1115580.5,0.0,0.0,0.0,0.0,0.0,0.6654545454545455,0.0166363636363636,9.0,9.0,0.0,0.0,0.0,0.0,0.0,0.0,0.0,93.29,0.0,91.04,95.2,100.0,100.0,35.0,24.69,0,0,1,0,0,0,0,1,2,0.8448,-3e-05,0.0002,0.2666666666666666
2026-09-16T00:20:44.000,1245,MEMORY_STRESS,47.0,0.0,47.0,47.0,0.0,0.0,1115580.5,0.0,0.0,0.0,0.0,0.0,-0.2242424242424242,-0.00385959422104,9.0,9.0,0.0,0.0,0.0,0.0,0.0,0.0,0.0,93.29,0.0,94.67,100.0,100.0,100.0,35.0,25.07,0,0,1,0,0,0,0,1,2,0.842,-3e-05,0.0002,0.2666666666666666
2026-09-16T00:20:45.000,1246,MEMORY_STRESS,47.0,0.0,47.0,47.0,0.0,0.0,1115580.5,0.0,0.0,0.0,0.0,0.0,1.08,0.0606741573033707,9.0,9.0,0.0,0.0,0.0,0.0,0.0,0.0,0.0,93.29,0.0,92.25,100.0,100.0,100.0,35.0,24.98,0,0,1,0,0,0,0,1,2,0.8426,-3e-05,0.0002,0.2666666666666666
2026-09-16T00:20:46.000,1247,MEMORY_STRESS,47.0,0.0,47.0,47.0,0.0,0.0,1115580.5,0.0,0.0,0.0,0.0,0.0,-2.500606060606061,-0.0372113997113997,9.0,9.0,0.0,0.0,0.0,0.0,0.0,0.0,0.0,93.29,0.0,97.63,100.0,100.0,100.0,35.0,25.17,0,0,1,0,0,0,0,1,2,0.8412,-3e-05,0.0004,0.2666666666666666
2026-09-16T00:20:47.000,1248,MEMORY_STRESS,47.0,0.0,47.0,47.0,0.0,0.0,1115580.5,0.0,0.0,0.0,0.0,0.0,-0.0933333333333332,-0.0023333333333333,9.0,9.0,0.0,0.0,0.0,0.0,0.0,0.0,0.0,93.29,0.0,91.04,100.0,100.0,100.0,35.0,24.94,0,0,1,0,0,0,0,1,2,0.843,-3e-05,0.0003,0.2666666666666666
2026-09-16T00:20:48.000,1249,MEMORY_STRESS,47.0,0.0,47.0,47.0,0.0,0.0,1115580.5,0.0,0.0,0.0,0.0,0.0,-0.9830303030303033,-0.0146284271284271,9.0,9.0,0.0,0.0,0.0,0.0,0.0,0.0,0.0,93.29,0.0,94.67,100.0,100.0,100.0,35.0,25.07,0,0,1,0,0,0,0,1,2,0.842,-3e-05,0.0004,0.2666666666666666
2026-09-16T00:20:49.000,1250,MEMORY_STRESS,47.0,0.0,47.0,47.0,0.0,0.0,1115580.5,0.0,0.0,0.0,0.0,0.0,-1.2703030303030305,-0.0317575757575757,9.0,9.0,0.0,0.0,0.0,0.0,0.0,0.0,0.0,93.29,0.0,97.63,100.0,100.0,100.0,35.0,25.17,0,0,1,0,0,0,0,1,2,0.8412,0.0,0.0,0.2666666666666666
2026-09-16T00:20:50.000,1251,MEMORY_STRESS,47.0,0.0,47.0,47.0,0.0,0.0,1115580.5,0.0,0.0,0.0,0.0,0.0,-1.5612121212121213,-0.0268711208470244,9.0,9.0,0.0,0.0,0.0,0.0,0.0,0.0,0.0,93.29,0.0,94.67,100.0,100.0,100.0,35.0,25.07,0,0,1,0,0,0,0,1,2,0.842,0.0,0.0,0.2666666666666666
2026-09-16T00:20:51.000,1252,MEMORY_STRESS,47.0,0.0,47.0,47.0,0.0,0.0,1115580.5,0.0,0.0,0.0,0.0,0.0,0.3418181818181817,0.0192032686414708,9.0,9.0,0.0,0.0,0.0,0.0,0.0,0.0,0.0,93.29,0.0,92.25,100.0,100.0,100.0,35.0,24.98,0,0,1,0,0,0,0,1,2,0.8426,0.0,0.0,0.2666666666666666
2026-09-16T00:20:52.000,1253,MEMORY_STRESS,47.0,0.0,47.0,47.0,0.0,0.0,1115580.5,0.0,0.0,0.0,0.0,0.0,-2.64,-0.0392857142857142,9.0,9.0,0.0,0.0,0.0,0.0,0.0,0.0,0.0,93.29,0.0,97.63,100.0,100.0,100.0,35.0,25.17,0,0,1,0,0,0,0,1,2,0.8412,0.0,0.0,0.2666666666666666
2026-09-16T00:20:53.000,1254,MEMORY_STRESS,47.0,0.0,47.0,47.0,0.0,0.0,1115580.5,0.0,0.0,0.0,0.0,0.0,0.3660606060606062,0.0091515151515151,9.0,9.0,0.0,0.0,0.0,0.0,0.0,0.0,0.0,93.29,0.0,91.04,95.2,100.0,100.0,35.0,24.69,0,0,1,0,0,0,0,1,2,0.8448,0.0,0.0,0.2666666666666666
2026-09-16T00:20:54.000,1255,MEMORY_STRESS,47.0,0.0,47.0,47.0,0.0,0.0,1115580.5,0.0,0.0,0.0,0.0,0.0,0.0751515151515151,0.001293485630835,9.0,9.0,0.0,0.0,0.0,0.0,0.0,0.0,0.0,93.29,0.0,84.67,100.0,100.0,100.0,35.0,24.72,0,0,1,0,0,0,0,1,2,0.8746,0.00885,-0.1811,0.2666666666666666
2026-09-16T00:20:55.000,1256,MEMORY_STRESS,47.0,0.0,47.0,47.0,0.0,0.0,1115580.5,0.0,0.0,0.0,0.0,0.0,1.978181818181818,0.1111338100102145,9.0,9.0,0.0,0.0,0.0,0.0,0.0,0.0,0.0,93.29,0.0,82.25,100.0,100.0,100.0,35.0,24.63,0,0,1,0,0,0,0,1,2,0.8753,0.01672,-0.2207,0.2666666666666666
2026-09-16T00:20:56.000,1257,MEMORY_STRESS,47.0,0.0,47.0,47.0,0.0,0.0,1115580.5,0.0,0.0,0.0,0.0,0.0,-1.0036363636363637,-0.0149350649350649,9.0,9.0,0.0,0.0,0.0,0.0,0.0,0.0,0.0,93.29,0.0,97.63,100.0,100.0,100.0,35.0,25.17,0,0,1,0,0,0,0,1,2,0.8412,0.00801,-0.066,0.2666666666666666
2026-09-16T00:20:57.000,1258,MEMORY_STRESS,47.0,0.0,47.0,47.0,0.0,0.0,1115580.5,0.0,0.0,0.0,0.0,0.0,2.0024242424242424,0.050060606060606,9.0,9.0,0.0,0.0,0.0,0.0,0.0,0.0,0.0,93.29,0.0,81.04,100.0,100.0,100.0,35.0,24.59,0,0,1,0,0,0,0,1,2,0.8756,0.01168,-0.1245,0.2666666666666666
2026-09-16T00:20:58.000,1259,MEMORY_STRESS,47.0,0.0,47.0,47.0,0.0,0.0,1115580.5,0.0,0.0,0.0,0.0,0.0,1.7115151515151514,0.0961525366019748,9.0,9.0,0.0,0.0,0.0,0.0,0.0,0.0,0.0,93.29,0.0,84.67,100.0,100.0,100.0,35.0,24.72,0,0,1,0,0,0,0,1,2,0.8746,0.01355,-0.1352,0.2666666666666666
2026-09-16T00:20:59.000,1260,MEMORY_STRESS,47.0,0.0,47.0,47.0,0.0,0.0,1115580.5,0.0,0.0,0.0,0.0,0.0,0.927878787878788,0.0231969696969697,9.0,9.0,0.0,0.0,0.0,0.0,0.0,0.0,0.0,93.29,0.0,82.25,100.0,100.0,100.0,35.0,24.63,0,0,1,0,0,0,0,1,2,0.8753,0.01257,-0.1361,0.2666666666666666
2026-09-16T00:21:00.000,1261,MEMORY_STRESS,47.0,0.0,47.0,47.0,0.0,0.0,1115580.5,0.0,0.0,0.0,0.0,0.0,-1.0624242424242425,-0.0182861315391435,9.0,9.0,0.0,0.0,0.0,0.0,0.0,0.0,0.0,93.29,0.0,97.63,100.0,100.0,100.0,35.0,25.17,0,0,1,0,0,0,0,1,2,0.8412,0.00675,-0.0502,0.2666666666666666
2026-09-16T00:21:01.000,1262,MEMORY_STRESS,47.0,0.0,47.0,47.0,0.0,0.0,1115580.5,0.0,0.0,0.0,0.0,0.0,1.1175757575757572,0.0627851549199863,9.0,9.0,0.0,0.0,0.0,0.0,0.0,0.0,0.0,93.29,0.0,81.04,95.2,100.0,100.0,35.0,24.34,0,0,1,0,0,0,0,1,2,0.8775,0.00811,-0.1061,0.2666666666666666
2026-09-16T00:21:02.000,1263,MEMORY_STRESS,47.0,0.0,47.0,47.0,0.0,0.0,1115580.5,0.0,0.0,0.0,0.0,0.0,-0.9830303030303033,-0.0146284271284271,9.0,9.0,0.0,0.0,0.0,0.0,0.0,0.0,0.0,93.29,0.0,84.67,100.0,100.0,100.0,35.0,24.72,0,0,1,0,0,0,0,1,2,0.8746,0.00866,-0.1032,0.2666666666666666
2026-09-16T00:21:03.000,1264,MEMORY_STRESS,47.0,0.0,47.0,47.0,0.0,0.0,1115580.5,0.0,0.0,0.0,0.0,0.0,0.927878787878788,0.0231969696969697,9.0,9.0,0.0,0.0,0.0,0.0,0.0,0.0,0.0,93.29,0.0,82.25,100.0,100.0,100.0,35.0,24.63,0,0,1,0,0,0,0,1,2,0.8753,0.00824,-0.0986,0.2666666666666666
2026-09-16T00:21:04.000,1265,MEMORY_STRESS,47.0,0.0,47.0,47.0,0.0,0.0,1115580.5,0.0,0.0,0.0,0.0,0.0,-1.0624242424242425,-0.0182861315391435,9.0,9.0,0.0,0.0,0.0,0.0,0.0,0.0,0.0,93.29,0.0,97.63,100.0,100.0,100.0,35.0,25.17,0,0,1,0,0,0,0,1,2,0.8412,0.0048,-0.0453,0.2666666666666666
2026-09-16T00:21:05.000,1266,MEMORY_STRESS,47.0,0.0,47.0,47.0,0.0,0.0,1115580.5,0.0,0.0,0.0,0.0,0.0,1.1175757575757572,0.0627851549199863,9.0,9.0,0.0,0.0,0.0,0.0,0.0,0.0,0.0,93.29,0.0,81.04,95.2,100.0,100.0,35.0,24.34,0,0,1,0,0,0,0,1,2,0.8775,0.00547,-0.0759,0.2666666666666666
2026-09-16T00:21:06.000,1267,MEMORY_STRESS,47.0,0.0,47.0,47.0,0.0,0.0,1115580.5,0.0,0.0,0.0,0.0,0.0,-0.9830303030303033,-0.0146284271284271,9.0,9.0,0.0,0.0,0.0,0.0,0.0,0.0,0.0,93.29,0.0,84.67,100.0,100.0,100.0,35.0,24.72,0,0,1,0,0,0,0,1,2,0.8746,0.00573,-0.0723,0.2666666666666666
2026-09-16T00:21:07.000,1268,MEMORY_STRESS,47.0,0.0,47.0,47.0,0.0,0.0,1115580.5,0.0,0.0,0.0,0.0,0.0,0.927878787878788,0.0231969696969697,9.0,9.0,0.0,0.0,0.0,0.0,0.0,0.0,0.0,93.29,0.0,82.25,100.0,100.0,100.0,35.0,24.63,0,0,1,0,0,0,0,1,2,0.8753,0.00561,-0.07,0.2666666666666666
2026-09-16T00:21:08.000,1269,MEMORY_STRESS,47.0,0.0,47.0,47.0,0.0,0.0,1115580.5,0.0,0.0,0.0,0.0,0.0,-1.0624242424242425,-0.0182861315391435,9.0,9.0,0.0,0.0,0.0,0.0,0.0,0.0,0.0,93.29,0.0,97.63,100.0,100.0,100.0,35.0,25.17,0,0,1,0,0,0,0,1,2,0.8412,0.00343,-0.0354,0.2666666666666666
2026-09-16T00:21:09.000,1270,MEMORY_STRESS,47.0,0.0,47.0,47.0,0.0,0.0,1115580.5,0.0,0.0,0.0,0.0,0.0,1.1175757575757572,0.0627851549199863,9.0,9.0,0.0,0.0,0.0,0.0,0.0,0.0,0.0,93.29,0.0,81.04,99.2,100.0,100.0,35.0,24.55,0,0,1,0,0,0,0,1,2,0.8759,0.00376,-0.0441,0.2666666666666666
2026-09-16T00:21:10.000,1271,MEMORY_STRESS,47.0,0.0,47.0,47.0,0.0,0.0,1115580.5,0.0,0.0,0.0,0.0,0.0,-0.9830303030303033,-0.0146284271284271,9.0,9.0,0.0,0.0,0.0,0.0,0.0,0.0,0.0,93.29,0.0,84.67,100.0,100.0,100.0,35.0,24.72,0,0,1,0,0,0,0,1,2,0.8746,0.00394,-0.0428,0.2666666666666666
2026-09-16T00:21:11.000,1272,MEMORY_STRESS,47.0,0.0,47.0,47.0,0.0,0.0,1115580.5,0.0,0.0,0.0,0.0,0.0,0.927878787878788,0.0231969696969697,9.0,9.0,0.0,0.0,0.0,0.0,0.0,0.0,0.0,93.29,0.0,82.25,100.0,100.0,100.0,35.0,24.63,0,0,1,0,0,0,0,1,2,0.8753,0.00395,-0.044,0.2666666666666666
2026-09-16T00:21:12.000,1273,MEMORY_STRESS,47.0,0.0,47.0,47.0,0.0,0.0,1115580.5,0.0,0.0,0.0,0.0,0.0,-1.0624242424242425,-0.0182861315391435,9.0,9.0,0.0,0.0,0.0,0.0,0.0,0.0,0.0,93.29,0.0,97.63,100.0,100.0,100.0,35.0,25.17,0,0,1,0,0,0,0,1,2,0.8412,0.00249,-0.0215,0.2666666666666666
2026-09-16T00:21:13.000,1274,MEMORY_STRESS,47.0,0.0,47.0,47.0,0.0,0.0,1115580.5,0.0,0.0,0.0,0.0,0.0,1.1175757575757572,0.0627851549199863,9.0,9.0,0.0,0.0,0.0,0.0,0.0,0.0,0.0,93.29,0.0,81.04,96.0,100.0,100.0,35.0,24.38,0,0,1,0,0,0,0,1,2,0.8772,0.00278,-0.0346,0.2666666666666666
2026-09-16T00:21:14.000,1275,MEMORY_STRESS,47.0,0.0,47.0,47.0,0.0,0.0,1115580.5,0.0,0.0,0.0,0.0,0.0,-0.9830303030303033,-0.0146284271284271,9.0,9.0,0.0,0.0,0.0,0.0,0.0,0.0,0.0,93.29,0.0,84.67,100.0,100.0,100.0,35.0,24.72,0,0,1,0,0,0,0,1,2,0.8746,0.00291,-0.0334,0.2666666666666666
2026-09-16T00:21:15.000,1276,MEMORY_STRESS,47.0,0.0,47.0,47.0,0.0,0.0,1115580.5,0.0,0.0,0.0,0.0,0.0,0.927878787878788,0.0231969696969697,9.0,9.0,0.0,0.0,0.0,0.0,0.0,0.0,0.0,93.29,0.0,82.25,100.0,100.0,100.0,35.0,24.63,0,0,1,0,0,0,0,1,2,0.8753,0.00296,-0.0344,0.2666666666666666
2026-09-16T00:21:16.000,1277,MEMORY_STRESS,47.0,0.0,47.0,47.0,0.0,0.0,1115580.5,0.0,0.0,0.0,0.0,0.0,-1.0624242424242425,-0.0182861315391435,9.0,9.0,0.0,0.0,0.0,0.0,0.0,0.0,0.0,93.29,0.0,97.63,100.0,100.0,100.0,35.0,25.17,0,0,1,0,0,0,0,1,2,0.8412,0.00191,-0.0179,0.2666666666666666
2026-09-16T00:21:17.000,1278,MEMORY_STRESS,47.0,0.0,47.0,47.0,0.0,0.0,1115580.5,0.0,0.0,0.0,0.0,0.0,1.1175757575757572,0.0627851549199863,9.0,9.0,0.0,0.0,0.0,0.0,0.0,0.0,0.0,93.29,0.0,81.04,95.2,100.0,100.0,35.0,24.34,0,0,1,0,0,0,0,1,2,0.8775,0.00214,-0.0286,0.2666666666666666
2026-09-16T00:21:18.000,1279,MEMORY_STRESS,47.0,0.0,47.0,47.0,0.0,0.0,1115580.5,0.0,0.0,0.0,0.0,0.0,-0.9830303030303033,-0.0146284271284271,9.0,9.0,0.0,0.0,0.0,0.0,0.0,0.0,0.0,93.29,0.0,84.67,100.0,100.0,100.0,35.0,24.72,0,0,1,0,0,0,0,1,2,0.8746,0.00224,-0.0276,0.2666666666666666
2026-09-16T00:21:19.000,1280,MEMORY_STRESS,47.0,0.0,47.0,47.0,0.0,0.0,1115580.5,0.0,0.0,0.0,0.0,0.0,0.927878787878788,0.0231969696969697,9.0,9.0,0.0,0.0,0.0,0.0,0.0,0.0,0.0,93.29,0.0,82.25,100.0,100.0,100.0,35.0,24.63,0,0,1,0,0,0,0,1,2,0.8753,0.0023,-0.0283,0.2666666666666666
2026-09-16T00:21:20.000,1281,MEMORY_STRESS,47.0,0.0,47.0,47.0,0.0,0.0,1115580.5,0.0,0.0,0.0,0.0,0.0,-1.0624242424242425,-0.0182861315391435,9.0,9.0,0.0,0.0,0.0,0.0,0.0,0.0,0.0,93.29,0.0,97.63,100.0,100.0,100.0,35.0,25.17,0,0,1,0,0,0,0,1,2,0.8412,0.00152,-0.0157,0.2666666666666666
2026-09-16T00:21:21.000,1282,MEMORY_STRESS,47.0,0.0,47.0,47.0,0.0,0.0,1115580.5,0.0,0.0,0.0,0.0,0.0,1.1175757575757572,0.0627851549199863,9.0,9.0,0.0,0.0,0.0,0.0,0.0,0.0,0.0,93.29,0.0,81.04,100.0,100.0,100.0,35.0,24.59,0,0,1,0,0,0,0,1,2,0.8756,0.00165,-0.0184,0.2666666666666666
2026-09-16T00:21:22.000,1283,MEMORY_STRESS,47.0,0.0,47.0,47.0,0.0,0.0,1115580.5,0.0,0.0,0.0,0.0,0.0,-0.9830303030303033,-0.0146284271284271,9.0,9.0,0.0,0.0,0.0,0.0,0.0,0.0,0.0,93.29,0.0,84.67,100.0,100.0,100.0,35.0,24.72,0,0,1,0,0,0,0,1,2,0.8746,0.00174,-0.0181,0.2666666666666666
2026-09-16T00:21:23.000,1284,MEMORY_STRESS,47.0,0.0,47.0,47.0,0.0,0.0,1115580.5,0.0,0.0,0.0,0.0,0.0,0.927878787878788,0.0231969696969697,9.0,9.0,0.0,0.0,0.0,0.0,0.0,0.0,0.0,93.29,0.0,82.25,100.0,100.0,100.0,35.0,24.63,0,0,1,0,0,0,0,1,2,0.8753,0.0018,-0.0193,0.2666666666666666
2026-09-16T00:21:24.000,1285,MEMORY_STRESS,47.0,0.0,47.0,47.0,0.0,0.0,1115580.5,0.0,0.0,0.0,0.0,0.0,-1.0624242424242425,-0.0182861315391435,9.0,9.0,0.0,0.0,0.0,0.0,0.0,0.0,0.0,93.29,0.0,97.63,100.0,100.0,100.0,35.0,25.17,0,0,1,0,0,0,0,1,2,0.8412,0.0012,-0.0098,0.2666666666666666
2026-09-16T00:21:25.000,1286,MEMORY_STRESS,47.0,0.0,47.0,47.0,0.0,0.0,1115580.5,0.0,0.0,0.0,0.0,0.0,1.1175757575757572,0.0627851549199863,9.0,9.0,0.0,0.0,0.0,0.0,0.0,0.0,0.0,93.29,0.0,81.04,95.2,100.0,100.0,35.0,24.34,0,0,1,0,0,0,0,1,2,0.8775,0.00134,-0.0166,0.2666666666666666
2026-09-16T00:21:26.000,1287,MEMORY_STRESS,47.0,0.0,47.0,47.0,0.0,0.0,1115580.5,0.0,0.0,0.0,0.0,0.0,-0.9830303030303033,-0.0146284271284271,9.0,9.0,0.0,0.0,0.0,0.0,0.0,0.0,0.0,93.29,0.0,84.67,100.0,100.0,100.0,35.0,24.72,0,0,1,0,0,0,0,1,2,0.8746,0.00141,-0.0162,0.2666666666666666
2026-09-16T00:21:27.000,1288,MEMORY_STRESS,47.0,0.0,47.0,47.0,0.0,0.0,1115580.5,0.0,0.0,0.0,0.0,0.0,0.927878787878788,0.0231969696969697,9.0,9.0,0.0,0.0,0.0,0.0,0.0,0.0,0.0,93.29,0.0,82.25,100.0,100.0,100.0,35.0,24.63,0,0,1,0,0,0,0,1,2,0.8753,0.00147,-0.0171,0.2666666666666666
2026-09-16T00:21:28.000,1289,MEMORY_STRESS,47.0,0.0,47.0,47.0,0.0,0.0,1115580.5,0.0,0.0,0.0,0.0,0.0,-1.0624242424242425,-0.0182861315391435,9.0,9.0,0.0,0.0,0.0,0.0,0.0,0.0,0.0,93.29,0.0,97.63,100.0,100.0,100.0,35.0,25.17,0,0,1,0,0,0,0,1,2,0.8412,0.00099,-0.0094,0.2666666666666666
2026-09-16T00:21:29.000,1290,MEMORY_STRESS,47.0,0.0,47.0,47.0,0.0,0.0,1115580.5,0.0,0.0,0.0,0.0,0.0,1.1175757575757572,0.0627851549199863,9.0,9.0,0.0,0.0,0.0,0.0,0.0,0.0,0.0,93.29,0.0,81.04,95.2,100.0,100.0,35.0,24.34,0,0,1,0,0,0,0,1,2,0.8775,0.00111,-0.0148,0.2666666666666666
2026-09-16T00:21:30.000,1291,MEMORY_STRESS,47.0,0.0,47.0,47.0,0.0,0.0,1115580.5,0.0,0.0,0.0,0.0,0.0,-0.9830303030303033,-0.0146284271284271,9.0,9.0,0.0,0.0,0.0,0.0,0.0,0.0,0.0,93.29,0.0,84.67,100.0,100.0,100.0,35.0,24.72,0,0,1,0,0,0,0,1,2,0.8746,0.00117,-0.0145,0.2666666666666666
2026-09-16T00:21:31.000,1292,MEMORY_STRESS,47.0,0.0,47.0,47.0,0.0,0.0,1115580.5,0.0,0.0,0.0,0.0,0.0,0.927878787878788,0.0231969696969697,9.0,9.0,0.0,0.0,0.0,0.0,0.0,0.0,0.0,93.29,0.0,82.25,100.0,100.0,100.0,35.0,24.63,0,0,1,0,0,0,0,1,2,0.8753,0.00123,-0.0151,0.2666666666666666
2026-09-16T00:21:32.000,1293,MEMORY_STRESS,47.0,0.0,47.0,47.0,0.0,0.0,1115580.5,0.0,0.0,0.0,0.0,0.0,-1.0624242424242425,-0.0182861315391435,9.0,9.0,0.0,0.0,0.0,0.0,0.0,0.0,0.0,93.29,0.0,97.63,100.0,100.0,100.0,35.0,25.17,0,0,1,0,0,0,0,1,2,0.8412,0.00084,-0.0088,0.2666666666666666
2026-09-16T00:21:33.000,1294,MEMORY_STRESS,47.0,0.0,47.0,47.0,0.0,0.0,1115580.5,0.0,0.0,0.0,0.0,0.0,1.1175757575757572,0.0627851549199863,9.0,9.0,0.0,0.0,0.0,0.0,0.0,0.0,0.0,93.29,0.0,81.04,100.0,100.0,100.0,35.0,24.59,0,0,1,0,0,0,0,1,2,0.8756,0.00092,-0.0103,0.2666666666666666
2026-09-16T00:21:34.000,1295,MEMORY_STRESS,47.0,0.0,47.0,47.0,0.0,0.0,1115580.5,0.0,0.0,0.0,0.0,0.0,-0.9830303030303033,-0.0146284271284271,9.0,9.0,0.0,0.0,0.0,0.0,0.0,0.0,0.0,93.29,0.0,84.67,100.0,100.0,100.0,35.0,24.72,0,0,1,0,0,0,0,1,2,0.8746,0.00097,-0.0101,0.2666666666666666
2026-09-16T00:21:35.000,1296,MEMORY_STRESS,47.0,0.0,47.0,47.0,0.0,0.0,1115580.5,0.0,0.0,0.0,0.0,0.0,0.927878787878788,0.0231969696969697,9.0,9.0,0.0,0.0,0.0,0.0,0.0,0.0,0.0,93.29,0.0,82.25,100.0,100.0,100.0,35.0,24.63,0,0,1,0,0,0,0,1,2,0.8753,0.00102,-0.0109,0.2666666666666666
2026-09-16T00:21:36.000,1297,MEMORY_STRESS,47.0,0.0,47.0,47.0,0.0,0.0,1115580.5,0.0,0.0,0.0,0.0,0.0,-1.0624242424242425,-0.0182861315391435,9.0,9.0,0.0,0.0,0.0,0.0,0.0,0.0,0.0,93.29,0.0,97.63,100.0,100.0,100.0,35.0,25.17,0,0,1,0,0,0,0,1,2,0.8412,0.0007,-0.0058,0.2666666666666666
2026-09-16T00:21:37.000,1298,MEMORY_STRESS,47.0,0.0,47.0,47.0,0.0,0.0,1115580.5,0.0,0.0,0.0,0.0,0.0,1.1175757575757572,0.0627851549199863,9.0,9.0,0.0,0.0,0.0,0.0,0.0,0.0,0.0,93.29,0.0,81.04,95.2,100.0,100.0,35.0,24.34,0,0,1,0,0,0,0,1,2,0.8775,0.00078,-0.0097,0.2666666666666666
2026-09-16T00:21:38.000,1299,MEMORY_STRESS,47.0,0.0,47.0,47.0,0.0,0.0,1115580.5,0.0,0.0,0.0,0.0,0.0,-0.9830303030303033,-0.0146284271284271,9.0,9.0,0.0,0.0,0.0,0.0,0.0,0.0,0.0,93.29,0.0,84.67,100.0,100.0,100.0,35.0,24.72,0,0,1,0,0,0,0,1,2,0.8746,0.00083,-0.0095,0.2666666666666666
2026-09-16T00:21:39.000,1300,MEMORY_STRESS,47.0,0.0,47.0,47.0,0.0,0.0,1115580.5,0.0,0.0,0.0,0.0,0.0,0.927878787878788,0.0231969696969697,9.0,9.0,0.0,0.0,0.0,0.0,0.0,0.0,0.0,93.29,0.0,82.25,100.0,100.0,100.0,35.0,24.63,0,0,1,0,0,0,0,1,2,0.8753,0.00088,-0.0102,0.2666666666666666
2026-09-16T00:21:40.000,1301,MEMORY_STRESS,47.0,0.0,47.0,47.0,0.0,0.0,1115580.5,0.0,0.0,0.0,0.0,0.0,-1.0624242424242425,-0.0182861315391435,9.0,9.0,0.0,0.0,0.0,0.0,0.0,0.0,0.0,93.29,0.0,97.63,100.0,100.0,100.0,35.0,25.17,0,0,1,0,0,0,0,1,2,0.8412,0.0006,-0.0058,0.2666666666666666
2026-09-16T00:21:41.000,1302,MEMORY_STRESS,47.0,0.0,47.0,47.0,0.0,0.0,1115580.5,0.0,0.0,0.0,0.0,0.0,1.1175757575757572,0.0627851549199863,9.0,9.0,0.0,0.0,0.0,0.0,0.0,0.0,0.0,93.29,0.0,81.04,95.2,100.0,100.0,35.0,24.34,0,0,1,0,0,0,0,1,2,0.8775,0.00068,-0.009,0.2666666666666666
2026-09-16T00:21:42.000,1303,MEMORY_STRESS,47.0,0.0,47.0,47.0,0.0,0.0,1115580.5,0.0,0.0,0.0,0.0,0.0,-0.9830303030303033,-0.0146284271284271,9.0,9.0,0.0,0.0,0.0,0.0,0.0,0.0,0.0,93.29,0.0,84.67,100.0,100.0,100.0,35.0,24.72,0,0,1,0,0,0,0,1,2,0.8746,0.00072,-0.0089,0.2666666666666666
2026-09-16T00:21:43.000,1304,MEMORY_STRESS,47.0,0.0,47.0,47.0,0.0,0.0,1115580.5,0.0,0.0,0.0,0.0,0.0,0.927878787878788,0.0231969696969697,9.0,9.0,0.0,0.0,0.0,0.0,0.0,0.0,0.0,93.29,0.0,82.25,100.0,100.0,100.0,35.0,24.63,0,0,1,0,0,0,0,1,2,0.8753,0.00076,-0.0094,0.2666666666666666
2026-09-16T00:21:44.000,1305,MEMORY_STRESS,47.0,0.0,47.0,47.0,0.0,0.0,1115580.5,0.0,0.0,0.0,0.0,0.0,-1.0624242424242425,-0.0182861315391435,9.0,9.0,0.0,0.0,0.0,0.0,0.0,0.0,0.0,93.29,0.0,97.63,100.0,100.0,100.0,35.0,25.17,0,0,1,0,0,0,0,1,2,0.8412,0.00053,-0.0056,0.2666666666666666
2026-09-16T00:21:45.000,1306,MEMORY_STRESS,47.0,0.0,47.0,47.0,0.0,0.0,1115580.5,0.0,0.0,0.0,0.0,0.0,1.1175757575757572,0.0627851549199863,9.0,9.0,0.0,0.0,0.0,0.0,0.0,0.0,0.0,93.29,0.0,81.04,99.2,100.0,100.0,35.0,24.55,0,0,1,0,0,0,0,1,2,0.8759,0.00058,-0.0068,0.2666666666666666
2026-09-16T00:21:46.000,1307,MEMORY_STRESS,47.0,0.0,47.0,47.0,0.0,0.0,1115580.5,0.0,0.0,0.0,0.0,0.0,-0.9830303030303033,-0.0146284271284271,9.0,9.0,0.0,0.0,0.0,0.0,0.0,0.0,0.0,93.29,0.0,94.67,100.0,100.0,100.0,35.0,25.07,0,0,1,0,0,0,0,1,2,0.842,0.0004,-0.0043,0.2666666666666666
2026-09-16T00:21:47.000,1308,MEMORY_STRESS,47.0,0.0,47.0,47.0,0.0,0.0,1115580.5,0.0,0.0,0.0,0.0,0.0,0.927878787878788,0.0231969696969697,9.0,9.0,0.0,0.0,0.0,0.0,0.0,0.0,0.0,93.29,0.0,82.25,100.0,100.0,100.0,35.0,24.63,0,0,1,0,0,0,0,1,2,0.8753,0.00045,-0.0051,0.2666666666666666
2026-09-16T00:21:48.000,1309,MEMORY_STRESS,47.0,0.0,47.0,47.0,0.0,0.0,1115580.5,0.0,0.0,0.0,0.0,0.0,-1.0624242424242425,-0.0182861315391435,9.0,9.0,0.0,0.0,0.0,0.0,0.0,0.0,0.0,93.29,0.0,97.63,100.0,100.0,100.0,35.0,25.17,0,0,1,0,0,0,0,1,2,0.8412,0.00026,-0.002,0.2666666666666666
2026-09-16T00:21:49.000,1310,MEMORY_STRESS,47.0,0.0,47.0,47.0,0.0,0.0,1115580.5,0.0,0.0,0.0,0.0,0.0,1.1175757575757572,0.0627851549199863,9.0,9.0,0.0,0.0,0.0,0.0,0.0,0.0,0.0,93.29,0.0,81.04,96.0,100.0,100.0,35.0,24.38,0,0,1,0,0,0,0,1,2,0.8772,0.00033,-0.0044,0.2666666666666666
2026-09-16T00:21:50.000,1311,MEMORY_STRESS,47.0,0.0,47.0,47.0,0.0,0.0,1115580.5,0.0,0.0,0.0,0.0,0.0,-0.9830303030303033,-0.0146284271284271,9.0,9.0,0.0,0.0,0.0,0.0,0.0,0.0,0.0,93.29,0.0,94.67,100.0,100.0,100.0,35.0,25.07,0,0,1,0,0,0,0,1,2,0.842,0.00018,-0.0023,0.2666666666666666
2026-09-16T00:21:51.000,1312,MEMORY_STRESS,47.0,0.0,47.0,47.0,0.0,0.0,1115580.5,0.0,0.0,0.0,0.0,0.0,0.927878787878788,0.0231969696969697,9.0,9.0,0.0,0.0,0.0,0.0,0.0,0.0,0.0,93.29,0.0,82.25,100.0,100.0,100.0,35.0,24.63,0,0,1,0,0,0,0,1,2,0.8753,0.00024,-0.003,0.2666666666666666
2026-09-16T00:21:52.000,1313,MEMORY_STRESS,47.0,0.0,47.0,47.0,0.0,0.0,1115580.5,0.0,0.0,0.0,0.0,0.0,-1.0624242424242425,-0.0182861315391435,9.0,9.0,0.0,0.0,0.0,0.0,0.0,0.0,0.0,93.29,0.0,97.63,100.0,100.0,100.0,35.0,25.17,0,0,1,0,0,0,0,1,2,0.8412,9e-05,-0.0004,0.2666666666666666
2026-09-16T00:21:53.000,1314,MEMORY_STRESS,47.0,0.0,47.0,47.0,0.0,0.0,1115580.5,0.0,0.0,0.0,0.0,0.0,1.1175757575757572,0.0627851549199863,9.0,9.0,0.0,0.0,0.0,0.0,0.0,0.0,0.0,93.29,0.0,81.04,95.2,100.0,100.0,35.0,24.34,0,0,1,0,0,0,0,1,2,0.8775,0.00016,-0.0028,0.2666666666666666
2026-09-16T00:21:54.000,1315,MEMORY_STRESS,47.0,0.0,47.0,47.0,0.0,0.0,1115580.5,0.0,0.0,0.0,0.0,0.0,-0.9830303030303033,-0.0146284271284271,9.0,9.0,0.0,0.0,0.0,0.0,0.0,0.0,0.0,93.29,0.0,94.67,100.0,100.0,100.0,35.0,25.07,0,0,1,0,0,0,0,1,2,0.842,3e-05,-0.0011,0.2666666666666666
2026-09-16T00:21:55.000,1316,MEMORY_STRESS,47.0,0.0,47.0,47.0,0.0,0.0,1115580.5,0.0,0.0,0.0,0.0,0.0,0.927878787878788,0.0231969696969697,9.0,9.0,0.0,0.0,0.0,0.0,0.0,0.0,0.0,93.29,0.0,82.25,100.0,100.0,100.0,35.0,24.63,0,0,1,0,0,0,0,1,2,0.8753,9e-05,-0.0018,0.2666666666666666
2026-09-16T00:21:56.000,1317,MEMORY_STRESS,47.0,0.0,47.0,47.0,0.0,0.0,1115580.5,0.0,0.0,0.0,0.0,0.0,-1.0624242424242425,-0.0182861315391435,9.0,9.0,0.0,0.0,0.0,0.0,0.0,0.0,0.0,93.29,0.0,97.63,100.0,100.0,100.0,35.0,25.17,0,0,1,0,0,0,0,1,2,0.8412,-3e-05,0.0004,0.2666666666666666
2026-09-16T00:21:57.000,1318,MEMORY_STRESS,47.0,0.0,47.0,47.0,0.0,0.0,1115580.5,0.0,0.0,0.0,0.0,0.0,1.1175757575757572,0.0627851549199863,9.0,9.0,0.0,0.0,0.0,0.0,0.0,0.0,0.0,93.29,0.0,81.04,100.0,100.0,100.0,35.0,24.59,0,0,1,0,0,0,0,1,2,0.8756,3e-05,-0.0005,0.2666666666666666
2026-09-16T00:21:58.000,1319,MEMORY_STRESS,47.0,0.0,47.0,47.0,0.0,0.0,1115580.5,0.0,0.0,0.0,0.0,0.0,-0.9830303030303033,-0.0146284271284271,9.0,9.0,0.0,0.0,0.0,0.0,0.0,0.0,0.0,93.29,0.0,94.67,100.0,100.0,100.0,35.0,25.07,0,0,1,0,0,0,0,1,2,0.842,-8e-05,0.001,0.2666666666666666
2026-09-16T00:21:59.000,1320,MEMORY_STRESS,47.0,0.0,47.0,47.0,0.0,0.0,1115580.5,0.0,0.0,0.0,0.0,0.0,0.927878787878788,0.0231969696969697,9.0,9.0,0.0,0.0,0.0,0.0,0.0,0.0,0.0,93.29,0.0,82.25,100.0,100.0,100.0,35.0,24.63,0,0,1,0,0,0,0,1,2,0.8753,-2e-05,0.0002,0.2666666666666666
2026-09-16T00:22:00.000,1321,MEMORY_STRESS,47.0,0.0,47.0,47.0,0.0,0.0,1115580.5,0.0,0.0,0.0,0.0,0.0,-1.0624242424242425,-0.0182861315391435,9.0,9.0,0.0,0.0,0.0,0.0,0.0,0.0,0.0,93.29,0.0,97.63,100.0,100.0,100.0,35.0,25.17,0,0,1,0,0,0,0,1,2,0.8412,-0.00012,0.0021,0.2666666666666666
2026-09-16T00:22:01.000,1322,MEMORY_STRESS,47.0,0.0,47.0,47.0,0.0,0.0,1115580.5,0.0,0.0,0.0,0.0,0.0,1.1175757575757572,0.0627851549199863,9.0,9.0,0.0,0.0,0.0,0.0,0.0,0.0,0.0,93.29,0.0,81.04,95.2,100.0,100.0,35.0,24.34,0,0,1,0,0,0,0,1,2,0.8775,-6e-05,0.0001,0.2666666666666666
2026-09-16T00:22:02.000,1323,MEMORY_STRESS,47.0,0.0,47.0,47.0,0.0,0.0,1115580.5,0.0,0.0,0.0,0.0,0.0,-0.9830303030303033,-0.0146284271284271,9.0,9.0,0.0,0.0,0.0,0.0,0.0,0.0,0.0,93.29,0.0,94.67,100.0,100.0,100.0,35.0,25.07,0,0,1,0,0,0,0,1,2,0.842,-0.00015,0.0013,0.2666666666666666
2026-09-16T00:22:03.000,1324,MEMORY_STRESS,47.0,0.0,47.0,47.0,0.0,0.0,1115580.5,0.0,0.0,0.0,0.0,0.0,0.927878787878788,0.0231969696969697,9.0,9.0,0.0,0.0,0.0,0.0,0.0,0.0,0.0,93.29,0.0,82.25,100.0,100.0,100.0,35.0,24.63,0,0,1,0,0,0,0,1,2,0.8753,-9e-05,0.0006,0.2666666666666666
2026-09-16T00:22:04.000,1325,MEMORY_STRESS,47.0,0.0,47.0,47.0,0.0,0.0,1115580.5,0.0,0.0,0.0,0.0,0.0,-1.0624242424242425,-0.0182861315391435,9.0,9.0,0.0,0.0,0.0,0.0,0.0,0.0,0.0,93.29,0.0,97.63,100.0,100.0,100.0,35.0,25.17,0,0,1,0,0,0,0,1,2,0.8412,-0.00018,0.0023,0.2666666666666666
2026-09-16T00:22:05.000,1326,MEMORY_STRESS,47.0,0.0,47.0,47.0,0.0,0.0,1115580.5,0.0,0.0,0.0,0.0,0.0,1.1175757575757572,0.0627851549199863,9.0,9.0,0.0,0.0,0.0,0.0,0.0,0.0,0.0,93.29,0.0,91.04,95.2,100.0,100.0,35.0,24.69,0,0,1,0,0,0,0,1,2,0.8448,-0.00025,0.0019,0.2666666666666666
2026-09-16T00:22:06.000,1327,MEMORY_STRESS,47.0,0.0,47.0,47.0,0.0,0.0,1115580.5,0.0,0.0,0.0,0.0,0.0,-0.9830303030303033,-0.0146284271284271,9.0,9.0,0.0,0.0,0.0,0.0,0.0,0.0,0.0,93.29,0.0,94.67,100.0,100.0,100.0,35.0,25.07,0,0,1,0,0,0,0,1,2,0.842,-0.00032,0.0029,0.2666666666666666
2026-09-16T00:22:07.000,1328,MEMORY_STRESS,47.0,0.0,47.0,47.0,0.0,0.0,1115580.5,0.0,0.0,0.0,0.0,0.0,0.927878787878788,0.0231969696969697,9.0,9.0,0.0,0.0,0.0,0.0,0.0,0.0,0.0,93.29,0.0,82.25,100.0,100.0,100.0,35.0,24.63,0,0,1,0,0,0,0,1,2,0.8753,-0.00026,0.0022,0.2666666666666666
2026-09-16T00:22:08.000,1329,MEMORY_STRESS,47.0,0.0,47.0,47.0,0.0,0.0,1115580.5,0.0,0.0,0.0,0.0,0.0,-1.0624242424242425,-0.0182861315391435,9.0,9.0,0.0,0.0,0.0,0.0,0.0,0.0,0.0,93.29,0.0,97.63,100.0,100.0,100.0,35.0,25.17,0,0,1,0,0,0,0,1,2,0.8412,-0.00033,0.0036,0.2666666666666666
2026-09-16T00:22:09.000,1330,MEMORY_STRESS,47.0,0.0,47.0,47.0,0.0,0.0,1115580.5,0.0,0.0,0.0,0.0,0.0,1.1175757575757572,0.0627851549199863,9.0,9.0,0.0,0.0,0.0,0.0,0.0,0.0,0.0,93.29,0.0,91.04,100.0,100.0,100.0,35.0,24.94,0,0,1,0,0,0,0,1,2,0.843,-0.00039,0.004,0.2666666666666666
2026-09-16T00:22:10.000,1331,MEMORY_STRESS,47.0,0.0,47.0,47.0,0.0,0.0,1115580.5,0.0,0.0,0.0,0.0,0.0,-0.9830303030303033,-0.0146284271284271,9.0,9.0,0.0,0.0,0.0,0.0,0.0,0.0,0.0,93.29,0.0,94.67,100.0,100.0,100.0,35.0,25.07,0,0,1,0,0,0,0,1,2,0.842,-0.00045,0.0049,0.2666666666666666
2026-09-16T00:22:11.000,1332,MEMORY_STRESS,47.0,0.0,47.0,47.0,0.0,0.0,1115580.5,0.0,0.0,0.0,0.0,0.0,0.927878787878788,0.0231969696969697,9.0,9.0,0.0,0.0,0.0,0.0,0.0,0.0,0.0,93.29,0.0,82.25,100.0,100.0,100.0,35.0,24.63,0,0,1,0,0,0,0,1,2,0.8753,-0.00038,0.0041,0.2666666666666666
2026-09-16T00:22:12.000,1333,MEMORY_STRESS,47.0,0.0,47.0,47.0,0.0,0.0,1115580.5,0.0,0.0,0.0,0.0,0.0,-1.0624242424242425,-0.0182861315391435,9.0,9.0,0.0,0.0,0.0,0.0,0.0,0.0,0.0,93.29,0.0,97.63,100.0,100.0,100.0,35.0,25.17,0,0,1,0,0,0,0,1,2,0.8412,-0.00044,0.0053,0.2666666666666666
2026-09-16T00:22:13.000,1334,MEMORY_STRESS,47.0,0.0,47.0,47.0,0.0,0.0,1115580.5,0.0,0.0,0.0,0.0,0.0,1.1175757575757572,0.0627851549199863,9.0,9.0,0.0,0.0,0.0,0.0,0.0,0.0,0.0,93.29,0.0,91.04,95.2,100.0,100.0,35.0,24.69,0,0,1,0,0,0,0,1,2,0.8448,-0.00049,0.0048,0.2666666666666666
2026-09-16T00:22:14.000,1335,MEMORY_STRESS,47.0,0.0,47.0,47.0,0.0,0.0,1115580.5,0.0,0.0,0.0,0.0,0.0,-0.9830303030303033,-0.0146284271284271,9.0,9.0,0.0,0.0,0.0,0.0,0.0,0.0,0.0,93.29,0.0,94.67,100.0,100.0,100.0,35.0,25.07,0,0,1,0,0,0,0,1,2,0.842,-0.00053,0.0055,0.2666666666666666
2026-09-16T00:22:15.000,1336,MEMORY_STRESS,47.0,0.0,47.0,47.0,0.0,0.0,1115580.5,0.0,0.0,0.0,0.0,0.0,0.927878787878788,0.0231969696969697,9.0,9.0,0.0,0.0,0.0,0.0,0.0,0.0,0.0,93.29,0.0,82.25,100.0,100.0,100.0,35.0,24.63,0,0,1,0,0,0,0,1,2,0.8753,-0.00047,0.0048,0.2666666666666666
2026-09-16T00:22:16.000,1337,MEMORY_STRESS,47.0,0.0,47.0,47.0,0.0,0.0,1115580.5,0.0,0.0,0.0,0.0,0.0,-1.0624242424242425,-0.0182861315391435,9.0,9.0,0.0,0.0,0.0,0.0,0.0,0.0,0.0,93.29,0.0,97.63,100.0,100.0,100.0,35.0,25.17,0,0,1,0,0,0,0,1,2,0.8412,-0.00052,0.0058,0.2666666666666666
2026-09-16T00:22:17.000,1338,MEMORY_STRESS,47.0,0.0,47.0,47.0,0.0,0.0,1115580.5,0.0,0.0,0.0,0.0,0.0,1.1175757575757572,0.0627851549199863,9.0,9.0,0.0,0.0,0.0,0.0,0.0,0.0,0.0,93.29,0.0,91.04,95.2,100.0,100.0,35.0,24.69,0,0,1,0,0,0,0,1,2,0.8448,-0.00055,0.0053,0.2666666666666666
2026-09-16T00:22:18.000,1339,MEMORY_STRESS,47.0,0.0,47.0,47.0,0.0,0.0,1115580.5,0.0,0.0,0.0,0.0,0.0,-0.9830303030303033,-0.0146284271284271,9.0,9.0,0.0,0.0,0.0,0.0,0.0,0.0,0.0,93.29,0.0,94.67,100.0,100.0,100.0,35.0,25.07,0,0,1,0,0,0,0,1,2,0.842,-0.00059,0.0059,0.2666666666666666
2026-09-16T00:22:19.000,1340,MEMORY_STRESS,47.0,0.0,47.0,47.0,0.0,0.0,1115580.5,0.0,0.0,0.0,0.0,0.0,0.927878787878788,0.0231969696969697,9.0,9.0,0.0,0.0,0.0,0.0,0.0,0.0,0.0,93.29,0.0,82.25,100.0,100.0,100.0,35.0,24.63,0,0,1,0,0,0,0,1,2,0.8753,-0.00053,0.0052,0.2666666666666666
2026-09-16T00:22:20.000,1341,MEMORY_STRESS,47.0,0.0,47.0,47.0,0.0,0.0,1115580.5,0.0,0.0,0.0,0.0,0.0,-1.0624242424242425,-0.0182861315391435,9.0,9.0,0.0,0.0,0.0,0.0,0.0,0.0,0.0,93.29,0.0,97.63,100.0,100.0,100.0,35.0,25.17,0,0,1,0,0,0,0,1,2,0.8412,-0.00057,0.0061,0.2666666666666666
2026-09-16T00:22:21.000,1342,MEMORY_STRESS,47.0,0.0,47.0,47.0,0.0,0.0,1115580.5,0.0,0.0,0.0,0.0,0.0,1.1175757575757572,0.0627851549199863,9.0,9.0,0.0,0.0,0.0,0.0,0.0,0.0,0.0,93.29,0.0,91.04,99.2,100.0,100.0,35.0,24.9,0,0,1,0,0,0,0,1,2,0.8432,-0.0006,0.0062,0.2666666666666666
2026-09-16T00:22:22.000,1343,MEMORY_STRESS,47.0,0.0,47.0,47.0,0.0,0.0,1115580.5,0.0,0.0,0.0,0.0,0.0,-0.9830303030303033,-0.0146284271284271,9.0,9.0,0.0,0.0,0.0,0.0,0.0,0.0,0.0,93.29,0.0,94.67,100.0,100.0,100.0,35.0,25.07,0,0,1,0,0,0,0,1,2,0.842,-0.00063,0.0067,0.2666666666666666
2026-09-16T00:22:23.000,1344,MEMORY_STRESS,47.0,0.0,47.0,47.0,0.0,0.0,1115580.5,0.0,0.0,0.0,0.0,0.0,0.927878787878788,0.0231969696969697,9.0,9.0,0.0,0.0,0.0,0.0,0.0,0.0,0.0,93.29,0.0,82.25,100.0,100.0,100.0,35.0,24.63,0,0,1,0,0,0,0,1,2,0.8753,-0.00057,0.006,0.2666666666666666
2026-09-16T00:22:24.000,1345,MEMORY_STRESS,47.0,0.0,47.0,47.0,0.0,0.0,1115580.5,0.0,0.0,0.0,0.0,0.0,-1.0624242424242425,-0.0182861315391435,9.0,9.0,0.0,0.0,0.0,0.0,0.0,0.0,0.0,93.29,0.0,97.63,100.0,100.0,100.0,35.0,25.17,0,0,1,0,0,0,0,1,2,0.8412,-0.0006,0.0068,0.2666666666666666
2026-09-16T00:22:25.000,1346,MEMORY_STRESS,47.0,0.0,47.0,47.0,0.0,0.0,1115580.5,0.0,0.0,0.0,0.0,0.0,1.1175757575757572,0.0627851549199863,9.0,9.0,0.0,0.0,0.0,0.0,0.0,0.0,0.0,93.29,0.0,91.04,96.0,100.0,100.0,35.0,24.73,0,0,1,0,0,0,0,1,2,0.8445,-0.00063,0.0064,0.2666666666666666
2026-09-16T00:22:26.000,1347,MEMORY_STRESS,47.0,0.0,47.0,47.0,0.0,0.0,1115580.5,0.0,0.0,0.0,0.0,0.0,-0.9830303030303033,-0.0146284271284271,9.0,9.0,0.0,0.0,0.0,0.0,0.0,0.0,0.0,93.29,0.0,94.67,100.0,100.0,100.0,35.0,25.07,0,0,1,0,0,0,0,1,2,0.842,-0.00066,0.0069,0.2666666666666666
2026-09-16T00:22:27.000,1348,MEMORY_STRESS,47.0,0.0,47.0,47.0,0.0,0.0,1115580.5,0.0,0.0,0.0,0.0,0.0,0.927878787878788,0.0231969696969697,9.0,9.0,0.0,0.0,0.0,0.0,0.0,0.0,0.0,93.29,0.0,92.25,100.0,100.0,100.0,35.0,24.98,0,0,1,0,0,0,0,1,2,0.8426,-0.00068,0.0071,0.2666666666666666
2026-09-16T00:22:28.000,1349,MEMORY_STRESS,47.0,0.0,47.0,47.0,0.0,0.0,1115580.5,0.0,0.0,0.0,0.0,0.0,-1.0624242424242425,-0.0182861315391435,9.0,9.0,0.0,0.0,0.0,0.0,0.0,0.0,0.0,93.29,0.0,97.63,100.0,100.0,100.0,35.0,25.17,0,0,1,0,0,0,0,1,2,0.8412,-0.0007,0.0078,0.2666666666666666
2026-09-16T00:22:29.000,1350,MEMORY_STRESS,47.0,0.0,47.0,47.0,0.0,0.0,1115580.5,0.0,0.0,0.0,0.0,0.0,1.1175757575757572,0.0627851549199863,9.0,9.0,0.0,0.0,0.0,0.0,0.0,0.0,0.0,93.29,0.0,91.04,95.2,100.0,100.0,35.0,24.69,0,0,1,0,0,0,0,1,2,0.8448,-0.00072,0.0072,0.2666666666666666
2026-09-16T00:22:30.000,1351,MEMORY_STRESS,47.0,0.0,47.0,47.0,0.0,0.0,1115580.5,0.0,0.0,0.0,0.0,0.0,-0.9830303030303033,-0.0146284271284271,9.0,9.0,0.0,0.0,0.0,0.0,0.0,0.0,0.0,93.29,0.0,94.67,100.0,100.0,100.0,35.0,25.07,0,0,1,0,0,0,0,1,2,0.842,-0.00074,0.0076,0.2666666666666666
2026-09-16T00:22:31.000,1352,MEMORY_STRESS,47.0,0.0,47.0,47.0,0.0,0.0,1115580.5,0.0,0.0,0.0,0.0,0.0,0.927878787878788,0.0231969696969697,9.0,9.0,0.0,0.0,0.0,0.0,0.0,0.0,0.0,93.29,0.0,92.25,100.0,100.0,100.0,35.0,24.98,0,0,1,0,0,0,0,1,2,0.8426,-0.00076,0.0078,0.2666666666666666
2026-09-16T00:22:32.000,1353,MEMORY_STRESS,47.0,0.0,47.0,47.0,0.0,0.0,1115580.5,0.0,0.0,0.0,0.0,0.0,-1.0624242424242425,-0.0182861315391435,9.0,9.0,0.0,0.0,0.0,0.0,0.0,0.0,0.0,93.29,0.0,97.63,100.0,100.0,100.0,35.0,25.17,0,0,1,0,0,0,0,1,2,0.8412,-0.00078,0.0084,0.2666666666666666
2026-09-16T00:22:33.000,1354,MEMORY_STRESS,47.0,0.0,47.0,47.0,0.0,0.0,1115580.5,0.0,0.0,0.0,0.0,0.0,1.1175757575757572,0.0627851549199863,9.0,9.0,0.0,0.0,0.0,0.0,0.0,0.0,0.0,93.29,0.0,91.04,100.0,100.0,100.0,35.0,24.94,0,0,1,0,0,0,0,1,2,0.843,-0.00079,0.0084,0.2666666666666666
2026-09-16T00:22:34.000,1355,MEMORY_STRESS,47.0,0.0,47.0,47.0,0.0,0.0,1115580.5,0.0,0.0,0.0,0.0,0.0,-0.9830303030303033,-0.0146284271284271,9.0,9.0,0.0,0.0,0.0,0.0,0.0,0.0,0.0,93.29,0.0,94.67,100.0,100.0,100.0,35.0,25.07,0,0,1,0,0,0,0,1,2,0.842,-0.00081,0.0087,0.2666666666666666
2026-09-16T00:22:35.000,1356,MEMORY_STRESS,47.0,0.0,47.0,47.0,0.0,0.0,1115580.5,0.0,0.0,0.0,0.0,0.0,0.927878787878788,0.0231969696969697,9.0,9.0,0.0,0.0,0.0,0.0,0.0,0.0,0.0,93.29,0.0,92.25,100.0,100.0,100.0,35.0,24.98,0,0,1,0,0,0,0,1,2,0.8426,-0.00082,0.0088,0.2666666666666666
2026-09-16T00:22:36.000,1357,MEMORY_STRESS,47.0,0.0,47.0,47.0,0.0,0.0,1115580.5,0.0,0.0,0.0,0.0,0.0,-1.0624242424242425,-0.0182861315391435,9.0,9.0,0.0,0.0,0.0,0.0,0.0,0.0,0.0,93.29,0.0,97.63,100.0,100.0,100.0,35.0,25.17,0,0,1,0,0,0,0,1,2,0.8412,-0.00083,0.0092,0.2666666666666666
2026-09-16T00:22:37.000,1358,MEMORY_STRESS,47.0,0.0,47.0,47.0,0.0,0.0,1115580.5,0.0,0.0,0.0,0.0,0.0,1.1175757575757572,0.0627851549199863,9.0,9.0,0.0,0.0,0.0,0.0,0.0,0.0,0.0,93.29,0.0,91.04,95.2,100.0,100.0,35.0,24.69,0,0,1,0,0,0,0,1,2,0.8448,-0.00084,0.0087,0.2666666666666666
2026-09-16T00:22:38.000,1359,MEMORY_STRESS,47.0,0.0,47.0,47.0,0.0,0.0,1115580.5,0.0,0.0,0.0,0.0,0.0,-0.9830303030303033,-0.0146284271284271,9.0,9.0,0.0,0.0,0.0,0.0,0.0,0.0,0.0,93.29,0.0,94.67,100.0,100.0,100.0,35.0,25.07,0,0,1,0,0,0,0,1,2,0.842,-0.00085,0.009,0.2666666666666666
