timestamp,cpu_mean,cpu_std,cpu_min,cpu_max,cpu_trend,cpu_growth_rate,memory_mean,memory_std,memory_trend,memory_growth_rate,heap_trend,heap_growth_rate,stack_trend,stack_growth_rate,latency_mean,latency_max,latency_trend,latency_growth_rate,task_delay_trend,deadline_miss_rate,deadline_trend,queue_trend,queue_growth_rate,cpu_health_score,memory_health_score,stack_health_score,task_health_score,timing_health_score,ai_health_score,resource_health_score,overall_health_score,health_state,cpu_overload_flag,memory_leak_flag,heap_exhaustion_flag,stack_risk_flag,deadline_miss_flag,task_starvation_flag,ai_latency_flag,queue_overflow_flag,fault_type,fault_severity,fault_count,degradation_index,degradation_rate,health_change_rate
2026-09-01 10:00:00,30.782,1.9309,25.2718,36.6783,-0.0271,0.0271,37.1502,1.4034,0.031,0.0113,-0.0166,0.0148,0.082,0.026,49.0249,53.8756,0.0595,0.0439,0.1072,0.0108,0.0222,0.0517,-0.0076,96.4374,97.8976,98.1786,96.3429,97.1248,94.7364,98.2458,95.9795,Excellent,0,0,0,0,0,0,0,0,None,0,0,0.0487,0.0213,-0.2758
2026-09-01 10:01:00,29.0472,2.2572,23.1129,35.433,0.1085,-0.0082,36.91,1.8284,0.0369,0.0085,-0.014,0.0254,0.0576,0.0201,49.3768,53.6253,0.0651,0.0137,0.0133,0.0162,0.0128,0.1216,0.001,95.4991,98.4998,99.251,97.7485,98.1315,97.3063,97.1361,96.4593,Excellent,0,0,0,0,0,0,0,0,None,0,0,0.0274,0.0787,-0.1736
2026-09-01 10:02:00,31.7371,2.0302,26.0978,37.7823,0.2041,0.0351,37.2615,1.5895,0.0152,0.0049,-0.0652,0.0296,0.0142,0.0157,50.775,55.63,0.1101,-0.0057,-0.0106,0.0036,0.0446,0.0792,0.0143,97.1982,97.3377,98.3924,97.9258,96.8391,92.5163,98.3428,97.0104,Excellent,0,0,0,0,0,0,0,0,None,0,0,0.0483,0.0602,0
2026-09-01 10:03:00,34.2094,1.9251,28.7067,40.097,0.0516,0.0535,34.6445,1.7989,0.0839,0.0289,-0.1401,0.0239,0.0562,0.0074,47.0509,50.3949,0.2165,0.0088,0.0182,0.0266,0.0071,0.0149,0.0153,95.1454,97.5697,95.1589,98.1518,96.6981,98.1263,97.5796,98.141,Excellent,0,0,0,0,0,0,0,0,None,0,0,0,0.0543,-0.0369
2026-09-01 10:04:00,28.8103,2.4014,22.6885,35.4124,0.1265,0.0282,37.62,2.0143,0.0317,-0.0041,-0.0242,0.011,0.1305,0.0127,52.9886,59.8471,0.1712,0.07,0.1028,0.0286,0.0399,-0.0045,0.0249,96.6682,97.1237,94.7702,97.2037,95.3581,92.047,98.1244,96.2639,Excellent,0,0,0,0,0,0,0,0,None,0,0,0.0417,0.1314,-0.0813
2026-09-01 10:05:00,31.2958,2.544,24.9886,38.1119,0.1333,0.0055,35.9467,1.5575,-0.0426,0.0213,-0.0103,-0.0023,0.0695,0.025,46.4053,50.7972,0.1047,-0.0007,0.0632,0.0097,-0.0042,0.0509,0.0213,96.0938,97.8042,98.4472,95.6991,97.2026,94.5485,100,95.5027,Excellent,0,0,0,0,0,0,0,0,None,0,0,0.0554,0.0505,-0.0724
2026-09-01 10:06:00,32.256,2.9713,25.3933,39.7129,0.0564,0.0104,35.6198,1.5458,0.0622,0.0157,-0.0249,-0.0268,0.1312,0.0199,56.4568,62.225,0.2197,0.1451,0.0201,0,0.0213,0.06,0.0288,97.7303,95.9256,93.3159,94.735,96.9576,91.3701,93.1948,94.6504,Excellent,0,0,0,0,0,0,0,0,None,0,0,0.0745,0.1326,-0.0592
2026-09-01 10:07:00,28.9381,2.2811,22.9727,35.3597,0.1034,0.0091,36.0324,1.5671,-0.0095,0.0015,-0.0835,0.0243,-0.0531,0.0128,50.7463,57.2608,0.1454,0.07,0.0272,0.0016,0.0037,0.0943,0.0302,97.3549,100,96.5283,97.3003,96.65,93.0941,100,98.3237,Excellent,0,0,0,0,0,0,0,0,None,0,0,0,0.0542,-0.0414
2026-09-01 10:08:00,28.9891,2.9358,22.1725,36.3927,0.0678,0.0317,32.3028,1.4067,0.013,-0.0061,-0.1297,0.0192,0.0579,0.0341,52.3931,56.3337,0.2412,0.0481,0.0193,0.0045,0.0112,-0.051,0.0186,96.7392,96.204,95.2377,96.6201,98.4224,92.6221,95.8518,95.4416,Excellent,0,0,0,0,0,0,0,0,None,0,0,0.0445,0.0373,-0.0946
2026-09-01 10:09:00,34.9945,2.3181,28.981,41.4716,0.1065,-0.0084,37.9316,1.6458,0.0623,0.0249,-0.0627,0.0509,0.0606,-0.0114,50.5926,54.8403,0.1332,0.0538,0.0645,0,-0.0173,0.063,0.0344,99.5886,99.7351,93.6073,97.6543,93.459,96.2129,97.3065,95.8338,Excellent,0,0,0,0,0,0,0,0,None,0,0,0.0718,0.0783,-0.2233
2026-09-01 10:10:00,29.9806,1.9535,24.4411,35.9108,-0.0163,0.0291,35.0243,1.9164,0.1391,0.0007,-0.0154,0.0156,0.0122,0.0276,50.0518,55.4179,0.2486,0.0653,0.0393,0.0029,-0.0003,0.0826,0.0132,97.2894,96.6513,97.477,96.1678,97.3033,93.0736,98.0575,96.9648,Excellent,0,0,0,0,0,0,0,0,None,0,0,0.0286,0.0431,-0.1517
2026-09-01 10:11:00,28.925,2.2537,22.9952,35.3055,0.1948,0.0175,35.4983,1.9696,-0.036,0.0068,-0.0236,-0.0207,0.0222,0.0192,46.9869,51.8203,0.0582,0.0767,0.0291,0.0002,0.0081,0.0665,0.0031,97.8555,98.4277,98.2268,99.0722,96.0327,96.8171,96.0754,97.0563,Excellent,0,0,0,0,0,0,0,0,None,0,0,0.0474,0.0756,-0.0584
2026-09-01 10:12:00,31.7857,2.1311,26.0152,37.9824,0.0681,-0.0379,33.5905,1.59,0.0565,0.0168,-0.0465,0.0287,0.0535,0.0045,45.747,50.357,-0.0037,0.018,0.0011,0.011,0.0281,0.0276,0.0295,97.6995,97.0354,95.5192,98.3215,97.9464,98.0408,96.334,97.4019,Excellent,0,0,0,0,0,0,0,0,None,0,0,0.0251,0.0489,-0.0503
2026-09-01 10:13:00,32.042,2.122,26.2834,38.2251,0.0288,0.0121,37.5204,2.218,0.0355,0.0508,-0.1009,0.0165,-0.0335,-0.0266,41.8688,47.7624,0.1321,-0.0021,0.0161,0,0.0402,-0.0204,0.0312,96.13,96.5615,97.7907,97.5865,99.6364,96.9166,95.8658,96.8059,Excellent,0,0,0,0,0,0,0,0,None,0,0,0.0233,0.0647,-0.0117
2026-09-01 10:14:00,33.0112,2.1289,27.2435,39.2046,0.1573,0.0174,35.5692,1.4314,0.0287,-0.0046,0.0103,-0.001,0.0511,-0.0116,51.5601,57.6459,0.0841,0.0678,-0.0224,0.0095,0.0315,-0.0081,0.0349,99.0142,94.0976,94.5504,97.7506,94.4213,93.3165,97.1481,96.2189,Excellent,0,0,0,0,0,0,0,0,None,0,0,0.0345,0.064,-0.133
2026-09-01 10:15:00,31.0622,2.0999,25.3323,37.2121,0.0713,0.0219,35.3351,1.4379,0.0055,0.0362,0.0381,0.0192,0.0774,0.0338,53.9253,58.2128,0.1991,0.0822,0.0628,0,0.0409,-0.0365,0.0175,96.6285,98.3288,96.1673,97.033,95.3778,89.8466,94.1944,94.2858,Excellent,0,0,0,0,0,0,0,0,None,0,0,0.0366,0.0913,-0.1134
2026-09-01 10:16:00,31.8232,2.3899,25.7163,38.408,0.0573,0.0097,38.2296,1.636,-0.0297,0.0319,0.031,0.0125,0.0232,0.0355,45.4621,49.373,0.1681,0.037,0.1217,0.0224,0.024,0.0321,0.0104,95.6056,94.7923,98.3881,97.6155,97.0567,90.9543,99.7424,97.6736,Excellent,0,0,0,0,0,0,0,0,None,0,0,0.0261,0.0461,-0.1535
2026-09-01 10:17:00,29.7838,1.9307,24.2738,35.6798,0.1928,0.0617,38.2425,1.9775,-0.0113,-0.0102,-0.0419,-0.0083,0.0315,-0.0199,49.8948,57.0345,0.0878,0.0428,-0.0236,0.0183,0.0245,0.1126,0.0191,95.88,97.6294,95.6255,94.141,96.3973,92.548,96.9253,95.7839,Excellent,0,0,0,0,0,0,0,0,None,0,0,0.0345,0.0781,0
2026-09-01 10:18:00,34.2726,1.9664,28.7163,40.2223,0.0654,0.0505,33.9946,2.3079,0.0811,-0.0196,-0.0128,-0.0019,-0.0228,-0.0122,47.9002,52.3453,0.1203,0.022,-0.0046,0,-0.0006,-0.0139,0.0099,97.1917,96.0633,96.8515,95.9427,96.9746,96.1886,97.611,97.0593,Excellent,0,0,0,0,0,0,0,0,None,0,0,0.0046,0.044,-0.0333
2026-09-01 10:19:00,28.5678,1.998,22.9704,34.5648,0.0699,0.035,38.5799,1.4533,0.0649,0.0323,-0.0258,0.016,0.0128,0.0171,53.6714,57.6647,0.1557,0.0411,0.0931,0.0005,0.0722,-0.0011,0.0007,96.5977,96.8848,96.6767,97.5667,95.1289,92.9781,95.1844,96.6727,Excellent,0,0,0,0,0,0,0,0,None,0,0,0.0428,0.0837,-0.0721
2026-09-01 10:20:00,30.3521,2.0979,24.6248,36.499,-0.0213,0.0223,35.6279,1.3963,0.0083,-0.0066,-0.0288,-0.0276,0.0617,0.0283,48.2588,53.5803,0.0551,0.031,-0.0819,0.0124,0.0513,0.0169,0.0063,97.2961,97.7779,98.631,96.8704,95.6796,94.062,97.4447,97.8429,Excellent,0,0,0,0,0,0,0,0,None,0,0,0.0168,0.0307,-0.1318
2026-09-01 10:21:00,30.973,2.435,24.8074,37.6256,-0.0208,0.0266,32.7404,2.105,-0.0316,-0.0234,-0.0045,-0.0004,0.0416,0.0228,46.0322,51.7317,0.0549,0.0302,-0.0031,0,0.0587,0.0063,0.005,97.7199,99.3129,98.081,97.14,98.623,100,99.8239,99.2997,Excellent,0,0,0,0,0,0,0,0,None,0,0,0,0.139,-0.1358
2026-09-01 10:22:00,29.8679,2.6229,23.4581,36.8022,0.0816,0.0335,36.6793,1.9297,0.0303,-0.0081,-0.0602,0.002,0.0383,0.0091,50.8681,56.1885,0.0265,0.0227,0.1117,0.0035,0.1221,0.0514,-0.0028,95.5188,97.4233,94.9617,100,94.895,94.9347,99.1475,96.5838,Excellent,0,0,0,0,0,0,0,0,None,0,0,0.0192,0.0547,-0.0418
2026-09-01 10:23:00,32.0769,2.5708,25.7349,38.9331,-0.0514,0.0078,36.3839,1.6605,-0.0166,0.0315,0.0656,0.0511,0.0239,0.0137,53.0993,58.8731,0.1549,0.0548,0.168,0.0097,0.0192,0.043,0.026,94.5627,96.1686,94.2805,95.3261,98.3081,92.7826,96.2461,94.6725,Excellent,0,0,0,0,0,0,0,0,None,0,0,0.0486,0.1001,-0.1387
2026-09-01 10:24:00,29.5473,2.0949,23.8239,35.6897,0.1575,-0.0185,40.0038,2.2097,0.0548,0.018,0.0059,-0.0477,-0.0253,0.0141,52.7754,58.3229,0.1904,0.0369,0.0439,0.0012,0.0532,0.0646,0.04,94.7893,95.8182,95.7694,94.9206,94.9919,88.2593,96.6702,93.4485,Excellent,0,0,0,0,0,0,0,0,None,0,0,0.0512,0.0401,-0.012
2026-09-01 10:25:00,33.7498,2.0265,28.1154,39.7895,0.1147,0.0021,32.5533,1.8008,-0.006,0.0137,-0.0348,-0.0087,0.0268,0.0108,44.167,48.6535,0.0948,0.0783,-0.0097,0,0.0787,-0.0299,0.0058,97.4885,96.4276,94.0612,96.6147,95.8559,95.2485,97.6896,98.6635,Excellent,0,0,0,0,0,0,0,0,None,0,0,0,0.0642,-0.1621
2026-09-01 10:26:00,33.8176,2.2951,27.834,40.2602,-0.038,0.0696,34.8838,1.699,0.0832,0.0156,0.0127,0.0299,0.0888,-0.0025,50.7193,54.8312,0.2163,0.0875,0.0112,0.0127,0.1299,0.0679,0.0311,95.8622,97.5363,98.5248,95.6616,97.06,89.6788,97.097,96.3172,Excellent,0,0,0,0,0,0,0,0,None,0,0,0.0255,0.1051,-0.1549
2026-09-01 10:27:00,31.1284,2.7504,24.5529,38.254,0.0189,0.0207,36.3666,1.7268,-0.0144,0.0042,0.0193,0.0094,0.0935,0.0132,48.3564,54.2848,0.0817,-0.0001,0.1067,0.0153,-0.0601,0.0323,0.0081,99.5202,96.0664,95.9943,95.3348,94.9749,93.3037,94.916,94.7254,Excellent,0,0,0,0,0,0,0,0,None,0,0,0.0286,0.0217,-0.191
2026-09-01 10:28:00,29.9386,2.4455,23.7595,36.6068,0.0404,0.0085,36.8207,1.3799,0.1263,0.0213,-0.0006,-0.0408,0.0117,-0.0154,48.4416,52.6213,0.0927,0.0551,-0.0061,0.0173,-0.0331,0.0217,0.0211,97.5369,96.8388,99.5993,95.8775,95.6559,89.6505,99.5792,95.6919,Excellent,0,0,0,0,0,0,0,0,None,0,0,0.0254,0.0952,0
2026-09-01 10:29:00,28.7991,2.1081,23.0586,34.9613,0.1362,-0.0304,34.8616,1.8458,0.0797,0.0275,0.0741,0.0191,-0.0395,0.0066,50.7388,55.0034,0.2179,0.0021,0.0355,0.0223,0.0961,0.1099,0.0103,98.0272,99.3276,98.1226,97.1674,97.1105,91.4346,94.4563,96.9936,Excellent,0,0,0,0,0,0,0,0,None,0,0,0.0249,0.0679,-0.1303
2026-09-01 10:30:00,31.8843,2.3615,25.8143,38.4265,0.0639,0.0024,36.0758,1.4643,0.0874,0.0545,-0.0557,0.0361,0.075,-0.022,48.0828,52.8251,0.1881,0.0497,0.0709,0.0181,-0.0053,0.0033,-0.0031,96.3682,96.7673,96.8333,95.2785,97.5481,94.8017,99.1528,97.2194,Excellent,0,0,0,0,0,0,0,0,None,0,0,0.0306,0.081,-0.0269
2026-09-01 10:31:00,33.8792,2.6665,27.4128,40.879,0.0857,0.0305,39.8144,1.3745,0.0465,0.0289,-0.0304,0.007,0.1082,0.0196,49.5082,54.7036,0.1418,0.0493,0.0417,0,0.0277,-0.0134,0.018,94.9662,98.4089,97.8191,96.9261,96.1892,94.4319,93.9828,95.0602,Excellent,0,0,0,0,0,0,0,0,None,0,0,0.0472,0.0708,-0.0782
2026-09-01 10:32:00,31.3985,2.0852,25.6877,37.5264,0.0502,0.0487,33.6116,1.4843,0.0777,0.0303,-0.0064,-0.0068,-0.0019,-0.0059,55.1284,60.6626,0.1081,0.0289,0.0276,0.0033,-0.0482,-0.0094,-0.0067,96.712,96.133,95.8339,97.0233,95.6808,95.7499,96.4899,96.3908,Excellent,0,0,0,0,0,0,0,0,None,0,0,0.0162,0.0756,-0.0987
2026-09-01 10:33:00,32.5817,2.0157,26.9612,38.6052,0.1595,0.0483,36.7064,1.5433,0.0787,-0.004,-0.0862,0.0004,0.0365,0.0272,49.4714,55.4629,0.1772,0.007,0.033,0,0.008,0.0159,0.008,95.6478,95.9811,95.1814,98.0453,97.3685,90.0921,98.3002,94.3734,Excellent,0,0,0,0,0,0,0,0,None,0,0,0.044,0.1112,-0.2715
2026-09-01 10:34:00,29.5282,2.0106,23.9144,35.5441,0.0324,0.0241,35.9862,2.0734,0.0873,0.0151,-0.0735,0.013,0.0516,0.0344,49.7496,54.3229,0.2045,0.0559,0.0497,0.0108,0.0119,0.0069,0.0242,94.383,98.2361,96.2841,93.7463,95.8258,91.6899,97.4692,96.1354,Excellent,0,0,0,0,0,0,0,0,None,0,0,0.0331,0.0574,-0.1447
2026-09-01 10:35:00,29.7217,2.015,24.1021,35.7442,0.0202,0.0281,35.8342,1.5529,0.0204,-0.0047,-0.031,0.0052,-0.0062,0.0291,50.9339,54.4185,0.1345,0.0531,0.0417,0.0211,0.094,0.0345,0.0211,98.1319,96.5906,95.089,97.9632,94.0959,96.7677,98.3066,96.8483,Excellent,0,0,0,0,0,0,0,0,None,0,0,0.0323,0.1044,-0.1447
2026-09-01 10:36:00,29.9452,1.9996,24.3458,35.9446,0.0712,-0.0015,33.7424,1.4145,0.1247,-0.0121,-0.0864,0.0177,0.0273,0.0225,47.4659,52.9112,0.0827,0.021,0.0681,0.0046,0.0571,0.0541,0.0298,98.2437,98.3285,98.0095,95.9131,96.1496,91.5748,97.4987,95.6978,Excellent,0,0,0,0,0,0,0,0,None,0,0,0.049,0.0725,-0.1748
2026-09-01 10:37:00,30.5467,2.1221,24.7879,36.73,0.0679,-0.0225,36.1581,1.82,-0.0619,0.0306,-0.089,-0.0006,-0.0197,-0.0043,48.2987,52.5321,0.1878,0.0519,0.0308,0.0195,0.0728,0.048,0.0085,98.3197,99.7275,97.7412,99.2247,97.7995,95.2582,95.3403,96.5943,Excellent,0,0,0,0,0,0,0,0,None,0,0,0.0333,0.0194,-0.1174
2026-09-01 10:38:00,30.9609,2.2041,25.0956,37.267,0.1476,0.033,33.8136,1.6038,0.0738,0.0555,0.0296,-0.0022,0.1041,0.0133,52.6443,56.4347,0.2678,0.0382,0.0865,0.0176,0.0759,0.0329,0.0336,94.7099,98.0183,96.2295,93.2667,95.6861,90.8823,95.5819,94.1087,Excellent,0,0,0,0,0,0,0,0,None,0,0,0.0553,0.0437,0
2026-09-01 10:39:00,29.9109,2.4036,23.7862,36.5162,0.1559,0.0118,36.9862,1.6454,-0.0066,0.033,0.0162,0.004,-0.0137,0.0353,50.4029,56.559,0.1748,0.0044,0.0195,0,0.0025,-0.0019,0.0054,97.8898,97.5255,97.7056,98.221,95.8659,94.1433,97.7926,98.2028,Excellent,0,0,0,0,0,0,0,0,None,0,0,0.0315,0.0955,0
2026-09-01 10:40:00,28.8758,2.3716,22.7928,35.4332,0.0576,0.0183,37.0438,1.4352,0.082,0.039,-0.1119,0.0204,0.031,0.0091,54.0629,58.5314,0.1748,0.051,0.0809,0.0114,0.002,0.0091,0.0163,96.2356,94.6088,96.2789,93.9539,98.9693,88.7056,94.8035,94.7587,Excellent,0,0,0,0,0,0,0,0,None,0,0,0.0389,0.1032,0
2026-09-01 10:41:00,32.0325,2.1538,26.2325,38.2633,0.1276,0.0005,36.1162,1.951,0.1288,0.0417,-0.0043,-0.0005,0.0457,0.0073,51.6856,55.878,0.0262,0.0747,0.0619,0.0237,0.0292,0.0432,0.033,96.9451,97.1787,100,95.8077,96.0996,95.1624,95.4049,95.5933,Excellent,0,0,0,0,0,0,0,0,None,0,0,0.0226,0.0823,-0.0345
2026-09-01 10:42:00,29.6189,2.4193,23.4739,36.2478,0.0888,0.0449,38.9337,1.4469,0.0781,0.0345,-0.09,0.012,0.0033,0.0322,53.9663,57.9354,0.2237,0.0284,0.1074,0.0058,0.0491,0.0862,0.0073,97.5392,96.458,95.7085,96.1608,93.1592,91.3922,96.179,95.7965,Excellent,0,0,0,0,0,0,0,0,None,0,0,0.0388,0.0713,-0.0764
2026-09-01 10:43:00,29.5701,2.0247,23.938,35.6072,0.0264,0.0428,38.8044,1.4263,-0.0382,-0.0228,-0.0314,0.0173,0.0551,0.0071,51.1007,57.5343,0.19,0.0169,0.0493,0.0141,-0.0323,0.0169,0.0289,98.4626,94.319,96.5854,93.9417,93.5328,94.2104,97.4245,94.7008,Excellent,0,0,0,0,0,0,0,0,None,0,0,0.0563,0.0891,-0.0778
2026-09-01 10:44:00,34.4085,3.3759,27.0198,42.4723,0.0922,0.0351,36.535,1.7431,0.0383,0.0043,0.0229,0.0314,0.0369,0.0377,57.2054,63.8003,0.2047,0.1082,0.0508,0.0265,0.049,-0.0412,0.0224,92.2223,95.2991,94.7052,93.724,91.6873,86.02,94.1035,91.9571,Excellent,0,0,0,0,0,0,0,0,None,0,0,0.0998,0.1141,-0.1736
2026-09-01 10:45:00,29.9599,2.3014,23.968,36.412,0.1326,0.0139,36.4334,1.5197,0.1045,0.0233,0.0809,0.0111,0.1077,0.0345,51.4572,58.0726,0.1686,0.0206,0.1143,0.0247,0.0514,0.0346,0.0438,96.4523,95.0132,96.3924,93.0367,93.7189,87.7318,92.4824,92.2094,Excellent,0,0,0,0,0,0,0,0,None,0,0,0.0962,0.0597,-0.1625
2026-09-01 10:46:00,33.1335,1.901,27.6622,38.985,-0.002,-0.0035,36.9094,1.4074,0.0898,0.0159,0.0133,-0.0519,0.0836,0.0103,54.4824,58.969,0.1417,0.061,0.0031,0.021,0.0047,0.0846,0.0271,97.3831,95.8719,96.2772,96.8383,93.1594,92.6517,98.2537,94.5461,Excellent,0,0,0,0,0,0,0,0,None,0,0,0.0737,0.0482,-0.0493
2026-09-01 10:47:00,32.4062,2.1112,26.6617,38.5731,0.1442,0.0264,38.2239,1.9084,-0.013,0.0437,-0.0911,0.0027,0.0692,0.0245,53.325,56.8099,0.0411,0.0385,0.0562,0.0063,0.0875,0.0234,-0.0062,97.3056,95.2105,99.1076,96.7531,94.0595,94.9848,100,94.9674,Excellent,0,0,0,0,0,0,0,0,None,0,0,0.0639,0.0766,-0.0623
2026-09-01 10:48:00,33.2588,2.2748,27.3015,39.671,0.2034,0.0658,39.3273,1.9454,-0.0003,0.0212,0.0359,0.0055,0.0446,0.0164,55.197,60.1669,0.2016,0.0795,0.0532,0.0009,-0.0105,-0.0196,0.0008,93.2121,95.2195,96.1678,95.4666,93.855,89.1387,94.6386,92.564,Excellent,0,0,0,0,0,0,0,0,None,0,0,0.0558,0.0973,-0.2166
2026-09-01 10:49:00,30.8906,3.0449,23.9322,38.458,0.0628,0.0072,32.8134,1.4761,0.0729,0.0237,-0.0869,0.0232,0.0647,0.0413,50.7895,57.4358,0.1798,0.013,0.0869,0.0102,0.0057,0.0771,0.0108,97.4621,96.2959,96.9917,96.5751,95.994,89.5956,97.6302,95.5163,Excellent,0,0,0,0,0,0,0,0,None,0,0,0.0749,0.0887,-0.0392
2026-09-01 10:50:00,30.9189,1.9676,25.3611,36.8703,0.0684,0.0215,33.8046,1.8485,0.0622,0.041,-0.0491,0.0265,0.0379,0.0166,51.3707,59.0804,0.1674,0.0367,0.0067,0,0.0175,-0.039,0.0295,95.9615,94.1907,95.2528,97.1428,94.897,91.9969,96.0222,94.8377,Excellent,0,0,0,0,0,0,0,0,None,0,0,0.0261,0.0686,-0.1307
2026-09-01 10:51:00,33.3526,2.2757,27.3942,39.7662,0.1313,0.0175,39.4773,1.5379,0.156,0.0163,-0.0329,0.0448,0.0595,0.0307,58.961,64.5797,0.2441,0.1076,0.0451,0.0047,0.0392,0.1037,0.048,98.2423,95.1078,92.9467,92.2032,95.5861,83.5105,94.4164,92.3298,Excellent,0,0,0,0,0,0,0,0,None,0,0,0.103,0.082,-0.068
2026-09-01 10:52:00,32.5845,2.2185,26.7004,38.9123,0.0859,-0.0318,33.8534,1.4708,0.088,0.0317,-0.1268,-0.01,0.03,0.018,54.1108,59.9949,0.1876,0.0895,0.0521,0.0109,0.0434,0.0654,0.0185,96.4614,95.9866,96.4059,96.5171,92.0831,89.9757,98.274,93.984,Excellent,0,0,0,0,0,0,0,0,None,0,0,0.0597,0.0823,-0.0909
2026-09-01 10:53:00,31.1788,2.571,24.8365,38.0353,0.1521,0.0784,34.9524,1.4722,0.0365,0.0382,-0.0268,-0.0153,0.0162,0.0057,52.3341,57.0027,0.2212,0.1039,0.0893,0.0434,0.037,0.0749,0.0256,97.8176,95.5616,96.7421,97.5505,93.7042,89.7719,96.6858,94.7143,Excellent,0,0,0,0,0,0,0,0,None,0,0,0.0397,0.1297,-0.1308
2026-09-01 10:54:00,32.1897,2.1229,26.4299,38.3741,0.0507,0.0169,38.716,1.5313,0.0846,0.0127,-0.041,-0.0256,0.0415,0.0248,54.6245,60.6752,0.2156,0.0907,0.1558,0,0.0457,0.0889,0.0269,94.7485,94.9416,94.8027,94.1633,90.6257,86.5888,92.4381,93.2138,Excellent,0,0,0,0,0,0,0,0,None,0,0,0.0802,0.0769,-0.0717
2026-09-01 10:55:00,32.3788,2.6444,25.9411,39.3453,0.0467,0.0242,38.1236,1.563,0.0565,-0.0182,-0.0235,0.015,0.088,0.0235,63.7514,71.2682,0.2425,0.1169,0.2074,0.0014,0.1361,0.017,0.0429,94.5964,98.6519,97.036,92.8625,97.7747,84.6275,94.5479,95.3098,Excellent,0,0,0,0,0,0,0,0,None,0,0,0.0359,0.0884,-0.1403
2026-09-01 10:56:00,33.3468,2.3199,27.331,39.8266,0.1821,0.0382,37.096,1.6744,0.0002,0.0234,-0.0694,0.043,-0.0118,0.0325,51.2822,57.6795,0.2697,0.0788,0.0945,0.0076,0.0746,0.0419,0.0305,95.5922,92.367,94.6485,97.3198,96.8939,89.8635,95.695,94.2578,Excellent,0,0,0,0,0,0,0,0,None,0,0,0.0669,0.0993,-0.1927
2026-09-01 10:57:00,35.1829,2.4244,29.0313,41.8195,0.1381,0.0206,36.4242,1.6116,0.0383,0.0143,-0.0207,0.0259,0.0564,0.0044,51.7133,56.8881,0.1605,0.0826,0.054,0.0046,0.0507,0.1123,0.0244,94.9205,93.7712,96.0422,96.5824,95.4414,90.9892,96.4799,93.6881,Excellent,0,0,0,0,0,0,0,0,None,0,0,0.0624,0.1006,-0.0616
2026-09-01 10:58:00,31.9952,2.1167,26.2436,38.1702,0.1215,0.0364,38.9467,1.8006,0.0058,-0.0014,-0.038,0.0354,0.0648,0.03,48.812,55.4391,0.2585,0.0614,-0.005,0.0217,0.0513,0.1578,0.0366,96.4614,96.1968,96.2194,95.4074,93.1322,92.5503,96.6669,92.8123,Excellent,0,0,0,0,0,0,0,0,None,0,0,0.0623,0.056,-0.0206
2026-09-01 10:59:00,35.3722,2.6879,28.8779,42.4041,0.049,0.0021,34.4348,1.8382,0.0343,0.0068,-0.0095,0.0382,-0.0107,0.0188,53.0705,57.03,0.261,0.072,0.0369,0,-0.028,0.0274,0.0191,97.0567,95.6522,99.0802,95.13,94.2136,90.8419,94.5722,94.9992,Excellent,0,0,0,0,0,0,0,0,None,0,0,0.019,0.0986,-0.1031
2026-09-01 11:00:00,32.8773,2.5571,26.553,39.713,0.1214,0.015,34.9018,2.0458,0.0838,0.031,0.0594,0.0388,0.0716,0.0173,57.5342,61.5889,0.1709,0.0427,0.0261,0.0073,0.0781,0.0804,0.0368,95.7384,97.3396,98.8128,96.4145,97.1255,87.4561,94.7752,94.3483,Excellent,0,0,0,0,0,0,0,0,None,0,0,0.0164,0.0866,-0.0028
2026-09-01 11:01:00,32.5861,2.3416,26.5421,39.0985,0.0125,0.0564,35.4691,1.5161,-0.0379,0.0274,-0.0588,0.0447,0.0805,-0.0092,47.032,52.7628,0.1664,0.0593,0.0636,0.0193,-0.0126,-0.0316,0.0219,95.3288,96.214,94.8347,95.2173,97.4265,88.4878,94.356,94.8714,Excellent,0,0,0,0,0,0,0,0,None,0,0,0.0748,0.0729,-0.2026
2026-09-01 11:02:00,31.9535,2.4648,25.7492,38.6508,0.0824,0.0333,40.299,2.3032,0.0424,0.04,-0.026,0.0128,0.094,0.0272,54.4915,61.2402,0.1088,0.0227,0.0895,0.0046,0.055,-0.0135,0.0139,100,99.3933,93.745,96.9006,97.4104,92.6419,95.1682,96.9018,Excellent,0,0,0,0,0,0,0,0,None,0,0,0.0325,0.0782,-0.0888
2026-09-01 11:03:00,31.9888,2.2966,26.0032,38.4338,0.0342,0.0721,38.5551,1.7699,0.0058,0.0292,-0.0674,0.0081,0.1175,-0.0043,56.19,62.2614,0.3647,0.1427,0.1319,0.0304,-0.0233,0.062,0.0034,93.735,95.5315,94.3128,95.6775,90.1585,84.4424,92.6398,90.5423,Excellent,0,0,0,0,0,0,0,0,None,0,0,0.1097,0.1127,-0.0329
2026-09-01 11:04:00,33.3642,2.4676,27.1563,40.0655,0.0331,0.0063,39.1194,1.7265,0.0773,0.0514,-0.043,0.0441,0.0678,0.0213,61.8103,69.523,0.282,0.0687,0.0014,0.0175,0.0469,0.0687,0.0268,95.5229,97.3152,95.2328,93.2052,92.7224,88.4685,93.7372,93.9633,Excellent,0,0,0,0,0,0,0,0,None,0,0,0.0711,0.0959,-0.1994
2026-09-01 11:05:00,29.4062,2.6502,22.961,36.3815,0.0181,0.0447,36.1479,1.5537,0.0576,0.0192,-0.0003,0.0332,-0.0215,0.0297,46.5671,51.7045,0.2187,0.068,0.0849,0.0129,0.0907,-0.0263,0.0116,96.4662,99.824,97.8802,97.6566,94.7457,96.0417,97.3471,96.1693,Excellent,0,0,0,0,0,0,0,0,None,0,0,0.0735,0.0327,-0.153
2026-09-01 11:06:00,30.5642,2.2181,24.6806,36.8914,0.2045,-0.0113,37.2243,1.4627,0.1306,0.0061,0.0353,0.0545,0.1466,0.021,50.9078,55.4011,0.2169,0.0281,0.1051,0.0005,0.1045,0.0821,0.0152,95.6046,95.7602,94.7805,99.7456,93.3714,89.9427,97.4103,94.6868,Excellent,0,0,0,0,0,0,0,0,None,0,0,0.0437,0.0508,-0.0174
2026-09-01 11:07:00,34.0124,2.6991,27.5036,41.061,0.0816,-0.0006,38.0402,1.5568,0.0664,0.0079,-0.0399,0.0202,0.0485,0.04,55.1575,60.2347,0.2842,0.1109,0.0306,0.0083,0.0917,0.0547,0.0383,96.1371,95.0503,96.2381,94.0827,95.5115,90.8753,97.1101,96.6424,Excellent,0,0,0,0,0,0,0,0,None,0,0,0.0103,0.0804,-0.1528
2026-09-01 11:08:00,33.2481,2.145,27.4597,39.4656,0.1152,0.0041,38.8686,1.8101,0.0893,0.036,-0.0199,0.0169,0.1103,0.0155,52.5872,57.7516,0.2504,0.093,0.0537,0,-0.003,0.0259,0.0312,96.7599,93.4163,96.2893,94.9923,93.2403,93.216,96.3369,95.393,Excellent,0,0,0,0,0,0,0,0,None,0,0,0.0846,0.0691,-0.1437
2026-09-01 11:09:00,30.9479,2.0886,25.2328,37.0807,0.1361,0.0148,37.4502,1.8535,0.1241,0.0447,-0.1018,0.0074,0.0477,0.0123,59.2906,64.1201,0.2774,0.0718,0.0685,0.031,0.0919,-0.0116,0.0084,95.4965,94.6055,93.5951,92.6142,91.4533,86.6555,94.4986,93.2709,Excellent,0,0,0,0,0,0,0,0,None,0,0,0.0663,0.0792,-0.0931
2026-09-01 11:10:00,32.0492,2.8184,25.3853,39.2767,0.2094,0.0026,36.3716,2.0034,0.0586,0.057,-0.0053,0.0107,0.0368,0.0265,56.2772,63.4377,0.2818,0.063,0.1367,0.0256,0.0523,0.0836,0.0238,92.7743,95.2627,92.7507,93.0027,92.096,87.1492,95.3838,91.3353,Excellent,0,0,0,0,0,0,0,0,None,0,0,0.0728,0.1024,-0.1099
2026-09-01 11:11:00,28.4509,2.5843,22.0913,35.3274,0.1304,0.049,40.44,2.0665,0.0339,0.0281,-0.0981,0.0204,0.002,0.0345,53.8253,59.3095,0.2552,0.0691,0.117,0,0.0412,0.0251,0.0318,95.1077,96.2768,95.9142,91.1888,92.9527,88.9391,97.1625,94.0813,Excellent,0,0,0,0,0,0,0,0,None,0,0,0.0788,0.0847,-0.1163
2026-09-01 11:12:00,31.7182,2.3592,25.6512,38.257,0.0531,0.0308,35.6269,1.4964,-0.0279,0.0315,-0.0297,0.0256,0.0369,0.0165,55.8445,60.0124,0.3439,0.0386,0.0572,0,0.0163,0.0124,0.0124,96.662,94.3603,96.3169,92.8626,94.085,91.6314,96.563,94.6557,Excellent,0,0,0,0,0,0,0,0,None,0,0,0.0629,0.0996,-0.0647
2026-09-01 11:13:00,31.5814,2.0939,25.8593,37.7223,0.1472,0.0711,38.6952,1.7697,0.0517,0.0013,0.0133,0.0215,0.0481,0.0306,56.3161,62.5419,0.3543,0.1079,0.1171,0.0138,0.1044,-0.0406,0.0061,94.391,94.6618,92.9038,94.7256,91.861,86.5321,95.1773,92.6437,Excellent,0,0,0,0,0,0,0,0,None,0,0,0.0611,0.1003,-0.0537
2026-09-01 11:14:00,35.1532,2.0673,29.4658,41.2541,0.096,0.0676,33.7311,1.6365,0.128,0.0346,-0.0884,0.0222,0.0537,0.024,53.1089,58.1072,0.2684,0.1096,0.0087,0,0.203,0.0148,0.0263,95.5254,94.1288,97.3532,94.1923,94.1028,90.3224,94.1586,93.5665,Excellent,0,0,0,0,0,0,0,0,None,0,0,0.0592,0.0626,-0.1148
2026-09-01 11:15:00,33.5922,2.3262,27.5682,40.0815,0.0905,0.0655,38.8657,1.5853,0.0364,0.054,-0.0552,0.0349,0.1372,-0.0063,55.3932,60.2709,0.3725,0.0793,0.2182,0,0.0711,0.0345,0.0296,94.023,94.927,92.0295,94.4552,91.6342,85.6366,95.4771,92.2071,Excellent,0,0,0,0,0,0,0,0,None,0,0,0.0933,0.0631,-0.1031
2026-09-01 11:16:00,32.5757,2.3895,26.4694,39.1599,0.0817,0.0559,36.9463,1.8013,0.0569,0.0604,-0.0437,0.0159,-0.0009,0.006,56.5036,61.0134,0.2837,0.0712,0.0734,0.0051,0.0682,0.0408,0.0498,93.8824,97.3153,93.2273,93.6469,92.6764,89.6361,96.0394,93.6941,Excellent,0,0,0,0,0,0,0,0,None,0,0,0.0666,0.069,-0.023
2026-09-01 11:17:00,33.7278,2.0779,28.0264,39.8447,0.1045,0.0271,38.8103,1.5464,0.0612,0.0194,-0.0154,0.0156,0.0548,0.0214,54.4312,61.8107,0.3412,0.1252,0.0662,0.0311,0.0712,0.1134,0.0239,94.25,94.3876,94.3073,93.9745,95.3913,88.0706,95.0122,94.4063,Excellent,0,0,0,0,0,0,0,0,None,0,0,0.0152,0.096,-0.1368
2026-09-01 11:18:00,34.407,2.0803,28.7026,40.5275,0.2259,0.0657,36.4332,1.7853,0.1409,0.028,-0.076,0.0322,0.0677,0.0276,56.8855,62.3324,0.2416,0.0916,0.0189,0.0204,0.0955,0.0223,-0.0042,95.1359,95.7121,94.4582,91.9061,90.5764,89.0878,94.7464,93.1722,Excellent,0,0,0,0,0,0,0,0,None,0,0,0.0672,0.1136,-0.2507
2026-09-01 11:19:00,30.1641,2.4952,23.9204,36.9069,0.0703,0.0145,35.4842,2.1561,0.0074,0.0217,-0.0423,0.0013,0.1398,0.0365,57.1076,61.7179,0.2986,0.0999,0.0241,0.0039,0.1686,0.0302,0.028,94.8891,97.1112,93.6238,93.1882,96.0305,89.0297,91.9189,93.5259,Excellent,0,0,0,0,0,0,0,0,None,0,0,0.062,0.1082,-0.099
2026-09-01 11:20:00,33.515,2.17,27.694,39.77,0.0562,0.0024,34.9048,1.7811,0.1121,0.0482,-0.0161,0.0081,0.0442,0.0217,58.6483,63.8094,0.3825,0.068,0.0727,0,0.0021,0.0448,0.0174,93.9904,93.2164,94.944,93.7356,95.1072,88.0579,93.285,93.2822,Excellent,0,0,0,0,0,0,0,0,None,0,0,0.0582,0.1374,-0.1431
2026-09-01 11:21:00,32.1059,2.6845,25.616,39.1327,-0.005,0.0264,39.4804,2.2833,0.0618,0.0127,0.0187,0.0432,0.0501,0.057,54.86,59.312,0.2649,0.0632,0.1486,0.0196,0.0384,0.0397,0.0072,95.5619,93.8909,95.0761,93.8696,95.1232,90.1535,96.7794,94.0957,Excellent,0,0,0,0,0,0,0,0,None,0,0,0.0484,0.0837,-0.1275
2026-09-01 11:22:00,32.3588,2.4857,26.1274,39.0873,0.2228,0.057,37.6596,2.0058,0.0251,0.0556,-0.0908,0.0054,0.0849,0.0084,58.4837,62.7502,0.3132,0.0755,0.1293,0.0193,0.0465,0.0903,-0.0169,95.1527,95.242,93.3008,94.249,94.2866,85.6266,94.9458,92.9265,Excellent,0,0,0,0,0,0,0,0,None,0,0,0.0766,0.1327,-0.1833
2026-09-01 11:23:00,31.375,2.2207,25.488,37.7061,0.1636,0.0915,34.1966,1.5137,0.0833,0.0149,-0.0026,0.0239,0.0784,0.0456,60.7614,68.5469,0.3272,0.1077,0.0428,0,0.0655,0.0384,0.0139,93.9294,94.514,94.0297,95.7872,92.8682,87.9784,96.5896,94.197,Excellent,0,0,0,0,0,0,0,0,None,0,0,0.0471,0.104,-0.2369
2026-09-01 11:24:00,33.399,2.2519,27.4715,39.7768,0.0898,0.0131,37.9429,1.5312,0.053,0.042,-0.0572,0.0198,0.1031,0.0366,53.6027,57.9353,0.2397,0.0957,0.1072,0.0193,0.1281,0.0328,0.0187,95.4334,96.8181,92.9081,94.9697,94.4866,86.3842,94.6722,93.9781,Excellent,0,0,0,0,0,0,0,0,None,0,0,0.0666,0.1127,-0.206
2026-09-01 11:25:00,32.2236,2.0948,26.5004,38.3657,0.1267,0.039,37.512,1.7178,0.0238,0.0409,-0.0537,0.002,0.063,0.023,51.0955,56.1357,0.2114,0.0504,-0.0215,0.0166,0.0492,0.0472,0.0396,91.9245,98.1121,97.6261,93.7583,96.4425,89.0074,94.4526,94.0969,Excellent,0,0,0,0,0,0,0,0,None,0,0,0.0864,0.091,-0.1049
2026-09-01 11:26:00,32.6211,2.7509,26.045,39.7474,0.0706,0.0668,40.6994,1.6512,0.0941,0.0422,0.0042,0.0312,0.0368,0.0535,58.5784,63.509,0.3526,0.113,0.1314,0.0162,0.0593,0.0339,0.0167,93.817,96.6118,93.6157,93.3902,92.9116,86.3369,95.7934,94.4761,Excellent,0,0,0,0,0,0,0,0,None,0,0,0.0343,0.1033,-0.1134
2026-09-01 11:27:00,35.993,2.0321,30.3513,42.0412,-0.0413,0.0348,35.0731,1.8049,0.0125,0.0222,-0.019,0.0322,0.0708,0.055,53.5541,58.0706,0.2926,0.0702,0.089,0,0.0648,0.0403,0.0128,94.5801,97.4897,92.4188,99.8387,96.5256,90.4617,98.7857,95.9184,Excellent,0,0,0,0,0,0,0,0,None,0,0,0.0274,0.1094,-0.2431
2026-09-01 11:28:00,36.1864,2.3123,30.1804,42.6548,0.109,0.0209,34.6055,1.558,-0.0372,0.0052,-0.0768,0.0447,0.182,0.0436,55.9751,61.0743,0.3752,0.1187,0.1121,0.0165,0.1133,0.1446,0.0242,94.5611,95.9407,93.504,90.3552,93.9007,84.6806,96.8573,92.6455,Excellent,0,0,0,0,0,0,0,0,None,0,0,0.096,0.0862,-0.066
2026-09-01 11:29:00,34.4943,2.0944,28.7716,40.6358,0.1337,0.0429,38.6078,1.5649,0.0826,0.0319,0.0451,0.0056,0.112,0.019,56.4372,64.9852,0.1789,0.0206,0.0783,0.0034,0.0272,0.0312,0.0117,97.6058,97.7423,97.111,98.4584,93.4996,85.8117,98.8811,95.2641,Excellent,0,0,0,0,0,0,0,0,None,0,0,0.0465,0.0406,-0.2241
2026-09-01 11:30:00,33.6338,3.0496,26.6693,41.2082,0.1957,0.0458,35.7129,1.9017,0.2218,0.0501,0.0373,0.0494,0.1069,0.0114,54.6241,60.407,0.335,0.1066,0.1138,0.0137,0.0863,0.0959,0.0247,93.765,91.1556,95.3753,92.3348,91.6306,86.6637,96.1532,92.6477,Excellent,0,0,0,0,0,0,0,0,None,0,0,0.0878,0.0827,-0.1795
2026-09-01 11:31:00,36.7462,2.4242,30.5948,43.3824,0.1287,0.0326,36.6867,1.7892,0.0953,0.0434,-0.0534,-0.0051,0.0791,0.024,53.5005,59.127,0.2594,0.0916,0.111,0.0102,0.076,0.0356,0.0304,95.4162,96.4121,96.8583,93.7988,91.4134,87.288,96.5108,93.504,Excellent,0,0,0,0,0,0,0,0,None,0,0,0.0697,0.055,-0.2056
2026-09-01 11:32:00,35.4735,2.4184,29.3296,42.1011,0.0498,0.0422,38.3265,1.7663,0.0909,0.0375,-0.0167,0.0563,0.1116,0.026,60.2052,67.4397,0.3254,0.1328,0.129,0.0238,0.1436,0.0268,0.0365,94.059,96.7611,94.2455,94.6704,95.3171,86.3153,94.4625,93.1009,Excellent,0,0,0,0,0,0,0,0,None,0,0,0.0586,0.136,-0.0561
2026-09-01 11:33:00,29.9152,2.3383,23.8754,36.4226,-0.0063,0.0263,38.2063,1.8428,-0.0269,0.0341,-0.069,0.0222,0.1202,0.0157,52.1246,56.3535,0.3201,0.0613,0.0693,0.009,0.0627,0.0282,0.0631,94.1779,95.6543,93.7272,89.974,95.5587,81.8719,97.1284,91.1413,Excellent,0,0,0,0,0,0,0,0,None,0,0,0.0682,0.1,0
2026-09-01 11:34:00,33.4986,2.4235,27.348,40.1338,0.161,-0.009,38.8695,1.6283,0.106,0.0357,-0.1208,0.0019,0.0672,0.0239,58.6522,65.8088,0.2637,0.1584,0.0522,0.0087,0.0596,0.0449,0.0425,93.3765,96.3989,92.8229,94.6993,92.723,85.2257,94.6747,92.9559,Excellent,0,0,0,0,0,0,0,0,None,0,0,0.0525,0.0851,0
2026-09-01 11:35:00,33.3021,2.3772,27.2117,39.8679,0.1308,0.0382,37.5423,2.3874,0.0988,0.0146,-0.0654,0.0461,0.069,0.0256,59.2961,64.419,0.391,0.1047,0.1152,0.0057,0.0188,0.0861,0.0289,95.0524,96.1155,91.7589,93.5552,89.853,85.8066,93.0617,92.1787,Excellent,0,0,0,0,0,0,0,0,None,0,0,0.0891,0.0986,-0.1666
2026-09-01 11:36:00,31.1462,2.4087,25.0148,37.7592,0.0306,0.0447,38.1839,1.8861,0.1421,0.0594,-0.0976,0.0196,0.1546,0.0131,59.8345,64.6666,0.3681,0.0963,0.1535,0.0257,0.1476,0.0296,0.0193,95.3239,97.4139,93.5163,90.5892,91.9884,85.088,95.3535,93.2373,Excellent,0,0,0,0,0,0,0,0,None,0,0,0.0965,0.1096,-0.2525
2026-09-01 11:37:00,32.9342,2.4864,26.7019,39.6638,0.105,0.0314,40.5584,1.5352,0.1319,0.0106,-0.0503,0.0178,0.0624,0.0545,53.7001,62.6653,0.2274,0.0678,0.0479,0.0204,0.0558,0.0944,0.0095,92.4053,95.0812,95.2294,92.141,93.7799,88.5522,94.1745,92.1449,Excellent,0,0,0,0,0,0,0,0,None,0,0,0.0621,0.0925,-0.0987
2026-09-01 11:38:00,37.6961,2.7522,31.1182,44.8243,0.2424,0.0681,35.4768,1.5933,0.0722,0.0568,-0.0003,0.0585,0.0508,0.0459,60.1737,66.5642,0.3459,0.1356,0.051,0.0266,0.0878,0.0353,0.0372,95.0906,94.5317,91.7411,91.4077,90.9922,79.6495,91.0189,89.7777,Healthy,0,0,0,0,0,0,0,0,None,0,0,0.1209,0.1178,-0.3677
2026-09-01 11:39:00,36.0743,2.8523,29.3664,43.3527,0.1502,0.054,37.94,1.6442,0.1098,-0.0024,-0.0219,0.0501,0.0641,0.0367,55.7409,62.63,0.2788,0.1465,0.0751,0.0219,0.0451,0.131,-0.0052,94.8008,92.0066,92.3113,96.3919,94.4219,82.512,94.8088,91.6404,Excellent,0,0,0,0,0,0,0,0,None,0,0,0.0921,0.1554,-0.107
2026-09-01 11:40:00,35.2114,2.5922,28.8416,42.0997,0.0878,0.0265,39.1783,1.8632,0.1561,0.0351,-0.1131,0.0155,0.0591,0.032,58.9079,63.7979,0.4396,0.1341,0.1745,0,0.0757,0.106,0.0365,92.9109,93.7491,95.2308,92.8597,93.6153,84.7097,94.3727,92.2039,Excellent,0,0,0,0,0,0,0,0,None,0,0,0.0655,0.1579,-0.127
2026-09-01 11:41:00,33.7033,2.3844,27.6036,40.2798,0.1766,0.0648,37.5123,1.8657,0.0651,0.0274,-0.0437,0.0115,0.0688,0.0595,59.3244,64.9374,0.5298,0.0741,0.052,0.0373,0.0631,0.0842,0.0595,92.3049,93.5751,93.8387,92.4139,91.1322,82.449,92.0911,91.0058,Excellent,0,0,0,0,0,0,0,0,None,0,0,0.1025,0.1224,-0.2092
2026-09-01 11:42:00,33.2666,2.2498,27.3419,39.6413,0.1246,0.0409,37.7371,2.0905,0.0773,0.024,-0.1061,0.0063,0.1138,0.0252,59.7665,65.1596,0.27,0.1053,0.173,0.0098,0.0463,0.0432,0.0211,94.1293,94.1558,93.4961,92.2723,92.9904,84.4653,94.7451,92.4752,Excellent,0,0,0,0,0,0,0,0,None,0,0,0.0738,0.1486,-0.1389
2026-09-01 11:43:00,34.7365,2.2732,28.7814,41.1464,0.1877,0.0389,36.8753,1.5336,0.1671,0.035,0.0152,0.0062,0.0759,0.0293,63.6407,69.5488,0.3845,0.1192,0.1124,0.0248,0.1149,0.0631,0.0215,93.4033,94.5564,93.4666,91.6931,94.3588,81.2728,96.2415,92.8397,Excellent,0,0,0,0,0,0,0,0,None,0,0,0.0858,0.176,-0.1517
2026-09-01 11:44:00,32.914,2.3857,26.8126,39.4925,0.0345,0.079,39.2951,2.0761,0.1312,0.0381,-0.0075,0.0384,0.0667,0.0096,61.1021,66.308,0.2398,0.1111,0.0724,0.0126,0.0547,0.0788,0.0216,92.4256,96.0673,94.7554,91.3101,93.5568,86.5644,94.5138,92.5765,Excellent,0,0,0,0,0,0,0,0,None,0,0,0.0628,0.0671,-0.1208
2026-09-01 11:45:00,34.9872,2.2014,29.1254,41.2893,0.1194,0.0637,37.2108,1.5566,0.0615,0.0017,-0.0483,-0.0024,-0.0249,0.0161,57.8774,63.8384,0.2422,0.106,0.1599,0.0243,0.0706,0.0952,0.0187,92.6722,95.9508,92.2329,93.7569,92.6902,84.1476,93.9174,92.7715,Excellent,0,0,0,0,0,0,0,0,None,0,0,0.0484,0.1208,-0.1916
2026-09-01 11:46:00,33.8952,2.2156,28.0149,40.2186,0.2018,0.0246,37.406,1.5753,0.0996,-0.0057,-0.0293,-0.0151,0.0975,0.0238,58.1614,65.3385,0.3137,0.1246,0.1241,0.0135,0.0654,0.1013,0.0352,93.3595,94.2942,93.1502,93.5595,91.3845,82.4559,94.5326,91.5679,Excellent,0,0,0,0,0,0,0,0,None,0,0,0.0871,0.1352,-0.2609
2026-09-01 11:47:00,31.1005,2.1961,25.2455,37.3947,0.1228,0.0233,37.4279,1.6774,0.0298,0.0615,-0.0134,0.0194,0.0129,0.0286,59.6273,64.2889,0.3847,0.1388,0.0921,0.0084,0.0484,0.0405,0.0384,93.4974,92.5179,94.6989,93.2714,92.2101,82.2064,96.4769,92.2113,Excellent,0,0,0,0,0,0,0,0,None,0,0,0.0608,0.1151,-0.2501
2026-09-01 11:48:00,29.3725,2.4065,23.2441,35.9821,0.1083,0.0816,39.122,1.5897,0.0378,0.0041,-0.043,0.0322,0.057,0.0081,55.2828,60.8368,0.3375,0.0561,0.0272,0.0014,0.0611,0.1414,0.019,94.6298,94.152,98.2963,92.9944,92.6738,86.7255,93.077,93.3642,Excellent,0,0,0,0,0,0,0,0,None,0,0,0.0662,0.0823,-0.1965
2026-09-01 11:49:00,32.2139,3.0618,25.2336,39.8066,0.0717,0.0212,36.2992,1.6526,0.0304,0.0513,0.0253,0.0167,0.1112,0.0236,55.4842,61.2446,0.319,0.1073,0.0192,0.0147,0.0378,0.0148,0.022,91.896,94.8788,97.4982,94.8322,92.0508,88.1106,95.3979,92.8686,Excellent,0,0,0,0,0,0,0,0,None,0,0,0.0625,0.0988,-0.1876
2026-09-01 11:50:00,35.7828,2.4754,29.5648,42.4959,0.2231,0.0883,35.2548,1.6872,0.1034,0.0637,0.0029,0.0218,-0.001,0.0326,56.6108,61.311,0.4517,0.1222,0.0632,0.0007,-0.0057,-0.0163,0.0504,95.1086,94.6059,93.4525,92.9759,92.4867,86.2133,95.0451,90.9367,Excellent,0,0,0,0,0,0,0,0,None,0,0,0.1065,0.0692,-0.2073
2026-09-01 11:51:00,33.7714,2.6301,27.3522,40.7165,0.1632,0.034,34.6865,1.89,0.1105,0.0556,-0.0388,0.0331,0.0317,0.0289,54.8482,60.1799,0.3576,0.125,0.0893,0.0242,0.058,0.0318,0.0312,95.5085,98.5635,95.3908,92.1071,91.8201,84.1492,95.0803,91.802,Excellent,0,0,0,0,0,0,0,0,None,0,0,0.1024,0.0984,-0.1017
2026-09-01 11:52:00,35.2581,2.5939,28.8861,42.1489,0.126,0.0486,37.9573,1.6832,0.1224,0.0235,-0.0192,0.0323,0.1481,-0.0147,58.9121,65.9451,0.2146,0.1597,0.1117,0,0.1057,0.0203,0.0133,95.7629,94.024,91.9753,95.7593,93.5573,82.7634,93.0563,91.8736,Excellent,0,0,0,0,0,0,0,0,None,0,0,0.1049,0.0981,-0.2863
2026-09-01 11:53:00,34.6612,2.2196,28.7757,40.9905,-0.0002,0.0453,39.5074,1.6987,0.1588,0.0795,-0.0735,0.0281,0.1461,0.0475,63.1719,71.8633,0.3876,0.1441,0.0444,0.0125,0.1546,0.0582,0.0079,90.0999,94.1008,91.8907,90.6919,91.6687,81.5811,93.9637,90.4753,Excellent,0,0,0,0,0,0,0,0,None,0,0,0.0768,0.1197,-0.2343
2026-09-01 11:54:00,36.5294,2.4537,30.3396,43.2099,0.1412,0.0104,36.4557,2.1062,0.0726,0.008,-0.117,-0.0011,0.0504,0.0658,62.4811,69.7537,0.4297,0.1187,0.1273,0.0165,0.0337,0.0158,0.0404,91.758,94.9208,94.4128,93.8997,92.7435,81.5294,95.0678,91.4467,Excellent,0,0,0,0,0,0,0,0,None,0,0,0.0709,0.0726,-0.1475
2026-09-01 11:55:00,30.3683,2.8576,23.6534,37.6546,0.1205,0.0411,35.1004,1.6436,0.0273,0.0147,-0.0114,0.0166,0.0708,-0.0017,56.4229,62.3925,0.266,0.0794,0.1112,0.0208,0.0786,0.0325,0.0353,96.7734,96.9444,91.8595,98.0467,91.181,83.9654,95.3449,92.9366,Excellent,0,0,0,0,0,0,0,0,None,0,0,0.0761,0.1402,-0.0818
2026-09-01 11:56:00,34.3309,2.555,28.0094,41.1634,0.1734,0.0602,39.8762,1.9442,0.0578,0.0045,-0.0351,0.0149,0.1271,0.0198,58.2005,63.4454,0.3966,0.1319,0.1013,0.018,0.1357,-0.0116,0.0368,95.5582,96.7109,95.0031,92.0275,91.8452,85.4957,93.6722,92.2742,Excellent,0,0,0,0,0,0,0,0,None,0,0,0.0547,0.0854,-0.1429
2026-09-01 11:57:00,32.9694,2.206,27.1016,39.2783,0.1408,0.047,38.5717,1.6128,0.0747,0.0322,-0.1038,0.0153,0.0079,0.0171,57.434,62.72,0.4278,0.1203,0.1135,0.0038,0.087,0.1295,0.0254,92.41,92.9177,93.8926,91.4315,93.3406,82.0164,91.8251,91.0708,Excellent,0,0,0,0,0,0,0,0,None,0,0,0.0699,0.1362,-0.0983
2026-09-01 11:58:00,34.8596,2.7448,28.2914,41.9767,0.1098,0.021,37.0102,2.1457,0.0916,0.0367,-0.0023,0.0428,0.0956,0.0442,60.2963,66.3541,0.3257,0.0924,0.1155,0.0473,0.1071,0.0333,0.0474,90.8929,94.3212,94.1384,91.884,91.4353,83.4214,93.5317,90.3177,Excellent,0,0,0,0,0,0,0,0,None,0,0,0.0806,0.0812,-0.2571
2026-09-01 11:59:00,36.7692,2.4393,30.5981,43.4281,0.0672,0.0493,35.7239,2.163,0.0439,0.0194,-0.0431,0.0358,0.1359,0.0461,61.2883,67.1151,0.3174,0.1574,0.1377,0.0216,0.1034,0.005,0.0107,93.584,94.6836,94.0903,92.6935,91.6495,84.5525,94.6119,92.4499,Excellent,0,0,0,0,0,0,0,0,None,0,0,0.0934,0.1579,-0.1657
2026-09-01 12:00:00,35.7845,2.6589,29.3279,42.7729,0.1007,0.0904,43.0368,1.9619,0.1064,0.0276,-0.1026,0.0475,0.1143,0.0689,62.4122,68.9575,0.5138,0.1035,0.0679,0.0203,0.0638,0.0519,0.0196,92.6824,92.7416,90.8105,92.5413,91.4801,82.5349,94.4625,91.0584,Excellent,0,0,0,0,0,0,0,0,None,0,0,0.1007,0.1133,-0.249
2026-09-01 12:01:00,36.9248,2.4531,30.7358,43.6045,0.1568,0.0203,37.9209,1.6092,0.137,0.0507,-0.0193,0.0478,0.1291,0.0094,62.4465,69.9828,0.3433,0.1312,0.176,0.0205,0.093,0.1384,0.0324,91.6712,92.1535,91.6188,92.3583,89.234,82.3604,94.3053,89.5537,Healthy,0,0,0,0,0,0,0,0,None,0,0,0.106,0.1452,-0.2525
2026-09-01 12:02:00,33.9177,2.4477,27.7356,40.5893,0.0714,0.0537,41.4561,1.6773,0.1024,0.0195,-0.132,0.0216,0.1279,0.0516,65.5833,70.4478,0.5395,0.1206,0.1445,0.0144,0.1477,0.071,0.0144,93.1714,92.3414,91.3228,93.2398,91.1364,82.0321,92.288,91.4421,Excellent,0,0,0,0,0,0,0,0,None,0,0,0.0829,0.0893,-0.2844
2026-09-01 12:03:00,31.3151,2.3337,25.2813,37.8156,0.0813,0.0562,38.5387,1.7333,0.0108,0.0215,-0.0647,0.0128,0.0821,0.0329,60.2633,65.2776,0.3999,0.1025,0.1338,0.0179,0.0816,0.0648,-0.0066,96.7601,93.4749,92.5485,92.6406,90.6172,86.9408,93.5806,91.4994,Excellent,0,0,0,0,0,0,0,0,None,0,0,0.0726,0.1272,-0.0609
2026-09-01 12:04:00,33.6487,2.7676,27.0509,40.8001,0.1404,0.0536,39.006,1.8303,0.1082,0.036,-0.0661,0.0658,0.2045,0.041,60.4092,67.2334,0.4594,0.0974,0.1105,0.0216,0.0931,0.0521,0.0569,94.1524,93.4326,93.9606,91.7513,90.5892,80.6338,95.4989,90.4191,Excellent,0,0,0,0,0,0,0,0,None,0,0,0.0947,0.1606,-0.1828
2026-09-01 12:05:00,33.8971,3.2234,26.7066,41.7322,0.2236,0.0184,40.0957,2.4902,0.0282,0.0221,-0.0048,0.0232,0.0999,0.0136,64.8957,70.1641,0.3354,0.1469,0.1446,0.018,0.1379,0.0919,0.052,92.8462,94.2804,94.0513,93.73,90.8249,83.9753,93.873,91.4944,Excellent,0,0,0,0,0,0,0,0,None,0,0,0.0917,0.1143,-0.3399
2026-09-01 12:06:00,38.3897,2.6643,31.9261,45.3863,0.1369,0.0944,39.4172,1.8401,0.0852,0.0611,-0.1106,0.0435,0.1677,0.0514,64.9216,70.4416,0.53,0.1535,0.1202,0.0411,0.1573,0.0516,0.0135,90.0005,91.676,91.2921,90.6907,87.9291,78.0464,88.495,87.8263,Healthy,0,0,0,0,0,0,0,0,None,0,0,0.1459,0.1264,-0.4771
2026-09-01 12:07:00,36.6859,2.3624,30.6148,43.2294,0.2478,0.066,38.9542,2.0618,0.0357,0.0398,-0.1183,0.0286,0.0826,0.0304,66.0888,71.2969,0.328,0.1496,0.1555,0.0177,0.0561,0.0518,0.0208,92.1162,93.0212,92.3664,89.893,91.6221,79.7898,94.9688,90.3778,Excellent,0,0,0,0,0,0,0,0,None,0,0,0.1188,0.1027,-0.0974
2026-09-01 12:08:00,36.4175,2.5715,30.0746,43.2747,0.1716,0.0479,40.3497,1.5652,0.1325,0.018,-0.0469,0.0592,0.1711,0.0544,65.5836,71.3487,0.4726,0.1862,0.1165,0,0.0788,0.0755,0.0169,91.1782,93.4123,90.9582,93.4163,93.9429,82.3145,91.6476,90.8705,Excellent,0,0,0,0,0,0,0,0,None,0,0,0.0784,0.1417,-0.2723
2026-09-01 12:09:00,37.2299,2.3616,31.1599,43.7723,0.261,0.0077,39.8635,1.5958,0.125,0.0639,-0.0926,0.0214,0.1068,0.0281,63.3531,70.3336,0.4448,0.1012,0.1014,0.0253,0.0799,0.0576,0.0451,94.7153,92.5662,93.9628,88.6795,89.2927,80.0236,93.5949,89.8765,Healthy,0,0,0,0,0,0,0,0,None,0,0,0.1142,0.1427,-0.1693
2026-09-01 12:10:00,33.8208,3.0073,26.9112,41.3318,0.2027,0.0746,39.7113,1.8828,0.0837,0.0371,-0.0561,0.0239,0.0311,0.0595,60.7709,66.5133,0.4194,0.1422,0.1282,0.0275,0.0492,0.1068,0.0313,93.1346,93.6063,92.8393,93.0354,89.7606,79.0556,93.4128,90.6481,Excellent,0,0,0,0,0,0,0,0,None,0,0,0.089,0.167,-0.099
2026-09-01 12:11:00,39.0562,2.3593,32.9891,45.5952,0.0028,0.0679,40.2044,1.8585,0.07,0.0367,-0.2021,0.0508,0.0961,0.0348,63.0871,69.7527,0.4279,0.1372,0.0672,0.0171,0.0862,0.1115,0.0066,91.3633,92.0926,92.3393,90.8516,91.4182,80.9251,92.9415,90.2753,Excellent,0,0,0,0,0,0,0,0,None,0,0,0.086,0.1513,-0.2406
2026-09-01 12:12:00,34.3218,2.3332,28.2886,40.8216,0.1941,0.0616,39.4067,1.9082,0.1203,0.0285,-0.0461,0.0163,0.0954,0.0588,70.2097,76.8995,0.5481,0.1704,0.1986,0.0224,0.1742,0.1426,0.0199,91.106,91.9701,91.256,87.688,87.0605,78.2492,93.0815,88.652,Healthy,0,0,0,0,0,0,0,0,None,0,0,0.0999,0.1376,-0.275
2026-09-01 12:13:00,36.3912,2.3294,30.363,42.8854,0.1767,0.0691,41.4848,1.7416,0.1002,0.0726,-0.084,0.0188,0.1326,0.0584,64.8877,71.4055,0.5496,0.0799,0.0533,0.0247,0.0638,0.1454,0.038,91.7935,93.4563,91.1691,89.8654,90.2141,79.386,90.5463,89.181,Healthy,0,0,0,0,0,0,0,0,None,0,0,0.1014,0.1585,-0.3061
2026-09-01 12:14:00,33.4737,2.2116,27.5986,39.7911,0.1783,-0.0167,38.1968,2.227,0.083,0.0082,-0.0591,0.0237,0.1295,0.0377,63.3701,70.4746,0.4127,0.1476,0.1989,0.026,0.1713,0.0905,0.0229,94.1607,95.2096,91.9536,92.3536,90.7024,80.6352,93.4278,90.587,Excellent,0,0,0,0,0,0,0,0,None,0,0,0.1195,0.155,-0.3291
2026-09-01 12:15:00,35.105,2.3495,29.0507,41.6292,0.053,0.0151,39.2537,1.7113,0.1729,0.0379,-0.006,0.0414,0.0767,0.0159,65.2508,71.1771,0.5518,0.1454,0.133,0,0.069,0.0828,0.0259,91.156,95.8893,94.6818,89.8432,90.8655,78.9704,95.5359,90.5443,Excellent,0,0,0,0,0,0,0,0,None,0,0,0.1035,0.1219,-0.1196
2026-09-01 12:16:00,39.2043,2.6841,32.7149,46.2304,0.165,0.047,37.3231,1.7652,0.1375,0.0368,-0.069,0.0172,0.0652,0.0411,63.7635,70.7323,0.3494,0.1477,0.2046,0.0095,0.0482,0.0338,0.0422,90.7859,93.9591,91.4996,90.8407,90.5449,79.7764,92.9424,89.5351,Healthy,0,0,0,0,0,0,0,0,None,0,0,0.1087,0.1294,-0.1798
2026-09-01 12:17:00,34.5228,2.2079,28.6525,40.8347,0.1094,0.0266,35.1612,1.8806,0.0878,0.0224,-0.1155,0.0499,0.1776,0.0546,63.8673,70.9166,0.4461,0.1372,0.1296,0.0135,0.0011,0.0368,0.0177,93.4565,93.2435,89.8513,91.7155,91.4949,81.645,94.0791,92.3709,Excellent,0,0,0,0,0,0,0,0,None,0,0,0.0633,0.1727,-0.142
2026-09-01 12:18:00,35.1411,2.5224,28.862,41.9248,0.1221,0.0518,38.3235,1.7278,0.0471,0.0594,-0.0256,0.0155,0.1284,0.0238,59.1736,64.5936,0.4577,0.1244,0.1497,0.0409,0.2093,0.0352,0.0349,90.9209,98.2373,91.931,93.0871,91.2496,79.0141,93.2502,89.4554,Healthy,0,0,0,0,0,0,0,0,None,0,0,0.0958,0.1324,-0.1965
2026-09-01 12:19:00,34.4291,3.2756,27.1709,42.3424,0.1065,-0.0252,36.1141,1.6421,0.0385,0.0191,-0.0179,0.0249,0.0736,0.0451,60.5759,65.4184,0.4053,0.0879,0.097,0.0303,-0.0091,0.0307,0.0293,93.9195,94.1074,94.0694,91.4292,93.6459,83.5901,96.9717,92.8396,Excellent,0,0,0,0,0,0,0,0,None,0,0,0.0799,0.1579,-0.2482
2026-09-01 12:20:00,32.1849,2.599,25.8062,39.0835,0.0815,0.0822,42.0703,1.7582,0.0657,0.0283,0.0043,0.0236,0.0903,0.0653,65.3641,72.3779,0.5357,0.1065,0.1793,0.0241,0.072,0.0416,0.0144,95.0779,93.9627,91.3499,92.327,92.5471,80.1495,94.369,91.7145,Excellent,0,0,0,0,0,0,0,0,None,0,0,0.0837,0.1529,-0.2344
2026-09-01 12:21:00,32.8233,2.3866,26.7208,39.4032,0.1331,0.0758,37.1281,1.5572,0.1124,0.0429,-0.0834,0.0265,0.0797,0.0431,59.1714,63.9878,0.4441,0.1518,0.0687,0.0122,0.073,0.0482,0.0116,91.1729,94.0334,93.2031,92.065,89.8517,81.306,93.2951,89.794,Healthy,0,0,0,0,0,0,0,0,None,0,0,0.0882,0.1256,-0.1557
2026-09-01 12:22:00,35.6014,2.6694,29.1312,42.6055,0.0362,0.0423,44.4502,2.4775,0.1146,0.0747,-0.0488,0.0375,0.1368,0.0434,60.3075,65.7568,0.47,0.2083,0.096,0.0338,0.0409,0.1356,0.0337,93.5823,94.7111,93.1496,91.4258,89.5488,78.9081,92.0418,89.7356,Healthy,0,0,0,0,0,0,0,0,None,0,0,0.0785,0.1526,-0.153
2026-09-01 12:23:00,39.2793,2.3452,33.2306,45.797,0.1976,0.0796,39.0931,1.711,0.1318,0.0163,-0.0145,0.0447,0.1506,0.0472,66.7305,75.8118,0.4501,0.1316,0.2472,0.0241,0.0899,0.0584,0.0046,94.3478,94.1166,92.0912,91.5925,88.1341,77.2433,94.1572,87.7787,Healthy,0,0,0,0,0,0,0,0,None,0,0,0.1312,0.1836,-0.2534
2026-09-01 12:24:00,35.2397,2.4053,29.1129,41.8477,0.1981,0.0403,39.4119,1.7715,0.0751,0.0612,-0.0795,0.0409,0.0443,0.0633,60.4857,65.5272,0.4238,0.1281,0.113,0.0327,0.1609,0.0623,0.0253,89.7785,96.4338,90.8115,90.2328,91.0435,81.1413,95.7025,92.0992,Excellent,0,0,0,0,0,0,0,0,None,0,0,0.0903,0.1306,-0.2734
2026-09-01 12:25:00,37.6157,2.66,31.1577,44.6058,0.1271,0.093,40.2085,2.3367,0.0801,0.0384,0.0601,0.0307,0.1591,0.0705,66.8104,72.6725,0.3315,0.1365,0.1672,0.0263,0.1446,0.0316,0.0353,89.0973,92.213,92.7672,87.8232,91.5546,81.3806,90.9049,88.7837,Healthy,0,0,0,0,0,0,0,0,None,0,0,0.1379,0.164,-0.2053
2026-09-01 12:26:00,33.4709,2.3068,27.4721,39.9311,0.2085,0.0492,41.6854,1.6234,0.0658,0.0324,-0.1312,0.0059,0.1042,0.0406,63.7699,70.2232,0.4273,0.1737,0.164,0.0398,0.1144,0.1093,0.0342,89.8602,94.6665,94.2839,90.6715,93.205,79.3509,95.8897,90.4774,Excellent,0,0,0,0,0,0,0,0,None,0,0,0.082,0.1572,-0.303
2026-09-01 12:27:00,35.8333,2.3266,29.8087,42.3231,0.1355,0.0908,38.9995,1.983,0.1075,0.0147,-0.1805,0.0271,0.1176,0.0269,62.2487,68.4654,0.6821,0.1874,0.0912,0.0187,0.0974,0.0278,0.0124,91.6579,94.4924,92.0418,89.7158,90.6982,78.4181,91.3303,88.2232,Healthy,0,0,0,0,0,0,0,0,None,0,0,0.1274,0.1863,-0.2163
2026-09-01 12:28:00,39.8356,2.9822,32.9588,47.3089,0.2471,0.0992,40.524,2.1469,0.0888,0.0581,-0.0473,0.0243,0.1221,0.0278,66.2754,72.2196,0.5952,0.1799,0.2289,0.04,0.0714,0.08,0.0281,92.5392,93.9496,89.8849,91.4544,87.206,77.5167,88.6643,87.97,Healthy,0,0,0,0,0,0,0,0,None,0,0,0.1097,0.1871,-0.2508
2026-09-01 12:29:00,32.4346,2.4314,26.2737,39.0817,0.1842,0.0854,40.759,2.1905,0.0578,0.0439,-0.0602,0.0066,0.0761,0.0327,63.19,68.8807,0.3726,0.1229,0.0231,0.0227,0.0807,0.0664,0.0372,92.2846,92.7463,91.9546,91.5941,91.7816,80.5676,93.123,89.0825,Healthy,0,0,0,0,0,0,0,0,None,0,0,0.1031,0.09,-0.2574
2026-09-01 12:30:00,37.0038,2.3475,30.9521,43.525,0.1035,0.0728,38.9584,1.9694,0.0792,0.0488,-0.0911,0.0243,0.1236,0.0368,64.6675,70.8428,0.4397,0.1777,0.1172,0.0061,0.1218,0.0979,0.032,91.0994,94.4211,90.9101,90.7319,87.7917,77.3621,92.3066,89.0215,Healthy,0,0,0,0,0,0,0,0,None,0,0,0.1057,0.1463,-0.358
2026-09-01 12:31:00,35.3906,2.8358,28.7042,42.6443,0.0451,0.0055,41.6767,2.0032,0.0346,0.0446,0.0544,0.0099,0.0936,0.0645,65.0673,72.3918,0.546,0.1647,0.185,0.0313,0.046,0.0716,0.024,91.9234,91.4918,90.1749,90.8325,89.9322,79.7375,93.1258,90.334,Excellent,0,0,0,0,0,0,0,0,None,0,0,0.1163,0.1862,-0.5313
2026-09-01 12:32:00,36.9824,2.8293,30.3044,44.2263,0.1649,0.0483,37.9511,1.8486,0.1939,0.0318,-0.0212,0.0314,0.1068,0.0378,63.4563,68.908,0.3899,0.1744,0.1416,0.014,0.1301,0.0345,0.003,92.7574,91.4349,89.8314,91.2851,91.7168,77.3098,91.6807,90.1728,Excellent,0,0,0,0,0,0,0,0,None,0,0,0.0771,0.1737,-0.2046
2026-09-01 12:33:00,35.8622,2.6265,29.4477,42.802,0.1212,0.0164,37.7273,1.646,0.144,0.0285,-0.0378,0.0297,0.2164,0.0519,62.6101,70.3893,0.4237,0.1504,0.0549,0.0061,0.1001,0.0145,0.0313,92.3976,91.9347,92.7506,91.0769,91.8059,79.2185,92.6347,89.6245,Healthy,0,0,0,0,0,0,0,0,None,0,0,0.1107,0.1636,-0.3774
2026-09-01 12:34:00,35.9638,2.8179,29.3005,43.1907,0.1828,0.101,40.0468,1.8889,0.083,0.0112,-0.1009,0.0623,0.1805,0.0643,64.0955,69.9199,0.5166,0.1801,0.101,0.0195,0.066,0.1786,0.0372,90.3495,90.8764,92.3276,90.7319,90.6949,75.6764,91.4689,87.6725,Healthy,0,0,0,0,0,0,0,0,None,0,0,0.1118,0.164,-0.2233
2026-09-01 12:35:00,36.9063,2.5929,30.5355,43.7956,0.1929,0.0688,38.2855,1.9857,0.1096,0.0451,-0.1229,0.0169,0.1167,0.0581,65.7449,71.8512,0.4781,0.1465,0.142,0.0248,0.0749,0.0551,0.0261,92.126,91.0788,92.0527,91.1087,90.2151,76.7246,93.2068,88.0225,Healthy,0,0,0,0,0,0,0,0,None,0,0,0.1084,0.1783,-0.3559
2026-09-01 12:36:00,35.1862,2.5467,28.8756,42.0062,0.1027,0.1006,36.3161,1.8301,0.0972,0.0313,-0.0743,0.051,0.0238,0.0285,66.7457,73.1087,0.4057,0.1485,0.1493,0.0241,0.181,0.0133,0.0113,90.0359,94.7478,90.2933,88.4334,91.1205,76.4449,94.4565,89.0227,Healthy,0,0,0,0,0,0,0,0,None,0,0,0.0998,0.1808,-0.1845
2026-09-01 12:37:00,36.734,2.485,30.5034,43.4615,0.2078,0.0474,42.9474,2.0957,0.0742,0.0191,-0.1429,0.0351,0.0758,0.0622,64.6817,71.792,0.5384,0.2114,0.191,0.0098,0.1295,0.0484,0.0425,88.8348,92.5745,92.6165,92.3705,89.9748,72.0762,91.002,86.9499,Healthy,0,0,0,0,0,0,0,0,None,0,0,0.1213,0.1406,-0.347
2026-09-01 12:38:00,41.8763,2.5263,35.5921,48.6657,0.0944,0.0463,40.308,1.9132,0.1648,0.0423,-0.1101,0.0556,0.0451,0.068,68.0526,74.6361,0.5683,0.2106,0.2115,0.0118,0.1516,0.1091,0.0589,90.0214,94.2779,91.6609,88.8237,90.0427,73.5606,93.2767,88.0197,Healthy,0,0,0,0,0,0,0,0,None,0,0,0.1214,0.1827,-0.2094
2026-09-01 12:39:00,37.9702,2.5576,31.6453,44.8067,0.2656,0.0756,37.7869,1.9858,0.1372,0.027,-0.0206,0.0051,0.1189,0.0705,66.3158,72.6532,0.482,0.1941,0.0797,0.0168,0.0839,0.0873,0.0098,93.6557,93.4065,90.4353,92.4085,89.2698,76.4339,92.8318,90.4302,Excellent,0,0,0,0,0,0,0,0,None,0,0,0.0981,0.1415,-0.2603
2026-09-01 12:40:00,37.0872,2.6038,30.7023,43.9929,0.2127,0.0445,38.1074,2.3103,0.089,0.0558,-0.0348,0.0166,0.1036,0.0432,70.0513,77.4991,0.5009,0.1963,0.1266,0.0106,0.1137,0.0496,0.0324,92.9999,92.4311,90.6318,89.0898,86.6021,75.251,93.6532,88.9674,Healthy,0,0,0,0,0,0,0,0,None,0,0,0.1531,0.1678,-0.264
2026-09-01 12:41:00,40.0734,2.7025,33.5601,47.1272,0.1604,-0.004,41.1361,1.8344,0.1738,0.0551,-0.0674,0.0173,0.1418,0.0493,66.7994,74.1259,0.4269,0.1646,0.1367,0.0078,0.1723,0.0616,0.0327,92.2108,95.476,90.4467,90.4013,87.9548,79.039,93.4,89.4163,Healthy,0,0,0,0,0,0,0,0,None,0,0,0.1101,0.2044,-0.2596
2026-09-01 12:42:00,35.5473,2.7443,28.9797,42.6638,0.1362,0.0757,40.613,1.8034,0.1457,0.0456,-0.0905,0.0448,0.1277,0.0395,66.7972,75.4515,0.554,0.1724,0.2259,0.0,0.1146,0.106,0.0244,92.2195,93.4432,92.0669,89.9441,84.6728,76.5049,92.6258,87.4092,Healthy,0,0,0,0,0,0,0,0,None,0,0,0.106,0.1791,-0.2318
2026-09-01 12:43:00,36.3218,2.9019,29.5492,43.6747,0.2298,0.0935,40.2846,1.867,0.1051,0.081,-0.0966,0.0163,0.083,0.0695,70.3907,76.2006,0.6122,0.2026,0.221,0.0202,0.0814,0.0016,0.0377,89.906,93.9622,88.9827,90.4158,87.4341,75.0003,90.0127,87.0042,Healthy,0,0,0,0,0,0,0,0,None,0,0,0.1401,0.2221,-0.2437
2026-09-01 12:44:00,38.5857,2.2633,32.6433,44.9807,0.1482,0.0398,35.9846,1.8211,0.1771,0.0527,-0.0237,0.0164,0.0409,0.0519,66.566,73.4182,0.5366,0.1717,0.1828,0.0214,0.1117,0.1587,0.0532,90.2043,90.8654,93.6056,89.9797,89.6185,76.6057,93.2188,88.1727,Healthy,0,0,0,0,0,0,0,0,None,0,0,0.1004,0.1152,-0.4436
2026-09-01 12:45:00,39.0671,2.6961,32.5622,46.1112,0.2522,0.0474,39.3318,2.0559,0.1501,0.0355,-0.1799,0.0541,0.1149,0.0331,67.6437,73.5059,0.5219,0.1488,0.138,0.0248,0.1367,0.0728,0.0183,92.2164,94.9389,90.4671,91.1535,91.122,78.253,94.5736,90.1274,Excellent,0,0,0,0,0,0,0,0,None,0,0,0.1198,0.198,-0.3264
2026-09-01 12:46:00,37.8847,2.6392,31.4537,44.8435,0.232,0.0888,39.2476,2.4475,0.1822,0.074,-0.122,0.0354,0.1832,0.0668,68.2394,78.4193,0.555,0.1659,0.1651,0.0356,0.0603,0.0998,0.0193,94.5306,92.5689,91.2739,87.913,85.3332,72.6589,90.4662,87.8514,Healthy,0,0,0,0,0,0,0,0,None,0,0,0.1043,0.2018,-0.2571
2026-09-01 12:47:00,32.2691,2.5662,25.9331,39.1184,0.1949,0.0303,41.7335,1.8512,0.1288,0.0512,-0.1142,0.0464,0.0907,0.0195,67.8691,74.6517,0.6296,0.2063,0.1562,0.0168,0.138,0.147,0.0224,90.0155,94.3457,91.4552,89.0194,90.4852,75.48,90.6288,88.3581,Healthy,0,0,0,0,0,0,0,0,None,0,0,0.1163,0.2187,-0.2356
2026-09-01 12:48:00,37.8882,2.5805,31.5336,44.7589,0.2169,0.0791,37.2649,2.2357,0.1072,0.0081,-0.1484,0.0503,0.1294,0.0421,68.5133,74.5742,0.5744,0.1937,0.1408,0.0266,0.1325,0.0657,0.0633,89.7227,92.587,88.0257,87.7424,89.6483,74.5184,92.0528,86.7102,Healthy,0,0,0,0,0,0,0,0,None,0,0,0.1382,0.1607,-0.2133
2026-09-01 12:49:00,35.2194,2.5878,28.8552,42.1011,0.2349,0.0926,41.5529,1.6573,0.1292,0.0071,-0.1137,0.0221,0.118,0.0485,62.1587,68.7143,0.4062,0.1487,0.1476,0.0176,0.1602,0.1212,0.0125,90.5008,95.2749,92.1607,92.0592,90.3895,80.5368,94.2309,90.8818,Excellent,0,0,0,0,0,0,0,0,None,0,0,0.081,0.1664,-0.3653
2026-09-01 12:50:00,36.0716,2.6755,29.5934,43.0849,0.2623,0.0617,37.9849,2.444,0.1149,0.0567,-0.0377,0.065,0.1032,0.053,67.6293,74.5302,0.5649,0.2135,0.202,0.0331,0.1386,0.0917,0.0186,91.3703,95.07,89.9823,88.5456,89.5511,76.8402,90.3988,86.3139,Healthy,0,0,0,0,0,0,0,0,None,0,0,0.1276,0.1821,-0.2995
2026-09-01 12:51:00,36.3838,2.6205,29.9772,43.3145,0.2232,0.0277,38.235,1.7871,0.2035,0.0557,-0.0638,0.0328,0.1313,0.0336,73.2609,81.5415,0.5525,0.159,0.1462,0.031,0.1021,0.0568,0.0399,89.5207,94.5131,92.0047,90.5037,87.5027,74.4886,93.5861,86.4422,Healthy,0,0,0,0,0,0,0,0,None,0,0,0.1387,0.2157,-0.1449
2026-09-01 12:52:00,37.6244,2.7766,31.0148,44.7893,0.0619,0.0687,42.0911,2.3642,0.1452,0.0428,-0.1044,0.0626,0.1759,0.0398,69.0608,76.7201,0.6484,0.1491,0.102,0.012,0.0713,0.1368,0.0711,91.5302,92.2418,91.9872,88.512,90.9761,75.1463,92.8138,87.8421,Healthy,0,0,0,0,0,0,0,0,None,0,0,0.1185,0.1333,-0.2761
2026-09-01 12:53:00,34.4255,2.8368,27.7377,41.6806,0.1984,0.072,39.4263,1.8013,0.148,0.0499,-0.1837,0.0481,0.1793,0.0584,68.3553,74.5159,0.6482,0.1854,0.1795,0.0421,0.1933,0.1005,0.0478,89.8664,91.3461,91.922,90.1019,88.5458,71.0047,93.5147,88.0573,Healthy,0,0,0,0,0,0,0,0,None,0,0,0.1001,0.2238,-0.3054
2026-09-01 12:54:00,33.8202,3.0211,26.8927,41.3519,0.247,0.0378,42.1762,1.9715,0.0565,0.0874,-0.0511,0.038,0.1364,0.0424,72.1206,80.0845,0.5752,0.2156,0.0858,0.0473,0.1648,0.0917,0.0342,92.4966,91.4075,90.6743,88.5026,86.5863,74.2369,90.9211,87.4572,Healthy,0,0,0,0,0,0,0,0,None,0,0,0.1202,0.1873,-0.3217
2026-09-01 12:55:00,38.8724,2.3696,32.7919,45.4268,0.2626,0.0552,41.6258,1.9426,0.1578,0.0435,-0.0928,0.0242,0.1023,0.06,69.0809,75.9961,0.619,0.2013,0.1009,0.0252,0.1632,0.1326,0.0295,89.1492,91.9495,92.5858,90.6045,85.1027,75.4128,88.5816,88.3611,Healthy,0,0,0,0,0,0,0,0,None,0,0,0.1291,0.1711,-0.2819
2026-09-01 12:56:00,37.1912,2.5945,30.8184,44.0829,0.2963,0.0225,40.1523,1.7801,0.1368,0.023,-0.1093,0.0279,0.2337,0.047,72.1215,79.0708,0.6765,0.1986,0.1439,0.0494,0.1606,0.1067,0.0766,89.1166,90.7052,88.6046,90.4061,86.6288,73.4204,90.329,84.9343,Healthy,0,0,0,0,0,0,0,0,None,0,0,0.1386,0.2049,-0.2254
2026-09-01 12:57:00,39.3167,2.7228,32.7771,46.4009,0.2153,0.0689,35.391,1.8037,0.1063,0.0704,-0.0477,0.0832,0.1297,0.045,77.9313,84.4192,0.6209,0.1867,0.2054,0.036,0.169,0.1086,0.05,90.5038,92.3942,91.1553,89.4137,87.322,69.5208,92.1437,86.1285,Healthy,0,0,0,0,0,0,0,0,None,0,0,0.1365,0.1888,-0.1663
2026-09-01 12:58:00,38.7369,2.6351,32.3113,45.6896,0.1943,0.0626,41.655,1.6599,-0.0113,0.0317,-0.0235,0.0222,0.1268,0.0901,67.7145,74.1811,0.5532,0.1425,0.1185,0.0068,0.1399,0.0789,0.0055,92.0273,93.9535,90.0238,90.9051,89.42,72.7424,92.3275,88.1985,Healthy,0,0,0,0,0,0,0,0,None,0,0,0.1055,0.1553,-0.258
2026-09-01 12:59:00,39.1721,2.5571,32.8479,46.0078,0.2142,0.0723,39.0096,1.8332,0.1153,0.0552,-0.1401,0.0717,0.2285,0.0492,75.2064,82.1405,0.7344,0.2186,0.1686,0.0388,0.0794,0.1945,0.0489,88.5732,90.9046,87.1125,90.077,86.0666,67.5371,93.0296,86.2221,Healthy,0,0,0,0,0,0,0,0,None,0,0,0.1349,0.2325,-0.3903
2026-09-01 13:00:00,37.4152,2.4967,31.1695,44.1603,0.068,0.129,42.3888,2.4559,0.1815,0.0496,-0.1182,0.0032,0.1753,0.0366,72.781,79.2164,0.5028,0.214,0.1948,0.0145,0.159,0.1652,0.0465,91.0245,91.0618,88.5577,88.361,88.0703,72.6871,91.2387,88.6324,Healthy,0,0,0,0,0,0,0,0,None,0,0,0.1222,0.1663,-0.4042
2026-09-01 13:01:00,35.1502,2.574,28.8039,42.0112,0.2198,0.0794,39.1734,1.91,0.1401,0.0455,-0.0909,0.0111,0.0443,0.0371,67.3051,74.3209,0.5408,0.1747,0.0921,0.0218,0.1281,0.0669,0.0489,91.5179,93.2578,90.2466,90.3809,89.869,71.9933,93.7053,87.5822,Healthy,0,0,0,0,0,0,0,0,None,0,0,0.1339,0.1182,-0.3161
2026-09-01 13:02:00,36.9532,2.4011,30.8318,43.5547,0.1109,0.0988,40.6112,1.6449,0.0553,0.0395,-0.1288,0.0258,0.0631,0.066,70.9523,76.5002,0.5483,0.1645,0.1534,0.0125,0.1193,0.1031,0.0332,91.5649,93.489,91.933,92.6301,86.6006,72.7762,90.2118,87.4139,Healthy,0,0,0,0,0,0,0,0,None,0,0,0.1019,0.1643,-0.2174
2026-09-01 13:03:00,41.9063,2.8022,35.2634,49.1096,0.1923,0.0989,42.7346,1.9122,0.1831,0.0147,-0.1746,0.0245,0.1036,0.077,77.902,84.4233,0.6756,0.271,0.2077,0.0356,0.1508,0.1151,0.0623,90.7199,91.7185,88.7545,88.4752,84.4895,70.878,91.0928,86.0208,Healthy,0,0,0,0,0,0,0,0,None,0,0,0.1224,0.2194,-0.324
2026-09-01 13:04:00,39.0276,2.7671,32.4304,46.1782,0.0749,0.0892,37.5709,1.8665,0.2392,0.0588,-0.0587,0.0751,0.1752,0.0895,70.8725,77.3036,0.66,0.1737,0.1784,0.0283,0.1829,0.1397,0.0523,91.0053,91.9351,90.1236,89.6151,88.9352,70.2044,91.8577,86.8149,Healthy,0,0,0,0,0,0,0,0,None,0,0,0.1358,0.229,-0.3452
2026-09-01 13:05:00,36.0284,2.6203,29.622,42.959,0.1623,0.0902,41.4136,1.7308,0.1382,0.0632,0.0131,0.0782,0.1412,0.058,73.7744,81.934,0.5783,0.1727,0.2135,0.0284,0.149,0.1146,0.0287,89.6188,93.7745,89.8812,87.8055,87.5623,73.2876,90.7773,88.2059,Healthy,0,0,0,0,0,0,0,0,None,0,0,0.1301,0.1533,-0.2895
2026-09-01 13:06:00,45.8548,2.6754,39.3767,52.8679,0.26,0.0939,41.1782,2.2726,0.1624,0.0345,-0.0731,0.0835,0.2011,0.0661,75.9467,83.8154,0.692,0.1749,0.1115,0.0482,0.1984,0.101,0.0324,88.5639,89.1895,88.3262,89.9759,85.2342,66.9482,88.3654,84.4971,Healthy,0,0,0,0,0,0,0,0,None,0,0,0.1408,0.2382,-0.389
2026-09-01 13:07:00,40.566,2.6869,34.073,47.5963,0.2473,0.0914,38.3952,1.7454,0.1676,0.0593,-0.1719,-0.0007,0.1037,0.0766,78.2252,86.6222,0.7288,0.2468,0.2006,0.0119,0.1541,0.0812,0.0357,87.4144,90.9278,89.9583,88.4158,84.5618,68.1126,90.1701,83.1109,Healthy,0,0,0,0,0,0,0,0,None,0,0,0.183,0.2085,-0.3228
2026-09-01 13:08:00,39.6577,2.9422,32.8329,47.0711,0.164,0.065,40.8839,1.8935,0.0775,0.0715,-0.04,0.0321,0.1324,0.0443,69.2875,76.0041,0.5459,0.161,0.19,0.0147,0.1266,-0.0111,0.0414,89.1018,91.0427,91.1771,88.5055,88.1031,71.9608,92.0576,86.0331,Healthy,0,0,0,0,0,0,0,0,None,0,0,0.1395,0.1902,-0.2611
2026-09-01 13:09:00,39.7855,2.6309,33.3653,46.7318,0.1829,0.0583,39.3159,1.975,0.0957,0.0298,-0.0857,0.0386,0.121,0.0681,74.7005,80.6659,0.5142,0.226,0.0806,0.0167,0.1244,0.1583,0.0035,87.6713,90.7761,90.7305,86.0373,86.2283,73.1293,92.513,85.5291,Healthy,0,0,0,0,0,0,0,0,None,0,0,0.1599,0.202,-0.3973
2026-09-01 13:10:00,37.0098,2.8775,30.269,44.3261,0.1201,0.0908,41.3866,2.0878,0.0833,0.0498,-0.086,0.0627,0.1321,0.059,76.2993,85.2711,0.6926,0.2323,0.2037,0.047,0.1601,0.0696,0.0423,90.5978,89.7703,88.8406,91.0674,85.7403,72.1191,91.6711,87.1614,Healthy,0,0,0,0,0,0,0,0,None,0,0,0.1167,0.1802,-0.32
2026-09-01 13:11:00,41.4684,2.4816,35.2424,48.1908,0.2441,0.1372,42.2457,2.0872,0.1342,0.0294,-0.0454,0.0334,0.083,0.0389,70.4727,77.2949,0.586,0.1944,0.1618,0.0329,0.1678,0.1471,0.0361,91.4025,90.5991,92.1664,89.3089,87.7082,68.6279,92.5749,86.1554,Healthy,0,0,0,0,0,0,0,0,None,0,0,0.1293,0.1814,-0.377
2026-09-01 13:12:00,39.8966,2.4712,33.6841,46.6033,0.2394,0.047,44.7294,2.2194,0.1736,0.0666,-0.1029,0.0561,0.1671,0.0667,72.2752,80.0291,0.7897,0.2608,0.1802,0.0544,0.1518,0.1509,0.0538,91.3921,88.8939,87.7388,88.3948,86.0952,68.3043,92.8182,84.9911,Healthy,0,0,0,0,0,0,0,0,None,0,0,0.1547,0.2263,-0.3735
2026-09-01 13:13:00,33.8567,2.4593,27.6596,40.5457,0.1913,0.1208,44.4176,1.94,0.1287,0.058,-0.078,0.0226,0.0894,0.0439,70.4001,77.3813,0.5509,0.2032,0.2252,0.0529,0.0922,0.1018,0.0234,89.7181,89.7882,92.9851,88.6499,89.7606,71.982,88.2479,87.8652,Healthy,0,0,0,0,0,0,0,0,None,0,0,0.0971,0.1588,-0.2011
2026-09-01 13:14:00,38.5733,3.0416,31.6192,46.1357,0.146,0.1151,40.3539,2.0357,0.1164,0.0582,-0.1446,0.0292,0.1312,0.0727,74.4569,80.8128,0.6496,0.2634,0.1181,0.0102,0.1971,0.0166,0.069,89.2991,92.0061,89.5099,86.7332,87.3541,72.2176,92.472,85.8136,Healthy,0,0,0,0,0,0,0,0,None,0,0,0.1605,0.1855,-0.3689
2026-09-01 13:15:00,41.5248,3.0708,34.5328,49.1309,0.1238,0.1051,43.0813,1.8845,0.1246,0.015,-0.0698,0.0122,0.1285,0.0426,73.5208,81.6962,0.7226,0.1949,0.1818,0.0316,0.1961,0.1224,0.0254,87.2958,92.2816,90.078,86.7127,85.5205,69.629,91.0006,83.1104,Healthy,0,0,0,0,0,0,0,0,None,0,0,0.1648,0.2374,-0.4739
2026-09-01 13:16:00,36.9968,2.5846,30.6369,43.8737,0.2445,0.0811,39.5892,2.3868,0.2273,0.074,-0.1941,0.0545,0.1891,0.0747,80.9234,90.9782,0.6745,0.2535,0.3219,0.0482,0.1217,0.0472,0.0219,89.7749,90.7862,88.2011,86.2212,84.5881,68.3223,90.1506,84.9094,Healthy,0,0,0,0,0,0,0,0,None,0,0,0.1263,0.2719,-0.2794
2026-09-01 13:17:00,35.5358,2.893,28.7749,42.8753,0.3045,0.1118,38.5267,1.9203,0.1897,0.0953,-0.1083,0.0326,0.1311,0.0632,79.2471,87.5776,0.778,0.2474,0.1821,0.0225,0.1322,0.122,0.043,89.7572,88.4036,86.1004,85.3395,87.3249,66.6395,90.1079,84.5485,Healthy,0,0,0,0,0,0,0,0,None,0,0,0.1644,0.2177,-0.4949
2026-09-01 13:18:00,35.8922,2.4713,29.6794,42.5992,0.2321,0.0704,39.3887,1.8305,0.176,0.1114,-0.2009,0.0941,0.1035,0.0387,72.8944,80.3304,0.6911,0.2149,0.1624,0.0212,0.1643,0.1533,0.0394,88.2988,90.7868,85.5596,87.6334,87.1465,68.5946,89.8816,85.6469,Healthy,0,0,0,0,0,0,0,0,None,0,0,0.1482,0.2245,-0.3114
2026-09-01 13:19:00,41.9111,3.0814,34.9052,49.5332,0.2018,0.1321,41.0806,2.6444,0.0843,0.0343,-0.1161,0.0643,0.1742,0.0527,79.8657,86.0609,0.7703,0.2785,0.1487,0.014,0.1669,0.1137,0.045,89.3954,90.9519,91.0274,82.8145,88.0512,68.4583,90.1723,84.1791,Healthy,0,0,0,0,0,0,0,0,None,0,0,0.1767,0.1934,-0.3565
2026-09-01 13:20:00,36.5758,2.6505,30.1302,43.5516,0.2113,0.1014,42.163,1.9298,0.2082,0.0533,-0.0149,0.027,0.1281,0.0821,77.6729,85.8255,0.7182,0.2913,0.249,0.0237,0.0793,0.1715,0.0504,87.7753,89.2939,84.9728,84.6566,85.8268,65.3886,92.3366,84.3144,Healthy,0,0,0,0,0,0,0,0,None,0,0,0.148,0.213,-0.2867
2026-09-01 13:21:00,44.4158,2.4974,38.1692,51.1619,0.1798,0.117,38.3104,2.5402,0.1342,0.0056,-0.1419,0.0405,0.1997,0.0664,75.2804,81.914,0.8244,0.2613,0.1578,0.0394,0.1885,0.198,0.0482,88.6589,91.7543,88.1252,87.7353,85.1358,68.6056,88.3059,85.2923,Healthy,0,0,0,0,0,0,0,0,None,0,0,0.1591,0.1776,-0.2991
2026-09-01 13:22:00,41.9153,2.9032,35.1412,49.2701,0.1606,0.0286,43.1886,1.9585,0.1529,0.0299,-0.1008,0.0164,0.1756,0.0675,72.665,80.6092,0.7136,0.256,0.2056,0.0227,0.1491,0.0954,0.0357,87.0686,91.3089,87.6518,87.3616,83.3722,69.9504,89.6808,84.465,Healthy,0,0,0,0,0,0,0,0,None,0,0,0.1779,0.2568,-0.3044
2026-09-01 13:23:00,38.7263,2.5728,32.3816,45.5855,0.2686,0.0956,41.4294,1.7696,0.2046,0.0709,-0.1429,0.0389,0.1413,0.0649,73.7706,79.7446,0.6549,0.2159,0.2112,0.0411,0.2108,0.1436,0.0372,91.2698,89.2401,89.6913,86.93,85.8057,72.2707,90.0466,85.9051,Healthy,0,0,0,0,0,0,0,0,None,0,0,0.1498,0.2132,-0.4586
2026-09-01 13:24:00,39.0132,2.5424,32.7081,45.8267,0.2601,0.0473,41.3706,1.9328,0.1648,0.0937,-0.2123,0.0304,0.1251,0.0333,73.4931,81.6284,0.8005,0.2396,0.1591,0.0319,0.1711,0.1295,0.0467,92.554,91.1918,88.9202,86.0587,84.324,64.9885,88.088,84.5139,Healthy,0,0,0,0,0,0,0,0,None,0,0,0.1573,0.2161,-0.4102
2026-09-01 13:25:00,39.7434,2.5431,33.4374,46.5581,0.1993,0.0272,42.3,1.9705,0.0622,0.0678,-0.1509,0.0441,0.0903,0.0536,79.3245,85.7727,0.6996,0.2313,0.3109,0.0332,0.1539,0.0607,0.036,87.7292,88.7277,87.9442,84.5917,83.9123,64.0548,87.1544,81.1821,Healthy,0,0,0,0,0,0,0,0,None,0,0,0.19,0.2167,-0.416
2026-09-01 13:26:00,40.2308,2.851,33.5245,47.5074,0.2445,0.1057,40.0352,2.2051,0.1349,0.0564,-0.1252,0.0452,0.1763,0.0563,78.4108,85.4128,0.8513,0.2276,0.2608,0.0429,0.1007,0.1315,0.0547,87.8045,87.2002,89.5193,85.0602,85.5242,64.4937,91.0203,81.9433,Healthy,0,0,0,0,0,0,0,0,None,0,0,0.1718,0.2148,-0.3773
2026-09-01 13:27:00,39.824,2.6556,33.3717,46.8075,0.0543,0.1192,40.1663,1.8273,0.1324,0.0674,-0.0991,0.0464,0.1694,0.0491,77.1034,86.2075,0.6871,0.2254,0.2394,0.0351,0.125,0.089,0.045,90.5036,90.6284,90.2503,90.7094,87.5175,69.1964,91.5286,85.9804,Healthy,0,0,0,0,0,0,0,0,None,0,0,0.1234,0.1949,-0.4594
2026-09-01 13:28:00,39.3407,3.3703,31.9593,47.3961,0.2657,0.0564,42.834,1.9232,0.1056,0.0966,-0.1538,0.0607,0.1658,0.0456,76.2798,83.6855,0.7556,0.2565,0.2693,0.0175,0.1578,0.1625,0.0609,87.5978,91.055,88.6069,84.8545,82.6366,66.1053,89.6117,84.8095,Healthy,0,0,0,0,0,0,0,0,None,0,0,0.1422,0.2706,-0.3405
2026-09-01 13:29:00,40.1627,2.9494,33.3285,47.5868,0.245,0.0623,41.1026,1.9667,0.1713,0.0961,-0.1653,0.0614,0.0826,0.0728,79.4616,87.6346,0.7937,0.2615,0.304,0.0373,0.1733,0.108,0.0307,92.0993,90.7663,88.3201,86.5139,82.8961,63.3822,87.1752,84.3507,Healthy,0,0,0,0,0,0,0,0,None,0,0,0.164,0.2329,-0.5134
2026-09-01 13:30:00,39.2434,3.0323,32.3014,46.7918,0.2135,0.0808,42.9995,2.0605,0.0413,0.0734,-0.1122,0.0035,0.1337,0.0567,74.4153,81.2476,0.7862,0.2514,0.1305,0.0246,0.0688,0.1158,0.0301,89.2443,92.1801,89.835,87.4501,85.5479,65.0991,93.498,86.8646,Healthy,0,0,0,0,0,0,0,0,None,0,0,0.13,0.237,-0.464
2026-09-01 13:31:00,39.8078,2.7644,33.2141,46.9544,0.1993,0.0755,44.9699,1.8775,0.1667,0.0269,-0.0935,0.0484,0.1894,0.0687,76.2755,83.8508,0.8188,0.261,0.2366,0.0413,0.1487,0.0668,0.0732,88.2455,92.6845,88.0783,88.4492,84.2433,64.5749,89.5564,83.704,Healthy,0,0,0,0,0,0,0,0,None,0,0,0.1729,0.2418,-0.5082
2026-09-01 13:32:00,36.8308,2.8267,30.1562,44.0708,0.304,0.0952,41.185,1.9954,0.1105,0.0838,-0.0706,0.0525,0.1372,0.0917,79.0412,87.3846,0.7363,0.2263,0.2492,0.0212,0.125,0.0847,0.053,87.085,90.8583,85.1138,88.2101,81.6767,67.2247,90.4549,83.1476,Healthy,0,0,0,0,0,0,0,0,None,0,0,0.185,0.2585,-0.2934
2026-09-01 13:33:00,41.3655,2.7381,34.8059,48.4727,0.2526,0.0331,42.6139,2.2379,0.0829,0.0995,-0.1693,0.0413,0.2043,0.0821,82.1443,88.9857,0.6765,0.3292,0.2062,0.0522,0.172,0.0981,0.0458,87.3561,92.5188,85.3142,86.2859,87.0323,62.7056,89.2438,82.5248,Healthy,0,0,0,0,0,0,0,0,None,0,0,0.1994,0.2271,-0.3726
2026-09-01 13:34:00,37.3682,2.5514,31.0513,44.1953,0.1428,0.0828,38.7893,1.8244,0.087,0.0342,-0.097,0.0081,0.1696,0.0475,79.0033,86.0699,0.6355,0.2366,0.244,0.0018,0.117,0.1547,0.0282,87.3493,88.8579,88.358,85.6662,87.0616,66.4328,89.8057,83.8113,Healthy,0,0,0,0,0,0,0,0,None,0,0,0.1528,0.2121,-0.4345
2026-09-01 13:35:00,42.1991,2.6887,35.7038,49.2321,0.2605,0.078,42.291,2.1744,0.1834,0.0537,-0.0302,0.0533,0.1551,0.0868,79.4816,87.119,0.7634,0.2179,0.1942,0.0362,0.1578,0.1039,0.0319,89.1476,91.5955,87.214,86.7707,86.2996,67.3319,90.5187,85.114,Healthy,0,0,0,0,0,0,0,0,None,0,0,0.1579,0.251,-0.3474
2026-09-01 13:36:00,40.6841,2.8177,34.021,47.9107,0.2453,0.0708,40.4573,1.9019,0.1859,0.0449,-0.0974,0.0237,0.2099,0.0721,79.5994,85.9564,0.6744,0.2149,0.2155,0.031,0.1692,0.1545,0.0534,86.8448,91.5114,87.0379,87.0923,86.1092,64.9367,91.9531,83.9303,Healthy,0,0,0,0,0,0,0,0,None,0,0,0.1611,0.271,-0.3802
2026-09-01 13:37:00,39.2063,2.6137,32.8085,46.1269,0.2964,0.082,40.6663,1.9632,0.2434,0.0562,-0.1703,0.0449,0.1927,0.0555,80.6696,86.9685,0.77,0.2358,0.2113,0.0349,0.1965,0.0934,0.0234,86.7365,89.6234,89.0177,85.276,83.8839,65.6141,89.8238,83.2416,Healthy,0,0,0,0,0,0,0,0,None,0,0,0.1483,0.2288,-0.3144
2026-09-01 13:38:00,41.3996,2.9035,34.6251,48.7548,0.2884,0.1136,41.4737,2.2936,0.1542,0.0555,-0.169,0.0508,0.2322,0.0574,81.1416,89.4869,0.7925,0.2391,0.2406,0.0571,0.1713,0.1172,0.0487,84.4895,90.574,86.608,84.4094,86.2712,62.2877,89.399,81.5328,Healthy,0,0,0,0,0,0,0,0,None,0,0,0.1897,0.2185,-0.4033
2026-09-01 13:39:00,42.022,3.14,34.94,49.7321,0.2958,0.0486,41.1049,2.1195,0.1451,0.0724,-0.1176,0.0221,0.2089,0.0686,82.5736,89.9185,0.7945,0.2747,0.2002,0.0648,0.1531,0.1315,0.0395,86.9312,89.9417,86.3414,84.4519,84.5836,63.3637,92.5126,82.9661,Healthy,0,0,0,0,0,0,0,0,None,0,0,0.1604,0.2671,-0.2775
2026-09-01 13:40:00,42.1354,2.9701,35.2742,49.5905,0.2069,0.0505,40.4241,2.3062,0.1232,0.0516,-0.1241,0.0539,0.163,0.0618,80.3167,86.8637,0.8027,0.2517,0.1735,0.0175,0.0396,0.0926,0.0286,88.5723,92.7292,84.8974,87.883,83.365,64.0073,93.3951,84.6705,Healthy,0,0,0,0,0,0,0,0,None,0,0,0.1087,0.265,-0.3996
2026-09-01 13:41:00,39.5753,2.7076,33.0555,46.6367,0.278,0.1186,42.797,2.6593,0.1281,0.0776,-0.1032,0.0572,0.2217,0.0821,86.8735,94.1831,0.9174,0.2878,0.2727,0.0473,0.1944,0.1558,0.0477,86.4316,86.8057,86.8761,83.1074,82.2511,60.5817,89.5826,81.6282,Healthy,0,0,0,0,0,0,0,0,None,0,0,0.1907,0.2681,-0.4322
2026-09-01 13:42:00,43.2768,3.2605,36.0383,51.1675,0.1759,0.066,40.5484,2.2705,0.1136,0.067,-0.1134,0.0681,0.1668,0.069,78.5446,88.0484,0.864,0.2414,0.2305,0.0333,0.1483,0.0922,0.0306,87.6947,91.8338,89.8301,87.6959,85.1896,67.1334,89.492,84.4906,Healthy,0,0,0,0,0,0,0,0,None,0,0,0.1352,0.2732,-0.3219
2026-09-01 13:43:00,37.7193,3.4295,30.261,45.8635,0.2277,0.1038,42.2237,2.2059,0.2144,0.0773,-0.0424,0.0659,0.1781,0.0844,78.216,85.7798,0.685,0.2811,0.1809,0.0397,0.1635,0.1015,0.042,89.5576,92.8302,87.1031,85.0681,87.8251,65.1423,88.7458,84.0338,Healthy,0,0,0,0,0,0,0,0,None,0,0,0.1725,0.2421,-0.3968
2026-09-01 13:44:00,38.5603,3.0257,31.6269,46.0989,0.1417,0.074,42.5327,2.1733,0.1747,0.0739,-0.0175,0.0548,0.1227,0.054,75.9769,85.0216,0.7522,0.2431,0.2711,0.0522,0.1449,0.0932,0.0519,85.6465,91.2331,88.8683,86.6496,86.1464,65.4086,89.9375,85.0314,Healthy,0,0,0,0,0,0,0,0,None,0,0,0.1514,0.2822,-0.3308
2026-09-01 13:45:00,40.656,2.8739,33.9198,47.9669,0.2411,0.1008,44.5406,2.9091,0.1914,0.0655,-0.1367,0.0664,0.1085,0.0557,81.5348,88.2308,0.8179,0.2891,0.2856,0.0267,0.1395,0.1627,0.0513,87.8619,91.837,84.4729,87.8934,84.5818,61.4623,90.9854,84.6416,Healthy,0,0,0,0,0,0,0,0,None,0,0,0.1762,0.2499,-0.3698
2026-09-01 13:46:00,38.5032,3.7586,30.6171,47.1411,0.2647,0.1039,40.4523,2.6483,0.1608,0.0941,-0.0445,0.0595,0.1487,0.061,84.1713,95.3528,0.7452,0.2871,0.2507,0.0363,0.1568,0.0555,0.0459,86.8613,90.0864,87.5824,82.1584,85.9925,58.5911,89.5278,81.4976,Healthy,0,0,0,0,0,0,0,0,None,0,0,0.1998,0.2819,-0.4619
2026-09-01 13:47:00,37.5153,2.6177,31.1122,44.4418,0.1915,0.0944,40.7157,2.1809,0.1474,0.0816,-0.1567,0.0243,0.1368,0.0697,77.3428,86.5687,0.7993,0.2737,0.2342,0.0478,0.1945,0.0903,0.0395,90.4276,86.7764,85.5945,84.2003,85.498,63.4485,89.5475,82.0717,Healthy,0,0,0,0,0,0,0,0,None,0,0,0.1841,0.2345,-0.4751
2026-09-01 13:48:00,39.2163,3.0163,32.295,46.7408,0.2056,0.0812,42.4755,1.9128,0.1874,0.0662,-0.056,0.0481,0.1788,0.0783,78.5747,87.2892,0.7182,0.283,0.2142,0.042,0.1706,0.1272,0.0591,87.0402,91.1919,88.2057,83.6525,84.0158,65.9196,94.6067,84.0052,Healthy,0,0,0,0,0,0,0,0,None,0,0,0.1603,0.2135,-0.4136
2026-09-01 13:49:00,39.977,3.3926,32.5666,48.066,0.1984,0.1146,42.7745,2.2141,0.1402,0.0468,-0.2169,0.0526,0.1959,0.083,82.7969,92.7744,0.7612,0.2885,0.2517,0.0217,0.1645,0.0794,0.0547,85.9625,90.7219,89.2275,84.8965,82.8336,60.3453,89.451,81.3976,Healthy,0,0,0,0,0,0,0,0,None,0,0,0.2,0.3065,-0.303
2026-09-01 13:50:00,42.4283,2.8817,35.6821,49.7509,0.3304,0.0691,41.5041,2.3986,0.2354,0.0537,-0.155,0.095,0.1972,0.0845,85.3343,94.095,0.8947,0.2873,0.2043,0.0291,0.1378,0.1602,0.0541,84.7238,90.1078,86.0247,84.6376,80.9231,57.952,88.4832,80.4232,Healthy,0,0,0,0,0,0,0,0,None,0,0,0.2109,0.3109,-0.3686
2026-09-01 13:51:00,40.1698,2.6411,33.7363,47.1315,0.2615,0.1167,47.2316,2.2661,0.166,0.0607,-0.0797,0.0654,0.2141,0.0989,82.3126,89.732,0.9138,0.3119,0.2207,0.0439,0.2541,0.104,0.0595,87.6314,87.3433,87.4846,82.8232,83.6981,62.9314,87.8352,80.6065,Healthy,0,0,0,0,0,0,0,0,None,0,0,0.1936,0.2727,-0.4461
2026-09-01 13:52:00,42.0453,3.2809,34.7801,49.9666,0.2499,0.1192,44.7427,2.6998,0.1384,0.0383,-0.1742,0.0472,0.2572,0.0504,84.4116,91.6194,0.8095,0.2581,0.1804,0.0476,0.2045,0.1792,0.0383,83.6824,90.3367,87.2746,86.5873,80.5037,63.2439,88.7556,83.4693,Healthy,0,0,0,0,0,0,0,0,None,0,0,0.1622,0.3086,-0.5032
2026-09-01 13:53:00,41.5622,3.3843,34.1626,49.6386,0.3697,0.1062,43.8066,2.3413,0.2107,0.0726,-0.0815,0.0829,0.1721,0.0935,87.1685,96.719,0.915,0.3223,0.2327,0.0315,0.1451,0.1819,0.0661,84.5998,89.3856,85.4191,84.6903,81.2603,57.4002,85.9175,80.968,Healthy,0,0,0,0,0,0,0,0,None,0,0,0.1982,0.304,-0.3095
2026-09-01 13:54:00,44.9894,2.8187,38.325,52.2175,0.2875,0.0957,41.9998,2.0462,0.2444,0.0643,-0.131,0.0625,0.126,0.0844,87.3761,94.5093,0.9205,0.3008,0.2212,0.0399,0.1151,0.1542,0.0352,85.5623,85.8609,84.8344,84.877,82.6482,58.9421,88.382,79.2161,Healthy,0,0,0,0,0,0,0,0,None,0,0,0.2209,0.2792,-0.4825
2026-09-01 13:55:00,36.4855,3.2854,29.2144,44.4137,0.257,0.0861,42.1247,2.0708,0.2466,0.0448,-0.1254,0.0478,0.202,0.088,86.0787,94.1056,0.8451,0.2943,0.2626,0.0598,0.201,0.1219,0.057,87.9293,89.9392,87.5154,83.8423,84.3005,59.4381,88.4399,82.3692,Healthy,0,0,0,0,0,0,0,0,None,0,0,0.1564,0.2752,-0.4486
2026-09-01 13:56:00,43.3781,3.6848,35.5879,51.9053,0.3205,0.1496,39.4274,2.2418,0.1738,0.0924,-0.0279,0.0123,0.114,0.0666,81.1639,91.0805,0.8596,0.281,0.3062,0.0527,0.1577,0.1561,0.0397,85.5861,91.0626,84.9771,83.7846,82.3461,59.3835,84.5442,79.3141,Healthy,0,0,0,0,0,0,0,0,None,0,0,0.2091,0.314,-0.4123
2026-09-01 13:57:00,41.1579,3.3727,33.7734,49.2169,0.2345,0.1135,42.0388,1.9261,0.1953,0.078,-0.0257,0.0674,0.0973,0.0515,83.1387,91.7057,0.8387,0.3264,0.2426,0.0286,0.2338,0.1179,0.0516,87.2464,90.2903,85.4453,84.9742,85.2912,63.0526,87.3839,82.49,Healthy,0,0,0,0,0,0,0,0,None,0,0,0.198,0.2657,-0.5616
2026-09-01 13:58:00,42.6062,2.6639,36.1431,49.6021,0.2533,0.1111,42.6293,1.9341,0.2421,0.0755,-0.1096,0.0791,0.2054,0.0894,78.8185,85.6729,0.8779,0.2877,0.1959,0.0415,0.147,0.1395,0.0626,86.5682,91.1171,85.7633,83.9853,83.547,60.6079,90.1023,81.9228,Healthy,0,0,0,0,0,0,0,0,None,0,0,0.1888,0.2957,-0.5844
2026-09-01 13:59:00,42.0431,3.4767,34.5234,50.2581,0.1913,0.1349,42.9182,1.9251,0.187,0.0239,-0.164,0.052,0.177,0.0631,82.2226,89.6352,0.8237,0.3248,0.2705,0.0482,0.1595,0.1341,0.0547,86.7732,86.8194,86.1471,81.02,83.1116,63.6529,86.8322,80.4875,Healthy,0,0,0,0,0,0,0,0,None,0,0,0.2076,0.2607,-0.5534
2026-09-01 14:00:00,42.0784,3.0343,35.1338,49.6298,0.2614,0.0837,41.8579,2.0875,0.1953,0.0961,-0.1814,0.0352,0.1783,0.0657,81.3316,90.9016,0.7682,0.2983,0.2084,0.0667,0.1976,0.0885,0.0372,85.8783,87.2099,86.0701,86.1193,82.484,59.0017,85.3572,79.432,Healthy,0,0,0,0,0,0,0,0,None,0,0,0.207,0.2777,-0.4545
2026-09-01 14:01:00,42.9424,2.8282,36.2658,50.1847,0.2271,0.095,38.7228,2.2632,0.0897,0.0834,-0.1342,0.0727,0.2306,0.0668,81.1477,89.0141,0.7342,0.3127,0.2315,0.0367,0.128,0.0717,0.0469,87.8275,89.6536,83.3065,84.1,84.4719,64.6547,88.565,82.7644,Healthy,0,0,0,0,0,0,0,0,None,0,0,0.1724,0.257,-0.537
2026-09-01 14:02:00,38.8592,2.8354,32.1731,46.1123,0.2344,0.1248,44.3392,1.9116,0.2882,0.0327,-0.1093,0.06,0.1907,0.0835,87.0887,94.1702,0.9922,0.2647,0.2791,0.0267,0.1217,0.1439,0.0637,85.9342,90.2639,85.3302,86.4019,81.0408,61.1003,88.9352,81.8184,Healthy,0,0,0,0,0,0,0,0,None,0,0,0.1818,0.2724,-0.6656
2026-09-01 14:03:00,43.3079,2.9232,36.5078,50.6927,0.3692,0.0943,45.2014,1.8501,0.226,0.0571,-0.1623,0.0743,0.1169,0.0948,86.9888,93.7539,0.9294,0.2752,0.2243,0.0454,0.153,0.1532,0.0654,88.0004,88.8256,84.3645,85.6237,83.023,59.1029,86.8875,80.9684,Healthy,0,0,0,0,0,0,0,0,None,0,0,0.2132,0.2794,-0.5202
2026-09-01 14:04:00,39.6075,3.0895,32.5912,47.2418,0.436,0.1441,42.9916,2.2833,0.1539,0.0867,-0.1329,0.0923,0.1992,0.066,85.9962,94.4253,0.829,0.2877,0.2287,0.0192,0.2197,0.2345,0.0345,88.7823,86.8405,86.2449,83.4312,83.4781,61.4094,86.5255,81.2287,Healthy,0,0,0,0,0,0,0,0,None,0,0,0.1988,0.2534,-0.3627
2026-09-01 14:05:00,41.9979,3.3657,34.6226,50.0464,0.333,0.1341,39.6791,2.147,0.2504,0.0942,-0.1508,0.0774,0.1983,0.0588,90.4006,98.833,0.9556,0.3144,0.3653,0.0414,0.2018,0.1122,0.0573,87.1444,88.9965,84.5493,84.3417,82.8657,56.1626,86.7057,79.7833,Healthy,0,0,0,0,0,0,1,0,AI_latency,1,9,0.1738,0.3135,-0.6287
2026-09-01 14:06:00,40.4628,2.8084,33.8119,47.6753,0.3399,0.0575,39.7393,2.2789,0.1458,0.075,-0.1755,0.0657,0.1955,0.0965,87.1338,97.1621,0.8571,0.3232,0.2816,0.0646,0.1059,0.1293,0.0541,88.0846,89.7944,88.3697,80.7823,82.0803,60.6324,86.9851,79.8969,Healthy,0,0,0,0,0,0,0,0,None,0,0,0.1808,0.2821,-0.4651
2026-09-01 14:07:00,40.7667,2.8451,34.068,48.0343,0.3372,0.0852,46.4926,2.6553,0.1298,0.082,-0.1075,0.087,0.2166,0.0586,86.8026,95.0901,0.9924,0.3275,0.3458,0.0521,0.1242,0.1503,0.0346,85.5341,85.3764,87.989,81.7419,83.9341,56.9284,89.7308,80.897,Healthy,0,0,0,0,0,0,0,0,None,0,0,0.1694,0.3568,-0.468
2026-09-01 14:08:00,44.8161,3.7214,36.9783,53.3983,0.1984,0.1403,47.0496,2.3106,0.189,0.0578,-0.0862,0.0962,0.1901,0.0654,89.3901,97.2488,1.0384,0.3401,0.3565,0.0462,0.2089,0.139,0.0375,86.6408,85.7946,84.8112,81.7644,82.1658,57.6596,87.1146,79.1332,Healthy,0,0,0,0,0,0,0,0,None,0,0,0.2151,0.3184,-0.5127
2026-09-01 14:09:00,44.8575,2.6758,38.379,51.8711,0.3085,0.0994,40.0272,2.1165,0.2289,0.0617,-0.0763,0.0194,0.2684,0.0967,84.3566,91.8124,0.9567,0.2923,0.1329,0.0269,0.1515,0.099,0.0641,86.9389,87.065,86.4801,86.7107,82.5157,58.8276,90.0451,81.8609,Healthy,0,0,0,0,0,0,0,0,None,0,0,0.1603,0.2865,-0.6217
2026-09-01 14:10:00,41.0448,2.9305,34.2352,48.4405,0.3058,0.0687,41.598,1.9943,0.1927,0.0673,-0.1468,0.0375,0.1658,0.0739,89.9937,97.4359,0.8838,0.2782,0.2636,0.0344,0.2112,0.1464,0.059,88.269,87.3811,86.7066,86.3322,84.1332,58.4382,85.1739,80.8574,Healthy,0,0,0,0,0,0,0,0,None,0,0,0.1733,0.2972,-0.6034
2026-09-01 14:11:00,42.4916,2.9009,35.7205,49.843,0.3168,0.0955,43.1934,2.9067,0.1607,0.0637,-0.2295,0.0483,0.2024,0.0825,86.3817,94.5811,0.8042,0.2926,0.3908,0.0554,0.1506,0.1322,0.0403,85.6966,88.9283,85.7176,82.805,85.8212,55.9535,87.6165,80.2004,Healthy,0,0,0,0,0,0,0,0,None,0,0,0.1843,0.2582,-0.547
2026-09-01 14:12:00,40.3422,2.9352,33.5265,47.745,0.2916,0.1045,44.384,1.8644,0.1394,0.0722,-0.0942,0.0805,0.0856,0.0628,81.5428,88.9121,0.861,0.2781,0.2203,0.0413,0.2122,0.157,0.0429,88.1568,90.2738,84.7306,86.2051,83.1749,61.8551,88.2764,79.6459,Healthy,0,0,0,0,0,0,0,0,None,0,0,0.2003,0.251,-0.5251
2026-09-01 14:13:00,44.5528,3.313,37.246,52.5223,0.3736,0.1126,42.8456,2.0331,0.268,0.0812,-0.1348,0.0704,0.242,0.0953,92.7602,101.3509,0.9593,0.3567,0.2617,0.0795,0.2062,0.1499,0.0314,87.7699,87.5452,85.0593,83.4506,80.4888,54.6762,85.719,79.7648,Healthy,0,0,0,0,0,0,1,0,AI_latency,1,8,0.1867,0.3057,-0.6929
2026-09-01 14:14:00,41.31,2.8919,34.5505,48.6477,0.2658,0.0814,42.3191,2.2408,0.2535,0.0949,-0.1566,0.0279,0.143,0.0689,86.01,95.4467,0.9129,0.3172,0.2748,0.0335,0.2328,0.1939,0.0631,88.5051,88.5754,85.7907,86.0565,82.1905,57.813,90.6558,81.501,Healthy,0,0,0,0,0,0,0,0,None,0,0,0.1729,0.2907,-0.6586
2026-09-01 14:15:00,46.2185,3.3285,38.8914,54.2113,0.3704,0.1067,42.605,2.6711,0.1943,0.0855,-0.0881,0.0817,0.2276,0.0809,93.7394,102.3888,0.9384,0.3333,0.3691,0.0347,0.165,0.1675,0.0582,83.179,82.6982,83.9355,84.2294,79.2316,52.6844,88.0389,79.0302,Healthy,0,0,0,0,0,0,1,0,AI_latency,1,9,0.1965,0.3124,-0.6739
2026-09-01 14:16:00,46.3349,3.5339,38.7408,54.6357,0.2529,0.0849,42.5096,2.2644,0.1534,0.1044,-0.1705,0.0821,0.1658,0.0824,89.6488,98.2594,0.9103,0.3567,0.2547,0.0449,0.2272,0.2084,0.0802,85.3335,90.1648,84.975,82.2446,80.944,57.0905,87.8229,81.311,Healthy,0,0,0,0,0,0,0,0,None,0,0,0.1774,0.3055,-0.5887
2026-09-01 14:17:00,41.9577,3.4816,34.4316,50.18,0.2766,0.1014,46.6287,2.0619,0.1698,0.1031,-0.1897,0.0861,0.2995,0.0892,93.7098,103.1711,1.1149,0.3791,0.3454,0.0692,0.2302,0.1696,0.0544,84.2089,86.7913,82.7717,80.5798,80.53,51.0855,86.6626,77.818,Healthy,0,0,0,0,0,0,1,0,AI_latency,1,8,0.2152,0.3522,-0.6214
2026-09-01 14:18:00,44.5153,3.295,37.2318,52.4578,0.3352,0.1337,46.6105,1.9778,0.2062,0.0723,-0.2588,0.0702,0.2179,0.0581,88.4073,95.8663,1.0166,0.2831,0.2378,0.0494,0.1625,0.1465,0.0267,82.1623,88.4364,85.9601,82.0265,82.1838,57.129,88.3202,79.8217,Healthy,0,0,0,0,0,0,0,0,None,0,0,0.1762,0.3068,-0.5051
2026-09-01 14:19:00,41.0606,3.8383,33.0707,49.8181,0.3062,0.1471,44.1327,2.3784,0.2121,0.0651,-0.1306,0.0882,0.2125,0.1125,96.7809,109.2847,1.0442,0.4025,0.3142,0.078,0.238,0.0927,0.0527,84.3491,89.5607,83.8029,81.1266,79.2405,52.966,86.7477,80.2004,Healthy,0,0,0,0,0,0,1,0,AI_latency,1,8,0.1959,0.3302,-0.5941
2026-09-01 14:20:00,44.4849,3.013,37.5681,52.0044,0.3728,0.0878,46.8153,1.9849,0.2145,0.0686,-0.1961,0.0657,0.2416,0.0765,93.256,101.112,1.044,0.3588,0.2893,0.0584,0.1844,0.0624,0.0671,85.3452,88.2841,85.4645,81.6381,80.0987,54.0159,88.5082,79.2503,Healthy,0,0,0,0,0,0,1,0,AI_latency,1,9,0.1954,0.3686,-0.6505
2026-09-01 14:21:00,42.2114,2.8889,35.4558,49.5448,0.2307,0.1543,43.5294,2.1775,0.2664,0.1045,-0.1172,0.0871,0.2627,0.0757,93.5625,104.149,1.0671,0.353,0.2463,0.0574,0.1972,0.0315,0.0695,86.6013,88.4605,84.1116,80.6994,79.6282,54.6241,84.3443,80.3002,Healthy,0,0,0,0,0,0,1,0,AI_latency,1,10,0.1745,0.302,-0.5326
2026-09-01 14:22:00,43.2332,3.6861,35.4413,51.7624,0.3144,0.0844,46.275,2.0171,0.159,0.0822,-0.1493,0.0342,0.1778,0.0761,87.3166,97.2676,1.0668,0.3914,0.184,0.0673,0.2664,0.0947,0.078,83.8062,88.5693,84.6802,83.1452,81.0593,56.3248,88.7117,78.7685,Healthy,0,0,0,0,0,0,0,0,None,0,0,0.1897,0.3382,-0.6187
2026-09-01 14:23:00,44.0408,3.4583,36.545,52.2283,0.3536,0.1197,42.7457,2.0038,0.2293,0.0799,-0.0732,0.0354,0.1951,0.11,89.0899,97.7347,1.0328,0.3138,0.324,0.0561,0.1761,0.1214,0.0803,86.1142,85.7143,83.7649,80.8021,81.9367,54.3766,87.3887,79.4519,Healthy,0,0,0,0,0,0,1,0,AI_latency,1,7,0.1799,0.3382,-0.5546
2026-09-01 14:24:00,43.8267,3.5962,36.1517,52.2209,0.2995,0.1201,43.9788,1.9987,0.1632,0.0583,-0.2505,0.0528,0.1774,0.0924,91.4235,99.4667,1.1361,0.3762,0.2151,0.0666,0.2423,0.1468,0.0488,84.7021,87.0163,84.0856,82.4752,80.4109,51.265,83.843,77.8295,Healthy,0,0,0,0,0,0,1,0,AI_latency,1,9,0.2306,0.3458,-0.5452
2026-09-01 14:25:00,43.5741,2.9219,36.7757,50.9569,0.4594,0.0841,45.7223,2.089,0.2603,0.0951,-0.1794,0.0332,0.1828,0.0787,96.5832,104.7674,1.0574,0.323,0.3277,0.0635,0.2359,0.1627,0.0609,84.08,91.1634,82.9964,83.6424,81.4285,51.0924,88.3466,79.3528,Healthy,0,0,0,0,0,0,1,0,AI_latency,1,9,0.2229,0.3271,-0.5593
2026-09-01 14:26:00,44.6048,3.4225,37.1555,52.7386,0.2919,0.1208,45.0518,2.074,0.1829,0.0709,-0.1026,0.0723,0.1871,0.0872,90.335,98.8574,1.0245,0.3348,0.2508,0.0655,0.1812,0.2018,0.0419,85.5059,88.4926,84.8943,82.8186,81.9956,53.7831,86.2543,78.9953,Healthy,0,0,0,0,0,0,1,0,AI_latency,1,9,0.238,0.3008,-0.5896
2026-09-01 14:27:00,40.9593,2.8914,34.2005,48.2963,0.2891,0.0973,43.5199,2.1384,0.2229,0.0611,-0.0717,0.0937,0.1573,0.0549,91.9482,102.3902,1.0145,0.3461,0.3067,0.0543,0.1891,0.1173,0.042,86.3121,88.2632,82.6701,84.1483,81.4219,55.2773,86.4958,81.6942,Healthy,0,0,0,0,0,0,1,0,AI_latency,1,7,0.2092,0.3105,-0.5044
2026-09-01 14:28:00,44.5721,3.4278,37.116,52.7138,0.3986,0.1014,45.5337,2.2714,0.1671,0.0552,-0.1264,0.0405,0.1896,0.0884,87.1613,96.3533,0.9476,0.3001,0.2358,0.0538,0.1397,0.1425,0.06,85.5157,88.2151,81.2798,81.5281,81.6628,55.3364,85.4746,80.053,Healthy,0,0,0,0,0,0,0,0,None,0,0,0.218,0.281,-0.5426
2026-09-01 14:29:00,47.4911,3.7794,39.5779,56.1603,0.3369,0.1132,45.7095,2.1172,0.295,0.1202,-0.1812,0.0509,0.3172,0.0944,90.4528,100.4269,1.0447,0.3529,0.3459,0.041,0.2556,0.1596,0.0683,84.4507,84.9106,82.5336,82.1714,80.5586,51.9234,83.7807,77.1682,Healthy,0,0,0,0,0,0,1,0,AI_latency,1,8,0.2163,0.3209,-0.461
2026-09-01 14:30:00,42.3453,3.3131,35.0383,50.315,0.34,0.1141,47.62,2.5987,0.2073,0.0943,-0.2287,0.086,0.1744,0.1022,87.2562,98.0081,1.0296,0.3392,0.2996,0.0734,0.2046,0.1695,0.0605,85.0161,89.7024,84.2462,82.9707,80.2107,51.2903,88.0773,77.5982,Healthy,0,0,0,0,0,0,1,0,AI_latency,1,8,0.2157,0.3671,-0.5409
2026-09-01 14:31:00,44.7782,3.4037,37.3534,52.8838,0.3907,0.1333,44.4769,2.1223,0.2134,0.0751,-0.1751,0.0921,0.2587,0.0938,91.4507,100.7561,0.9451,0.3392,0.3237,0.0605,0.2629,0.1409,0.037,83.5499,88.9758,84.4938,82.2901,80.2725,52.6568,87.5823,78.2377,Healthy,0,0,0,0,0,0,1,0,AI_latency,1,9,0.2235,0.3222,-0.7739
2026-09-01 14:32:00,43.2538,3.4296,35.7953,51.3983,0.3891,0.1391,46.1524,2.5404,0.2642,0.0609,-0.1209,0.0788,0.1866,0.097,94.3446,102.6923,1.0293,0.3475,0.1886,0.0668,0.1615,0.1539,0.0536,86.063,87.1008,83.5435,79.615,81.2115,51.8988,86.6867,77.4524,Healthy,0,0,0,0,0,0,1,0,AI_latency,1,8,0.2353,0.3191,-0.4669
2026-09-01 14:33:00,42.6301,2.9793,35.7571,50.0991,0.364,0.1449,43.4392,2.0358,0.1142,0.0788,-0.0976,0.0985,0.1062,0.0733,91.0292,99.4014,1.0582,0.3588,0.309,0.0546,0.2024,0.1843,0.0688,85.2375,88.0017,83.1352,81.1502,80.7347,55.4772,85.2328,78.9528,Healthy,0,0,0,0,0,0,1,0,AI_latency,1,8,0.2164,0.3764,-0.5143
2026-09-01 14:34:00,45.7697,2.9702,38.9085,53.225,0.3975,0.1376,43.3902,2.4424,0.1877,0.0674,-0.2126,0.0627,0.2857,0.0751,87.3763,96.8774,0.9231,0.3432,0.3707,0.0796,0.2105,0.1392,0.0686,84.4611,88.3378,83.2098,83.5988,82.1976,55.5052,84.9067,77.8491,Healthy,0,0,0,0,0,0,0,0,None,0,0,0.2153,0.3256,-0.5647
2026-09-01 14:35:00,46.2321,3.1065,39.1937,53.8918,0.2235,0.1891,44.2983,2.2527,0.1211,0.0786,-0.1956,0.0672,0.2233,0.0844,86.2058,94.1236,0.9755,0.341,0.2336,0.0474,0.2377,0.128,0.0437,85.9067,91.0319,85.7524,84.9944,80.4645,55.1479,89.2493,80.7317,Healthy,0,0,0,0,0,0,0,0,None,0,0,0.1955,0.2992,-0.4948
2026-09-01 14:36:00,40.2939,3.4811,32.7684,48.5155,0.4396,0.1655,43.9544,2.0055,0.2708,0.0627,-0.0969,0.0789,0.2466,0.073,93.9332,102.0968,1.0218,0.3528,0.2484,0.0573,0.1805,0.2219,0.0645,83.6999,87.0817,82.699,79.8391,77.8642,56.057,88.5875,77.771,Healthy,0,0,0,0,0,0,1,0,AI_latency,1,9,0.2188,0.3559,-0.6223
2026-09-01 14:37:00,45.2883,3.0154,38.3683,52.8114,0.3299,0.1234,46.6949,2.0565,0.127,0.0946,-0.133,0.0868,0.2381,0.0888,95.2961,108.6052,1.018,0.3857,0.325,0.0746,0.1666,0.2365,0.0838,83.4476,89.8607,83.5574,84.352,79.6275,47.7789,85.9166,77.3571,Healthy,0,0,0,0,0,0,1,0,AI_latency,1,9,0.2058,0.3339,-0.5577
2026-09-01 14:38:00,43.3592,2.8239,36.688,50.5951,0.3788,0.1336,43.2875,2.1403,0.269,0.061,-0.1774,0.0856,0.161,0.0753,92.6357,103.5916,0.9447,0.4058,0.1599,0.0617,0.1967,0.1174,0.0452,82.926,88.5274,83.9899,78.4756,81.4383,53.8155,86.1463,78.0271,Healthy,0,0,0,0,0,0,1,0,AI_latency,1,8,0.2104,0.3454,-0.6434
2026-09-01 14:39:00,45.618,3.3422,38.2732,53.6313,0.3926,0.1121,48.5515,2.7283,0.2532,0.056,-0.1743,0.0698,0.2032,0.0989,93.8889,105.8424,1.0894,0.4236,0.3192,0.0542,0.2315,0.2438,0.0629,83.7168,87.7867,84.2814,82.0497,76.4837,48.9883,84.9786,79.2092,Healthy,0,0,0,0,0,0,1,0,AI_latency,1,8,0.1959,0.3755,-0.6163
2026-09-01 14:40:00,41.201,3.0018,34.2986,48.7037,0.3871,0.1352,41.8788,2.3499,0.2064,0.1006,-0.2003,0.0606,0.2208,0.0931,90.0112,100.0826,0.9725,0.3781,0.2326,0.06,0.2673,0.1771,0.0594,85.6025,88.3691,82.4049,80.2687,82.234,52.7569,86.8857,78.4482,Healthy,0,0,0,0,0,0,1,0,AI_latency,1,8,0.2151,0.3278,-0.6837
2026-09-01 14:41:00,44.153,3.1398,37.0713,51.8627,0.3,0.1229,46.3256,2.2013,0.2391,0.0508,-0.167,0.0442,0.2118,0.1272,93.3934,103.4439,1.091,0.3759,0.2438,0.0719,0.2556,0.1804,0.0713,82.9599,85.3741,82.918,81.4522,77.47,49.0575,85.6109,78.2317,Healthy,0,0,0,0,0,0,1,0,AI_latency,1,8,0.2346,0.3559,-0.6895
2026-09-01 14:42:00,48.505,2.9391,41.6842,55.9137,0.3341,0.0912,43.4046,2.2227,0.1868,0.1358,-0.1429,0.0935,0.2163,0.075,91.7294,101.3225,1.1552,0.3812,0.2827,0.0658,0.2229,0.1315,0.0631,84.4511,86.6942,83.75,82.6694,79.9701,53.7027,87.1918,78.3048,Healthy,0,0,0,0,0,0,1,0,AI_latency,1,9,0.2302,0.3426,-0.6533
2026-09-01 14:43:00,44.7996,3.3917,37.3904,52.8872,0.3526,0.1398,42.8246,2.0226,0.1796,0.0457,-0.1837,0.0919,0.1644,0.0785,93.3876,104.6125,1.1669,0.3679,0.3437,0.0577,0.2257,0.0845,0.0505,82.1425,85.1993,83.9144,79.4189,80.5223,50.8944,86.1249,77.969,Healthy,0,0,0,0,0,0,1,0,AI_latency,1,9,0.2241,0.347,-0.4638
2026-09-01 14:44:00,40.1325,2.8859,33.3808,47.4613,0.3746,0.1264,44.81,2.1112,0.1662,0.1073,-0.1347,0.0453,0.2648,0.0973,94.0523,103.5536,1.0583,0.3169,0.3118,0.0738,0.1871,0.1113,0.0763,83.5069,87.3094,83.364,83.6681,82.0408,50.1379,89.1212,79.3617,Healthy,0,0,0,0,0,0,1,0,AI_latency,1,8,0.2069,0.3209,-0.6012
2026-09-01 14:45:00,46.2556,3.4099,38.8228,54.3704,0.3783,0.141,47.3381,2.0449,0.205,0.1047,-0.2172,0.0676,0.1832,0.0716,101.7782,110.2493,1.12,0.4384,0.2296,0.0856,0.2459,0.1583,0.0641,82.522,88.7242,83.9777,79.9956,77.0333,48.0934,83.741,75.5225,Healthy,0,0,0,0,1,0,1,0,AI_latency,1,10,0.2403,0.3458,-0.5602
2026-09-01 14:46:00,45.3241,3.0436,38.3675,52.8894,0.386,0.1281,44.2073,2.3504,0.2146,0.0904,-0.1654,0.0559,0.2694,0.0795,93.2447,102.523,1.1754,0.3238,0.3718,0.0894,0.2116,0.1731,0.0543,84.3532,86.7183,84.283,81.453,78.8414,53.9392,86.7503,77.6094,Healthy,0,0,0,0,1,0,1,0,AI_latency,1,8,0.2347,0.364,-0.467
2026-09-01 14:47:00,46.1676,3.8936,38.1059,55.008,0.3352,0.1391,47.6632,2.135,0.1707,0.0858,-0.2598,0.0314,0.2118,0.1199,99.2067,109.0899,1.1801,0.4162,0.2334,0.067,0.2097,0.1145,0.0714,82.9739,86.5681,81.7655,80.5543,77.5429,46.5386,83.8874,76.0704,Healthy,0,0,0,0,0,0,1,0,AI_latency,1,10,0.2456,0.3435,-0.6924
2026-09-01 14:48:00,43.6999,3.1546,36.599,51.4318,0.347,0.1344,45.5363,2.9022,0.2736,0.1267,-0.1958,0.0402,0.2252,0.099,98.3664,107.3621,1.1841,0.4146,0.2627,0.0852,0.3004,0.1623,0.0562,83.7946,85.9438,84.697,80.6671,77.176,48.6164,85.8754,76.4327,Healthy,0,0,0,0,1,0,1,0,AI_latency,1,9,0.246,0.3983,-0.6602
2026-09-01 14:49:00,45.3335,3.1098,38.2907,52.9983,0.3073,0.1398,43.3006,2.5398,0.1725,0.1026,-0.2378,0.0707,0.1763,0.1038,93.4768,105.625,1.1464,0.3989,0.3545,0.0729,0.2525,0.171,0.0705,85.0642,86.1938,81.0251,82.1933,79.7068,49.0146,84.4677,77.3018,Healthy,0,0,0,0,0,0,1,0,AI_latency,1,9,0.2523,0.3674,-0.5308
2026-09-01 14:50:00,44.6377,3.6107,36.9438,53.0537,0.3602,0.1459,45.2082,2.3586,0.2078,0.0845,-0.1638,0.0917,0.3116,0.0965,97.3261,107.2552,1.1555,0.4009,0.3525,0.0873,0.2646,0.1966,0.0516,84.8886,86.0897,81.2974,80.2432,80.3215,49.7152,81.0608,75.3531,Healthy,0,0,0,0,1,0,1,0,AI_latency,1,10,0.2375,0.3746,-0.6169
2026-09-01 14:51:00,44.7177,3.6249,37.0053,53.1551,0.4049,0.1315,42.35,2.2256,0.1845,0.0906,-0.138,0.0782,0.2155,0.0659,98.7007,110.844,1.2338,0.3801,0.3807,0.0854,0.2397,0.1588,0.098,82.2607,85.8025,81.4334,78.7006,77.8191,46.7832,80.9593,73.9652,Warning,0,0,0,0,1,0,1,0,AI_latency,2,8,0.2795,0.4191,-0.6842
2026-09-01 14:52:00,45.9042,3.4196,38.4587,54.0336,0.4256,0.1209,42.2442,3.037,0.2377,0.0758,-0.2895,0.0649,0.276,0.1148,101.2162,112.1268,1.2556,0.4044,0.3989,0.0695,0.2729,0.2454,0.0671,80.7679,89.3762,78.8765,78.7237,75.7281,44.063,86.244,74.5369,Warning,0,0,0,0,0,0,1,0,AI_latency,2,10,0.2505,0.4308,-0.694
2026-09-01 14:53:00,47.2642,3.0172,40.3418,54.79,0.3342,0.1567,44.8282,2.1014,0.2294,0.0877,-0.1834,0.0946,0.2182,0.1249,95.6901,106.843,1.1729,0.4051,0.299,0.112,0.2564,0.2158,0.0775,83.2939,84.9618,82.497,80.7797,75.9922,43.9669,86.9283,75.812,Healthy,0,0,0,0,1,0,1,0,AI_latency,1,9,0.2486,0.3694,-0.5504
2026-09-01 14:54:00,44.0566,3.5228,36.4769,52.3408,0.3861,0.1115,43.9239,2.094,0.2157,0.1103,-0.1494,0.0585,0.1978,0.0738,100.6312,109.8292,1.1685,0.3751,0.3352,0.0896,0.2132,0.1239,0.0713,81.4656,87.1124,84.19,80.3481,79.5302,47.1379,85.2047,75.2636,Healthy,0,0,0,0,1,0,1,0,AI_latency,1,9,0.2482,0.4102,-0.5745
2026-09-01 14:55:00,44.8925,3.1265,37.8281,52.5823,0.3655,0.139,45.9317,2.4617,0.2757,0.0538,-0.2073,0.081,0.3155,0.1094,98.893,108.7957,1.2516,0.4263,0.29,0.0798,0.3106,0.197,0.0597,79.8828,86.7613,81.8582,80.6499,78.9714,43.9983,84.5254,74.4599,Warning,0,0,0,0,0,0,1,0,AI_latency,2,9,0.2292,0.3732,-0.4576
2026-09-01 14:56:00,46.7279,3.0764,39.7286,54.3425,0.3752,0.1473,45.0942,2.6167,0.258,0.0995,-0.1391,0.0911,0.21,0.1082,101.1637,114.3838,1.3227,0.4402,0.2518,0.059,0.2313,0.1413,0.0448,80.679,84.5695,80.6816,78.1586,77.6753,42.377,85.4956,75.3062,Healthy,0,0,0,0,0,0,1,0,AI_latency,1,10,0.2347,0.4103,-0.7913
2026-09-01 14:57:00,41.9295,2.8967,35.1639,49.2745,0.3888,0.1418,42.458,2.3825,0.2096,0.0865,-0.2364,0.0793,0.2577,0.0924,92.0983,103.3831,1.0893,0.3718,0.4123,0.0494,0.1646,0.1712,0.0582,87.7334,85.084,85.3563,79.4922,78.9513,49.5734,84.3109,78.2013,Healthy,0,0,0,0,0,0,1,0,AI_latency,1,8,0.2264,0.3559,-0.6807
2026-09-01 14:58:00,42.5263,3.0784,35.5243,50.1439,0.4183,0.165,48.8976,2.1717,0.1976,0.0735,-0.1464,0.0631,0.1943,0.1206,96.8369,106.1694,1.173,0.375,0.437,0.0651,0.2881,0.1582,0.0719,83.0464,85.4359,82.5729,80.0652,79.185,45.8675,85.1369,73.6043,Warning,0,0,0,0,0,0,1,0,AI_latency,2,10,0.2628,0.3704,-0.6189
2026-09-01 14:59:00,48.6661,3.4221,41.2174,56.7993,0.3407,0.1266,44.9777,2.1153,0.246,0.0837,-0.1812,0.0504,0.2885,0.0692,97.331,108.4464,1.0549,0.4573,0.2975,0.0718,0.2435,0.2119,0.0673,83.4131,87.5221,84.2427,79.9129,76.5962,44.4335,83.7595,75.153,Healthy,0,0,0,0,0,0,1,0,AI_latency,1,10,0.2396,0.4096,-0.71
2026-09-01 15:00:00,47.1235,3.1875,39.9798,54.9047,0.2264,0.1139,45.9807,2.1417,0.1855,0.1015,-0.2402,0.0579,0.2416,0.0821,95.9048,104.6115,1.1801,0.376,0.343,0.0774,0.2468,0.1731,0.0561,83.522,87.032,81.1179,79.0994,78.4681,50.7431,86.0533,76.4534,Healthy,0,0,0,0,0,0,1,0,AI_latency,1,10,0.2631,0.404,-0.6181
2026-09-01 15:01:00,42.8699,3.3738,35.484,50.9306,0.3531,0.142,47.9652,2.2552,0.231,0.0825,-0.3002,0.0872,0.243,0.1032,98.9491,108.6974,1.1547,0.4495,0.3736,0.0896,0.2395,0.0815,0.0548,79.4983,85.9004,82.1703,82.2798,76.0703,44.5257,82.1009,76.6975,Healthy,0,0,0,0,1,0,1,0,AI_latency,1,11,0.2423,0.3715,-0.7415
2026-09-01 15:02:00,48.3069,3.361,40.9375,56.3484,0.3883,0.1063,45.7777,2.1971,0.2446,0.0798,-0.1806,0.1136,0.1673,0.1085,102.3681,111.5726,1.1495,0.3821,0.326,0.076,0.1997,0.1662,0.0719,81.6588,83.0097,79.434,79.0488,77.2352,44.167,87.3591,73.2304,Warning,0,0,0,0,0,0,1,0,AI_latency,2,10,0.2733,0.4446,-0.6582
2026-09-01 15:03:00,45.4776,3.1669,38.3607,53.2279,0.3973,0.1084,45.9815,2.9128,0.2519,0.0931,-0.2114,0.0446,0.2669,0.105,101.2649,110.3447,1.1793,0.4507,0.3413,0.0908,0.2178,0.1468,0.0763,82.219,85.593,83.1271,76.3674,76.7574,42.0986,86.8733,74.7119,Warning,0,0,0,0,1,0,1,0,AI_latency,2,11,0.2762,0.4128,-0.7595
2026-09-01 15:04:00,44.2449,3.0412,37.2914,51.8067,0.3671,0.1679,48.8322,2.1881,0.1918,0.0795,-0.2174,0.0817,0.2632,0.1097,99.273,107.7349,1.158,0.3783,0.3975,0.098,0.3332,0.1525,0.0498,81.5206,86.1336,81.2962,79.3195,76.9827,47.0443,84.9217,75.0253,Healthy,0,0,0,0,1,0,1,0,AI_latency,1,9,0.2362,0.3782,-0.6218
2026-09-01 15:05:00,47.6122,3.0524,40.6441,55.1909,0.417,0.1434,46.641,2.4465,0.1936,0.0866,-0.1223,0.0833,0.314,0.0781,103.0339,113.4456,1.118,0.3888,0.2815,0.0966,0.2093,0.1884,0.0674,79.7542,86.5599,81.892,77.4295,78.7266,44.13,81.9185,75.0907,Healthy,0,0,0,0,1,0,1,0,AI_latency,1,10,0.2427,0.3707,-0.7157
2026-09-01 15:06:00,48.7413,3.051,41.7751,56.3178,0.3917,0.1613,41.7486,2.1399,0.1311,0.1082,-0.1788,0.0648,0.2439,0.0871,104.1101,114.6664,1.3245,0.4396,0.2577,0.0792,0.2462,0.1465,0.0679,81.3538,86.2554,79.3024,78.7571,72.39,43.7844,81.0883,73.2875,Warning,0,0,0,0,0,0,1,0,AI_latency,2,9,0.3002,0.4405,-0.7303
2026-09-01 15:07:00,47.3212,3.212,40.1456,55.1392,0.375,0.1964,48.1049,2.734,0.304,0.1181,-0.1623,0.1068,0.2797,0.1086,107.2815,116.8487,1.3461,0.4183,0.434,0.0937,0.3257,0.2071,0.0747,82.0749,83.6317,77.6692,76.3225,77.4198,40.1171,82.696,73.5467,Warning,0,0,0,0,1,0,1,0,AI_latency,2,10,0.2721,0.4361,-0.6674
2026-09-01 15:08:00,48.9432,3.5215,41.3652,57.2254,0.344,0.1158,47.1986,2.2127,0.3156,0.0807,-0.1452,0.0656,0.2055,0.1196,98.9922,107.7057,1.2143,0.4602,0.2846,0.0934,0.256,0.188,0.0536,82.5765,84.1712,80.492,78.6461,77.8645,48.3603,86.995,75.9899,Healthy,0,0,0,0,1,0,1,0,AI_latency,1,9,0.2462,0.3966,-0.5072
2026-09-01 15:09:00,47.9994,3.5883,40.3347,56.3818,0.3102,0.1668,44.4105,2.3457,0.2903,0.0779,-0.1507,0.092,0.2185,0.104,103.5912,116.2118,1.2847,0.462,0.3613,0.1094,0.2386,0.2173,0.0754,80.1602,85.0439,82.7516,78.7845,74.5245,40.121,84.9314,74.4131,Warning,0,0,0,0,1,0,1,0,AI_latency,2,11,0.2447,0.41,-0.7128
2026-09-01 15:10:00,44.6073,3.3543,37.2468,52.6387,0.3056,0.1239,47.471,2.1194,0.2229,0.0897,-0.1475,0.0751,0.2567,0.0609,102.2773,113.1601,1.1553,0.4163,0.2239,0.0781,0.2413,0.193,0.0782,79.0364,84.8096,81.7234,78.617,78.8865,46.1508,83.0112,72.3922,Warning,0,0,0,0,0,0,1,0,AI_latency,2,8,0.2986,0.3534,-0.6081
2026-09-01 15:11:00,44.8153,3.3416,37.4713,52.8276,0.4831,0.1091,45.9453,2.2805,0.1877,0.0793,-0.1812,0.0813,0.2486,0.0885,99.5341,108.7871,1.137,0.441,0.3298,0.0958,0.2735,0.196,0.0761,78.2785,86.0214,80.7991,80.171,75.19,42.0262,85.6819,73.2378,Warning,0,0,0,0,1,0,1,0,AI_latency,2,10,0.2787,0.3634,-0.8052
2026-09-01 15:12:00,48.6035,3.3781,41.2119,56.6706,0.348,0.1616,48.8404,2.5401,0.2115,0.0903,-0.1653,0.0897,0.2814,0.1161,100.8617,111.0859,1.2953,0.412,0.3501,0.085,0.2553,0.1795,0.0829,80.6434,86.487,81.2291,76.9079,79.3796,38.8997,83.5624,71.8296,Warning,0,0,0,0,1,0,1,0,AI_latency,2,11,0.2882,0.4485,-0.669
2026-09-01 15:13:00,50.8286,3.1536,43.7289,58.559,0.3761,0.1359,48.3814,2.1941,0.2473,0.0888,-0.1582,0.1257,0.1883,0.0902,96.4713,105.463,1.214,0.4298,0.3114,0.0575,0.2119,0.1885,0.0691,84.9075,88.1152,81.2629,79.9924,77.7694,46.9015,85.6346,76.2255,Healthy,0,0,0,0,0,0,1,0,AI_latency,1,10,0.2245,0.3998,-0.5769
2026-09-01 15:14:00,46.2119,3.0863,39.1996,53.8414,0.3432,0.1785,44.2366,2.4453,0.2039,0.0765,-0.1044,0.0579,0.1761,0.121,100.992,110.5455,1.2176,0.3735,0.4199,0.0747,0.2228,0.2157,0.0937,81.875,84.5318,82.427,81.9529,79.7607,43.9346,84.4347,75.4177,Healthy,0,0,0,0,0,0,1,0,AI_latency,1,8,0.2362,0.3972,-0.6479
2026-09-01 15:15:00,47.8562,3.5295,40.2678,56.1504,0.3157,0.1534,44.4584,2.4234,0.278,0.1152,-0.204,0.1031,0.1954,0.1111,103.8026,113.9565,1.2979,0.455,0.4436,0.1085,0.274,0.1544,0.09,80.2665,84.2253,79.2892,76.0117,75.2825,41.669,84.6971,72.5712,Warning,0,0,0,0,1,0,1,0,AI_latency,2,11,0.2495,0.4557,-0.8457
2026-09-01 15:16:00,48.0194,3.1721,40.8957,55.7776,0.3207,0.1838,48.7168,2.6391,0.2823,0.0948,-0.1566,0.0663,0.2833,0.0778,105.7322,114.8246,1.3664,0.4101,0.4285,0.0812,0.3001,0.1585,0.0701,81.8352,87.206,82.6497,77.5092,74.9902,44.1786,86.1923,74.8808,Warning,0,0,0,0,1,0,1,0,AI_latency,2,11,0.271,0.4453,-0.6046
2026-09-01 15:17:00,44.4261,3.2453,37.2073,52.294,0.3974,0.1572,44.4871,2.1423,0.1528,0.087,-0.1879,0.1184,0.2855,0.0969,103.3888,115.2645,1.2805,0.4307,0.4669,0.0886,0.293,0.2038,0.0651,81.412,84.8885,81.7873,78.4099,74.9374,42.4924,84.6282,74.1053,Warning,0,0,0,0,1,0,1,0,AI_latency,2,9,0.2376,0.4212,-0.781
2026-09-01 15:18:00,48.3315,3.2177,41.1484,56.1581,0.4066,0.1656,43.5273,2.1921,0.1993,0.1184,-0.1412,0.0897,0.24,0.0979,103.9602,113.9791,1.3831,0.4714,0.3694,0.0945,0.3017,0.1614,0.0625,80.4325,85.3176,81.8908,76.993,71.8443,40.5283,82.15,72.2226,Warning,0,0,0,0,1,0,1,0,AI_latency,2,9,0.2628,0.444,-0.8244
2026-09-01 15:19:00,49.4273,3.3141,42.1189,57.3985,0.4156,0.1761,49.1106,2.2132,0.1978,0.0904,-0.2571,0.1196,0.2884,0.1092,108.5696,121.1431,1.301,0.4624,0.4146,0.1082,0.2141,0.2008,0.0681,79.7833,84.5139,78.483,76.4327,75.8681,39.7109,84.0025,71.804,Warning,0,0,0,0,1,0,1,0,AI_latency,2,9,0.2758,0.4392,-0.8983
2026-09-01 15:20:00,45.6867,3.3489,38.3331,53.7101,0.4895,0.1012,49.658,2.4146,0.2522,0.1086,-0.2106,0.1114,0.3057,0.0911,108.2995,119.0455,1.4156,0.4692,0.4131,0.0966,0.2722,0.1663,0.0814,81.0083,82.9145,79.8277,75.3103,73.8714,40.3904,81.9608,72.2221,Warning,0,0,0,0,1,0,1,0,AI_latency,2,12,0.2697,0.4211,-0.8203
2026-09-01 15:21:00,46.998,3.2655,39.7528,54.8963,0.3239,0.121,45.338,2.1588,0.2176,0.0962,-0.3187,0.0957,0.3187,0.096,104.8834,114.5992,1.1868,0.4374,0.4098,0.0899,0.2763,0.196,0.0884,80.6936,85.7709,82.4291,76.4127,75.1509,42.6751,84.117,74.0679,Warning,0,0,0,0,1,0,1,0,AI_latency,2,11,0.2709,0.4407,-0.6288
2026-09-01 15:22:00,47.7629,3.5124,40.1968,56.0314,0.3861,0.1353,43.5835,2.4521,0.23,0.1014,-0.1513,0.0843,0.2591,0.125,109.83,119.2468,1.4027,0.5004,0.4272,0.0792,0.2439,0.1583,0.1012,79.0751,83.6203,80.5445,73.9367,73.5894,36.9919,84.1033,72.5582,Warning,0,0,0,0,0,0,1,0,AI_latency,2,12,0.2971,0.4832,-0.7515
2026-09-01 15:23:00,49.6609,3.4011,42.2394,57.7626,0.3466,0.1509,47.7042,2.2347,0.2424,0.0866,-0.238,0.0883,0.2357,0.1054,104.869,115.4711,1.3255,0.4916,0.271,0.0914,0.3333,0.1075,0.1052,79.1816,83.6289,76.7381,75.2209,73.8405,39.1884,80.6404,70.2735,Warning,0,0,0,0,1,0,1,0,AI_latency,2,10,0.2916,0.4808,-0.766
2026-09-01 15:24:00,48.0763,3.0919,41.0568,55.7142,0.3142,0.1682,45.1696,3.4168,0.2345,0.1114,-0.1275,0.1055,0.2616,0.1039,103.4635,112.5794,1.3089,0.4267,0.3822,0.1018,0.2387,0.2134,0.0773,80.6289,85.0981,80.1111,76.8705,72.9024,38.9261,84.9796,71.0353,Warning,0,0,0,0,1,0,1,0,AI_latency,2,12,0.3109,0.4292,-0.8208
2026-09-01 15:25:00,50.711,3.6455,42.9719,59.1792,0.5349,0.162,47.3425,2.2568,0.311,0.1284,-0.1941,0.0804,0.2034,0.1245,109.4907,119.5614,1.374,0.4664,0.2339,0.0862,0.2968,0.2423,0.1066,80.4917,85.1203,78.5169,76.0809,71.4075,35.7439,81.031,68.8697,Warning,0,0,0,0,1,0,1,0,AI_latency,2,10,0.3077,0.4751,-0.8766
2026-09-01 15:26:00,50.8116,3.9119,42.7262,59.6795,0.4622,0.1574,47.7592,2.5717,0.3097,0.0942,-0.2242,0.0918,0.2082,0.1278,109.8519,120.3439,1.4626,0.4509,0.3582,0.0927,0.2741,0.2125,0.0862,79.1243,82.6857,75.3313,73.6738,73.5946,33.0537,82.3949,70.4617,Warning,0,0,0,0,1,0,1,0,AI_latency,2,10,0.2936,0.4653,-0.7642
2026-09-01 15:27:00,48.878,3.2465,41.6575,56.7477,0.4877,0.1611,46.8286,2.3407,0.2695,0.1088,-0.2208,0.0988,0.2952,0.1363,105.5583,115.9676,1.2953,0.4302,0.2957,0.0917,0.2367,0.2321,0.0561,81.3734,84.9643,79.7663,78.2751,73.9725,39.557,83.1007,72.5012,Warning,0,0,0,0,1,0,1,0,AI_latency,2,11,0.2618,0.4451,-0.8008
2026-09-01 15:28:00,46.1131,3.5005,38.5625,54.3639,0.4658,0.1511,44.0325,2.7329,0.3206,0.1114,-0.2077,0.0811,0.2497,0.1232,108.828,119.2729,1.3915,0.4567,0.3648,0.0906,0.2242,0.194,0.0768,78.9924,84.9988,79.1632,76.3437,75.6475,38.1331,81.9532,72.0465,Warning,0,0,0,0,1,0,1,0,AI_latency,2,9,0.2856,0.4301,-0.8515
2026-09-01 15:29:00,45.3213,3.6209,37.6141,53.7527,0.3629,0.1847,47.1299,2.54,0.2235,0.1523,-0.1518,0.0646,0.3101,0.1002,103.292,114.031,1.4088,0.4554,0.431,0.0984,0.3519,0.1516,0.1133,79.3921,85.6245,83.3711,76.8872,73.7399,36.8503,86.1795,73.3255,Warning,0,0,0,0,1,0,1,0,AI_latency,2,12,0.2644,0.4651,-0.8604
2026-09-01 15:30:00,48.8096,3.7022,40.9968,57.3628,0.4409,0.1569,50.712,2.222,0.3029,0.1162,-0.1965,0.0744,0.2055,0.1005,109.6158,120.0959,1.4323,0.4565,0.3075,0.1145,0.2525,0.2247,0.0591,79.8758,83.407,80.959,78.3035,75.7983,39.5109,84.8125,72.1193,Warning,0,0,0,0,1,0,1,0,AI_latency,2,12,0.2655,0.4781,-0.7109
2026-09-01 15:31:00,48.9235,3.7641,41.0302,57.5696,0.431,0.1343,48.1118,2.7253,0.2239,0.1367,-0.2846,0.07,0.3306,0.1034,109.9086,120.2225,1.4163,0.5059,0.3466,0.1173,0.2592,0.212,0.0598,81.3033,87.5161,79.675,75.2783,74.055,35.3051,79.7123,71.0299,Warning,0,0,0,0,1,0,1,0,AI_latency,2,12,0.2911,0.5167,-0.7168
2026-09-01 15:32:00,48.6243,3.4028,41.2007,56.7285,0.4652,0.0937,49.8926,2.5071,0.2826,0.0764,-0.1689,0.0856,0.3081,0.1,106.2106,116.1936,1.3271,0.4562,0.423,0.0934,0.3287,0.1493,0.1,81.4785,83.7199,77.3449,77.7584,74.6364,38.1051,84.2715,71.8549,Warning,0,0,0,0,1,0,1,0,AI_latency,2,10,0.2908,0.4347,-0.8276
2026-09-01 15:33:00,48.8212,3.3874,41.4176,56.9023,0.4934,0.1332,45.6783,2.2082,0.2722,0.1231,-0.2462,0.1266,0.2561,0.1116,108.5304,118.1341,1.358,0.5102,0.3456,0.0956,0.3514,0.2116,0.0807,80.1736,85.8692,80.267,75.0689,72.5277,36.0534,86.3129,71.6643,Warning,0,0,0,0,1,0,1,0,AI_latency,2,12,0.2729,0.4955,-0.9204
2026-09-01 15:34:00,48.1366,3.5081,40.5761,56.3988,0.5432,0.1198,48.1106,2.8205,0.187,0.0609,-0.1189,0.1289,0.3161,0.111,104.6063,118.5831,1.3772,0.4631,0.4463,0.1136,0.2283,0.1733,0.0816,80.5061,85.3717,78.8842,78.4833,75.1063,37.5873,83.2527,71.7236,Warning,0,0,0,0,1,0,1,0,AI_latency,2,11,0.2838,0.432,-0.7832
2026-09-01 15:35:00,47.6977,3.7657,39.8024,56.3462,0.3858,0.1333,43.5697,2.6811,0.2543,0.103,-0.2333,0.0928,0.2632,0.1298,107.9283,117.2285,1.3398,0.4629,0.3604,0.098,0.2607,0.2504,0.0869,78.5762,83.592,78.7374,74.4337,76.9813,40.6937,83.1385,71.7652,Warning,0,0,0,0,1,0,1,0,AI_latency,2,11,0.2957,0.4503,-0.8223
2026-09-01 15:36:00,46.1315,3.1626,39.0201,53.8754,0.2962,0.1354,48.0589,2.8087,0.225,0.097,-0.1909,0.11,0.2758,0.1104,110.4331,119.9462,1.3791,0.4663,0.3619,0.0938,0.3209,0.2048,0.0804,81.4899,83.5935,77.8798,76.2716,74.4879,36.49,80.1195,70.2051,Warning,0,0,0,0,1,0,1,0,AI_latency,2,10,0.3072,0.5494,-0.8508
2026-09-01 15:37:00,51.0347,3.8291,43.0569,59.7783,0.3421,0.1814,47.4809,2.5928,0.2158,0.1189,-0.2414,0.109,0.3476,0.1341,112.8603,123.0529,1.3756,0.5101,0.3099,0.1182,0.245,0.1994,0.0887,77.9566,84.5976,78.3443,75.5375,75.3296,35.3846,83.6865,72.0886,Warning,0,0,0,0,1,0,1,0,AI_latency,2,11,0.308,0.4402,-0.993
2026-09-01 15:38:00,50.2576,3.3228,42.9381,58.2418,0.2659,0.1225,46.6564,3.2476,0.2217,0.1202,-0.2315,0.0898,0.3283,0.1061,108.0004,119.4764,1.4482,0.4985,0.3302,0.0765,0.2578,0.208,0.0724,77.7422,86.3195,80.798,79.6118,75.2389,36.9642,81.7386,73.8934,Warning,0,0,0,0,0,0,1,0,AI_latency,2,10,0.2502,0.4711,-0.9871
2026-09-01 15:39:00,50.0366,4.2806,41.4718,59.4574,0.3697,0.1398,46.2582,2.1584,0.2918,0.0966,-0.3383,0.1007,0.2831,0.1113,105.0133,117.7443,1.4773,0.4637,0.421,0.1021,0.2757,0.255,0.0975,81.8595,83.152,77.9772,78.4583,74.6549,38.23,81.563,70.8463,Warning,0,0,0,0,1,0,1,0,AI_latency,2,12,0.3082,0.4333,-0.6853
2026-09-01 15:40:00,48.5632,3.3536,41.2034,56.5936,0.4554,0.1748,47.8687,2.3615,0.1952,0.113,-0.1974,0.0744,0.2958,0.1356,105.9133,115.3643,1.405,0.4662,0.3643,0.1108,0.2564,0.1954,0.0914,79.3303,85.6138,79.7056,74.1623,72.1945,36.6392,82.6182,70.6052,Warning,0,0,0,0,1,0,1,0,AI_latency,2,10,0.2966,0.4913,-0.8392
2026-09-01 15:41:00,51.0872,3.3214,43.7694,59.0694,0.396,0.1728,46.7087,2.5666,0.2821,0.0789,-0.2052,0.1087,0.2509,0.1336,113.5015,123.3708,1.439,0.5334,0.398,0.1306,0.2978,0.0724,0.0669,79.7748,83.8143,79.1599,76.671,74.9195,33.0062,82.8987,71.6402,Warning,0,0,0,0,1,0,1,0,AI_latency,2,11,0.2707,0.4878,-0.8652
2026-09-01 15:42:00,49.5943,3.6077,41.9043,58.0058,0.4787,0.156,47.5012,2.3231,0.3682,0.1159,-0.2986,0.0809,0.3257,0.1462,108.8919,120.53,1.3539,0.5039,0.3396,0.1107,0.3256,0.1832,0.0706,79.8836,84.0713,79.8732,76.0272,70.3108,33.6386,84.4872,69.1026,Warning,0,0,0,0,1,0,1,0,AI_latency,2,10,0.2986,0.49,-0.8529
2026-09-01 15:43:00,49.6252,3.8893,41.569,58.4592,0.4405,0.1726,48.7903,2.8727,0.2453,0.0973,-0.211,0.1058,0.3102,0.1185,116.601,127.8565,1.556,0.5264,0.3598,0.1108,0.2637,0.2233,0.0895,76.6306,81.961,76.4935,74.6783,71.9874,31.8799,82.7486,69.3115,Warning,0,0,0,0,1,0,1,0,AI_latency,2,12,0.3238,0.4814,-0.9723
2026-09-01 15:44:00,53.4486,3.3379,46.1094,61.4555,0.3805,0.1704,47.4386,2.4535,0.2955,0.1144,-0.3067,0.0865,0.3052,0.1056,114.4867,125.9817,1.5051,0.5339,0.3896,0.1171,0.3636,0.1972,0.1022,81.4449,82.0612,75.8614,74.2459,73.1622,30.806,81.2118,69.6526,Warning,0,0,0,0,1,0,1,0,AI_latency,2,12,0.292,0.5801,-1.0042
2026-09-01 15:45:00,49.0144,3.3192,41.6995,56.9932,0.4642,0.1959,49.0081,2.9077,0.2624,0.1333,-0.1996,0.1068,0.2568,0.1084,113.6185,124.2971,1.4947,0.465,0.449,0.101,0.3607,0.2917,0.1069,78.0989,83.5861,75.153,74.307,75.6053,29.8158,81.8627,69.2885,Warning,0,0,0,0,1,0,1,0,AI_latency,2,11,0.315,0.486,-0.7659
2026-09-01 15:46:00,50.1729,3.5652,42.5382,58.5207,0.3724,0.1844,49.204,2.2376,0.2701,0.126,-0.3529,0.0938,0.2792,0.1139,109.0075,118.8289,1.3828,0.4753,0.4253,0.1095,0.2605,0.1765,0.0788,79.451,85.2294,78.8585,75.0085,73.1329,36.4038,79.5666,70.8786,Warning,0,0,0,0,1,0,1,0,AI_latency,2,11,0.2957,0.488,-0.8994
2026-09-01 15:47:00,51.3912,3.475,43.8736,59.6037,0.4123,0.1691,47.3546,2.7398,0.2527,0.0947,-0.3018,0.1262,0.3026,0.1216,110.2138,121.4361,1.4367,0.4634,0.409,0.1117,0.2858,0.2261,0.0918,79.7228,81.2672,77.3641,75.5243,75.0068,35.2187,82.3071,70.7167,Warning,0,0,0,0,1,0,1,0,AI_latency,2,12,0.2873,0.4822,-0.8975
2026-09-01 15:48:00,47.4879,4.1819,39.0513,56.7608,0.5237,0.1507,50.2454,2.4533,0.3084,0.1008,-0.3111,0.0987,0.3729,0.1321,115.3892,127.0375,1.5655,0.518,0.4225,0.0954,0.3,0.2073,0.0876,77.328,82.5872,74.3039,73.8595,71.6918,28.7899,78.8758,67.2468,Warning,0,0,0,0,1,0,1,0,AI_latency,2,13,0.2903,0.5051,-0.8882
2026-09-01 15:49:00,50.8229,4.0391,42.5721,59.8815,0.2906,0.1124,51.8617,2.6867,0.2821,0.074,-0.2633,0.1008,0.2103,0.1269,110.7011,123.1145,1.5196,0.5101,0.3638,0.1206,0.2707,0.1332,0.0802,79.0562,83.243,78.1987,75.5445,72.6378,34.8658,83.3933,70.5967,Warning,0,0,0,0,1,0,1,0,AI_latency,2,12,0.3047,0.4808,-0.7623
2026-09-01 15:50:00,46.9736,3.6037,39.2888,55.3791,0.3592,0.1894,47.343,2.8124,0.355,0.1129,-0.1993,0.122,0.3016,0.1337,108.6589,123.0868,1.424,0.4906,0.4402,0.112,0.328,0.1914,0.0989,78.201,86.683,78.2922,76.4724,74.64,36.1904,78.9659,71.5797,Warning,0,0,0,0,1,0,1,0,AI_latency,2,11,0.261,0.5158,-0.8595
2026-09-01 15:51:00,48.0486,3.3787,40.6563,56.1166,0.4525,0.1547,48.7431,2.603,0.335,0.149,-0.2341,0.0853,0.2939,0.1116,108.9253,118.7305,1.4629,0.4796,0.4548,0.1437,0.3129,0.1694,0.0839,79.3706,82.9994,78.0264,75.5654,71.0853,34.5429,80.4896,71.3005,Warning,0,0,0,0,1,0,1,0,AI_latency,2,11,0.2774,0.5146,-0.9112
2026-09-01 15:52:00,50.7973,3.5673,43.1598,59.1483,0.4855,0.1658,47.2029,3.2333,0.3669,0.1089,-0.2147,0.0993,0.3561,0.1299,115.6653,126.7108,1.4275,0.5639,0.4522,0.1317,0.2697,0.1845,0.0985,78.3287,83.3187,80.7137,72.5813,71.3029,28.2153,82.1762,70.2686,Warning,0,0,0,0,1,0,1,0,AI_latency,2,11,0.3065,0.5527,-0.9382
2026-09-01 15:53:00,52.6902,3.5222,45.1114,60.9734,0.4089,0.2215,47.6298,2.9232,0.4019,0.1253,-0.2325,0.0986,0.2737,0.1411,115.3836,125.6566,1.6913,0.5413,0.554,0.1456,0.3564,0.248,0.1188,76.9598,81.3386,76.3748,71.7394,69.4215,28.47,81.9868,67.8275,Warning,0,0,0,0,1,0,1,0,AI_latency,2,13,0.3172,0.5222,-0.8469
2026-09-01 15:54:00,48.3828,3.2837,41.114,56.3084,0.4952,0.2109,44.7294,2.3503,0.3802,0.1142,-0.2168,0.1152,0.3248,0.1282,113.4394,123.4659,1.5477,0.5056,0.3772,0.1356,0.3011,0.1593,0.0841,79.8891,80.994,78.3827,75.4683,70.6347,29.8755,81.4087,68.8311,Warning,0,0,0,0,1,0,1,0,AI_latency,2,13,0.3082,0.5272,-0.8735
2026-09-01 15:55:00,51.4815,3.4082,44.0508,59.5938,0.4318,0.2034,49.3269,2.5106,0.2544,0.1175,-0.3069,0.0741,0.2706,0.1181,116.6035,129.3389,1.5196,0.5274,0.4095,0.1439,0.3509,0.1998,0.0976,76.7583,82.8919,75.1526,71.5801,70.3191,29.128,79.4052,67.1123,Warning,0,0,0,0,1,0,1,0,AI_latency,2,12,0.3282,0.498,-1.0794
2026-09-01 15:56:00,52.2093,3.5285,44.6223,60.5021,0.4512,0.1894,49.2754,2.602,0.2699,0.0627,-0.1874,0.1358,0.3499,0.1109,115.9771,132.7463,1.4726,0.548,0.5158,0.1245,0.3264,0.2129,0.0748,76.7528,81.7496,77.9095,72.2406,71.3883,28.3443,81.0194,69.8262,Warning,0,0,0,0,1,0,1,0,AI_latency,2,12,0.2969,0.5476,-0.8624
2026-09-01 15:57:00,48.8265,3.9378,40.7074,57.7331,0.5534,0.1659,49.3422,2.5356,0.332,0.1056,-0.131,0.0907,0.2916,0.1594,122.2279,133.154,1.553,0.5462,0.4362,0.1291,0.3257,0.2721,0.0776,80.1294,79.029,73.7891,74.54,70.898,29.8869,82.3716,68.426,Warning,0,0,0,0,1,0,1,0,AI_latency,2,14,0.2886,0.5562,-0.8045
2026-09-01 15:58:00,49.1744,3.5843,41.5148,57.5508,0.5244,0.1624,52.2893,3.1931,0.3993,0.137,-0.1815,0.1098,0.2961,0.1026,115.7461,125.6501,1.5113,0.5372,0.4466,0.133,0.3467,0.1549,0.0911,77.6291,83.3174,77.1011,72.496,75.2629,32.8681,82.0864,69.4167,Warning,0,0,0,0,1,0,1,0,AI_latency,2,11,0.3205,0.5246,-0.867
2026-09-01 15:59:00,48.4092,3.4293,40.9511,56.5532,0.4911,0.1325,51.0832,2.7056,0.3019,0.1241,-0.1736,0.0997,0.2765,0.1166,117.6461,129.7764,1.6177,0.4723,0.3595,0.1302,0.338,0.1907,0.0861,76.4345,82.3769,78.7131,71.3643,72.5603,30.9094,80.6575,69.6714,Warning,0,0,0,0,1,0,1,0,AI_latency,2,11,0.3194,0.5005,-0.9068
2026-09-01 16:00:00,50.3202,3.4501,42.8351,58.4954,0.4232,0.1525,45.8993,2.9888,0.3424,0.133,-0.2652,0.0792,0.2772,0.1357,110.5924,121.4893,1.533,0.5324,0.3776,0.1113,0.2418,0.1809,0.0956,77.4524,80.9176,77.4974,70.8682,69.3855,29.0721,83.1763,67.2266,Warning,0,0,0,0,1,0,1,0,AI_latency,2,13,0.3316,0.5011,-0.8146
2026-09-01 16:01:00,56.2323,3.5015,48.6804,64.4845,0.5034,0.1383,52.8599,2.8201,0.3263,0.1047,-0.2275,0.0854,0.3434,0.1255,116.2988,126.6236,1.3923,0.5583,0.4236,0.1482,0.3405,0.2857,0.0771,76.7972,80.9288,77.2794,74.4988,67.9478,29.6669,79.2915,66.47,Warning,0,0,0,0,1,0,1,0,AI_latency,2,13,0.3189,0.5544,-0.7852
2026-09-01 16:02:00,54.0304,3.6349,46.3051,62.4827,0.4866,0.1672,48.3109,2.5843,0.3389,0.1155,-0.2988,0.1198,0.2429,0.1322,113.6375,124.4062,1.6442,0.5073,0.39,0.1297,0.2841,0.2276,0.0736,74.6778,82.9432,76.0054,73.1885,67.2362,24.8874,78.8296,66.4247,Warning,0,0,0,0,1,0,1,0,AI_latency,2,13,0.321,0.5634,-0.9367
2026-09-01 16:03:00,54.929,3.558,47.3037,63.266,0.4486,0.1716,50.4263,2.5103,0.3573,0.1167,-0.185,0.1083,0.2969,0.1167,112.5855,122.8131,1.6105,0.535,0.4408,0.1435,0.3236,0.2249,0.0896,77.5494,79.9243,74.678,71.7786,71.6494,27.6134,79.7587,67.7119,Warning,0,0,0,0,1,0,1,0,AI_latency,2,13,0.3067,0.5991,-1.0742
2026-09-01 16:04:00,48.4545,4.1529,40.0557,57.6839,0.5324,0.2251,48.8746,2.3351,0.2366,0.1097,-0.2056,0.1131,0.3097,0.1561,112.4197,122.6279,1.6539,0.5902,0.5353,0.1315,0.2785,0.1862,0.0922,77.7766,80.051,75.8965,70.8483,69.2663,26.9014,81.9149,66.847,Warning,0,0,0,0,1,0,1,0,AI_latency,2,13,0.3512,0.5632,-1.0265
2026-09-01 16:05:00,52.8746,3.4347,45.4094,61.0267,0.5291,0.1866,46.9797,2.496,0.3262,0.11,-0.2569,0.0966,0.3068,0.1097,121.1253,132.3708,1.5717,0.5161,0.4017,0.1022,0.3544,0.2191,0.0728,77.4995,81.2646,75.0309,70.2857,68.9864,28.8282,79.8724,65.7075,Warning,0,0,0,0,1,0,1,0,AI_latency,2,12,0.3373,0.5896,-0.9422
2026-09-01 16:06:00,49.8262,4.2561,41.2932,59.2104,0.428,0.1731,53.0906,2.6766,0.226,0.1183,-0.181,0.1037,0.2912,0.1376,120.514,131.7056,1.5853,0.5946,0.499,0.103,0.2823,0.19,0.1004,76.7188,81.1367,75.8985,73.6715,68.9021,30.0364,81.4656,67.1163,Warning,0,0,0,0,1,0,1,0,AI_latency,2,12,0.3201,0.5644,-0.8318
2026-09-01 16:07:00,50.0115,3.9965,41.816,59.0062,0.3455,0.1353,49.0205,2.3242,0.3533,0.1258,-0.1873,0.1486,0.3144,0.129,117.6955,128.2383,1.6582,0.5287,0.5167,0.1076,0.3491,0.274,0.0953,77.8127,80.0931,78.6455,74.6828,69.1088,24.908,78.6549,66.4324,Warning,0,0,0,0,1,0,1,0,AI_latency,2,12,0.306,0.5857,-0.8329
2026-09-01 16:08:00,52.2086,4.4852,43.3779,61.9364,0.4457,0.1737,48.4462,3.0023,0.3507,0.113,-0.2281,0.0624,0.3124,0.1106,119.1575,133.9826,1.6138,0.6074,0.3996,0.1228,0.3208,0.2064,0.0945,75.2735,81.1218,75.0871,73.4284,70.1761,25.8627,78.6548,66.9299,Warning,0,0,0,0,1,0,1,0,AI_latency,2,14,0.3548,0.5461,-0.8625
2026-09-01 16:09:00,52.0663,3.5201,44.4902,60.3465,0.4434,0.2052,46.3517,2.3756,0.2507,0.1065,-0.2975,0.1182,0.3259,0.1407,115.9857,126.5712,1.6384,0.5325,0.4144,0.1303,0.3435,0.2232,0.0711,76.2897,80.3558,80.7396,73.5313,67.8877,27.8423,78.5045,68.9322,Warning,0,0,0,0,1,0,1,0,AI_latency,2,12,0.3201,0.5059,-1.0303
2026-09-01 16:10:00,50.618,3.3691,43.2382,58.6717,0.4857,0.2003,46.6789,2.6177,0.4224,0.1521,-0.2155,0.1248,0.2658,0.1177,116.4797,128.7041,1.632,0.5461,0.4174,0.1502,0.2959,0.2149,0.0837,77.5532,83.0947,76.3818,73.2255,71.6002,28.5996,79.1484,66.2788,Warning,0,0,0,0,1,0,1,0,AI_latency,2,11,0.3389,0.5911,-0.817
2026-09-01 16:11:00,54.5807,3.362,47.2102,62.6237,0.492,0.1757,46.1536,2.8184,0.298,0.1438,-0.2013,0.0852,0.2331,0.1113,113.867,124.747,1.5977,0.4953,0.4085,0.1387,0.2786,0.2345,0.0818,80.9495,83.2167,75.4957,72.3367,70.1377,28.9512,82.2637,67.3724,Warning,0,0,0,0,1,0,1,0,AI_latency,2,11,0.3332,0.5212,-0.9323
2026-09-01 16:12:00,51.4812,3.5975,43.8044,59.8775,0.4837,0.1628,51.7246,2.6482,0.2166,0.104,-0.2246,0.1027,0.3829,0.1407,122.2073,134.6102,1.5553,0.6022,0.4375,0.136,0.3432,0.2769,0.0943,76.7005,81.7341,75.5858,70.948,69.0788,21.7332,79.3398,66.7485,Warning,0,0,0,0,1,0,1,0,AI_latency,2,13,0.3451,0.6165,-0.8265
2026-09-01 16:13:00,52.8494,3.7168,45.0176,61.4247,0.3649,0.1608,50.4596,2.6938,0.2535,0.1645,-0.2196,0.0991,0.3483,0.1548,120.1786,131.4396,1.654,0.5781,0.4683,0.1483,0.318,0.1949,0.0983,75.5535,81.174,77.0504,71.115,68.7047,25.2752,79.2028,65.818,Warning,0,0,0,0,1,0,1,0,AI_latency,2,13,0.3277,0.5757,-1.0342
2026-09-01 16:14:00,52.1666,3.5752,44.5188,60.5295,0.561,0.1458,50.9235,2.4061,0.2879,0.1258,-0.2882,0.1134,0.3896,0.1302,121.6378,134.8614,1.5708,0.6085,0.432,0.1405,0.3992,0.1701,0.103,74.8846,79.0608,72.4584,75.3056,65.4549,24.9354,80.1817,66.2584,Warning,0,0,0,0,1,0,1,0,AI_latency,2,13,0.3506,0.6226,-0.9184
2026-09-01 16:15:00,57.9637,3.5122,50.3979,66.2321,0.5316,0.1818,50.4898,2.4672,0.258,0.1368,-0.3075,0.1092,0.2834,0.157,121.7433,136.4543,1.6844,0.6092,0.4708,0.1414,0.3287,0.2658,0.0916,76.2259,80.1258,73.0871,70.8151,68.5265,22.2171,81.2668,64.7878,Warning,0,0,0,0,1,0,1,0,AI_latency,2,15,0.3346,0.582,-1.1025
2026-09-01 16:16:00,53.569,3.4327,46.1065,61.7181,0.5383,0.1661,50.6334,2.7727,0.4008,0.1241,-0.3217,0.1179,0.3298,0.1221,118.3665,130.468,1.6571,0.5633,0.4904,0.1289,0.294,0.2084,0.0813,76.6063,79.7235,76.7735,73.977,70.1031,26.0935,78.4711,67.2179,Warning,0,0,0,0,1,0,1,0,AI_latency,2,14,0.3515,0.6069,-1.0381
2026-09-01 16:17:00,51.4162,3.988,43.2318,60.3982,0.5274,0.1852,52.9492,2.832,0.4346,0.1315,-0.181,0.1259,0.3136,0.1706,125.5018,137.5215,1.7707,0.6452,0.4064,0.1751,0.2938,0.2044,0.0757,75.1799,80.0733,74.6951,67.551,66.2607,21.8525,79.611,63.1615,Warning,0,0,0,0,1,0,1,0,AI_latency,2,13,0.3642,0.5982,-1.0948
2026-09-01 16:18:00,53.338,4.5063,44.4798,63.0974,0.4877,0.1541,47.544,2.5146,0.3606,0.141,-0.2341,0.1032,0.3605,0.1622,124.7524,137.5141,1.6008,0.579,0.4571,0.1773,0.2897,0.2886,0.0915,78.3995,77.4904,74.6917,70.4396,68.6277,22.6781,77.8697,65.3078,Warning,0,0,0,0,1,0,1,0,AI_latency,2,15,0.3526,0.5811,-0.9842
2026-09-01 16:19:00,51.6365,4.4988,42.788,61.3847,0.5028,0.1827,52.4472,2.6301,0.3615,0.1107,-0.214,0.1424,0.3436,0.1462,116.6222,127.7566,1.5362,0.5752,0.4918,0.145,0.3276,0.2727,0.0908,76.05,81.0554,72.5839,71.1964,69.0362,23.7196,78.9886,66.6123,Warning,0,0,0,0,1,0,1,0,AI_latency,2,14,0.331,0.6142,-0.9967
2026-09-01 16:20:00,52.3442,4.1346,43.9692,61.5461,0.4612,0.208,51.1848,2.5074,0.2368,0.1314,-0.3186,0.085,0.4209,0.1347,120.89,133.2385,1.7154,0.6354,0.4111,0.165,0.3823,0.2178,0.1134,77.3215,82.3701,74.721,70.3824,69.3526,23.0597,80.2426,67.2474,Warning,0,0,0,0,1,0,1,0,AI_latency,2,14,0.3289,0.6077,-0.8964
2026-09-01 16:21:00,55.0822,3.9151,46.9925,63.9549,0.5532,0.1698,51.8982,2.843,0.3875,0.1006,-0.2456,0.1162,0.3296,0.1273,122.7129,134.2245,1.8169,0.6144,0.5526,0.1471,0.3497,0.248,0.1077,76.1407,79.1002,74.4284,72.8072,72.6137,22.5045,78.3393,65.6786,Warning,0,0,0,0,1,0,1,0,AI_latency,2,14,0.3651,0.6166,-1.0073
2026-09-01 16:22:00,53.5748,3.5663,45.9386,61.9243,0.472,0.1805,51.6219,3.4288,0.2563,0.1389,-0.2547,0.0846,0.4538,0.1499,126.55,139.6224,1.673,0.5689,0.4689,0.1306,0.3866,0.234,0.079,72.96,77.2667,74.3701,73.4763,68.4553,22.37,77.2888,65.5892,Warning,0,0,0,0,1,0,1,0,AI_latency,2,14,0.3466,0.6035,-1.0337
2026-09-01 16:23:00,55.7133,3.4622,48.2125,63.9066,0.5409,0.1721,52.1,2.6215,0.2847,0.0946,-0.2215,0.1128,0.3501,0.1188,120.0555,132.7775,1.5369,0.5622,0.3767,0.1791,0.3567,0.2777,0.1068,76.6204,79.7142,75.8705,74.8083,68.0275,27.3701,79.2683,67.4723,Warning,0,0,0,0,1,0,1,0,AI_latency,2,12,0.3155,0.5778,-1.0687
2026-09-01 16:24:00,53.8287,4.0496,45.5642,62.9031,0.472,0.2377,56.1861,2.6711,0.3399,0.1216,-0.2971,0.1015,0.3297,0.1519,125.5706,137.4856,1.7713,0.6174,0.48,0.1424,0.4494,0.2123,0.0946,72.6481,80.6245,70.9402,72.2981,69.9096,25.0578,82.0986,66.5996,Warning,0,0,0,0,1,0,1,0,AI_latency,2,12,0.3264,0.6426,-1.067
2026-09-01 16:25:00,57.224,3.7911,49.2956,65.9106,0.5078,0.2088,50.4963,2.4395,0.2826,0.1068,-0.2959,0.1173,0.3686,0.1493,124.3165,138.8071,1.778,0.579,0.4944,0.1536,0.3187,0.255,0.1019,76.1599,80.6026,77.1035,69.3223,70.6376,23.7352,77.9359,64.778,Warning,0,0,0,0,1,0,1,0,AI_latency,2,13,0.3456,0.6274,-1.0234
2026-09-01 16:26:00,55.7582,3.782,47.8415,64.4312,0.4834,0.2024,50.0984,2.6234,0.2739,0.122,-0.2641,0.1011,0.3363,0.1371,119.7566,132.4825,1.7293,0.5396,0.4013,0.156,0.3406,0.1697,0.1043,75.7912,79.5896,76.5234,73.6027,69.4127,23.5794,78.0124,65.374,Warning,0,0,0,0,1,0,1,0,AI_latency,2,14,0.3379,0.6043,-1.0381
2026-09-01 16:27:00,56.8211,3.5837,49.1623,65.1967,0.4339,0.1472,47.3196,2.5881,0.3171,0.1245,-0.2843,0.0817,0.3741,0.1672,125.0505,139.5104,1.661,0.6252,0.5206,0.1583,0.3674,0.251,0.0848,72.5394,81.5658,74.6086,71.0095,66.7607,18.9372,76.8124,62.5949,Warning,0,0,0,0,1,0,1,0,AI_latency,2,13,0.36,0.6286,-1.0137
2026-09-01 16:28:00,51.4483,3.611,43.754,59.8648,0.5064,0.2143,51.488,2.5922,0.2841,0.1158,-0.2379,0.107,0.2927,0.124,121.7185,133.9432,1.7529,0.5937,0.46,0.1479,0.4044,0.1635,0.0846,77.3783,81.3128,74.7262,71.3206,68.6929,22.3883,75.0943,64.7884,Warning,0,0,0,0,1,0,1,0,AI_latency,2,13,0.3533,0.5471,-1.0908
2026-09-01 16:29:00,54.3043,4.0644,46.0206,63.4009,0.4916,0.179,48.7318,2.5644,0.3925,0.162,-0.2564,0.0949,0.4183,0.1648,126.3466,138.8793,1.7252,0.583,0.5763,0.1674,0.3663,0.2572,0.1024,75.5043,81.6941,76.1102,68.7577,66.9756,19.7695,75.7858,65.3377,Warning,0,0,0,0,1,0,1,0,AI_latency,2,14,0.3497,0.6189,-1.1958
2026-09-01 16:30:00,53.5812,3.7625,45.69,62.2249,0.5151,0.1846,49.9895,2.4448,0.2704,0.0997,-0.1932,0.1197,0.3688,0.1076,123.5638,134.5025,1.6855,0.567,0.4544,0.1578,0.3794,0.2125,0.0898,74.4088,81.3798,75.0638,71.5329,69.6686,21.7738,77.4147,64.3686,Warning,0,0,0,0,1,0,1,0,AI_latency,2,13,0.3581,0.627,-1.0136
2026-09-01 16:31:00,54.0946,3.6725,46.3204,62.6033,0.5513,0.1572,47.3212,2.6584,0.3955,0.1015,-0.2761,0.115,0.3005,0.1229,123.895,135.5877,1.6396,0.5787,0.4701,0.1536,0.3242,0.2757,0.0915,73.1864,79.3564,75.1598,71.4721,65.0563,21.3483,79.2057,64.4668,Warning,0,0,0,0,1,0,1,0,AI_latency,2,15,0.334,0.6114,-1.0071
2026-09-01 16:32:00,54.2241,3.5997,46.5445,62.6236,0.5283,0.16,51.1212,2.4251,0.3666,0.1397,-0.2826,0.0952,0.3939,0.1668,125.5688,137.7335,1.8022,0.5946,0.4494,0.165,0.3679,0.2727,0.1129,78.4077,78.2313,74.3491,69.7729,64.65,17.1042,78.8955,61.8806,Warning,0,0,0,0,1,0,1,0,AI_latency,2,15,0.3845,0.6462,-1.0976
2026-09-01 16:33:00,55.9165,3.9436,47.7898,64.8319,0.4952,0.1896,50.5451,2.4798,0.3187,0.1147,-0.309,0.1235,0.3841,0.1428,122.7577,133.8461,1.8495,0.5953,0.4017,0.1261,0.3991,0.1949,0.0957,74.1272,80.2339,76.5595,71.8357,67.6594,20.948,76.0578,64.7015,Warning,0,0,0,0,1,0,1,0,AI_latency,2,14,0.3529,0.6347,-1.1287
2026-09-01 16:34:00,50.5973,3.6776,42.8164,59.1138,0.5485,0.165,47.6545,2.453,0.405,0.1112,-0.2879,0.1399,0.3109,0.1285,124.9459,137.212,1.7035,0.5796,0.4562,0.1766,0.353,0.2786,0.117,76.4578,78.7372,70.7302,72.5266,68.3503,21.2592,80.4823,66.3053,Warning,0,0,0,0,1,0,1,0,AI_latency,2,14,0.3192,0.6372,-1.1419
2026-09-01 16:35:00,50.8464,4.3096,42.2439,60.3108,0.4638,0.2207,51.548,2.4074,0.3247,0.0874,-0.3903,0.086,0.3587,0.1106,119.9602,132.9548,1.8375,0.5325,0.4086,0.1443,0.3231,0.2226,0.0626,74.2532,80.5225,72.3241,71.6003,66.5234,21.4949,81.3522,63.4424,Warning,0,0,0,0,1,0,1,0,AI_latency,2,13,0.3908,0.6138,-1.0854
2026-09-01 16:36:00,55.7678,3.5301,48.1787,64.063,0.475,0.224,50.011,2.6993,0.2464,0.1307,-0.2744,0.1206,0.3044,0.1485,126.6488,142.0505,1.8244,0.6053,0.533,0.1647,0.3175,0.3043,0.1153,74.9733,80.1357,74.4968,70.9433,67.2945,19.6717,78.0808,66.2034,Warning,0,0,0,0,1,0,1,0,AI_latency,2,14,0.3284,0.6518,-1.0997
2026-09-01 16:37:00,53.0652,3.7265,45.2207,61.6549,0.4436,0.2018,48.5461,2.6512,0.394,0.1364,-0.2328,0.1176,0.4108,0.1464,127.2266,139.7291,1.7326,0.6009,0.4556,0.1422,0.2986,0.3297,0.096,74.6347,81.7734,74.2309,71.709,66.2682,19.683,78.0018,64.1,Warning,0,0,0,0,1,0,1,0,AI_latency,2,15,0.3355,0.5917,-1.0399
2026-09-01 16:38:00,60.4594,3.9492,52.3254,69.3833,0.4219,0.2072,51.7233,2.5811,0.3959,0.1438,-0.2809,0.1396,0.3052,0.1602,126.9393,140.3677,1.8016,0.6106,0.4466,0.1808,0.3442,0.3002,0.1078,73.4643,77.985,74.2235,68.8745,67.0861,19.378,77.3156,63.5795,Warning,0,0,0,0,1,0,1,0,AI_latency,2,13,0.3694,0.6373,-1.1197
2026-09-01 16:39:00,55.312,4.3769,46.622,64.8773,0.5749,0.2062,54.2136,2.8336,0.3051,0.159,-0.2623,0.1051,0.2999,0.1533,128.784,140.4734,1.8665,0.6505,0.5544,0.1603,0.3355,0.2641,0.1009,73.7202,77.3493,72.8264,69.1103,65.8906,17.0834,77.8597,61.7682,Warning,0,0,0,0,1,0,1,0,AI_latency,2,13,0.3768,0.647,-0.9175
2026-09-01 16:40:00,34.1656,2.8418,27.4713,41.4284,0.0706,0.0471,33.6177,1.4956,0.0995,0.0044,-0.0689,0.0293,0.0395,0.0177,47.6422,51.2467,0.0434,-0.0056,0.0817,0.0111,0.0542,0.0742,0.0324,96.0178,97.2138,96.6802,95.5763,95.0953,94.7368,99.4913,96.403,Excellent,0,0,0,0,0,0,0,0,None,0,0,0.058,0.0972,0
2026-09-01 16:41:00,32.2296,2.3718,26.1462,38.7874,0.003,0.0436,34.485,1.3517,-0.0497,0.0037,-0.0007,0.016,-0.0485,0.0125,48.3756,52.5224,0.1389,0.0137,0.0367,0.0302,0.0418,-0.0053,0.0145,97.8211,99.046,97.789,98.8857,95.0909,99.3832,97.538,98.6231,Excellent,0,0,0,0,0,0,0,0,None,0,0,0.0075,0.0083,-0.1442
2026-09-01 16:42:00,32.586,2.6572,26.1317,39.5718,0.0575,0.0387,33.6927,1.8135,0.0206,0.0044,-0.0511,0.0151,0.0064,0.0269,47.7217,54.7544,0.1613,0.0484,0.1168,0.0025,0.0697,-0.0331,0.0231,95.5852,96.2095,94.6007,95.3046,94.0262,99.2453,94.2828,95.6703,Excellent,0,0,0,0,0,0,0,0,None,0,0,0.0591,0.0329,-0.13
2026-09-01 16:43:00,27.8571,2.2192,21.9721,34.1859,0.1021,0.0271,33.0383,1.5054,-0.0021,0.0306,-0.0367,-0.0058,0.0178,0.0224,44.4868,49.836,-0.0075,0.061,0.0759,0.0015,-0.0083,0.0487,0.0186,96.216,96.9455,98.516,95.9279,98.8815,98.2553,94.7551,97.9805,Excellent,0,0,0,0,0,0,0,0,None,0,0,0.0399,0.0304,0
2026-09-01 16:44:00,34.2742,2.3171,28.262,40.7499,0.0694,0.0202,38.8955,1.562,-0.058,0.0063,-0.0471,0.0189,-0.0344,0.0263,49.5684,54.3308,0.0779,0.001,0.0499,0,0.0092,0.0646,0.0309,95.6469,100,98.3005,92.4625,97.2344,96.6102,99.692,96.3447,Excellent,0,0,0,0,0,0,0,0,None,0,0,0,0.0747,-0.1109
2026-09-01 16:45:00,31.8248,2.1411,26.0414,38.0365,0.1814,0.0297,37.8676,1.4936,-0.0023,0.0194,-0.0013,0.0195,-0.0024,0.0402,51.1642,55.802,0.0748,0.0549,0.0434,0.0313,0.09,0.0074,0.0248,98.0849,96.8391,96.1582,94.8905,97.554,95.915,97.6915,96.879,Excellent,0,0,0,0,0,0,0,0,None,0,0,0.0519,0.0394,-0.0895
2026-09-01 16:46:00,29.5269,2.1863,23.6848,35.8064,0.0942,0.032,37.29,1.4301,-0.0535,0.0197,0.0526,0.0149,0.0211,0.0099,39.453,42.8237,0.1208,0.0534,0.0832,0.0124,0.0601,0.0362,0.0195,97.384,98.457,97.6452,98.7747,95.6519,96.5656,96.7372,97.5676,Excellent,0,0,0,0,0,0,0,0,None,0,0,0.0293,0.0504,-0.0584
2026-09-01 16:47:00,31.9067,2.3885,25.8016,38.4894,0.0349,0.0207,34.1118,1.5994,0.084,-0.0014,-0.0046,-0.0147,0.0155,0.0323,43.3031,49.0646,0.0266,0.0043,0.023,0,0.0149,-0.007,0.0164,95.0273,96.75,98.2272,96.6593,97.7428,97.025,98.7582,97.0064,Excellent,0,0,0,0,0,0,0,0,None,0,0,0.0306,0.0686,-0.0753
2026-09-01 16:48:00,31.1285,2.1679,25.3103,37.3803,0.1531,-0.0052,34.0216,1.5844,0.0521,0.0241,-0.0368,0.0108,0.074,-0.0142,52.8553,57.4137,0.0952,0.0464,-0.0019,0,-0.0056,0.0987,-0.0181,93.2182,98.8869,98.9668,97.6671,97.5775,97.3548,96.6025,97.2467,Excellent,0,0,0,0,0,0,0,0,None,0,0,0.0425,0.0467,-0.1066
2026-09-01 16:49:00,36.1247,3.2811,28.8593,44.0463,0.1362,0.0614,37.1882,1.7804,0.0815,0.0284,-0.0921,-0.0105,0.1658,0.0216,51.1311,57.1482,0.2676,0.0226,0.1041,0.034,0.0894,0.1131,0.0298,91.5738,96.1835,93.1454,94.6109,94.0894,94.0339,91.3337,94.6548,Excellent,0,0,0,0,0,0,0,0,None,0,0,0.0819,0.0801,-0.0947
2026-09-01 16:50:00,32.8686,2.2899,26.8916,39.3035,0.1514,0.0583,36.5421,1.5474,0.0722,0.0278,-0.0142,0.0403,0.0059,0.0167,48.1296,51.7769,0.1645,0.0499,0.1053,0,0.005,0.0826,0.0268,94.275,96.2363,95.471,92.171,92.4334,95.8297,93.0644,94.6945,Excellent,0,0,0,0,0,0,0,0,None,0,0,0.088,0.0577,-0.1564
2026-09-01 16:51:00,34.9944,2.9387,28.1741,42.4025,0.0945,0.0701,36.6276,1.8995,-0.0295,0.0222,-0.0186,0.042,0.0419,0.0371,47.1947,52.0775,0.0874,0.0528,0.0692,0.0189,0.1,0.0518,0.0155,91.8702,97.9569,92.748,94.2498,91.6741,94.2656,95.5773,94.6075,Excellent,0,0,0,0,0,0,0,0,None,0,0,0.055,0.0456,-0.0566
2026-09-01 16:52:00,32.6155,2.3248,26.5932,39.1027,0.0931,0.0771,34.1057,1.4548,0.0074,0.0294,-0.0397,0.0303,0.0516,0.0002,48.6104,54.3154,0.1066,0.0015,0.0911,0,0.0414,0.0614,0.0016,95.3277,98.1034,97.5576,96.1547,97.2638,96.6771,96.3885,96.1432,Excellent,0,0,0,0,0,0,0,0,None,0,0,0.049,0.0547,-0.0703
2026-09-01 16:53:00,30.9794,2.5402,24.6771,37.7897,0.1148,0.0483,33.4091,1.5157,0.0259,0.0173,-0.0821,0.0213,0.0518,0.0183,48.4201,55.0292,0.0811,0.0241,0.1771,0.0052,0.0006,0.0799,-0.0047,95.0831,96.6627,96.5615,95.9772,94.7802,94.5397,96.583,96.2933,Excellent,0,0,0,0,0,0,0,0,None,0,0,0.0404,0.078,-0.0872
2026-09-01 16:54:00,31.5982,2.0958,25.8736,37.7419,0.0765,0.0299,34.683,1.643,0.0427,0.0515,0.0183,0.0076,0.0852,0.0332,47.7463,55.5383,0.0628,0.0111,0.0481,0,0.0523,-0.0508,-0.0132,97.811,94.1906,96.4727,98.278,98.2921,94.7565,95.397,97.4763,Excellent,0,0,0,0,0,0,0,0,None,0,0,0.0033,0.0477,-0.0018
2026-09-01 16:55:00,30.6973,2.6998,24.1876,37.747,0.1094,0.0025,35.8853,1.6389,0.0255,0.0617,-0.0623,0.0602,0.0502,0.0166,43.2259,48.4275,0.069,0.0665,-0.0466,0.0024,0.0478,0.1288,0.0058,96.0713,98.8306,97.8259,94.9428,98.2667,95.5187,97.3047,97.322,Excellent,0,0,0,0,0,0,0,0,None,0,0,0.0311,0,-0.0315
2026-09-01 16:56:00,36.0955,2.5559,29.7729,42.9294,0.1168,0.0457,35.1585,1.4993,0.0616,0.0308,-0.0451,0.0192,0.1444,-0.0108,49.0933,54.4219,0.0924,0.0466,0.0462,0.0059,0.0399,0.0655,0.0317,92.3219,96.7189,97.212,95.7512,95.9028,94.8801,94.0136,95.2019,Excellent,0,0,0,0,0,0,0,0,None,0,0,0.0748,0.0624,-0.2366
2026-09-01 16:57:00,31.352,1.811,25.9978,37.0685,-0.0191,0.039,38.8647,2.1557,0.0524,-0.0064,-0.0234,0.0027,0.0488,0.0019,47.8943,51.5462,0.1242,0.0079,0.0353,0.0029,0.0301,0.0554,0.0173,97.8722,96.2407,96.7934,95.1385,97.4632,97.8213,98.4742,96.6934,Excellent,0,0,0,0,0,0,0,0,None,0,0,0.0259,0.0165,-0.1284
2026-09-01 16:58:00,37.5784,2.2747,31.6213,43.9905,0.0904,0.0413,36.2358,1.7741,-0.0228,0.0078,0.0078,0.0082,0.1277,0.0069,51.5812,55.7868,0.3072,0.0294,0.1279,0.0122,0.0833,0.0584,0.0268,91.513,95.6879,95.7951,95.0371,93.9151,94.8742,94.5738,93.2392,Excellent,0,0,0,0,0,0,0,0,None,0,0,0.0466,0.0556,-0.1329
2026-09-01 16:59:00,31.63,2.975,24.7625,39.0926,0.1702,0.0389,33.7771,1.5623,0.0421,0.0207,-0.0136,0.0247,0.0653,0.0259,49.2451,53.9671,0.1392,0.0579,0.0431,0.0009,0.0395,0.0081,0.0279,94.5494,98.0799,95.0297,93.6514,97.6972,93.1411,94.2313,96.5619,Excellent,0,0,0,0,0,0,0,0,None,0,0,0.0356,0.0909,-0.1027
2026-09-01 17:00:00,30.491,2.3579,24.4257,37.0279,0.1215,0.0626,38.3316,1.3341,0.0009,0.0062,-0.0611,0.0087,-0.036,0.0035,41.1674,44.2708,0.0432,-0.0364,0.0301,0.0017,0.0098,-0.0091,0.0291,97.8498,96.2275,94.9101,97.3931,100,97.9174,96.7795,96.9441,Excellent,0,0,0,0,0,0,0,0,None,0,0,0.0562,0.0261,-0.1524
2026-09-01 17:01:00,32.6979,2.3271,26.6726,39.1886,0.1119,0.0716,36.4619,1.5217,-0.004,-0.0045,-0.1353,0.0214,0.14,0.0117,47.351,51.8276,0.0878,0.0638,0.0359,0.0144,0.0462,0.0355,0.0241,96.2968,96.3525,96.2443,94.2165,94.1839,96.5329,94.3808,94.7268,Excellent,0,0,0,0,0,0,0,0,None,0,0,0.0623,0.1125,-0.1218
2026-09-01 17:02:00,37.5964,2.5316,31.3054,44.3938,0.1183,0.0507,35.526,2.3666,-0.017,0.0091,0.0348,0.0696,0.0892,0.0275,50.954,54.6245,0.1312,0.0353,0.2136,0.0008,0.03,0.0136,0.0149,93.9098,96.176,93.5169,92.4812,95.8686,95.7347,95.549,94.2542,Excellent,0,0,0,0,0,0,0,0,None,0,0,0.0452,0.0313,-0.2226
2026-09-01 17:03:00,36.596,2.5063,30.3378,43.3555,0.1387,0.0876,40.5637,1.9579,0.0463,0.0211,0.0615,0.0128,0.0712,0.0287,49.6701,56.8276,0.1779,-0.0192,0.1129,0.0106,0.0432,0.0566,0.0248,89.3358,95.2608,94.5519,93.2638,92.3466,96.5574,95.4629,93.4295,Excellent,0,0,0,0,0,0,0,0,None,0,0,0.0775,0.0984,0
2026-09-01 17:04:00,29.6236,2.949,22.79,37.0471,-0.0658,0.0528,32.5015,1.5077,0.0907,-0.0118,-0.0393,0.0338,0.1667,0.0231,45.7592,50.2642,0.1526,0.0286,0.0404,0,0.0377,0.0454,0.0272,92.4704,94.7707,95.6992,94.8155,96.1565,95.5832,93.7237,93.3212,Excellent,0,0,0,0,0,0,0,0,None,0,0,0.0411,0.064,-0.1597
2026-09-01 17:05:00,36.2846,2.3621,30.2138,42.8278,0.0535,0.1158,36.5648,1.4315,0.1296,0.0114,-0.121,0.0361,0.1462,0.0236,52.9509,58.5892,0.072,0.0198,0.1074,0.0161,-0.072,0.0544,0.0198,90.7281,95.7849,94.2034,94.6318,92.3882,93.2983,96.8149,93.5107,Excellent,0,0,0,0,0,0,0,0,None,0,0,0.0935,0.095,-0.0733
2026-09-01 17:06:00,35.26,2.2171,29.3778,41.5857,0.1957,0.0443,38.5121,1.6182,0.0704,0.014,-0.0398,0.0096,0.0949,0.0692,49.7708,54.8599,0.21,0.0746,-0.0039,0,0.0092,0.0351,0.0258,92.5409,97.5944,95.549,93.7443,94.5859,97.3323,94.745,95.8472,Excellent,0,0,0,0,0,0,0,0,None,0,0,0.0518,0.045,-0.2426
2026-09-01 17:07:00,34.8283,2.6036,28.4437,41.7336,0.0959,0.0704,33.391,1.6633,0.0199,0.0589,-0.0281,0.0068,0.087,0.0146,46.7857,51.5398,0.1223,0.0307,0.126,0.0057,0.0782,0.0672,0.0036,94.5125,95.6313,95.4547,93.8153,94.11,95.8557,95.012,95.4704,Excellent,0,0,0,0,0,0,0,0,None,0,0,0.0642,0.0164,-0.139
2026-09-01 17:08:00,34.292,2.2661,28.3462,40.6911,0.2637,0.065,39.371,1.8782,0.0099,0.0218,-0.0319,-0.002,0.0513,0.0316,44.5648,49.0324,0.1814,0.0468,0.0829,0.0071,0.0257,0.006,0.0165,91.9191,97.6794,96.4109,94.3242,94.6639,98.2301,96.2955,96.3022,Excellent,0,0,0,0,0,0,0,0,None,0,0,0.0265,0.0424,0
2026-09-01 17:09:00,35.1517,2.45,28.9667,41.8267,0.1135,0.0359,37.189,1.5757,0.0425,0.0105,0.14,0.0317,0.0541,0.0002,47.7766,52.2632,0.1424,0.093,0.0059,0.0032,0.0333,-0.0313,0.0261,93.599,96.7623,96.1491,94.5333,92.0199,96.1571,94.1858,93.6801,Excellent,0,0,0,0,0,0,0,0,None,0,0,0.0749,0.0547,-0.1579
2026-09-01 17:10:00,38.2981,2.3131,32.2911,44.7677,0.0662,0.0382,38.3834,1.9522,0.0112,0.0423,-0.0533,0.0156,0.1067,0.0418,52.1695,57.4549,0.0415,0.0188,0.0765,0.0191,0.078,0.042,0.03,92.7808,94.5342,94.8152,93.7524,92.6679,95.0234,94.7135,94.5514,Excellent,0,0,0,0,0,0,0,0,None,0,0,0.0733,0.0359,-0.0287
2026-09-01 17:11:00,32.5381,2.194,26.6859,38.8292,0.0979,0.0268,38.654,1.9114,0.1187,0.0178,-0.0496,0.0054,0.0525,0.0391,48.2684,52.6966,0.1601,0.0083,0.0527,0.0224,0.1419,0.0814,0.0442,95.4714,96.4985,96.4253,98.2605,93.6546,96.4223,93.5766,97.2753,Excellent,0,0,0,0,0,0,0,0,None,0,0,0.0118,0.0187,-0.2385
2026-09-01 17:12:00,39.2456,2.7763,32.6363,46.4101,0.1983,0.0973,40.2965,1.9707,0.0803,0.0428,-0.0263,0.0241,0.0617,0.0455,48.7039,54.7682,0.1188,0.083,0.105,0.0068,0.1174,0.0049,0.0055,87.7938,97.7323,91.1466,93.9338,89.5687,92.1896,90.613,92.2297,Excellent,0,0,0,0,0,0,0,0,None,0,0,0.0751,0.0827,-0.0845
2026-09-01 17:13:00,35.2868,2.3405,29.2441,41.7975,0.2097,0.0606,30.5843,2.082,0.1073,0.0161,0.0231,0.0382,0.0581,0.0304,47.8955,55.8514,-0.0468,0.0716,0.0029,0,0.0607,0.0303,0.0368,92.7964,97.5527,96.1003,93.0755,93.3397,96.4161,94.8757,94.2029,Excellent,0,0,0,0,0,0,0,0,None,0,0,0.0598,0.0859,0
2026-09-01 17:14:00,30.1471,3.5348,22.5518,38.4494,0.0139,0.0702,36.7343,1.6299,0.0904,0.0234,0.0328,0.0449,0.0568,0.0477,46.832,51.4727,0.1009,0.0264,-0.0686,0,0.0234,0.069,0.0452,93.5119,96.9662,96.5073,97.447,94.9697,96.3972,96.6362,96.3755,Excellent,0,0,0,0,0,0,0,0,None,0,0,0.0335,0.0623,-0.0998
2026-09-01 17:15:00,30.4092,2.5527,24.0907,37.2383,0.0103,0.0465,36.0182,2.1101,0.0593,0.0055,-0.0447,0.0187,0.0652,0.0204,48.1445,53.1813,0.112,0.0296,0.0957,0.0159,-0.0245,0.0577,0.0271,97.4718,96.4502,93.4323,93.076,95.4238,93.1972,94.2712,94.107,Excellent,0,0,0,0,0,0,0,0,None,0,0,0.0521,0.01,-0.0146
2026-09-01 17:16:00,31.6866,2.1438,25.8996,37.9024,0.2079,0.0153,38.0767,1.7241,0.0629,-0.0187,-0.0964,0.0228,-0.0263,0.0246,49.0886,52.7724,0.0258,0.0529,0.0924,0.0123,0.018,0.0979,0.0246,91.8776,96.3213,94.6805,95.2442,94.1571,94.1003,96.1481,94.3943,Excellent,0,0,0,0,0,0,0,0,None,0,0,0.0691,0.105,-0.0476
2026-09-01 17:17:00,37.9904,2.3824,31.8933,44.564,0.101,0.0403,35.4454,1.4268,0.0313,0.0177,-0.0344,0.0384,0.059,0.0194,43.8032,47.499,0.1742,0.0633,0.0599,0.0059,0.0715,0.0752,-0.0005,94.8899,98.8712,96.7763,92.9967,95.4374,96.8313,95.3248,95.958,Excellent,0,0,0,0,0,0,0,0,None,0,0,0.0409,0.1005,-0.0553
2026-09-01 17:18:00,38.9445,2.7912,32.316,46.1313,0.1002,0.0662,37.7145,1.5015,0.0653,0.046,0.0655,0.0498,0.1266,0.0224,50.4143,55.1172,0.0748,0.0168,0.0638,0.0238,0.078,0.0274,0.0028,88.6172,95.2964,92.9206,93.2994,91.0157,92.7487,91.9028,91.3476,Excellent,0,0,0,0,0,0,0,0,None,0,0,0.0823,0.1185,-0.1169
2026-09-01 17:19:00,35.357,2.4623,29.156,42.0505,0.1204,0.0507,35.8829,1.4734,0.0447,0.0217,-0.0348,0.0131,0.0542,0.0358,47.125,52.1448,0.0658,0.0541,0.0208,0.0087,0.0217,0.0311,0.026,94.4829,96.7145,96.6439,94.19,93.3925,96.3895,92.7851,94.6855,Excellent,0,0,0,0,0,0,0,0,None,0,0,0.0562,0.0585,-0.1889
2026-09-01 17:20:00,37.1113,3.0261,30.1774,44.6504,0.1445,0.0628,38.996,1.9509,0.0575,0.0041,-0.0916,0.0601,0.0383,0.0332,50.4452,54.2514,0.1631,0.0583,0.1282,0.0153,0.0483,0.0063,0.0166,93.6359,95.9436,93.9892,96.5438,94.7082,97.3009,90.421,94.7561,Excellent,0,0,0,0,0,0,0,0,None,0,0,0.0379,0.0761,-0.0939
2026-09-01 17:21:00,35.1561,2.2047,29.29,41.4632,0.0872,0.0059,36.4647,1.4954,0.0417,0.0297,-0.0945,-0.0007,0.0442,0.0064,48.5077,53.1693,0.0147,0.0461,0.0065,0.0249,0.0138,0.0331,0.0077,96.8302,99.4731,97.3661,96.0941,94.1569,97.2707,95.5488,95.7423,Excellent,0,0,0,0,0,0,0,0,None,0,0,0.0624,0.0634,-0.2299
2026-09-01 17:22:00,37.9013,2.4163,31.7601,44.5258,0.2653,0.05,40.065,1.7714,0.192,0.0294,-0.0506,0.0361,0.0978,0.0229,51.1485,55.6239,0.2317,0.0553,0.0468,0.0306,0.038,0.0512,0.0101,89.1928,95.0437,95.5957,96.9626,90.6122,97.1061,90.6886,93.8947,Excellent,0,0,0,0,0,0,0,0,None,0,0,0.0823,0.0971,0
2026-09-01 17:23:00,40.0939,2.5723,33.7499,46.9523,0.1956,0.1011,37.1365,2.3171,0.0076,0.0534,-0.0425,0.0349,0.0604,0.0157,49.7566,54.5548,0.1624,0.046,0.0414,0.0034,0.0514,-0.018,0.0028,91.1974,96.5908,96.1934,93.0668,92.542,94.4775,95.5281,93.875,Excellent,0,0,0,0,0,0,0,0,None,0,0,0.0709,0.1134,-0.2057
2026-09-01 17:24:00,30.3207,2.7154,23.7907,37.3937,0.1427,0.0392,35.1359,2.0784,0.1026,-0.0017,-0.0208,-0.006,0.0893,0.0473,45.2121,50.0686,0.125,0.0707,-0.0773,0.017,0.0576,0.049,0.013,94.3074,97.7835,95.9636,94.0098,92.9212,96.0455,94.4162,94.3778,Excellent,0,0,0,0,0,0,0,0,None,0,0,0.0475,0.138,0
2026-09-01 17:25:00,37.6653,2.3767,31.5755,44.2304,0.1254,0.1032,36.2075,1.6464,0.0842,0.0318,-0.0541,0.0272,0.1164,0.0474,50.7587,56.2501,0.1208,0.0412,0.0606,0.0212,0.1035,0.0127,0.0258,88.8993,96.6661,95.6042,94.7508,91.5298,92.7572,93.1661,92.491,Excellent,0,0,0,0,0,0,0,0,None,0,0,0.0792,0.0758,-0.098
2026-09-01 17:26:00,37.1468,2.6356,30.7204,44.1002,0.2015,0.0743,36.0764,1.873,-0.0181,0.0043,-0.1131,0.0091,0.1258,0.0237,52.3654,56.4494,0.1539,0.044,0.0892,0.0279,0.1309,0.0725,0.0268,91.4592,99.6024,92.1487,92.318,89.4203,94.967,95.4028,94.4373,Excellent,0,0,0,0,0,0,0,0,None,0,0,0.0642,0.0914,-0.1896
2026-09-01 17:27:00,36.5469,2.4774,30.3262,43.263,0.2175,0.047,37.4982,1.6816,0.0905,0.0023,-0.0146,0.0416,-0.0054,0.0334,47.1325,52.0327,0.2116,0.0199,0.1864,0.0098,0.0394,0.1515,0.0323,92.471,93.3959,93.3064,96.2494,92.9228,93.4678,94.8666,94.9696,Excellent,0,0,0,0,0,0,0,0,None,0,0,0.0252,0.0754,-0.1992
2026-09-01 17:28:00,36.0851,2.562,29.7545,42.9282,0.167,0.025,34.3272,1.5382,0.1148,0.0583,-0.0247,-0.0478,0.0561,0.022,48.3715,52.5999,0.1996,0.0706,0.0473,0.0026,0.0637,0.0602,0.0061,91.234,95.1755,96.3894,93.922,92.1502,92.8989,96.2112,92.9853,Excellent,0,0,0,0,0,0,0,0,None,0,0,0.0805,0.0391,-0.0796
2026-09-01 17:29:00,32.1421,2.7427,25.5766,39.2562,0.0805,0.0365,36.5662,1.5104,0.0638,-0.0079,-0.0696,-0.0075,0.08,0.037,46.5443,53.2566,0.1567,0.0056,0.0863,0,0.1213,0.0135,0.0394,96.253,97.2082,94.8871,96.0722,92.76,94.0662,96.5655,95.5351,Excellent,0,0,0,0,0,0,0,0,None,0,0,0.0434,0.0569,-0.0812
2026-09-01 17:30:00,35.1428,2.5145,28.8739,41.9146,0.2145,0.0434,34.87,2.1436,0.0364,0.0273,0.0265,0.0302,0.0628,0.0171,47.7111,53.6064,0.0155,0.004,-0.0053,0,0.0493,0.0401,0.0198,93.1242,95.1159,96.1694,94.3503,92.0649,95.899,97.7857,94.6788,Excellent,0,0,0,0,0,0,0,0,None,0,0,0.0386,0.0611,0
2026-09-01 17:31:00,37.511,2.756,30.9282,44.645,0.236,0.0942,37.2132,1.9408,0.1214,0.0392,-0.0847,0.0106,0.0138,0.0075,50.5879,56.8832,0.1609,0.0317,0.1482,0,0.077,-0.0178,0.0185,92.3863,96.4204,93.5622,94.7553,90.6315,93.0899,94.1405,92.277,Excellent,0,0,0,0,0,0,0,0,None,0,0,0.0637,0.0926,-0.1587
2026-09-01 17:32:00,36.8619,2.592,30.4922,43.7499,0.2225,0.0665,36.5657,1.4832,0.0281,-0.0056,-0.1178,-0.0324,0.1846,0.07,55.6048,60.641,0.2105,0.0662,0.1374,0,0.0391,0.0687,0.0248,90.4535,94.5838,94.7265,92.6658,93.0955,93.5331,94.5295,93.923,Excellent,0,0,0,0,0,0,0,0,None,0,0,0.0752,0.1025,-0.0814
2026-09-01 17:33:00,39.6454,2.9886,32.7602,47.1283,0.2767,0.1098,35.5562,1.6179,0.0854,0.0447,0.0067,0.0245,0.0586,0.0419,53.0146,59.681,0.1463,0.0543,0.0348,0.0274,0.0581,0.0152,0.0164,91.0803,97.7582,94.6017,91.7618,88.7859,95.7736,91.0097,93.8664,Excellent,0,0,0,0,0,0,0,0,None,0,0,0.0591,0.0997,-0.1385
2026-09-01 17:34:00,36.4345,2.9127,29.6479,43.8036,0.3368,0.072,35.7815,1.5217,0.1197,0.0337,-0.0282,0.0354,0.0583,0.0408,49.219,54.7261,0.117,-0.0147,0.119,0.0044,0.0736,0.1406,0.0225,91.0826,95.2708,94.7982,94.7173,93.2639,95.4467,95.6731,92.3654,Excellent,0,0,0,0,0,0,0,0,None,0,0,0.0694,0.1052,-0.3145
2026-09-01 17:35:00,34.6898,2.4078,28.5597,41.3014,0.1038,0.0476,32.6052,1.6848,-0.0065,0.0043,-0.0044,0.0388,0.1406,0.0366,48.7884,52.9796,0.1544,0.0114,0.0783,0.0154,-0.0006,0.0654,0.0284,91.2372,92.8532,94.0239,96.3243,92.4869,92.8477,94.5401,93.7083,Excellent,0,0,0,0,0,0,0,0,None,0,0,0.0599,0.0902,-0.1894
2026-09-01 17:36:00,36.532,3.1934,29.3807,44.3221,0.2544,0.0166,35.6969,1.6983,0.0654,0.0421,0.0006,0.0211,0.0483,0.0374,48.706,52.9662,0.2516,0.0767,0.034,0,0.0695,0.0805,0.0208,88.2655,93.7911,93.5933,91.9312,91.0444,88.5441,94.7634,91.7285,Excellent,0,0,0,0,0,0,0,0,None,0,0,0.0624,0.0746,-0.2433
2026-09-01 17:37:00,40.3376,2.4004,34.2171,46.9381,0.2448,0.0662,36.6823,1.8483,0.0026,0.047,0.0052,0.049,0.0823,0.0364,49.857,53.9689,0.1882,0.0338,0.0791,0.0055,0.1456,0.1644,0.0163,88.118,96.7573,93.4239,96.1329,91.7689,92.5487,91.569,93.012,Excellent,0,0,0,0,0,0,0,0,None,0,0,0.0746,0.0533,-0.2723
2026-09-01 17:38:00,40.2162,2.6615,33.7562,47.2084,0.2444,0.1128,39.3528,1.9979,0.096,0.0316,-0.092,-0.0022,0.1148,0.034,54.0922,59.263,0.1859,0.0568,0.1113,0.0125,0.0954,0.013,0.0128,88.2206,93.5148,94.7623,91.6828,90.6905,90.9208,92.1998,91.9582,Excellent,0,0,0,0,0,0,0,0,None,0,0,0.0905,0.0779,-0.1385
2026-09-01 17:39:00,33.3385,2.6534,26.889,40.3186,0.0835,0.0435,36.0499,1.8348,0.1,-0.0197,-0.0533,-0.005,0.0463,0.0341,50.5228,55.3515,0.0929,0.0448,0.0874,0,0.1093,0.055,0.0163,95.4169,96.8347,94.8026,91.6739,91.1815,92.9751,94.7764,93.4191,Excellent,0,0,0,0,0,0,0,0,None,0,0,0.0715,0.0308,-0.2121
2026-09-01 17:40:00,34.6533,2.6259,28.2396,41.5922,0.2073,0.0054,39.4733,1.6186,0.0593,0.0264,-0.0922,0.014,0.0563,0.0109,45.7556,49.7879,0.0594,0.0144,-0.025,0,-0.0188,0.0446,0.0044,93.1847,95.1474,94.841,94.9569,94.0704,94.3474,95.8117,94.3144,Excellent,0,0,0,0,0,0,0,0,None,0,0,0.0562,0.0183,-0.0872
2026-09-01 17:41:00,36.2861,2.4817,30.0599,43.0086,0.2491,0.0454,36.5408,1.6047,0.0912,0.042,0.0223,0.0124,0.0817,0.0077,52.0126,59.602,0.198,0.1072,0.0104,0.0061,0.0645,0.0531,0.0169,90.425,93.9624,90.0394,93.3712,94.1032,92.3348,89.3384,92.9082,Excellent,0,0,0,0,0,0,0,0,None,0,0,0.1034,0.0391,0
2026-09-01 17:42:00,43.6727,2.597,37.2966,50.5681,0.298,0.0785,40.7003,1.7902,0.0601,0.0604,-0.1455,0.048,0.1331,0.0373,52.0155,57.5289,0.1302,0.1117,0.0906,0.0123,0.0865,0.046,0.044,87.68,92.4694,92.7229,92.7459,90.5557,91.8352,91.3828,90.453,Excellent,0,0,0,0,0,0,0,0,None,0,0,0.0651,0.0687,-0.0643
2026-09-01 17:43:00,38.255,2.4494,32.0708,44.929,0.1774,0.0691,34.4207,1.5609,0.1714,0.0379,-0.0413,0.0388,0.0699,0.0526,50.3581,55.9181,0.255,0.0757,0.0484,0.0325,0.1033,0.0217,0.0376,87.8859,95.2928,94.4518,92.4032,91.1085,93.845,92.2322,93.1155,Excellent,0,0,0,0,0,0,0,0,None,0,0,0.0498,0.0845,-0.1576
2026-09-01 17:44:00,39.4142,2.9627,32.5627,46.8583,0.2739,0.1036,38.3881,2.0418,0.0793,0.0135,-0.0905,0.0556,0.1267,0.0547,54.2656,58.5699,0.2362,0.075,0.0852,0.0223,0.0692,0.0824,0.0374,86.483,97.0408,92.5115,89.5742,91.519,92.2065,91.777,90.6307,Excellent,0,0,0,0,0,0,0,0,None,0,0,0.098,0.0757,-0.2094
2026-09-01 17:45:00,39.495,2.8532,32.7859,46.7748,0.2029,0.0376,36.4138,1.7749,0.0316,0.0232,-0.1592,-0.006,0.0958,0.0237,50.1881,56.7931,0.1848,0.0598,0.218,0.0065,0.1518,0.0458,0.0141,90.4958,97.2641,95.3905,92.8088,91.5682,93.4814,91.4813,93.2043,Excellent,0,0,0,0,0,0,0,0,None,0,0,0.0894,0.0957,0
2026-09-01 17:46:00,43.2287,3.1579,36.1234,50.9656,0.1309,0.0917,35.3873,1.7491,0.0882,0.0291,-0.0472,0.0329,0.1548,0.0333,51.7444,57.2477,0.2306,0.0747,0.0836,0.0033,0.1315,0.1162,0.0294,85.1596,94.7529,93.1562,91.1725,88.457,92.5702,88.2773,91.1177,Excellent,0,0,0,0,0,0,0,0,None,0,0,0.0835,0.0892,-0.0668
2026-09-01 17:47:00,34.8587,2.4526,28.6703,41.5376,0.2421,0.1341,38.2513,1.7952,-0.0148,0.0215,-0.0192,0.0429,0.1104,0.0132,51.0268,55.5957,0.1778,0.0603,0.1128,0.012,0.0723,0.0761,0.0244,90.2555,96.3639,93.9104,92.5578,92.9133,92.8131,91.3519,93.289,Excellent,0,0,0,0,0,0,0,0,None,0,0,0.0685,0.0576,-0.1018
2026-09-01 17:48:00,40.844,2.7166,34.3125,47.9189,0.2419,0.0848,33.5739,1.8421,0.0356,0.0148,-0.0972,-0.0051,0.1513,0.053,51.1555,56.9854,0.1435,0.0602,0.0534,0,0.1161,0.0061,0.0208,87.1157,96.097,93.0712,93.052,92.0947,93.3736,94.1277,93.2073,Excellent,0,0,0,0,0,0,0,0,None,0,0,0.0763,0.1387,-0.1618
2026-09-01 17:49:00,31.6659,3.1007,24.635,39.317,0.1155,0.0593,40.6977,1.6367,-0.0022,0.0078,-0.0934,-0.0078,0.1295,-0.0009,47.815,54.8861,0.0682,0.0032,0.0472,0.0042,0.0206,0.0331,0.0299,95.4405,96.2091,94.2769,92.1544,93.1373,95.8159,96.9997,94.577,Excellent,0,0,0,0,0,0,0,0,None,0,0,0.0688,0.0302,-0.0715
2026-09-01 17:50:00,33.9723,2.5391,27.6715,40.781,0.3418,0.0553,40.8619,1.6975,0.0575,0.0264,0.0429,0.025,0.0295,0.034,49.3499,56.7721,0.2039,0.0641,0.068,0.0161,0.1009,0.0716,0.0279,90.2151,98.6473,91.5225,93.0026,91.3136,93.1761,89.823,92.5964,Excellent,0,0,0,0,0,0,0,0,None,0,0,0.0649,0.1163,-0.2845
2026-09-01 17:51:00,37.2307,2.5701,30.8896,44.0857,0.2714,0.0915,38.3124,2.061,-0.0013,0.0467,-0.0029,-0.0002,0.115,0.0602,49.8044,56.1289,0.0412,0.006,0.1445,0.0029,0.0185,0.053,0.0179,91.8706,95.5661,91.5128,91.9964,94.0176,94.5657,95.5291,93.5084,Excellent,0,0,0,0,0,0,0,0,None,0,0,0.0682,0.1034,-0.2218
2026-09-01 17:52:00,41.3146,2.7223,34.7756,48.3981,0.3975,0.0702,39.7654,1.8171,0.0195,0.0504,-0.1153,0.0328,0.119,0.0504,51.9018,56.9601,0.3122,0.1022,0.0855,0.0231,0.1088,0.0138,0.02,86.719,92.4021,91.2419,90.7481,89.0856,92.8306,89.5976,89.3359,Healthy,0,0,0,0,0,0,0,0,None,0,0,0.1139,0.1398,-0.1539
2026-09-01 17:53:00,36.8978,2.69,30.4008,43.9328,0.3492,0.1147,38.168,1.9961,0.088,0.0339,-0.0351,0.0315,0.095,0.0451,49.9253,56.7664,0.1136,0.0572,0.1086,0.0105,0.0322,0.0221,0.0334,89.8119,94.5377,93.3457,92.4705,92.1898,92.4323,90.9395,91.998,Excellent,0,0,0,0,0,0,0,0,None,0,0,0.0583,0.1294,-0.1881
2026-09-01 17:54:00,39.2356,3.0221,32.3069,46.7687,0.2551,0.0653,35.5161,2.0017,0.1025,0.0023,-0.0728,-0.0154,0.1197,0.0506,48.3808,55.1672,0.2554,0.0523,0.1504,0.0101,0.1612,0.0447,0.0099,89.3721,95.9365,94.5635,91.6484,91.6575,92.0628,91.7846,92.707,Excellent,0,0,0,0,0,0,0,0,None,0,0,0.0837,0.0693,-0.1614
2026-09-01 17:55:00,40.5571,2.4771,34.337,47.2727,0.1853,0.0312,37.5002,1.5728,0.0825,0.0128,-0.0787,-0.0039,0.1212,0.0501,49.8369,53.6658,0.2861,0.0816,0.1314,0.0192,0.0389,0.0735,0.0178,92.0677,94.4433,96.9009,93.1702,92.8826,96.4972,92.2917,94.0162,Excellent,0,0,0,0,0,0,0,0,None,0,0,0.0565,0.1406,-0.1225
2026-09-01 17:56:00,38.5402,2.5195,32.2648,45.3195,0.1949,0.0622,38.403,1.5933,0.0615,0.0163,-0.1726,-0.0163,0.1136,0.0448,50.6284,55.6134,0.195,0.0133,0.0173,0.0077,0.1003,0.1065,0.0037,89.7149,93.593,93.9949,95.2606,92.1224,94.5401,94.7495,94.2378,Excellent,0,0,0,0,0,0,0,0,None,0,0,0.0704,0.0705,-0.2909
2026-09-01 17:57:00,37.9847,2.7919,31.3552,45.1726,0.2851,0.0922,38.9551,1.6971,0.0023,-0.0336,-0.09,0.038,0.1066,0.049,50.4706,54.6101,0.2082,0.0357,0.0994,0.0165,0.0229,0.0416,0.0332,87.3427,95.4062,92.7644,94.1659,89.8249,91.8514,92.09,90.742,Excellent,0,0,0,0,0,0,0,0,None,0,0,0.1077,0.1066,-0.1059
2026-09-01 17:58:00,36.9513,3.1349,29.8759,44.6536,0.1279,0.0697,36.6572,1.653,0.0794,0.0152,-0.1769,0.0127,0.034,0.0342,50.7021,55.9384,0.1663,0.0253,0.108,0.0158,0.0766,0.081,0.0137,89.8258,95.4743,92.9998,95.7933,93.764,95.7826,95.466,94.4609,Excellent,0,0,0,0,0,0,0,0,None,0,0,0.0631,0.1098,-0.1824
2026-09-01 17:59:00,37.1886,2.6647,30.7245,44.1856,0.2276,0.0823,37.5639,1.5789,0.1032,0.0577,-0.0297,0.013,0.0307,0.0546,53.4866,58.5339,0.1809,0.0782,0.0471,0.0279,0.133,0.0894,-0.0003,88.7536,94.5767,91.1359,96.0967,92.162,91.2829,93.3014,92.2275,Excellent,0,0,0,0,0,0,0,0,None,0,0,0.0902,0.0577,-0.2013
2026-09-01 18:00:00,38.991,3.0549,32.0197,46.5733,0.2658,0.1208,36.1603,1.7078,0.0916,0.009,-0.0875,0.0306,0.0903,0.0348,48.1765,54.0106,0.1249,0.0536,0.1298,0.0147,0.2291,0.1309,0.0393,90.6649,95.4813,89.7246,91.6099,90.1022,94.9618,93.5751,90.7861,Excellent,0,0,0,0,0,0,0,0,None,0,0,0.076,0.1174,-0.0221
2026-09-01 18:01:00,38.6306,2.7154,32.1006,45.7038,0.2529,0.0606,35.1091,1.8145,0.0426,0.0244,-0.0961,0.0337,0.1169,0.0458,51.5,56.1601,0.1412,0.0555,0.1272,0.0217,0.078,0.0887,0.0251,84.9495,94.0238,90.7887,88.894,89.4247,94.0021,92.1404,91.9902,Excellent,0,0,0,0,0,0,0,0,None,0,0,0.0823,0.1081,-0.1594
2026-09-01 18:02:00,37.8047,2.235,31.8992,44.1573,0.1615,0.0644,36.1119,1.8769,0.0025,0.0254,-0.016,0.0263,0.0697,0.0249,48.2954,52.8044,0.0435,0.0819,0.1434,0.0379,0.0172,0.0547,0.0098,91.8578,94.022,93.1222,93.6175,96.0627,93.1103,93.9309,93.9062,Excellent,0,0,0,0,0,0,0,0,None,0,0,0.0922,0.1145,0
2026-09-01 18:03:00,36.4633,2.6058,30.0758,43.372,0.1151,0.079,42.0787,1.6853,0.1593,-0.013,0.0419,0.0043,0.0851,0.0467,51.6115,57.8162,0.2254,0.0359,0.0073,0.0119,0.0484,0.0461,0.0118,89.0145,95.9945,92.7577,92.3593,90.1669,94.141,92.8234,92.1046,Excellent,0,0,0,0,0,0,0,0,None,0,0,0.0801,0.1203,-0.2596
2026-09-01 18:04:00,39.9974,2.6375,33.5686,46.9536,0.2097,0.1119,37.176,1.5877,0.1697,0.0179,-0.1139,0.0303,0.0419,0.0109,53.8574,59.784,0.2662,0.0063,0.199,0.0031,0.0211,0.0593,0.0242,90.213,95.3762,92.2933,90.6364,91.7405,89.8103,90.9434,91.7943,Excellent,0,0,0,0,0,0,0,0,None,0,0,0.113,0.11,-0.1651
2026-09-01 18:05:00,38.3455,3.3935,30.9339,46.4358,0.1971,0.1028,36.695,1.9605,0.1711,0.0586,-0.1401,0.0036,0.0617,0.0211,52.8403,59.4624,0.2878,0.0144,0.1099,0.0048,0.0573,0.0399,0.0281,90.2062,94.795,92.4378,90.6395,91.5793,92.6903,92.3865,91.7495,Excellent,0,0,0,0,0,0,0,0,None,0,0,0.0799,0.1384,0
2026-09-01 18:06:00,41.1252,2.6163,34.7239,48.0497,0.2023,0.043,35.5822,1.6678,0.0753,0.0316,-0.0843,-0.0027,0.076,0.016,50.944,55.6741,0.1506,0.0471,0.1704,0.0335,0.0772,0.0119,0.0331,87.9231,96.258,94.2789,92.8918,92.4034,95.7,90.6207,92.2084,Excellent,0,0,0,0,0,0,0,0,None,0,0,0.0757,0.0662,-0.1191
2026-09-01 18:07:00,40.9434,3.8744,32.9066,49.755,0.235,0.0835,39.5028,1.9139,0.0541,-0.0144,-0.1249,0.0679,0.1131,0.0386,49.7841,53.9851,0.1108,0.0877,0.1388,0.0142,0.1047,0.0413,0.023,90.9622,95.9109,93.8154,92.5011,92.4107,93.613,94.1811,94.3316,Excellent,0,0,0,0,0,0,0,0,None,0,0,0.0601,0.0796,-0.1017
2026-09-01 18:08:00,38.1594,3.1836,31.0207,45.9349,0.2198,0.0895,36.2155,1.5374,0.1493,0.0329,-0.13,-0.0226,0.0734,0.0391,48.0126,54.6276,0.2223,0.0661,0.147,0.0134,0.1457,0.1412,0.0296,88.9717,92.8998,93.7972,90.0545,92.092,91.1415,90.1597,90.551,Excellent,0,0,0,0,0,0,0,0,None,0,0,0.0983,0.084,-0.0665
2026-09-01 18:09:00,38.6759,2.8637,31.9531,45.9715,0.1983,0.1384,39.6841,1.6703,0.1246,0.0418,-0.0615,0.0422,0.0904,0.0362,49.5875,55.8196,0.1921,0.0489,0.1113,0.0025,0.0564,0.1172,0.013,89.6122,94.3926,92.534,93.2123,91.5341,94.4987,92.7451,91.3705,Excellent,0,0,0,0,0,0,0,0,None,0,0,0.0802,0.1066,-0.1945
2026-09-01 18:10:00,41.8656,2.5735,35.52,48.7259,0.2367,0.0815,36.8253,1.8075,0.0968,0.025,-0.0557,0.0003,0.0662,0.0389,53.1749,59.8656,0.1816,0.0645,0.1676,0.0066,0.121,0.115,0.0097,88.2098,92.9139,90.6234,92.0997,93.1838,92.863,91.8271,91.9687,Excellent,0,0,0,0,0,0,0,0,None,0,0,0.0836,0.0779,-0.2078
2026-09-01 18:11:00,41.5423,3.0316,34.6012,49.0897,0.2816,0.078,40.2837,1.8538,0.078,0.0474,-0.0466,-0.0082,0.1312,0.0476,54.42,60.1908,0.2572,0.0136,0.1669,0,0.1231,0.114,0.0308,86.3951,93.2713,92.1927,89.5691,88.8866,93.3326,91.6887,90.5655,Excellent,0,0,0,0,0,0,0,0,None,0,0,0.0864,0.1142,-0.112
2026-09-01 18:12:00,44.6768,2.6391,38.2461,51.6354,0.1735,0.0605,35.7413,1.9459,0.0915,0.0332,-0.1247,0.0167,0.1086,0.0511,54.9739,60.6126,0.2268,0.0835,0.1171,0.0289,0.0785,0.0279,0.0273,90.917,95.8345,92.6371,91.5271,89.0605,92.4776,90.1192,92.4251,Excellent,0,0,0,0,0,0,0,0,None,0,0,0.0836,0.0966,-0.1026
2026-09-01 18:13:00,36.3527,3.1432,29.2666,44.0674,0.3549,0.0937,34.6221,1.7463,-0.0651,0.0533,-0.0914,0.0335,0.1386,0.0659,55.4309,61.0592,0.2189,0.0529,0.098,0.0136,0.0992,0.0245,0.0319,89.3871,93.4672,91.2729,91.1998,89.9649,88.0429,90.3036,89.8484,Healthy,0,0,0,0,0,0,0,0,None,0,0,0.0907,0.098,-0.0482
2026-09-01 18:14:00,41.7714,3.277,34.5112,49.687,0.2553,0.0669,36.8883,2.3366,0.1529,0.0391,-0.0659,0.0165,0.0674,0.0392,54.6202,59.8643,0.1652,0.0694,0.1655,0.02,0.0876,0.0944,0.0281,87.1293,92.9663,92.0082,88.7869,89.6977,87.4336,90.4637,88.5852,Healthy,0,0,0,0,0,0,0,0,None,0,0,0.1167,0.0944,-0.2777
2026-09-01 18:15:00,42.4389,3.016,35.518,49.9629,0.2846,0.0766,37.7171,2.0966,0.196,0.044,-0.1141,0.0222,0.1245,0.0539,50.2558,55.1168,0.2213,0.0588,0.1947,0.0039,0.0906,0.0995,0.0469,86.4081,93.8244,90.5981,87.7944,87.2702,90.9594,92.779,89.4593,Healthy,0,0,0,0,0,0,0,0,None,0,0,0.1052,0.1007,-0.2082
2026-09-01 18:16:00,39.9357,3.6399,32.2038,48.3954,0.2281,0.1115,39.067,2.0247,0.0428,0.0341,-0.1219,0.0146,0.1301,0.0758,52.0243,57.189,0.2794,0.0693,0.2782,0.0276,0.1132,0.0176,0.0482,85.5475,95.5614,89.9546,89.6172,87.3765,89.4226,89.2543,88.4508,Healthy,0,0,0,0,0,0,0,0,None,0,0,0.1382,0.1238,-0.1744
2026-09-01 18:17:00,37.8568,2.7067,31.3381,44.9169,0.1446,0.0845,36.502,1.5984,0.023,-0.0062,-0.0588,-0.0143,0.0492,0.0305,48.7937,53.9829,0.245,0.0923,0.1081,0.0096,0.1168,0.0602,0.0196,89.2994,94.0784,93.2013,91.5501,91.9497,92.5876,92.9948,93.3161,Excellent,0,0,0,0,0,0,0,0,None,0,0,0.0798,0.0563,-0.201
2026-09-01 18:18:00,41.7462,2.6762,35.2671,48.7605,0.1802,0.0807,42.3455,1.7971,0.0723,0.0353,0.0039,0.0693,0.1703,0.0657,52.2696,58.4486,0.2082,0.0833,0.0286,0,0.0535,0.0243,0.0289,89.4854,95.1912,92.6205,90.4956,92.1245,93.5097,92.4722,92.3572,Excellent,0,0,0,0,0,0,0,0,None,0,0,0.0785,0.1005,-0.1771
2026-09-01 18:19:00,39.3464,2.6238,32.9355,46.2821,0.1858,0.0621,39.9179,1.7591,0.002,0.0191,-0.1075,0.0273,0.1174,0.0427,51.6422,57.6285,0.2153,0.037,0.1648,0.0108,0.0093,0.0398,0.0173,86.32,96.2791,92.9922,92.8642,90.9693,89.6802,92.8663,92.2845,Excellent,0,0,0,0,0,0,0,0,None,0,0,0.0603,0.1078,-0.0787
2026-09-01 18:20:00,41.3426,3.1468,34.2517,49.0628,0.3172,0.1141,35.7048,1.825,0.0938,0.0489,-0.1167,0.0388,0.16,0.0664,49.5833,56.6036,0.2257,0.0617,0.1745,0.0369,0.1295,-0.0138,0.0517,84.3003,92.3874,90.5048,89.3143,86.1931,87.3751,89.5844,88.6662,Healthy,0,0,0,0,0,0,0,0,None,0,0,0.1376,0.1459,-0.1227
2026-09-01 18:21:00,41.2268,3.4571,33.7325,49.4125,0.1787,0.0657,37.5011,1.5856,0.0232,0.0169,-0.1262,0.0328,0.1828,0.0501,53.5963,60.0341,0.1799,0.0583,0.191,0.0285,0.0596,0.0552,0.0443,88.1264,94.5929,89.2992,88.2317,88.7335,88.7482,90.3563,90.3716,Excellent,0,0,0,0,0,0,0,0,None,0,0,0.1087,0.0965,-0.2677
2026-09-01 18:22:00,41.4989,3.4743,33.9823,49.7104,0.3117,0.1232,39.1663,1.8865,0.0432,0.0397,-0.0745,0.0202,0.1049,0.0561,53.252,60.1022,0.1632,0.0353,0.2307,0.0066,0.0745,0.0922,0.0254,90.2268,94.4777,90.7642,89.834,91.9876,89.5699,89.8796,91.2292,Excellent,0,0,0,0,0,0,0,0,None,0,0,0.1027,0.1256,-0.2027
2026-09-01 18:23:00,45.623,2.8982,38.8554,52.9703,0.296,0.1026,35.807,1.7356,0.0841,0.0648,-0.0689,0.0223,0.0909,0.0273,52.8312,57.8367,0.1892,0.0504,0.2184,0.0141,0.133,0.1053,0.0489,84.448,92.3115,89.3557,90.242,85.2163,90.9577,89.0755,88.6953,Healthy,0,0,0,0,0,0,0,0,None,0,0,0.1013,0.1526,-0.0718
2026-09-01 18:24:00,42.9914,3.4836,35.4627,51.2168,0.3689,0.134,38.6267,1.8233,0.1625,0.0592,0.01,0.0022,0.1674,0.0459,52.8033,57.1593,0.2008,0.0171,0.2155,0.0265,0.0832,0.1188,0.0275,86.9207,95.0868,92.2595,88.9279,89.8486,91.8655,89.5867,90.3223,Excellent,0,0,0,0,0,0,0,0,None,0,0,0.092,0.0659,-0.125
2026-09-01 18:25:00,37.7664,2.8362,31.0793,45.0207,0.2571,0.0706,39.0768,1.7818,0.1003,0.0477,-0.1128,0.039,0.202,0.0358,54.457,60.7012,0.2163,0.0682,0.1201,0.0301,0.0842,-0.0113,0.0509,86.8908,96.0378,90.4248,91.434,86.1757,92.6441,92.0075,91.1906,Excellent,0,0,0,0,0,0,0,0,None,0,0,0.0931,0.1601,-0.0903
2026-09-01 18:26:00,41.1784,3.0303,34.239,48.7238,0.3197,0.1099,35.3321,2.0416,0.1113,0.0561,-0.0468,0.0281,0.1257,0.0609,53.4592,59.668,0.0681,0.0929,0.1898,0.0211,0.0659,0.0658,0.0456,86.0703,93.2165,89.1766,88.9597,87.0943,89.3886,91.2422,88.6438,Healthy,0,0,0,0,0,0,0,0,None,0,0,0.1214,0.1297,-0.0399
2026-09-01 18:27:00,39.2636,3.0411,32.3101,46.8253,0.2497,0.1022,41.8499,1.7191,0.0067,0.0416,-0.0592,0.0207,0.1673,0.034,55.0422,60.0376,0.2827,0.0715,0.0892,0.0109,0.1157,0.1036,0.0211,86.5653,96.746,90.5644,89.8129,87.5504,87.7482,90.1046,89.7365,Healthy,0,0,0,0,0,0,0,0,None,0,0,0.133,0.1297,-0.0844
2026-09-01 18:28:00,42.7391,2.7703,36.1377,49.8946,0.2956,0.0297,38.2,1.7728,0.0499,0.0774,-0.0683,0.0495,0.0934,0.0097,51.6862,56.5913,0.2653,0.1034,0.1081,0.0009,0.0526,0.0595,0.0376,87.7998,94.6251,89.6249,90.707,89.2099,91.4017,89.3607,91.2557,Excellent,0,0,0,0,0,0,0,0,None,0,0,0.0789,0.1297,-0.2055
2026-09-01 18:29:00,45.2551,3.5492,37.6411,53.5788,0.2655,0.1534,36.8201,1.8512,0.1507,0.0539,-0.1,0.0008,0.1009,0.0357,55.4713,60.5754,0.2793,0.0783,0.1929,0,0.2223,0.1525,0.05,84.8448,92.6313,93.5137,88.7111,87.4543,89.5393,88.6624,90.3836,Excellent,0,0,0,0,0,0,0,0,None,0,0,0.0997,0.1102,-0.1422
2026-09-01 18:30:00,40.5215,2.9161,33.7305,47.8957,0.3391,0.1362,38.3922,1.5999,0.1241,0.0255,-0.0632,0.0407,0.0865,0.0601,54.8644,60.6324,0.3238,0.0987,0.0791,0.0257,0.1432,0.1058,0.062,84.9481,96.1155,91.6194,87.7851,86.7037,88.1231,87.513,87.8927,Healthy,0,0,0,0,0,0,0,0,None,0,0,0.1331,0.1336,-0.1073
2026-09-01 18:31:00,43.103,3.4169,35.661,51.2284,0.1664,0.0913,39.8819,1.925,0.0828,0.0116,-0.0785,0.0334,0.129,0.0752,54.3312,58.8597,0.1234,0.1076,0.066,0,0.1185,0.0761,0.0277,83.7382,95.3089,90.6265,92.3696,87.4075,88.7472,90.8727,89.3071,Healthy,0,0,0,0,0,0,0,0,None,0,0,0.0829,0.1456,-0.1342
2026-09-01 18:32:00,37.8301,3.9053,29.7532,46.6881,0.3319,0.1445,36.4232,1.8052,0.0104,0.0121,0.0035,0.0271,0.1451,0.0369,52.2424,56.9481,0.2298,0.12,0.1879,0.0016,0.08,0.0485,0.0195,84.366,95.951,91.8986,90.2758,87.654,90.7616,90.7873,90.1599,Excellent,0,0,0,0,0,0,0,0,None,0,0,0.0947,0.0875,-0.2143
2026-09-01 18:33:00,42.4217,3.4336,34.958,50.572,0.2727,0.108,41.7418,1.7334,-0.0068,0.0144,-0.1003,0.0418,0.1749,0.0537,51.6709,58.9044,0.2856,0.0914,0.186,0.0359,0.1331,0.0733,0.0402,86.0659,93.5125,93.2547,89.1756,88.5245,88.8492,89.2834,90.0667,Excellent,0,0,0,0,0,0,0,0,None,0,0,0.1029,0.1599,-0.2258
2026-09-01 18:34:00,48.2835,3.2201,41.0974,56.1137,0.3926,0.1368,43.0586,2.1993,0.1173,0.0596,-0.115,0.0266,0.108,0.0841,56.0365,65.0222,0.2485,0.0618,0.1878,0.0367,0.21,0.129,0.0479,83.1778,93.8822,90.1792,87.2501,85.01,85.3884,89.9467,87.156,Healthy,0,0,0,0,0,0,0,0,None,0,0,0.1298,0.051,-0.4179
2026-09-01 18:35:00,38.5108,2.9475,31.6791,45.9321,0.2202,0.0867,39.0295,1.6758,0.0703,0.0419,0.0505,0.043,0.1203,0.071,56.5742,63.3392,0.2575,0.0568,0.1138,0.028,0.1524,0.1006,0.0306,86.1704,94.0344,90.8708,89.2636,89.1992,90.1752,91.1691,89.8525,Healthy,0,0,0,0,0,0,0,0,None,0,0,0.083,0.1245,-0.09
2026-09-01 18:36:00,44.4905,3.0584,37.5145,52.0782,0.386,0.1614,36.0906,1.771,0.0638,-0.0019,-0.0949,0.0284,0.076,0.0418,54.4684,59.4349,0.201,0.083,0.2292,0.0159,0.1287,0.0622,0.0318,83.7025,91.0127,87.1896,88.6842,88.7553,90.2713,89.3752,88.6621,Healthy,0,0,0,0,0,0,0,0,None,0,0,0.127,0.1283,-0.1882
2026-09-01 18:37:00,47.1363,3.5296,39.5478,55.4307,0.2639,0.1776,40.1179,2.1139,0.0525,0.0432,-0.0137,0.015,0.1306,0.0987,56.145,61.5464,0.3531,0.1007,0.2394,0.0402,0.1528,0.11,0.0218,81.6656,90.8079,88.1843,87.8776,85.2005,87.8956,87.2862,86.9331,Healthy,0,0,0,0,0,0,0,0,None,0,0,0.1428,0.1188,-0.2089
2026-09-01 18:38:00,45.5335,2.8413,38.8398,52.7955,0.3721,0.1452,36.6724,1.9115,0.0958,0.0304,-0.0984,0.0435,0.1356,0.054,54.9893,60.9229,0.2769,0.132,0.2168,0.0174,0.1053,0.1337,0.0557,81.007,93.4188,91.7592,90.6004,87.4326,91.7266,91.5641,90.0009,Excellent,0,0,0,0,0,0,0,0,None,0,0,0.1045,0.136,-0.2066
2026-09-01 18:39:00,44.8401,3.1633,37.7278,52.585,0.28,0.1622,37.6734,2.2758,0.1227,0.0791,-0.1255,0.0389,0.1519,0.053,54.3656,59.2565,0.2851,0.0801,0.2195,0.0346,0.0634,0.1342,0.0292,81.3031,91.83,89.6876,85.8447,85.1974,90.4712,90.9258,87.5058,Healthy,0,0,0,0,0,0,0,0,None,0,0,0.1235,0.1346,-0.2594
2026-09-01 18:40:00,43.2869,3.0217,36.3587,50.8194,0.3865,0.0935,38.8783,1.7998,0.0808,0.0472,-0.0618,0.0126,0.1503,0.0477,58.4173,65.7923,0.3765,0.1128,0.1053,0.0031,0.1612,0.1285,0.0319,81.3771,89.6005,90.285,88.2913,85.0897,89.3028,87.6987,87.9325,Healthy,0,0,0,0,0,0,0,0,None,0,0,0.1216,0.119,-0.2607
2026-09-01 18:41:00,38.1851,3.2742,30.9286,46.0963,0.3233,0.1294,37.6757,2.0638,0.0969,0.0397,-0.1019,0.0152,0.1043,0.054,54.9441,60.3493,0.2703,0.062,0.1583,0.0251,0.13,0.1247,0.0541,87.2788,92.5657,92.1608,88.8294,87.1394,91.3985,91.6609,90.7162,Excellent,0,0,0,0,0,0,0,0,None,0,0,0.0756,0.1494,-0.2065
2026-09-01 18:42:00,40.3525,3.1171,33.3002,48.0282,0.1052,0.0995,37.0117,1.5594,0.1149,0.0177,0.0282,0.0479,0.127,0.037,50.5618,55.229,0.2505,0.0569,0.1581,0.0503,0.069,0.1713,0.0164,88.7614,96.1051,93.8965,91.9747,90.7614,93.1249,92.5863,93.7833,Excellent,0,0,0,0,0,0,0,0,None,0,0,0.0662,0.0822,-0.0081
2026-09-01 18:43:00,47.8903,3.4299,40.4314,56.0352,0.3606,0.1143,38.065,1.844,0.0412,0.0519,-0.0322,0.024,0.1456,0.0752,53.8332,59.4194,0.3832,0.0577,0.1918,0.0437,0.1947,0.0671,0.0554,81.5593,92.8476,89.9275,84.1883,86.4067,85.4524,90.0012,86.2394,Healthy,0,0,0,0,0,0,0,0,None,0,0,0.1277,0.1498,-0.2247
2026-09-01 18:44:00,47.0545,3.2723,39.8006,54.9629,0.4062,0.1575,40.266,1.9471,0.0792,0.0851,-0.1364,0.0499,0.125,0.0705,56.9924,61.8807,0.2025,0.0543,0.2971,0.011,0.1217,0.1095,0.0323,83.6474,92.1852,85.0163,88.9753,87.5526,89.8421,87.5446,85.689,Healthy,0,0,0,0,0,0,0,0,None,0,0,0.1417,0.1589,-0.1459
2026-09-01 18:45:00,49.7032,2.8726,42.9688,57.0121,0.3389,0.1778,37.6349,2.0231,0.1965,0.0282,-0.0934,0.0502,0.1131,0.0787,58.0895,63.6086,0.2908,0.1194,0.2018,0.0508,0.1307,0.0848,0.0164,83.2072,95.8689,91.9503,89.7142,84.1274,89.6723,89.494,88.2182,Healthy,0,0,0,0,0,0,0,0,None,0,0,0.1317,0.178,-0.095
2026-09-01 18:46:00,46.3984,3.6662,38.6324,54.8977,0.4729,0.0788,43.3376,1.7598,0.1579,0.0472,-0.1192,0.0508,0.092,0.056,55.1503,62.7061,0.281,0.0982,0.2501,0.0224,0.1299,0.024,0.0348,85.1708,91.1815,89.4675,89.5096,84.9021,89.4666,87.5145,88.4834,Healthy,0,0,0,0,0,0,0,0,None,0,0,0.1215,0.1589,-0.0685
2026-09-01 18:47:00,47.514,3.192,40.3644,55.302,0.4444,0.1068,40.3305,2.2748,0.1443,0.0453,-0.0516,0.0313,0.1262,0.0487,58.1171,63.2232,0.3891,0.1318,0.2287,0.0313,0.1476,0.1397,0.0259,77.5586,92.5568,87.9028,84.9212,88.5751,87.0459,86.2431,87.6401,Healthy,0,0,0,0,0,0,0,0,None,0,0,0.1111,0.1161,-0.2559
2026-09-01 18:48:00,53.4342,3.4942,45.8918,61.6754,0.5252,0.1577,39.9882,1.8796,0.1635,0.0551,-0.1359,0.0391,0.1254,0.0828,62.493,69.8826,0.2736,0.0797,0.3083,0.0407,0.1714,0.164,0.0355,78.7102,92.6543,87.4094,86.5441,83.4031,84.3666,85.2689,84.796,Healthy,0,0,0,0,0,0,0,0,None,0,0,0.1317,0.1615,-0.1878
2026-09-01 18:49:00,42.8558,3.0523,35.8878,50.4342,0.3687,0.1158,42.4802,2.0812,0.1247,0.0649,-0.2187,0.0334,0.1279,0.0613,61.956,68.3677,0.3265,0.087,0.1264,0.0091,0.178,0.13,0.0569,85.0512,92.4389,89.2856,86.6138,86.365,90.2615,89.4636,90.6209,Excellent,0,0,0,0,0,0,0,0,None,0,0,0.0813,0.1482,-0.0087
2026-09-01 18:50:00,42.4718,2.9554,35.6297,49.9049,0.2737,0.1411,40.0485,1.9737,0.0674,0.038,-0.1186,0.0562,0.0846,0.0441,55.8695,60.5544,0.2439,0.095,0.3137,0.0248,0.1961,0.1496,0.0695,84.9987,92.3548,87.6617,86.1827,85.6214,93.992,86.1417,90.2903,Excellent,0,0,0,0,0,0,0,0,None,0,0,0.1093,0.1061,-0.2242
2026-09-01 18:51:00,42.2459,3.6097,34.5533,50.6604,0.2701,0.1309,41.1035,2.4837,0.1355,0.0145,-0.0409,0.0312,0.081,0.0268,54.9878,63.7751,0.2741,0.0454,0.1779,0.0151,0.0966,0.0478,0.0338,86.8532,92.8975,90.0564,89.0078,89.5668,88.574,92.1899,91.1405,Excellent,0,0,0,0,0,0,0,0,None,0,0,0.0806,0.1107,-0.2437
2026-09-01 18:52:00,48.953,3.2238,41.7621,56.7887,0.4288,0.1631,42.2416,1.7841,0.0602,0.0549,-0.0054,0.0225,0.1736,0.0913,59.5922,64.8138,0.316,0.0818,0.2852,0.0357,0.0776,0.0904,0.0343,77.7006,93.0899,88.9394,86.4719,85.4452,86.1598,86.2124,86.2334,Healthy,0,0,0,0,0,0,0,0,None,0,0,0.1437,0.1518,-0.2652
2026-09-01 18:53:00,44.7463,3.2107,37.5723,52.5624,0.3558,0.1473,37.2621,1.6949,0.1355,0.0407,-0.0789,0.0541,0.1366,0.0573,52.828,59.4373,0.3447,0.0983,0.2142,0.0255,0.1789,0.0708,0.0381,82.5124,94.8788,89.2232,86.3995,87.036,87.8373,90.2428,87.6707,Healthy,0,0,0,0,0,0,0,0,None,0,0,0.1218,0.1415,-0.1118
2026-09-01 18:54:00,46.0415,3.5624,38.4104,54.385,0.4258,0.1311,37.475,2.0105,0.1067,0.074,-0.105,0.0601,0.1346,0.0417,56.7035,63.7679,0.3825,0.1375,0.1495,0.0122,0.0653,0.0867,0.0288,83.0102,93.3545,88.9486,86.1112,87.6714,91.9168,86.9172,87.1254,Healthy,0,0,0,0,0,0,0,0,None,0,0,0.1226,0.1256,-0.1943
2026-09-01 18:55:00,47.6709,3.1442,40.5835,55.3872,0.3267,0.145,41.7448,2.2186,0.188,0.0455,-0.1995,0.0505,0.0924,0.0669,59.3955,64.3041,0.253,0.0787,0.1819,0.0408,0.1167,0.1193,0.0252,80.5054,95.3121,86.6648,89.0107,86.8768,86.7343,88.3496,87.5415,Healthy,0,0,0,0,0,0,0,0,None,0,0,0.1209,0.1495,-0.2421
2026-09-01 18:56:00,46.6887,3.0813,39.683,54.3107,0.3785,0.1634,37.2999,2.249,0.1056,0.0053,-0.1697,0.0264,0.1503,0.045,53.6693,60.4067,0.3561,0.0843,0.2261,0.0165,0.0911,0.0913,0.0312,82.2888,93.736,89.7771,88.9545,86.8321,89.8719,91.2713,88.8202,Healthy,0,0,0,0,0,0,0,0,None,0,0,0.0866,0.099,-0.2823
2026-09-01 18:57:00,44.003,3.0934,36.9816,51.6432,0.3002,0.1451,35.8868,2.1727,0.1021,0.0605,-0.0918,0.0783,0.2018,0.0478,55.4498,61.6226,0.4002,0.1049,0.1542,0.0141,0.1894,0.0728,0.0406,81.7099,92.2062,86.1175,87.3867,88.1227,89.12,91.4124,88.6378,Healthy,0,0,0,0,0,0,0,0,None,0,0,0.1054,0.0984,-0.2271
2026-09-01 18:58:00,43.9326,3.0373,36.9841,51.4886,0.4192,0.1123,40.0563,1.8169,0.083,0.0992,-0.1451,0.0242,0.1035,0.063,53.706,59.4797,0.2554,0.0834,0.2207,0.048,0.1493,0.0792,0.0379,82.1347,92.1888,88.2699,87.4211,84.6879,91.2479,87.1067,87.5546,Healthy,0,0,0,0,0,0,0,0,None,0,0,0.1065,0.1064,-0.2753
2026-09-01 18:59:00,45.3171,3.5974,37.6405,53.7133,0.4638,0.1606,41.3625,1.8851,0.0936,0.057,-0.0729,0.0364,0.1278,0.0565,58.7612,64.8211,0.3294,0.072,0.2426,0.0316,0.1628,0.0668,0.0653,77.5126,90.0564,86.8248,86.3406,86.0828,84.8347,84.3856,86.1087,Healthy,0,0,0,0,0,0,0,0,None,0,0,0.1346,0.1153,-0.1844
2026-09-01 19:00:00,48.2274,3.5265,40.643,56.5171,0.4719,0.1601,39.9994,1.9037,0.1812,0.0453,-0.0886,0.0471,0.2229,0.05,62.0977,67.6223,0.3828,0.1059,0.2094,0.0255,0.1549,0.1314,0.0403,78.1543,92.0402,84.9064,86.3056,84.7399,86.4814,84.0848,85.6045,Healthy,0,0,0,0,0,0,0,0,None,0,0,0.1209,0.1607,-0.2305
2026-09-01 19:01:00,47.7749,3.7204,39.9384,56.3556,0.452,0.1326,43.0427,1.7655,0.0923,0.0031,-0.1231,0.0295,0.1492,0.0229,58.6754,66.4232,0.3681,0.1033,0.0934,0.0247,0.1743,0.1108,0.0541,82.2947,93.1454,88.2422,87.6844,88.7786,90.2135,84.9106,88.7357,Healthy,0,0,0,0,0,0,0,0,None,0,0,0.1362,0.1231,-0.255
2026-09-01 19:02:00,47.8469,3.0286,40.9098,55.3897,0.2823,0.1465,36.5984,1.6557,0.1487,0.0744,-0.0932,0.0392,0.1758,0.0738,58.7088,64.9849,0.3054,0.1007,0.1829,0.0259,0.1833,0.0882,0.0443,80.6697,90.4833,86.6647,87.4467,85.6683,87.7331,87.9966,86.3657,Healthy,0,0,0,0,0,0,0,0,None,0,0,0.1159,0.1495,-0.2246
2026-09-01 19:03:00,47.1307,3.0793,40.1276,54.7497,0.5083,0.1592,39.3657,2.0087,0.1376,0.0583,-0.163,0.0203,0.1605,0.0539,58.4339,63.5556,0.3929,0.0638,0.2625,0.0277,0.0558,0.1256,0.0506,79.3132,93.6982,85.2185,88.6701,85.9787,88.5662,88.5362,87.4599,Healthy,0,0,0,0,0,0,0,0,None,0,0,0.1135,0.1481,-0.2382
2026-09-01 19:04:00,46.2359,3.4753,38.718,54.4489,0.3816,0.1607,39.6615,2.0125,0.1121,0.0759,-0.1362,0.0358,0.1383,0.07,59.588,65.3272,0.2619,0.1344,0.1447,0.0387,0.1828,0.0654,0.0425,80.1551,91.4775,85.9933,83.4118,82.2773,89.1241,86.9706,85.8466,Healthy,0,0,0,0,0,0,0,0,None,0,0,0.1196,0.1333,-0.3568
2026-09-01 19:05:00,44.515,3.5218,36.9367,52.7977,0.2852,0.1405,39.5303,1.9399,0.1778,0.039,-0.1288,0.0224,0.1562,0.0578,57.4955,63.3522,0.3236,0.0917,0.0804,0.0181,0.2129,0.119,0.0621,81.2533,93.4435,85.8395,89.8979,86.4993,88.4039,87.3951,88.5851,Healthy,0,0,0,0,0,0,0,0,None,0,0,0.0905,0.1066,-0.2132
2026-09-01 19:06:00,45.155,3.5456,37.5457,53.4734,0.391,0.1618,39.4758,2.1635,0.184,0.0253,-0.1497,0.0507,0.1627,0.0792,59.6572,68.8168,0.2665,0.0992,0.1981,0.0216,0.1656,0.1935,0.0521,79.4277,92.3557,87.6956,87.0599,83.1348,85.2342,86.9823,85.2711,Healthy,0,0,0,0,0,0,0,0,None,0,0,0.179,0.1481,-0.2571
2026-09-01 19:07:00,47.2586,3.2011,40.0972,55.0602,0.2917,0.1729,41.9084,1.7187,0.1901,0.0524,-0.1568,0.0382,0.1346,0.0619,58.0367,63.4928,0.3908,0.1374,0.1877,0.0191,0.1287,0.1084,0.0228,78.0358,92.9404,89.3996,83.6367,84.4129,88.1748,85.7061,85.5902,Healthy,0,0,0,0,0,0,0,0,None,0,0,0.1364,0.187,-0.2785
2026-09-01 19:08:00,49.6353,3.5143,42.0667,57.9068,0.4261,0.1647,44.3289,2.3668,0.17,0.061,-0.0537,0.0545,0.1398,0.0913,59.9423,66.9093,0.3925,0.0421,0.1713,0.0321,0.1905,0.1909,0.0604,82.7077,91.4568,87.5966,86.7321,83.5006,89.3721,86.2484,85.9893,Healthy,0,0,0,0,0,0,0,0,None,0,0,0.1247,0.1644,-0.2493
2026-09-01 19:09:00,44.8747,3.5485,37.2616,53.1975,0.4201,0.1477,39.6058,2.2408,0.0963,0.0612,-0.0986,0.064,0.1312,0.0517,58.9501,64.7178,0.3913,0.1149,0.2196,0.0224,0.1544,0.1566,0.0589,78.6334,93.792,89.9046,88.6065,86.2207,89.58,88.4589,88.0161,Healthy,0,0,0,0,0,0,0,0,None,0,0,0.1057,0.141,-0.1241
2026-09-01 19:10:00,48.9042,4.1877,40.4603,58.1857,0.4433,0.1941,39.9956,2.1954,0.1427,0.0889,-0.1048,0.0595,0.2082,0.0713,59.5798,65.5247,0.4176,0.1376,0.3226,0.0529,0.187,0.1625,0.0818,79.1338,90.4188,84.7537,82.7858,83.4472,83.8718,85.6543,82.2372,Healthy,0,0,0,0,0,0,0,0,None,0,0,0.1697,0.1569,-0.1838
2026-09-01 19:11:00,47.4513,3.2624,40.2102,55.3449,0.3776,0.1593,38.9373,1.7273,0.0638,0.0267,-0.1175,0.0429,0.1789,0.0688,56.9434,62.5385,0.2938,0.1225,0.1234,0.0203,0.2046,0.1464,0.0746,79.945,89.78,86.7673,86.9905,84.799,88.7366,86.0921,86.5945,Healthy,0,0,0,0,0,0,0,0,None,0,0,0.1204,0.0936,-0.3673
2026-09-01 19:12:00,52.011,3.3797,44.6173,60.0805,0.3951,0.1493,41.0615,1.7399,0.1287,0.0655,-0.1368,0.0721,0.1776,0.0703,58.5434,68.3333,0.3429,0.0962,0.1672,0.0318,0.2072,0.1148,0.046,78.6714,90.9696,87.5095,86.4464,82.9567,86.4586,85.4051,83.57,Healthy,0,0,0,0,0,0,0,0,None,0,0,0.1559,0.1534,-0.3762
2026-09-01 19:13:00,52.7055,3.9948,44.5123,61.6977,0.3935,0.1827,41.0475,1.8617,0.0605,0.0704,-0.1049,-0.0007,0.2015,0.069,55.5346,62.304,0.4227,0.0861,0.3106,0.0204,0.2069,0.1043,0.057,76.1677,91.2636,84.0596,82.0151,80.1913,88.6609,84.2595,83.8849,Healthy,0,0,0,0,0,0,0,0,None,0,0,0.1355,0.1848,-0.1964
2026-09-01 19:14:00,52.3116,3.4275,44.8558,60.4529,0.4319,0.1407,40.3999,1.9495,0.0624,0.0566,-0.0694,0.0363,0.1642,0.055,58.3109,65.3205,0.3403,0.116,0.3135,0.0285,0.1618,0.0541,0.0519,79.1327,88.1487,90.2521,85.3733,81.9884,86.3575,84.8806,84.2583,Healthy,0,0,0,0,0,0,0,0,None,0,0,0.1475,0.1462,-0.267
2026-09-01 19:15:00,51.8221,3.5521,44.2044,60.1503,0.4288,0.2065,42.9741,2.0384,0.0979,0.0369,-0.1519,0.0505,0.1303,0.0768,63.4752,72.0588,0.2485,0.1243,0.1998,0.0174,0.1588,0.1725,0.0584,80.7958,94.4705,86.3867,85.7571,84.639,83.6474,88.5008,85.5141,Healthy,0,0,0,0,0,0,0,0,None,0,0,0.1536,0.1881,-0.1178
2026-09-01 19:16:00,49.0261,3.3277,41.7001,57.0176,0.3776,0.1723,41.7189,2.0851,0.1175,0.0391,-0.0415,0.0293,0.1235,0.0875,58.861,64.33,0.3761,0.102,0.2261,0.0269,0.2184,0.1183,0.0324,74.8369,89.0657,88.2625,85.7643,82.4478,85.2289,84.2546,83.7478,Healthy,0,0,0,0,0,0,0,0,None,0,0,0.1519,0.1492,-0.2811
2026-09-01 19:17:00,47.4514,3.6694,39.6812,55.9556,0.4888,0.1719,38.5785,1.8563,0.1638,0.0168,-0.0863,0.0341,0.1384,0.0731,53.4021,59.7565,0.3065,0.1181,0.1515,0.0171,0.2012,0.1373,0.0502,77.6338,91.7906,88.2627,85.5937,83.0768,84.8595,84.1174,85.3557,Healthy,0,0,0,0,0,0,0,0,None,0,0,0.1371,0.1817,-0.1171
2026-09-01 19:18:00,51.273,3.6502,43.5278,59.7483,0.5007,0.1688,42.7645,1.989,0.1364,0.0624,-0.1376,0.0316,0.1818,0.0518,59.6251,69.0846,0.376,0.0929,0.2413,0.0305,0.1796,0.065,0.054,76.1972,90.9143,84.2474,82.9018,83.5239,83.0971,85.9044,84.2545,Healthy,0,0,0,0,0,0,0,0,None,0,0,0.1684,0.1731,-0.1596
2026-09-01 19:19:00,54.9608,4.4832,46.1326,64.6856,0.4806,0.1594,43.1014,1.8566,0.1639,0.0408,-0.2074,0.0293,0.161,0.073,67.6304,73.8424,0.384,0.1353,0.2038,0.0306,0.2263,0.1764,0.0285,74.0678,91.982,84.0978,80.5778,79.6774,81.3526,83.5572,82.3978,Healthy,0,0,0,0,0,0,0,0,None,0,0,0.1769,0.1676,-0.298
2026-09-01 19:20:00,50.0456,3.8343,42.061,58.7971,0.5074,0.1818,42.9738,2.4602,0.1673,0.0686,-0.1274,0.0551,0.1771,0.0708,59.0871,67.2933,0.3702,0.134,0.2277,0.0504,0.1501,0.0957,0.0588,78.9537,91.6839,86.311,83.7242,84.698,84.6806,83.8025,85.1028,Healthy,0,0,0,0,0,0,0,0,None,0,0,0.1427,0.1926,-0.1855
2026-09-01 19:21:00,55.5192,4.1048,47.1829,64.6765,0.4727,0.1715,41.2245,2.0275,0.152,0.0639,-0.1824,0.0524,0.1737,0.0988,61.4342,68.7562,0.3559,0.1017,0.2783,0.0437,0.2278,0.1126,0.0577,74.5266,92.1603,80.4586,81.313,82.4427,83.6336,83.8555,83.5623,Healthy,0,0,0,0,0,0,0,0,None,0,0,0.1361,0.235,-0.273
2026-09-01 19:22:00,50.9916,4.1556,42.5893,60.225,0.4661,0.1031,38.9174,2.2604,0.1546,0.033,-0.1553,0.0308,0.1765,0.0731,55.8546,62.4188,0.3285,0.085,0.2677,0.021,0.1259,0.1386,0.0648,78.6147,94.0239,85.5694,87.2537,83.3071,87.9598,87.4872,86.2331,Healthy,0,0,0,0,0,0,0,0,None,0,0,0.1334,0.1673,-0.1856
2026-09-01 19:23:00,55.5303,3.6474,47.7887,64.0014,0.5345,0.1944,42.8341,1.8348,0.1296,0.0778,-0.1066,0.0189,0.1783,0.0853,57.9238,64.2643,0.3787,0.069,0.328,0.047,0.157,0.1353,0.044,79.4014,90.1463,84.9566,82.7636,85.079,85.358,85.8246,83.8389,Healthy,0,0,0,0,0,0,0,0,None,0,0,0.163,0.1804,-0.2448
2026-09-01 19:24:00,52.3537,3.5035,44.7992,60.6089,0.56,0.2383,38.1379,1.766,0.0791,0.0511,-0.1057,0.0224,0.1976,0.0929,64.5547,73.1705,0.4225,0.0801,0.2647,0.0551,0.1955,0.0928,0.0571,77.9825,91.5062,84.3525,84.1817,81.1428,87.0965,86.8836,84.1831,Healthy,0,0,0,0,0,0,0,0,None,0,0,0.1312,0.181,-0.3186
2026-09-01 19:25:00,50.6372,3.4258,43.1836,58.7759,0.4415,0.2256,39.0687,1.9357,0.0662,0.0567,-0.1573,0.0536,0.2275,0.1011,59.5126,65.2804,0.3625,0.1241,0.2044,0.0423,0.1162,0.0863,0.0409,75.9757,92.4994,85.3298,82.2495,80.9361,85.731,82.5072,84.2677,Healthy,0,0,0,0,0,0,0,0,None,0,0,0.1693,0.149,-0.3119
2026-09-01 19:26:00,48.8152,3.3352,41.4794,56.818,0.4076,0.1561,45.265,1.7585,0.0795,0.0322,-0.0717,0.0538,0.1635,0.0696,60.8076,69.2168,0.3139,0.0888,0.3199,0.044,0.143,0.1086,0.0293,76.8487,92.3731,88.4655,82.8346,84.3511,85.2252,85.3368,84.2057,Healthy,0,0,0,0,0,0,0,0,None,0,0,0.122,0.1575,-0.2695
2026-09-01 19:27:00,49.8366,3.2249,42.6442,57.6739,0.4087,0.1217,37.857,1.8653,0.21,0.0269,-0.0498,0.01,0.1528,0.087,55.1933,63.6184,0.3112,0.0987,0.2715,0.0282,0.1383,0.095,0.0799,79.0443,93.0091,84.6927,85.8559,83.213,83.736,86.4839,84.2586,Healthy,0,0,0,0,0,0,0,0,None,0,0,0.1553,0.1465,-0.2515
2026-09-01 19:28:00,48.9108,3.4894,41.3746,57.1449,0.3612,0.1864,43.4521,1.7422,0.1625,0.058,0.0334,0.0223,0.1938,0.0732,65.1929,74.3032,0.3232,0.1532,0.2723,0.0197,0.1257,0.1547,0.036,78.5278,88.7413,83.5941,84.2842,81.441,85.6434,86.7918,82.7927,Healthy,0,0,0,0,0,0,0,0,None,0,0,0.163,0.1684,-0.2757
2026-09-01 19:29:00,52.391,3.6878,44.5968,60.9227,0.4764,0.1494,37.7825,1.7484,0.1475,0.0219,-0.128,0.0353,0.1862,0.0753,60.1956,66.5987,0.383,0.1414,0.3837,0.0347,0.1145,0.109,0.0648,76.9559,90.3422,84.5048,85.4709,83.8055,85.6305,84.8336,83.0822,Healthy,0,0,0,0,0,0,0,0,None,0,0,0.1637,0.1908,-0.4325
2026-09-01 19:30:00,51.7425,3.8334,43.7591,60.4926,0.5802,0.1858,44.9618,1.9374,0.1705,0.0407,-0.0511,0.0537,0.1503,0.0693,62.3054,68.4709,0.378,0.1008,0.2106,0.0217,0.1672,0.1362,0.0642,74.6252,89.3041,83.7894,81.8866,85.6505,84.042,85.0954,82.8944,Healthy,0,0,0,0,0,0,0,0,None,0,0,0.146,0.228,-0.3491
2026-09-01 19:31:00,50.6458,4.1705,42.2241,59.9015,0.4644,0.1895,42.1464,2.0245,0.0972,0.0928,-0.0853,0.0594,0.1538,0.0965,62.3636,68.1864,0.3562,0.1138,0.2182,0.0369,0.2338,0.0921,0.0322,76.9241,90.5823,84.8335,83.879,80.4701,82.8404,83.637,83.1297,Healthy,0,0,0,0,0,0,0,0,None,0,0,0.1744,0.1791,-0.3794
2026-09-01 19:32:00,53.7164,3.9853,45.5355,62.6943,0.4868,0.2012,41.6558,2.3064,0.2181,0.0789,-0.2231,0.0374,0.2221,0.1222,60.736,69.2285,0.4299,0.1043,0.2715,0.0385,0.2069,0.1604,0.068,72.1058,92.1541,83.7221,82.4029,79.2109,82.2848,81.7339,82.0836,Healthy,0,0,0,0,0,0,0,0,None,0,0,0.1615,0.1743,-0.2572
2026-09-01 19:33:00,47.0293,3.4553,39.5374,55.2122,0.4236,0.2022,42.7361,1.8155,0.2221,0.0317,-0.1552,0.0206,0.1972,0.0712,54.9424,60.2033,0.3293,0.1322,0.1955,0.031,0.1293,0.2064,0.0656,80.7389,93.0857,84.583,82.1093,83.0249,87.5891,87.3708,83.9327,Healthy,0,0,0,0,0,0,0,0,None,0,0,0.1697,0.2257,-0.226
2026-09-01 19:34:00,49.773,4.3478,41.1209,59.2947,0.4198,0.219,41.628,1.8245,0.0862,0.063,-0.1393,0.048,0.239,0.0691,62.267,70.12,0.453,0.0961,0.2744,0.0389,0.1139,0.1444,0.0685,72.1025,91.6187,81.1476,82.6464,81.9411,84.6849,81.2104,81.639,Healthy,0,0,0,0,0,0,0,0,None,0,0,0.2116,0.2377,-0.2683
2026-09-01 19:35:00,59.8289,4.521,50.9516,69.6104,0.5981,0.2274,42.8187,2.0127,0.1801,0.0708,-0.139,0.0848,0.2646,0.1189,65.8462,73.4282,0.4412,0.106,0.3023,0.0437,0.2303,0.1323,0.0824,73.445,88.6145,80.2416,80.4389,80.7023,83.1749,83.0951,81.803,Healthy,0,0,0,0,0,0,0,0,None,0,0,0.1538,0.2041,-0.364
2026-09-01 19:36:00,51.5181,3.8393,43.527,60.2771,0.5463,0.1478,42.667,2.1327,0.1308,0.0276,-0.1528,0.0136,0.1976,0.1067,59.5191,66.0736,0.3548,0.1112,0.2721,0.0219,0.1891,0.1436,0.061,77.1182,94.382,85.1085,83.1348,81.7737,85.6808,85.1412,84.3106,Healthy,0,0,0,0,0,0,0,0,None,0,0,0.1621,0.1968,-0.3886
2026-09-01 19:37:00,55.161,4.0658,46.8755,64.2596,0.5245,0.1871,43.1893,2.1166,0.1912,0.0582,-0.061,0.0587,0.2197,0.0769,64.2089,71.2213,0.4787,0.147,0.3336,0.0683,0.2124,0.1372,0.0381,74.5169,90.8069,83.8767,81.7339,81.2144,84.429,79.0621,83.0636,Healthy,0,0,0,0,0,0,0,0,None,0,0,0.1721,0.1906,-0.3455
2026-09-01 19:38:00,53.2849,3.7599,45.397,61.9247,0.5673,0.1895,42.1085,2.16,0.1702,0.0195,-0.1286,0.0381,0.1689,0.0864,62.2796,68.6909,0.3671,0.1566,0.2421,0.0368,0.1392,0.1553,0.0563,76.2496,92.7804,85.9004,81.8644,81.6453,83.8274,83.3238,83.7581,Healthy,0,0,0,0,0,0,0,0,None,0,0,0.1902,0.1861,-0.3073
2026-09-01 19:39:00,53.6121,4.3666,44.9355,63.1621,0.4897,0.1821,41.8696,1.9545,0.1348,0.07,-0.1884,0.0313,0.2391,0.1003,64.2706,71.0303,0.351,0.1025,0.3093,0.0158,0.1753,0.1341,0.0464,75.3571,91.6768,86.886,82.6223,81.894,85.9858,83.2516,84.6451,Healthy,0,0,0,0,0,0,0,0,None,0,0,0.1615,0.2005,-0.412
2026-09-01 19:40:00,59.2389,4.5664,50.3026,69.0886,0.5629,0.2189,46.691,2.0418,0.1796,0.08,-0.1389,0.0516,0.2352,0.1175,64.3296,71.2445,0.4741,0.1503,0.275,0.0328,0.2869,0.1462,0.0853,68.901,88.5991,80.0012,79.3922,80.1427,78.1151,80.0995,78.9192,Healthy,0,0,0,0,0,0,0,0,None,0,0,0.156,0.2481,-0.2943
2026-09-01 19:41:00,53.023,3.9615,44.873,61.9654,0.428,0.2046,44.8942,1.8619,0.2931,0.0517,-0.1101,0.0535,0.1835,0.1114,63.061,70.2048,0.4644,0.1231,0.2699,0.0161,0.2682,0.1054,0.0647,75.0496,88.6933,83.023,83.2804,81.5934,83.5968,84.5967,81.9311,Healthy,0,0,0,0,0,0,0,0,None,0,0,0.1762,0.1809,-0.1136
2026-09-01 19:42:00,55.7262,3.8125,47.7699,64.445,0.5783,0.2226,47.3347,2.077,0.2424,0.0718,-0.1291,0.0709,0.2775,0.0548,63.2456,69.2624,0.4477,0.1271,0.299,0.0438,0.2508,0.1509,0.0606,72.1919,89.7642,82.6885,83.4591,78.3843,83.4444,82.4178,81.7661,Healthy,0,0,0,0,0,0,0,0,None,0,0,0.1629,0.2011,-0.2793
2026-09-01 19:43:00,49.3302,3.2892,42.0542,57.2639,0.5271,0.1408,40.4045,1.7528,0.0693,0.072,-0.1623,0.0144,0.1966,0.082,61.455,67.8417,0.2677,0.0797,0.2369,0.0078,0.1628,0.0551,0.0319,81.1644,91.9424,85.9942,89.3661,84.0693,89.713,85.4655,86.0002,Healthy,0,0,0,0,0,0,0,0,None,0,0,0.1349,0.1546,-0.1845
2026-09-01 19:44:00,59.7719,4.3173,51.1594,69.2477,0.6028,0.2302,38.1357,2.4691,0.2103,0.1018,-0.0898,0.068,0.2386,0.1249,67.6205,74.9826,0.5656,0.1168,0.3164,0.0484,0.2954,0.1639,0.0268,69.0264,92.7229,82.0515,80.3136,77.2839,80.8778,79.6388,80.6553,Healthy,0,0,0,0,0,0,0,0,None,0,0,0.1945,0.252,-0.3029
2026-09-01 19:45:00,57.8843,3.8281,49.9079,66.6264,0.5161,0.1587,42.1742,2.3322,0.1428,0.0689,-0.1133,0.0564,0.2729,0.1134,62.1622,71.547,0.4173,0.0955,0.3491,0.049,0.2738,0.1154,0.0391,73.2658,90.3589,79.4573,83.1118,81.9288,84.0528,83.8066,82.1761,Healthy,0,0,0,0,0,0,0,0,None,0,0,0.1782,0.2018,-0.2605
2026-09-01 19:46:00,57.0837,4.2096,48.6112,66.3981,0.6124,0.2287,40.8889,1.9393,0.1616,0.0694,-0.1331,0.0522,0.2475,0.1133,65.4877,73.7736,0.4249,0.113,0.3616,0.032,0.1415,0.0978,0.0416,74.1403,89.5012,85.1865,81.0449,79.4605,82.0141,83.6036,82.1267,Healthy,0,0,0,0,0,0,0,0,None,0,0,0.1811,0.216,-0.3559
2026-09-01 19:47:00,57.7796,3.9269,49.6746,66.6699,0.6498,0.2159,40.0588,1.8709,0.1691,0.0523,-0.1049,0.0535,0.2129,0.0566,61.2301,67.8781,0.5033,0.1524,0.2964,0.0566,0.1918,0.1777,0.0372,74.2667,90.2994,85.948,83.6527,77.1041,82.7657,80.9279,81.5174,Healthy,0,0,0,0,0,0,0,0,None,0,0,0.1455,0.2,-0.2875
2026-09-01 19:48:00,58.3693,4.5881,49.4048,68.2515,0.6841,0.2515,42.2592,2.061,0.187,0.0659,-0.131,0.0238,0.2304,0.0869,62.7844,68.9976,0.3894,0.1425,0.3436,0.033,0.2191,0.1087,0.0628,73.8558,92.6168,82.6991,77.8569,79.5556,83.2598,82.9807,81.5351,Healthy,0,0,0,0,0,0,0,0,None,0,0,0.2025,0.2111,-0.2777
2026-09-01 19:49:00,52.2821,3.7696,44.3817,60.9364,0.5356,0.2047,41.0802,2.1552,0.2842,0.0555,-0.161,0.0361,0.2849,0.0843,57.6918,64.7156,0.4017,0.1527,0.1885,0.0412,0.1816,0.0905,0.047,73.9215,94.422,85.2377,83.7098,81.711,82.1293,83.3751,83.1659,Healthy,0,0,0,0,0,0,0,0,None,0,0,0.1763,0.1962,-0.1506
2026-09-01 19:50:00,54.897,3.8625,46.8758,63.6908,0.5153,0.2225,44.4623,1.8542,0.1947,0.0969,-0.0893,0.0425,0.2411,0.0924,61.6512,69.2073,0.5172,0.1619,0.4289,0.039,0.2054,0.1336,0.0886,72.3772,88.8783,82.2686,78.7811,79.1643,83.9751,80.0191,80.6218,Healthy,0,0,0,0,0,0,0,0,None,0,0,0.2161,0.2127,-0.3408
2026-09-01 19:51:00,55.7381,4.4677,46.9301,65.4396,0.6234,0.1842,38.7458,1.8454,0.1397,0.0656,-0.1193,0.0344,0.2758,0.0953,64.5661,70.8703,0.5316,0.0967,0.3527,0.046,0.2829,0.2224,0.0549,73.5519,88.8198,84.8872,81.1005,80.6879,82.8213,82.1898,81.4108,Healthy,0,0,0,0,0,0,0,0,None,0,0,0.2089,0.216,-0.359
2026-09-01 19:52:00,57.341,4.4025,48.6177,66.9447,0.5641,0.245,44.8849,2.1338,0.1812,0.0988,-0.1133,0.0768,0.2682,0.1085,62.1566,68.8089,0.4715,0.1552,0.3515,0.0562,0.2359,0.1964,0.0564,71.2479,89.5237,80.837,77.0791,75.9031,80.3127,79.7563,78.4214,Healthy,0,0,0,0,0,0,0,0,None,0,0,0.2171,0.2129,-0.423
2026-09-01 19:53:00,58.3627,3.9501,50.2276,67.2878,0.476,0.1786,45.0034,2.0278,0.2251,0.0717,-0.0709,0.0709,0.2516,0.0722,63.7458,71.1544,0.4322,0.1281,0.324,0.0469,0.1965,0.1541,0.0362,72.9869,93.2947,83.85,79.1374,78.5747,83.8284,80.8175,82.0855,Healthy,0,0,0,0,0,0,0,0,None,0,0,0.1793,0.1621,-0.3043
2026-09-01 19:54:00,54.0989,3.884,46.0497,62.925,0.5855,0.2405,42.1383,2.4265,0.2183,0.0777,-0.1386,0.0796,0.1899,0.1073,61.5567,68.9807,0.4493,0.1173,0.3115,0.0472,0.2654,0.1543,0.0773,69.8778,91.0828,82.9554,80.4983,79.2337,80.5018,80.6824,79.4257,Healthy,0,0,0,0,0,0,0,0,None,0,0,0.1964,0.228,-0.2809
2026-09-01 19:55:00,58.3438,3.6839,50.5547,66.8696,0.5625,0.1947,41.4074,2.0976,0.2612,0.0283,-0.0815,0.0862,0.2119,0.0928,65.9672,71.8954,0.446,0.0945,0.3229,0.034,0.2198,0.1369,0.0667,71.1505,88.8983,84.5576,80.7438,78.2386,84.7541,79.6035,80.186,Healthy,0,0,0,0,0,0,0,0,None,0,0,0.2169,0.2144,-0.3638
2026-09-01 19:56:00,58.8371,4.1607,50.4282,68.0782,0.5086,0.2683,38.7445,1.9921,0.1749,0.0693,-0.0858,0.1046,0.2111,0.0764,60.2779,67.0536,0.4248,0.1507,0.2422,0.037,0.1753,0.1809,0.0457,72.1647,92.6161,81.9797,80.8391,82.2644,82.7494,81.8758,81.0169,Healthy,0,0,0,0,0,0,0,0,None,0,0,0.1999,0.1651,-0.3623
2026-09-01 19:57:00,59.4703,4.1734,51.0449,68.7305,0.5387,0.2639,45.0809,2.0605,0.1378,0.0644,-0.1639,0.0905,0.2449,0.1215,69.0357,76.7322,0.4928,0.1705,0.3693,0.055,0.2831,0.0832,0.0622,72.2663,88.6965,86.4026,76.488,77.3446,79.7376,79.7258,80.4136,Healthy,0,0,0,0,0,0,0,0,None,0,0,0.1925,0.2264,-0.299
2026-09-01 19:58:00,52.8743,4.1893,44.4282,62.1583,0.6204,0.1766,44.3598,2.2308,0.1836,0.0863,-0.0891,0.0602,0.1884,0.1076,65.501,73.7304,0.566,0.1074,0.256,0.0514,0.1983,0.1585,0.0777,73.0117,91.4726,79.9718,80.9052,80.4981,81.5485,79.6754,81.437,Healthy,0,0,0,0,0,0,0,0,None,0,0,0.1945,0.2366,-0.3754
2026-09-01 19:59:00,58.8332,4.5957,49.8588,68.7267,0.6336,0.186,41.0248,1.9377,0.0206,0.0772,-0.1402,0.0359,0.2339,0.0871,62.7315,68.9434,0.4772,0.141,0.3473,0.0595,0.2764,0.0859,0.0507,71.0454,88.2454,82.2077,81.4695,78.1874,80.1564,83.114,79.7489,Healthy,0,0,0,0,0,0,0,0,None,0,0,0.2138,0.2742,-0.3838
2026-09-01 20:00:00,60.7916,3.8898,52.7348,69.6263,0.6385,0.2681,43.6845,2.1318,0.1911,0.0614,-0.1213,0.053,0.2471,0.1052,63.8978,71.753,0.5707,0.1651,0.3247,0.0441,0.2609,0.1367,0.0592,67.9184,88.4666,82.5477,77.3332,75.1287,82.1827,81.5236,79.3227,Healthy,0,0,0,0,0,0,0,0,None,0,0,0.2227,0.213,-0.4696
2026-09-01 20:01:00,60.8917,4.5344,51.997,70.6932,0.6314,0.2621,44.0241,2.5684,0.2518,0.077,-0.1061,0.0326,0.2007,0.1062,65.5833,76.8579,0.4484,0.188,0.3107,0.0565,0.2841,0.165,0.0601,68.2643,86.2694,81.7023,75.3681,76.2942,79.0124,79.7915,77.9468,Healthy,0,0,0,0,0,0,0,0,None,0,0,0.2366,0.2697,-0.3299
2026-09-01 20:02:00,61.8577,4.2859,53.286,71.2866,0.7062,0.2132,43.6592,2.0365,0.2556,0.0637,-0.1481,0.0771,0.2749,0.1163,66.6161,75.7644,0.5913,0.1765,0.2834,0.0494,0.2344,0.0893,0.0462,68.43,88.6218,80.1347,76.4875,76.1301,78.3993,78.0559,79.3796,Healthy,0,0,0,0,0,0,0,0,None,0,0,0.1905,0.2662,-0.3626
2026-09-01 20:03:00,60.2484,4.1338,51.8744,69.4491,0.6391,0.2195,41.9028,1.9979,0.2174,0.0735,-0.254,0.0869,0.1992,0.0921,70.2401,79.5487,0.4795,0.1778,0.3242,0.0722,0.2968,0.1777,0.0767,69.07,90.7856,79.8013,81.4867,75.7062,83.9195,82.0189,79.139,Healthy,0,0,0,0,0,0,0,0,None,0,0,0.2173,0.2569,-0.4536
2026-09-01 20:04:00,59.222,4.0282,50.9854,68.2642,0.608,0.2625,44.6677,2.0233,0.1689,0.0754,-0.1268,0.0671,0.2329,0.1011,68.4104,79.1183,0.4905,0.1637,0.35,0.0351,0.2353,0.1664,0.0547,71.9418,89.6601,79.2311,76.8946,77.4016,80.0857,79.2709,78.6272,Healthy,0,0,0,0,0,0,0,0,None,0,0,0.2075,0.2295,-0.4672
2026-09-01 20:05:00,51.4788,3.5412,43.8752,59.7906,0.5669,0.2128,45.424,2.2184,0.1522,0.0664,-0.0597,0.0475,0.1901,0.0889,59.8558,66.3894,0.3738,0.1331,0.3315,0.0591,0.1793,0.1255,0.0764,74.4585,90.1359,86.6351,81.8583,80.2067,83.3853,81.4566,81.7347,Healthy,0,0,0,0,0,0,0,0,None,0,0,0.179,0.2351,-0.3111
2026-09-01 20:06:00,61.5301,4.122,53.1715,70.7132,0.6803,0.2532,43.6346,1.9852,0.1805,0.1151,-0.1837,0.0565,0.2559,0.1142,62.6483,69.9498,0.3948,0.168,0.3443,0.068,0.2823,0.1645,0.0699,67.7817,91.0898,79.1409,77.8482,74.7682,79.2628,79.1641,78.9729,Healthy,0,0,0,0,0,0,0,0,None,0,0,0.2367,0.2633,-0.2975
2026-09-01 20:07:00,54.4864,4.7759,45.2778,64.6502,0.602,0.2458,45.939,2.3911,0.1427,0.0968,-0.1113,0.0497,0.1974,0.1066,61.7623,68.6604,0.4577,0.1193,0.3531,0.0663,0.2493,0.176,0.0723,70.1167,90.0684,83.474,81.6721,77.8752,80.1688,83.0819,79.6188,Healthy,0,0,0,0,0,0,0,0,None,0,0,0.1987,0.2536,-0.2552
2026-09-01 20:08:00,56.7312,4.728,47.5848,66.8233,0.6809,0.2429,45.7164,2.5477,0.1441,0.0971,-0.1894,0.0262,0.1912,0.1127,67.2843,74.927,0.5115,0.1254,0.3557,0.0489,0.2789,0.1986,0.0601,66.43,86.7572,79.4564,76.6639,77.0797,79.3091,80.1851,77.968,Healthy,0,0,0,0,0,0,0,0,None,0,0,0.2305,0.2572,-0.343
2026-09-01 20:09:00,58.6093,3.9908,50.4213,67.5954,0.675,0.2274,39.622,2.459,0.1635,0.1013,-0.2637,0.0609,0.2565,0.1117,69.0684,77.127,0.5606,0.1303,0.2706,0.0605,0.3138,0.1748,0.0819,70.9142,87.2699,80.3947,78.9541,75.0598,80.9064,81.6451,80.3591,Healthy,0,0,0,0,0,0,0,0,None,0,0,0.2052,0.2542,-0.453
2026-09-01 20:10:00,60.6187,3.9364,52.5013,69.5233,0.6139,0.2401,42.1954,2.0446,0.2853,0.0509,-0.1538,0.0809,0.2277,0.1127,67.5041,75.64,0.4884,0.1403,0.2427,0.0545,0.2697,0.1016,0.0602,69.6262,91.3932,79.6426,81.8304,77.0666,78.6464,79.6553,77.4573,Healthy,0,0,0,0,0,0,0,0,None,0,0,0.2193,0.262,-0.4681
2026-09-01 20:11:00,57.4737,4.5793,48.5207,67.3427,0.6476,0.2579,43.9386,2.1561,0.14,0.0605,-0.1804,0.0781,0.246,0.101,64.3019,73.294,0.4336,0.092,0.3344,0.0784,0.2382,0.2068,0.0736,66.5278,85.6843,80.1467,74.2749,74.9222,79.4117,80.9584,77.4923,Healthy,0,0,0,0,0,0,0,0,None,0,0,0.2173,0.2398,-0.4091
2026-09-01 20:12:00,58.3537,4.2593,49.8165,67.7427,0.6579,0.2399,44.9472,2.0339,0.2708,0.094,-0.2023,0.0835,0.2698,0.104,66.2315,73.1304,0.5376,0.1407,0.2721,0.0366,0.3061,0.1957,0.0592,70.5915,84.4459,79.7647,79.7916,78.0331,83.3628,82.03,79.0925,Healthy,0,0,0,0,0,0,0,0,None,0,0,0.2396,0.2595,-0.3574
2026-09-01 20:13:00,58.8647,4.2517,50.3374,68.2423,0.6459,0.2028,40.8494,2.1183,0.1612,0.0557,-0.1211,0.0426,0.2761,0.113,65.2436,75.222,0.4339,0.1827,0.3871,0.0487,0.2597,0.1756,0.0778,67.9051,89.8133,81.3138,80.9263,77.7118,81.5338,80.5776,79.5697,Healthy,0,0,0,0,0,0,0,0,None,0,0,0.2116,0.2221,-0.4116
2026-09-01 20:14:00,62.0736,4.46,53.2756,71.7637,0.6477,0.3044,44.8805,1.9277,0.2314,0.0842,-0.1631,0.0576,0.2568,0.0921,67.4604,76.7163,0.464,0.1506,0.3355,0.0777,0.2492,0.1439,0.0749,65.4469,87.8949,82.6551,78.3148,76.1128,81.0418,79.4414,78.9515,Healthy,0,0,0,0,0,0,0,0,None,0,0,0.2206,0.2058,-0.319
2026-09-01 20:15:00,59.8804,4.7309,50.7303,69.9767,0.7604,0.2379,43.8165,2.2622,0.1572,0.0606,-0.1014,0.0726,0.264,0.1083,66.9827,74.2448,0.5317,0.1291,0.3658,0.0464,0.2713,0.2006,0.0804,68.9645,87.2891,81.6081,79.2928,76.6595,81.4691,79.4537,79.1852,Healthy,0,0,0,0,0,0,0,0,None,0,0,0.2206,0.224,-0.3948
2026-09-01 20:16:00,62.659,4.3539,53.9989,72.1898,0.7167,0.165,44.4239,2.1655,0.2608,0.0874,-0.2046,0.0546,0.2437,0.1034,67.9298,75.5248,0.4867,0.1536,0.3993,0.0562,0.251,0.1406,0.0697,66.8642,90.4235,80.8436,76.0743,74.6393,80.4882,74.454,76.346,Healthy,0,0,0,0,0,0,0,0,None,0,0,0.252,0.2872,-0.3916
2026-09-01 20:17:00,60.1091,4.7689,50.9095,70.2625,0.7233,0.2489,45.042,2.2754,0.2196,0.0945,-0.1535,0.0466,0.1887,0.0688,67.8542,74.1543,0.449,0.1445,0.3887,0.0434,0.2812,0.155,0.0581,70.1315,87.734,82.7541,81.1382,76.5678,79.4552,79.2714,78.7569,Healthy,0,0,0,0,0,0,0,0,None,0,0,0.21,0.216,-0.3579
2026-09-01 20:18:00,60.2443,4.1645,51.8304,69.4911,0.7377,0.243,42.5767,2.9101,0.2026,0.0603,-0.1506,0.0505,0.312,0.0919,68.9771,78.1188,0.4547,0.1575,0.4309,0.044,0.296,0.1563,0.0805,63.8164,86.727,79.7259,76.3199,72.3708,75.9395,79.1388,76.4732,Healthy,0,0,0,0,0,0,0,0,None,0,0,0.2148,0.2552,-0.4031
2026-09-01 20:19:00,57.2306,4.3612,48.561,66.7724,0.7485,0.2572,45.8742,2.5958,0.1637,0.1042,-0.2154,0.0354,0.2439,0.1177,67.5057,76.05,0.5473,0.1496,0.3973,0.0535,0.2757,0.2051,0.0555,68.1785,88.3082,81.2208,75.7391,73.0314,80.6596,78.7315,77.3041,Healthy,0,0,0,0,0,0,0,0,None,0,0,0.1971,0.2934,-0.289
2026-09-01 20:20:00,63.2417,4.8494,53.9375,73.5157,0.6408,0.2646,46.2066,2.4251,0.1375,0.0815,-0.216,0.0544,0.2388,0.1161,71.3048,79.4764,0.4461,0.1833,0.3901,0.0636,0.3193,0.1514,0.0983,66.1153,85.6082,80.6716,75.4672,72.9092,79.0231,78.1432,76.0019,Healthy,0,0,0,0,0,0,0,0,None,0,0,0.2532,0.2543,-0.3054
2026-09-01 20:21:00,61.8327,4.3379,53.1934,71.3395,0.7694,0.2728,45.5848,2.4832,0.1272,0.0661,-0.1563,0.0425,0.2213,0.1254,69.8911,76.8195,0.5536,0.165,0.4518,0.0692,0.1901,0.1285,0.0747,66.6166,88.7306,81.9571,74.47,73.0837,76.7127,78.0265,76.2713,Healthy,0,0,0,0,0,0,0,0,None,0,0,0.2201,0.2416,-0.4358
2026-09-01 20:22:00,63.53,4.4897,54.6934,73.2646,0.5972,0.2652,39.3184,2.0355,0.2308,0.0765,-0.2773,0.0322,0.2622,0.109,69.7326,77.7279,0.5819,0.1984,0.3961,0.0469,0.252,0.1246,0.0391,68.4384,88.9161,80.3164,76.0023,75.9606,78.3214,79.0159,78.0703,Healthy,0,0,0,0,0,0,0,0,None,0,0,0.2225,0.2264,-0.4491
2026-09-01 20:23:00,61.5173,4.3172,52.905,70.9931,0.6901,0.2623,41.4522,2.4417,0.2039,0.1067,-0.0632,0.1332,0.2855,0.1451,67.8319,76.0304,0.5741,0.1134,0.3494,0.0415,0.2568,0.1081,0.0946,67.6298,88.9658,80.3555,76.638,74.0298,76.1572,75.2137,76.6229,Healthy,0,0,0,0,0,0,0,0,None,0,0,0.2443,0.297,-0.3198
2026-09-01 20:24:00,58.5575,3.9504,50.422,67.4831,0.6818,0.2363,38.7933,2.3449,0.2761,0.0983,-0.1831,0.0855,0.2165,0.1028,65.7295,75.1695,0.4607,0.1497,0.3536,0.046,0.2422,0.1543,0.0637,70.3611,87.9933,79.2424,78.4917,73.3084,80.1844,80.4918,78.3969,Healthy,0,0,0,0,0,0,0,0,None,0,0,0.2206,0.2451,-0.2865
2026-09-01 20:25:00,63.2826,4.585,54.3221,73.1601,0.7955,0.2712,45.7044,2.7677,0.2966,0.0774,-0.1523,0.0763,0.2513,0.1226,68.9586,78.1317,0.5635,0.1526,0.4143,0.078,0.2722,0.1849,0.074,62.6324,83.9491,75.3129,74.7314,70.7872,75.0089,76.0246,74.195,Warning,0,0,0,0,0,0,0,0,None,0,0,0.2584,0.2899,-0.4691
2026-09-01 20:26:00,60.0184,4.5977,51.0414,69.9149,0.674,0.2309,41.2357,2.3465,0.1114,0.0749,-0.1248,0.0727,0.2317,0.097,64.7473,72.4624,0.5987,0.1665,0.3164,0.0662,0.2763,0.1706,0.0589,66.2095,86.0764,79.1023,79.2007,73.7045,80.2401,79.1658,77.6838,Healthy,0,0,0,0,0,0,0,0,None,0,0,0.2568,0.223,-0.475
2026-09-01 20:27:00,65.1687,5.0899,55.5518,75.8035,0.7503,0.2333,42.6177,2.1373,0.2126,0.1008,-0.1676,0.069,0.3119,0.109,67.7403,75.1828,0.5724,0.1241,0.4332,0.0672,0.277,0.1424,0.0688,65.6231,85.7951,78.394,73.5189,76.1161,76.3725,73.8084,76.6256,Healthy,0,0,0,0,0,0,0,0,None,0,0,0.2137,0.2582,-0.2794
2026-09-01 20:28:00,62.2655,4.5451,53.3569,72.0831,0.7126,0.241,46.7134,2.392,0.2025,0.0743,-0.2129,0.1186,0.2741,0.1124,68.4562,76.8634,0.5859,0.168,0.2458,0.0477,0.3108,0.2136,0.0873,65.0524,86.9986,81.9819,74.9461,74.8939,78.2411,79.1486,77.3371,Healthy,0,0,0,0,0,0,0,0,None,0,0,0.2149,0.242,-0.3856
2026-09-01 20:29:00,64.6816,4.3462,56.0316,74.2009,0.6101,0.2975,44.2233,2.072,0.194,0.0784,-0.137,0.0606,0.3821,0.1169,72.7046,80.5027,0.6632,0.2149,0.3069,0.0516,0.2766,0.1815,0.0781,61.6985,87.8912,76.7038,72.5569,72.1228,76.244,76.7631,75.5125,Healthy,0,0,0,0,0,0,0,0,None,0,0,0.2368,0.2716,-0.4064
2026-09-01 20:30:00,63.0475,4.9476,53.6156,73.4689,0.6407,0.281,43.2246,2.5391,0.2303,0.0681,-0.1723,0.0701,0.2644,0.1296,68.2919,79.1469,0.5838,0.1592,0.401,0.082,0.2803,0.2016,0.0709,63.9969,85.7784,81.2772,77.1588,73.5076,76.0066,79.3789,75.1935,Healthy,0,0,0,0,1,0,0,0,CPU_overload,1,8,0.2384,0.2567,-0.3988
2026-09-01 20:31:00,65.4852,4.7667,56.2885,75.6353,0.7064,0.275,46.4496,2.4532,0.1671,0.0705,-0.2318,0.0423,0.275,0.1249,70.6125,82.0597,0.6698,0.2089,0.3383,0.0962,0.2927,0.1774,0.0829,65.6696,87.2006,79.9482,73.529,72.7136,75.252,74.9544,74.8647,Warning,0,0,0,0,1,0,0,0,CPU_overload,2,8,0.2432,0.2301,-0.3554
2026-09-01 20:32:00,57.7167,4.1193,49.3615,66.8957,0.6424,0.2668,39.063,2.0013,0.1905,0.034,-0.1736,0.0884,0.2863,0.1054,71.3412,79.6016,0.5305,0.1715,0.3869,0.024,0.2138,0.2049,0.0893,70.7465,87.3568,81.0574,75.2543,77.0734,80.1362,81.109,78.5426,Healthy,0,0,0,0,0,0,0,0,None,0,0,0.2211,0.2491,-0.3899
2026-09-01 20:33:00,65.9002,4.9207,56.5033,76.2813,0.813,0.2831,44.0764,2.3675,0.1493,0.0854,-0.0381,0.0998,0.2781,0.1286,72.1172,80.3239,0.5068,0.1135,0.432,0.078,0.2484,0.137,0.0732,63.8201,87.4419,79.481,75.0207,72.7652,76.8846,77.3883,75.203,Healthy,0,0,0,0,0,0,0,0,None,0,0,0.2963,0.2732,-0.3772
2026-09-01 20:34:00,64.4414,4.3307,55.8115,73.9375,0.7864,0.266,46.8757,2.9336,0.2317,0.0927,-0.0279,0.1087,0.2527,0.1125,67.0207,75.3321,0.6746,0.133,0.3446,0.0452,0.2192,0.1578,0.0498,65.2216,86.9291,76.807,71.6093,73.6067,79.0467,76.0687,76.1553,Healthy,0,0,0,0,0,0,0,0,None,0,0,0.2087,0.3185,-0.3143
2026-09-01 20:35:00,63.6175,4.4843,54.788,73.3439,0.7477,0.2441,46.8724,2.0071,0.2391,0.0692,-0.1573,0.0602,0.2876,0.101,69.1725,77.4039,0.5272,0.1224,0.4657,0.075,0.2944,0.1942,0.09,63.7726,86.8537,77.3618,73.4063,74.937,77.7814,76.9944,77.2284,Healthy,0,0,0,0,0,0,0,0,None,0,0,0.2306,0.2464,-0.5561
2026-09-01 20:36:00,63.5449,4.262,55.0043,72.938,0.7801,0.2782,44.1972,2.0747,0.1308,0.0821,-0.1845,0.0265,0.2794,0.1023,68.3442,77.7603,0.5454,0.1628,0.3842,0.052,0.3118,0.2054,0.0867,64.0504,86.3498,79.8635,75.2993,72.2355,75.557,77.358,76.0844,Healthy,0,0,0,0,0,0,0,0,None,0,0,0.2412,0.3093,-0.431
2026-09-01 20:37:00,67.6369,5.5593,57.4099,78.9759,0.6837,0.2849,43.8612,2.7473,0.305,0.0972,-0.1912,0.0763,0.2893,0.1017,64.3125,71.7989,0.5829,0.1677,0.4007,0.066,0.3027,0.1759,0.0939,61.2056,83.8285,74.4714,74.9198,71.4521,77.7295,78.9126,75.2517,Healthy,0,0,0,0,0,0,0,0,None,0,0,0.2593,0.3006,-0.4295
2026-09-01 20:38:00,66.8479,4.5681,57.9094,76.7,0.7691,0.3066,45.288,2.2049,0.2676,0.0713,-0.1518,0.0439,0.3131,0.1289,69.669,77.5977,0.6652,0.1669,0.4077,0.0604,0.309,0.1824,0.066,63.4341,83.095,79.4828,75.4501,74.2351,75.4487,79.1539,74.8013,Warning,0,0,0,0,0,0,0,0,None,0,0,0.2739,0.2989,-0.4981
2026-09-01 20:39:00,69.2632,5.0564,59.6898,79.8478,0.7142,0.3269,45.4658,2.5784,0.2967,0.0255,-0.1556,0.0941,0.3209,0.1535,67.5044,76.804,0.5311,0.2356,0.4722,0.0898,0.3281,0.1716,0.096,62.2866,84.3275,75.4253,73.0969,71.4339,74.1535,75.27,73.9244,Warning,0,0,0,0,1,0,0,0,CPU_overload,2,6,0.2469,0.2828,-0.4582
2026-09-01 20:40:00,66.2239,4.5052,57.3671,75.9817,0.8138,0.2906,41.1161,2.5029,0.2344,0.0777,-0.1881,0.0921,0.264,0.0866,66.966,77.0328,0.6437,0.1661,0.3978,0.0847,0.3552,0.1637,0.0998,63.0696,84.8206,75.9322,75.2719,70.5007,75.7673,77.3269,75.3293,Healthy,0,0,0,0,1,0,0,0,CPU_overload,1,6,0.243,0.2931,-0.4999
2026-09-01 20:41:00,67.7252,5.1239,58.0641,78.411,0.6794,0.2765,42.5684,2.5785,0.1775,0.1161,-0.1054,0.0683,0.3124,0.1278,69.0767,80.9877,0.5676,0.1862,0.3687,0.0798,0.3027,0.1916,0.0544,63.9052,85.9573,77.4494,74.7456,73.6739,79.7581,74.9893,75.882,Healthy,0,0,0,0,0,0,0,0,None,0,0,0.2261,0.2304,-0.3645
2026-09-01 20:42:00,62.3455,4.5522,53.4276,72.1739,0.7285,0.2713,46.5488,2.3261,0.2208,0.103,-0.1809,0.0854,0.2174,0.1117,71.2307,79.5864,0.5914,0.1749,0.3741,0.0428,0.3391,0.2122,0.0773,65.0944,86.6312,77.9556,75.4345,72.2327,78.3571,78.5874,76.2763,Healthy,0,0,0,0,0,0,0,0,None,0,0,0.2281,0.239,-0.3728
2026-09-01 20:43:00,69.0964,4.7387,59.9362,79.2044,0.8218,0.3049,44.3612,2.3968,0.2337,0.0978,-0.1852,0.0952,0.2849,0.1319,69.9368,82.1608,0.6199,0.1567,0.5068,0.0906,0.2833,0.0904,0.0778,61.8639,85.9752,75.6649,73.8438,70.2895,74.5603,73.5252,72.8059,Warning,0,0,0,0,1,0,0,0,CPU_overload,2,9,0.265,0.3424,-0.5591
2026-09-01 20:44:00,66.3869,4.8022,57.1441,76.5901,0.7443,0.2713,48.7413,2.257,0.2863,0.0836,-0.104,0.0497,0.313,0.145,70.2974,78.4549,0.6106,0.1742,0.4953,0.0583,0.3153,0.1872,0.0607,63.4663,86.8281,76.2248,72.9354,72.875,78.4941,75.019,75.3873,Healthy,0,0,0,0,0,0,0,0,None,0,0,0.2564,0.3261,-0.5136
2026-09-01 20:45:00,61.2036,4.3887,52.4983,70.7865,0.7706,0.2633,46.5651,2.3739,0.3174,0.0942,-0.1351,0.064,0.2993,0.0918,73.7955,82.325,0.504,0.1768,0.3758,0.0644,0.3244,0.2278,0.0804,67.8256,88.2468,79.9821,76.5145,70.8868,78.3514,76.9221,77.1236,Healthy,0,0,0,0,0,0,0,0,None,0,0,0.2466,0.2752,-0.2132
2026-09-01 20:46:00,70.129,4.707,61.0099,80.1895,0.8212,0.3178,49.6116,2.4082,0.2844,0.0789,-0.2519,0.0393,0.3141,0.1553,72.7574,80.9333,0.6987,0.2295,0.4989,0.082,0.3185,0.1418,0.1073,58.6374,86.1415,74.6828,70.2328,70.4424,78.3256,74.0178,73.3476,Warning,0,0,0,0,1,0,0,0,CPU_overload,2,9,0.2769,0.2414,-0.5131
2026-09-01 20:47:00,68.3985,5.0023,58.8955,78.902,0.8673,0.2905,43.3493,2.5507,0.2041,0.0943,-0.142,0.0712,0.3107,0.107,74.0747,81.71,0.7254,0.1661,0.5287,0.0846,0.3812,0.2064,0.098,61.5236,87.8953,76.4451,73.6591,71.5512,74.5551,76.4983,75.7242,Healthy,0,0,0,0,1,0,0,0,CPU_overload,1,8,0.257,0.3091,-0.5748
2026-09-01 20:48:00,72.0718,4.7985,62.8337,82.2697,0.8093,0.3272,49.5062,2.4161,0.1932,0.0782,-0.1794,0.0524,0.4063,0.1468,71.7705,81.3291,0.7757,0.1962,0.5193,0.0966,0.2962,0.1696,0.1119,59.1121,83.6345,75.6367,70.7711,67.6178,74.0293,71.8583,71.346,Warning,0,0,0,0,1,0,0,0,CPU_overload,2,8,0.2803,0.3118,-0.6034
2026-09-01 20:49:00,64.4977,4.8827,55.1502,74.8217,0.8439,0.2672,44.187,2.6451,0.2718,0.0675,-0.1272,0.0902,0.3033,0.1127,68.8484,77.4667,0.6069,0.2006,0.4779,0.0663,0.333,0.1761,0.0944,59.3714,85.1176,76.7869,73.9549,71.2674,72.9823,73.2031,73.3451,Warning,0,0,0,0,0,0,0,0,None,0,0,0.2707,0.2917,-0.6043
2026-09-01 20:50:00,68.6564,5.0259,59.1228,79.1952,0.8101,0.3038,43.8539,2.3912,0.3598,0.0953,-0.1884,0.078,0.3081,0.1114,74.1157,85.5705,0.6529,0.2014,0.4821,0.0743,0.3163,0.2944,0.0692,58.6689,88.0472,75.9029,71.3845,67.5184,75.3319,71.7987,72.4414,Warning,0,0,0,0,0,0,0,0,None,0,0,0.2904,0.2814,-0.7056
2026-09-01 20:51:00,68.9349,4.8374,59.6463,79.191,0.8762,0.3135,43.8102,2.4975,0.2756,0.0872,-0.199,0.0817,0.2765,0.0859,72.5309,82.7173,0.5762,0.1697,0.4042,0.097,0.2803,0.1795,0.091,60.822,88.3195,76.7278,70.9615,70.2652,74.2711,73.5517,73.4941,Warning,0,0,0,0,1,0,0,0,CPU_overload,2,8,0.2557,0.2984,-0.4932
2026-09-01 20:52:00,62.4999,4.6047,53.5138,72.407,0.8352,0.3341,46.7429,2.568,0.2622,0.069,-0.1537,0.0802,0.3138,0.1079,74.3838,81.6519,0.5081,0.1555,0.4348,0.0443,0.3094,0.2265,0.0749,63.4937,85.2569,76.7575,74.4832,72.9634,76.5131,75.9027,75.0385,Healthy,0,0,0,0,0,0,0,0,None,0,0,0.2669,0.293,-0.5469
2026-09-01 20:53:00,68.7608,5.0107,59.2469,79.2769,0.8249,0.3475,48.6294,2.5629,0.227,0.1116,-0.1433,0.119,0.362,0.1299,74.244,84.4088,0.6322,0.2001,0.5309,0.1098,0.3681,0.2657,0.1348,55.5559,87.5621,74.6621,72.3889,65.5657,75.2263,70.9832,69.6122,Warning,0,0,0,0,1,0,0,0,CPU_overload,2,8,0.315,0.3607,-0.5197
2026-09-01 20:54:00,67.6556,5.0696,58.0651,78.26,0.8479,0.3202,44.8912,2.288,0.2011,0.1199,-0.1743,0.0761,0.326,0.1097,69.8209,77.175,0.6127,0.1865,0.4447,0.0868,0.2822,0.2306,0.0709,57.1623,85.8187,76.2499,70.341,66.3699,74.8772,73.4163,72.2277,Warning,0,0,0,0,1,0,0,0,CPU_overload,2,7,0.2815,0.3364,-0.5268
2026-09-01 20:55:00,68.8862,4.7237,59.7454,78.9717,0.7623,0.3403,47.0373,2.7211,0.226,0.1164,-0.13,0.0782,0.2711,0.1335,72.9282,81.7534,0.7083,0.1911,0.4915,0.0668,0.395,0.2267,0.0778,60.4158,84.6578,74.598,70.5144,67.0179,75.6907,74.1611,73.8197,Warning,0,0,0,0,0,0,0,0,None,0,0,0.2795,0.2782,-0.6053
2026-09-01 20:56:00,69.8398,4.5992,60.8609,79.7386,0.8627,0.3191,45.5818,2.1897,0.246,0.0911,-0.2655,0.0553,0.3316,0.1111,72.894,81.0873,0.6352,0.1744,0.4998,0.0736,0.3472,0.2479,0.0749,60.7883,85.8725,73.4174,72.2407,70.4463,73.9412,72.368,71.3987,Warning,0,0,0,0,0,0,0,0,None,0,0,0.277,0.2639,-0.5321
2026-09-01 20:57:00,72.9415,5.311,63.0371,83.908,0.7853,0.3487,47.7402,3.1692,0.2161,0.1179,-0.2232,0.0524,0.3671,0.1539,69.2254,77.3596,0.7189,0.2458,0.4037,0.1,0.3388,0.2382,0.072,56.6721,83.402,72.3262,67.6825,70.6403,70.1739,71.8826,70.4214,Warning,0,0,0,0,1,0,0,0,CPU_overload,2,8,0.279,0.3276,-0.5156
2026-09-01 20:58:00,69.6607,4.7578,60.4755,79.7973,0.7571,0.3337,47.345,2.4484,0.2477,0.0982,-0.1695,0.0772,0.2944,0.1147,72.5065,82.3807,0.6412,0.2365,0.4307,0.0843,0.3922,0.197,0.0829,61.7442,83.4298,73.3138,73.8224,71.4427,73.3878,73.1886,72.2455,Warning,0,0,0,0,1,0,0,0,CPU_overload,2,8,0.2517,0.2915,-0.4091
2026-09-01 20:59:00,69.2953,4.7959,60.0606,79.4891,0.8204,0.3322,46.7395,2.4906,0.0982,0.0852,-0.1515,0.0643,0.3232,0.1315,71.4732,79.2466,0.6046,0.1881,0.5094,0.0917,0.3913,0.2311,0.0566,62.9096,85.5777,73.0714,73.2414,71.3878,74.699,74.7581,72.8388,Warning,0,0,0,0,1,0,0,0,CPU_overload,2,8,0.2705,0.3564,-0.686
2026-09-01 21:00:00,67.4409,4.9671,57.9836,77.8916,0.7974,0.3553,48.3236,2.1876,0.2105,0.0715,-0.2382,0.0769,0.3444,0.1474,70.8455,79.6486,0.721,0.1966,0.3943,0.072,0.3782,0.2149,0.0686,61.6983,87.5208,74.2707,70.6023,70.3926,73.788,74.0145,70.9872,Warning,0,0,0,0,0,0,0,0,None,0,0,0.2975,0.3167,-0.5685
2026-09-01 21:01:00,69.2842,4.7247,60.1422,79.3712,0.82,0.3123,44.5932,2.2378,0.2389,0.1274,-0.2517,0.0502,0.3093,0.1199,72.8945,80.5363,0.6702,0.1869,0.4101,0.0904,0.2895,0.1642,0.0948,55.8651,86.1118,74.6393,70.272,69.5879,74.3833,71.5344,71.6202,Warning,0,0,0,0,1,0,0,0,CPU_overload,2,9,0.2583,0.2951,-0.6822
2026-09-01 21:02:00,72.6053,5.2362,62.7983,83.4595,0.8131,0.352,44.5513,2.1746,0.231,0.0838,-0.2543,0.0635,0.3068,0.1397,71.7096,79.698,0.6452,0.2225,0.4915,0.086,0.3576,0.2562,0.0886,57.0669,86.3777,77.191,71.574,68.1396,73.7095,72.6798,73.2848,Warning,0,0,0,0,1,0,0,0,CPU_overload,2,8,0.2816,0.3407,-0.5222
2026-09-01 21:03:00,69.1573,5.0286,59.6201,79.7002,0.8718,0.3278,48.7623,2.3049,0.1859,0.0653,-0.2534,0.0904,0.4176,0.148,74.3096,87.1484,0.7048,0.1618,0.4298,0.1014,0.3415,0.3263,0.0777,58.0995,88.994,72.2677,71.8353,66.7631,76.0952,70.0648,72.0792,Warning,0,0,0,0,1,0,0,0,CPU_overload,2,7,0.2741,0.339,-0.4937
2026-09-01 21:04:00,73.492,5.2273,63.6964,84.333,0.984,0.3036,43.2522,2.7103,0.3138,0.1216,-0.112,0.0706,0.2929,0.1416,76.7077,87.6115,0.662,0.1996,0.4876,0.088,0.3492,0.1362,0.0778,56.9109,83.0554,75.2828,70.7192,68.0149,73.9927,74.0865,70.5842,Warning,0,0,0,0,1,0,0,0,CPU_overload,2,7,0.2801,0.3635,-0.6588
2026-09-01 21:05:00,70.6565,4.7983,61.4187,80.8539,0.8413,0.3483,45.1597,2.1634,0.2141,0.0995,-0.1902,0.0928,0.337,0.1182,70.5679,78.8534,0.7373,0.1812,0.4603,0.063,0.3181,0.1904,0.0762,59.1666,88.1302,73.5664,73.1457,69.2334,72.2359,74.0709,71.4605,Warning,0,0,0,0,0,0,0,0,None,0,0,0.257,0.3331,-0.5691
2026-09-01 21:06:00,69.9318,4.8539,60.6217,80.2127,0.8579,0.2939,49.0502,2.1711,0.2077,0.1056,-0.1512,0.0813,0.3503,0.1611,74.3003,82.0972,0.6622,0.169,0.52,0.1262,0.3573,0.2235,0.0873,59.8897,87.885,71.356,67.5318,67.4237,71.2175,71.453,70.1747,Warning,0,0,0,0,1,0,0,0,CPU_overload,2,9,0.3217,0.3684,-0.6375
2026-09-01 21:07:00,74.7432,5.3564,64.7799,85.7779,0.8969,0.3385,49.0795,2.1694,0.3447,0.1001,-0.1755,0.079,0.3877,0.1121,77.7762,88.3689,0.7681,0.2304,0.5265,0.0963,0.3564,0.2201,0.1007,56.2862,83.0529,74.1226,70.2488,68.388,71.1551,73.776,72.1906,Warning,0,0,0,0,1,0,0,0,CPU_overload,2,9,0.2948,0.3235,-0.4733
2026-09-01 21:08:00,73.426,4.7834,64.2076,83.6011,0.9132,0.3371,47.2075,2.2783,0.2427,0.0919,-0.1585,0.0589,0.4098,0.1579,77.3481,85.3029,0.6636,0.1773,0.5155,0.0995,0.3783,0.1578,0.0798,55.7962,87.3594,72.5555,71.9932,66.5397,74.9795,72.9683,72.1237,Warning,0,0,0,0,1,0,0,0,CPU_overload,2,9,0.2568,0.3682,-0.5339
2026-09-01 21:09:00,71.9824,4.7992,62.7434,82.1813,0.8798,0.3051,48.7581,2.6604,0.3336,0.0913,-0.2113,0.0901,0.3354,0.128,79.048,88.576,0.7032,0.1394,0.4659,0.1057,0.3264,0.2207,0.0982,57.9961,86.7467,74.5312,71.1684,69.212,73.7125,74.3476,71.4755,Warning,0,0,0,0,1,0,0,0,CPU_overload,2,7,0.3023,0.3172,-0.609
2026-09-01 21:10:00,71.5769,5.142,61.8922,82.2899,0.8327,0.3072,47.929,2.2347,0.2559,0.0981,-0.1947,0.0894,0.3518,0.1573,75.2469,83.044,0.7785,0.1939,0.4983,0.1048,0.4259,0.2429,0.0762,58.9335,85.3259,69.6205,68.9602,67.574,73.106,72.3047,71.0403,Warning,0,0,0,0,1,0,0,0,CPU_overload,2,7,0.2919,0.3702,-0.6732
2026-09-01 21:11:00,73.8785,4.9464,64.4481,84.2981,0.9,0.3501,47.5919,2.3201,0.2349,0.0783,-0.2339,0.1048,0.3417,0.1617,78.7513,87.5019,0.7214,0.2072,0.5612,0.0857,0.3594,0.2069,0.0968,55.2052,85.0131,72.5049,69.1707,65.7437,72.9356,71.3299,72.0724,Warning,0,0,0,0,1,0,0,0,CPU_overload,2,8,0.2919,0.3319,-0.4925
2026-09-01 21:12:00,74.3609,5.4867,64.2281,85.5909,0.9334,0.3657,48.231,2.3319,0.2589,0.1093,-0.2384,0.0895,0.3876,0.1501,78.9905,87.2529,0.6835,0.2903,0.5435,0.0921,0.4447,0.2614,0.123,53.9692,84.0065,71.7469,67.9316,65.3311,70.5278,70.4594,68.9321,Warning,1,0,0,0,1,0,0,0,CPU_overload,2,10,0.3247,0.3782,-0.6484
2026-09-01 21:13:00,70.7621,5.3537,60.8024,81.7926,0.8925,0.3183,47.7243,2.1852,0.2485,0.1136,-0.1805,0.0954,0.364,0.1514,70.5304,81.9008,0.7126,0.1884,0.4812,0.0877,0.3849,0.1894,0.0905,57.829,83.9743,75.2925,69.2703,69.5638,71.5846,70.9642,71.6429,Warning,0,0,0,0,1,0,0,0,CPU_overload,2,8,0.2839,0.3207,-0.544
2026-09-01 21:14:00,69.7097,5.2425,59.8944,80.5735,0.9306,0.3264,46.2387,2.5608,0.2036,0.1119,-0.2406,0.075,0.3153,0.1387,74.3656,83.5441,0.7218,0.1702,0.5422,0.0961,0.3924,0.1534,0.119,55.4095,85.3043,73.8709,68.6145,66.5588,70.8763,72.9542,71.4797,Warning,0,0,0,0,1,0,0,0,CPU_overload,2,10,0.2644,0.3426,-0.641
2026-09-01 21:15:00,73.5669,5.7293,63.1188,85.161,0.9793,0.3195,46.425,2.3957,0.3258,0.1385,-0.1967,0.0422,0.4016,0.1415,75.418,86.1869,0.6892,0.2376,0.4799,0.0865,0.3224,0.2708,0.1099,54.0406,85.913,71.014,69.5033,66.533,73.9033,69.5609,68.6873,Warning,1,0,0,0,1,0,0,0,CPU_overload,2,8,0.3351,0.3762,-0.5427
2026-09-01 21:16:00,76.3053,5.6292,65.9874,87.7491,0.9058,0.338,43.9266,2.8148,0.2629,0.0987,-0.1026,0.0855,0.4194,0.1342,76.4083,84.5489,0.726,0.2182,0.4615,0.0967,0.3756,0.1802,0.1005,52.9951,82.1754,72.4632,65.9443,65.9074,71.7696,72.0064,68.0539,Warning,1,0,0,0,1,0,0,0,CPU_overload,2,9,0.3452,0.39,-0.6584
2026-09-01 21:17:00,73.1133,4.9486,63.6801,83.5362,0.8604,0.3523,50.9465,2.2723,0.2389,0.1054,-0.2138,0.088,0.4043,0.1578,73.5543,82.4324,0.635,0.1957,0.4749,0.1004,0.3703,0.1801,0.1256,58.5306,85.6204,72.623,70.0058,68.3757,72.3117,69.5251,71.3341,Warning,0,0,0,0,1,0,0,0,CPU_overload,2,10,0.3063,0.35,-0.8393
2026-09-01 21:18:00,71.3596,4.9899,61.8727,81.8445,0.9779,0.3467,45.3888,2.8922,0.2868,0.1314,-0.124,0.1052,0.3164,0.1468,75.0613,84.8613,0.7602,0.1684,0.4897,0.1052,0.3691,0.1893,0.0752,55.5224,85.1974,71.2358,70.177,64.3738,73.1022,68.9043,70.5632,Warning,0,0,0,0,1,0,0,0,CPU_overload,2,8,0.2847,0.3738,-0.3851
2026-09-01 21:19:00,76.4222,5.2829,66.5544,87.3466,0.8684,0.3822,47.8227,2.2885,0.2398,0.0996,-0.2954,0.075,0.3993,0.157,76.5287,86.0787,0.6582,0.2206,0.5525,0.0934,0.4048,0.2972,0.0908,54.2252,85.5325,72.5661,68.5854,63.8086,70.6442,66.554,69.1907,Warning,1,0,0,0,1,0,0,0,CPU_overload,2,8,0.295,0.3798,-0.5864
2026-09-01 21:20:00,73.3742,5.2921,63.4945,84.3124,0.853,0.3251,47.48,2.4702,0.1969,0.1199,-0.2035,0.0992,0.3496,0.1548,75.1636,86.812,0.678,0.2434,0.4103,0.0904,0.405,0.3335,0.1029,57.1212,82.6777,72.8139,69.9665,68.3887,71.2304,70.9263,72.0346,Warning,0,0,0,0,1,0,0,0,CPU_overload,2,10,0.2759,0.3694,-0.5773
2026-09-01 21:21:00,74.7333,5.1894,64.9872,85.5174,0.9749,0.3587,49.8929,2.3684,0.3365,0.0673,-0.1318,0.1188,0.3629,0.1561,77.0699,85.9401,0.7399,0.2054,0.4833,0.1093,0.4299,0.2862,0.0865,53.6369,83.8069,71.7453,70.3332,67.3201,71.0273,70.0767,70.5836,Warning,1,0,0,0,1,0,0,0,CPU_overload,2,10,0.2908,0.3729,-0.5965
2026-09-01 21:22:00,77.9969,5.3327,68.0643,88.996,1.0226,0.3543,46.7356,2.5196,0.2013,0.0675,-0.311,0.071,0.3907,0.143,77.7229,88.285,0.8003,0.2236,0.6171,0.1375,0.4409,0.1894,0.0999,56.5609,86.1153,72.7468,68.8169,63.7987,71.5431,70.3208,70.3324,Warning,0,0,0,0,1,0,0,0,CPU_overload,2,10,0.3065,0.3819,-0.583
2026-09-01 21:23:00,77.0503,5.1801,67.3161,87.8204,0.8897,0.3718,44.9269,2.425,0.2726,0.1236,-0.1983,0.1067,0.3727,0.1326,76.104,84.7543,0.7752,0.2311,0.4201,0.1084,0.4249,0.2184,0.074,54.2117,83.5358,74.1052,69.8921,64.4392,70.0241,69.4624,70.1539,Warning,1,0,0,0,1,0,0,0,CPU_overload,2,10,0.2962,0.3702,-0.599
2026-09-01 21:24:00,77.6076,5.4902,67.4703,88.843,0.953,0.3871,50.3988,3.079,0.3375,0.0705,-0.2391,0.1054,0.376,0.1565,78.0517,87.4686,0.8411,0.2295,0.4998,0.1152,0.4346,0.2845,0.0909,51.3085,82.2476,71.773,64.6824,62.4221,72.2981,71.284,67.9604,Warning,1,0,0,0,1,0,0,0,CPU_overload,2,9,0.3355,0.3808,-0.6478
2026-09-01 21:25:00,75.2565,5.5548,65.0352,86.5887,1.0508,0.3672,49.4824,2.9789,0.301,0.0893,-0.2876,0.0766,0.4538,0.1527,78.4016,87.1148,0.8039,0.2413,0.5553,0.1252,0.4243,0.2673,0.1017,52.5913,83.624,73.3581,68.4173,65.9725,70.191,71.4872,67.6166,Warning,1,0,0,0,1,0,0,0,CPU_overload,2,9,0.3293,0.3498,-0.5433
2026-09-01 21:26:00,75.0956,5.0696,65.5051,85.6999,0.9071,0.3524,48.4283,2.2058,0.2631,0.0827,-0.1621,0.0798,0.2875,0.1509,77.5048,87.6028,0.6699,0.2394,0.6433,0.1362,0.3596,0.2701,0.1168,51.1232,81.6902,75.234,68.1363,64.1102,72.9834,71.305,68.7643,Warning,1,0,0,0,1,0,0,0,CPU_overload,2,9,0.3325,0.3623,-0.6778
2026-09-01 21:27:00,77.9564,5.5147,67.7873,89.2285,0.9454,0.4019,48.3687,2.2903,0.3496,0.092,-0.2487,0.1096,0.3227,0.1358,80.2701,90.7957,0.7675,0.2096,0.5068,0.106,0.331,0.2203,0.0926,56.1821,83.5642,71.5948,68.9572,64.9288,68.4693,68.7816,69.2213,Warning,0,0,0,0,1,0,0,0,CPU_overload,2,9,0.3093,0.4056,-0.645
2026-09-01 21:28:00,75.6573,5.605,65.3708,87.0648,0.9536,0.3785,48.0063,2.3877,0.3104,0.0915,-0.2959,0.0915,0.3533,0.1649,76.7584,85.3508,0.6842,0.2659,0.5362,0.0851,0.3647,0.3045,0.0863,52.2106,82.6206,71.5878,65.6312,63.7649,72.4157,69.3249,66.6378,Warning,1,0,0,0,1,0,0,0,CPU_overload,2,9,0.3143,0.3879,-0.659
2026-09-01 21:29:00,76.549,5.5282,66.3624,87.8412,0.9637,0.3624,47.4248,2.2138,0.249,0.1256,-0.2139,0.1257,0.3159,0.1747,78.4512,87.297,0.7213,0.219,0.5287,0.1262,0.4363,0.2612,0.0897,54.0933,83.7334,72.313,67.9085,66.6074,69.4806,71.4797,68.2175,Warning,1,0,0,0,1,0,0,0,CPU_overload,2,8,0.2953,0.3492,-0.483
2026-09-01 21:30:00,73.1046,5.2939,63.2225,84.0455,0.9107,0.3609,50.8811,2.4822,0.3413,0.1122,-0.2316,0.088,0.363,0.1517,75.6095,83.8043,0.6664,0.2022,0.4501,0.1118,0.3576,0.268,0.1055,55.7245,85.4039,76.4331,68.5728,64.2084,74.1753,70.0766,70.0672,Warning,0,0,0,0,1,0,0,0,CPU_overload,2,8,0.3077,0.3697,-0.5752
2026-09-01 21:31:00,79.8262,5.6028,69.5426,91.2304,1.0303,0.4105,49.9079,2.8642,0.3052,0.1243,-0.3165,0.0665,0.4363,0.1778,80.4872,89.0896,0.8577,0.2063,0.4828,0.1464,0.4071,0.211,0.1002,50.0952,81.9509,70.1725,65.6727,62.1216,67.8786,68.8365,65.1584,Warning,1,0,0,0,1,0,0,0,CPU_overload,2,11,0.3418,0.3929,-0.6408
2026-09-01 21:32:00,79.6728,5.6331,69.3497,91.1225,1.0037,0.3837,47.1873,2.292,0.3174,0.1092,-0.2259,0.1061,0.4716,0.1456,77.4646,86.8734,0.8901,0.2295,0.5421,0.1289,0.4459,0.2468,0.0989,49.6718,81.7702,70.8575,68.3634,61.0923,69.5497,68.4056,66.8784,Warning,1,0,0,0,1,0,0,0,CPU_overload,2,10,0.3392,0.4186,-0.6784
2026-09-01 21:33:00,80.2893,5.9226,69.5898,92.1732,0.9929,0.4108,46.3282,2.6999,0.2447,0.1109,-0.1944,0.0948,0.3902,0.1416,75.4846,86.7477,0.8,0.249,0.5638,0.1032,0.4344,0.2502,0.1071,55.2958,81.7455,68.9252,67.8686,61.8062,70.5653,69.028,67.4517,Warning,1,0,0,0,1,0,0,0,CPU_overload,2,10,0.3491,0.3485,-0.612
2026-09-01 21:34:00,79.7023,5.2925,69.822,90.6411,0.9315,0.4196,47.4543,2.9314,0.2599,0.1348,-0.2481,0.0807,0.4228,0.1718,79.8051,92.3622,0.8257,0.2203,0.5684,0.1265,0.395,0.3094,0.1166,50.0639,84.2384,69.4523,66.1877,62.1969,68.4848,68.4205,67.0582,Warning,1,0,0,0,1,0,0,0,CPU_overload,2,8,0.3107,0.3992,-0.654
2026-09-01 21:35:00,76.07,5.5851,65.8093,87.4477,1.0262,0.3922,46.8859,2.4069,0.2287,0.1141,-0.2517,0.0935,0.4431,0.1812,76.8654,85.3049,0.7261,0.2252,0.5631,0.118,0.4051,0.2741,0.1015,52.0731,85.2754,70.9295,65.176,63.3662,71.1927,67.5496,66.0945,Warning,1,0,0,0,1,0,0,0,CPU_overload,2,8,0.3313,0.3882,-0.5316
2026-09-01 21:36:00,79.8603,5.6344,69.5356,91.3119,1.0137,0.3755,51.1454,2.6536,0.2778,0.0623,-0.2214,0.0967,0.3828,0.157,77.9261,87.1164,0.7428,0.1838,0.5093,0.1196,0.4395,0.2438,0.1035,52.0585,83.2968,71.9559,63.9994,62.7388,68.2792,67.0397,67.0547,Warning,1,0,0,0,1,0,0,0,CPU_overload,2,9,0.3499,0.3549,-0.6136
2026-09-01 21:37:00,77.9244,5.666,67.5586,89.4235,0.903,0.4287,50.1077,2.2524,0.3368,0.0984,-0.195,0.0707,0.3652,0.1815,73.7195,85.5359,0.7758,0.2519,0.5256,0.1305,0.4435,0.3124,0.0809,51.168,83.1442,70.4974,66.1303,63.7984,71.4082,68.9788,68.5255,Warning,1,0,0,0,1,0,0,0,CPU_overload,2,9,0.3289,0.36,-0.6625
2026-09-01 21:38:00,83.167,5.8843,72.5174,94.9935,1.1105,0.3791,50.1097,2.6166,0.3368,0.1068,-0.271,0.1018,0.4279,0.1459,82.2843,91.0927,0.9605,0.2482,0.5659,0.1269,0.4215,0.3069,0.0928,49.4845,81.2596,68.9369,63.1624,58.7462,67.7412,68.8359,63.7759,Warning,1,0,0,0,1,0,0,0,CPU_overload,2,11,0.362,0.4128,-0.5242
2026-09-01 21:39:00,76.031,5.6198,65.7253,87.4607,1.0078,0.3545,49.5471,2.4933,0.2529,0.0909,-0.2085,0.1228,0.3681,0.155,74.6065,83.6206,0.9329,0.1979,0.5548,0.1221,0.339,0.2678,0.1031,53.4014,81.0921,70.2314,66.3223,66.0604,69.0974,70.3023,67.99,Warning,1,0,0,0,1,0,0,0,CPU_overload,2,8,0.3178,0.35,-0.7229
2026-09-01 21:40:00,77.7708,5.5956,67.4966,89.1642,1.0606,0.4315,47.3848,2.4567,0.3749,0.1398,-0.1736,0.126,0.3479,0.1661,78.1501,88.3274,0.8337,0.2263,0.603,0.1496,0.4243,0.2851,0.1326,47.4373,82.6482,68.472,64.3565,61.0089,66.9029,68.6231,65.334,Warning,1,0,0,0,1,0,0,0,CPU_overload,2,10,0.3432,0.3786,-0.7281
2026-09-01 21:41:00,79.3964,5.7327,68.9439,90.9954,1.0958,0.3477,48.4342,3.1421,0.282,0.1094,-0.1243,0.0934,0.3838,0.1836,82.877,92.439,0.8397,0.2551,0.5478,0.1156,0.3851,0.2411,0.1236,52.4076,82.8648,70.4105,67.4914,63.7855,68.2061,69.653,67.871,Warning,1,0,0,0,1,0,0,0,CPU_overload,2,10,0.3033,0.3848,-0.6832
2026-09-01 21:42:00,79.2803,5.9312,68.5697,91.1771,0.9783,0.4187,48.8929,2.715,0.3136,0.1323,-0.2306,0.1015,0.4302,0.142,83.1027,93.2909,0.9062,0.2473,0.546,0.1294,0.4183,0.2366,0.1068,48.7617,83.2229,67.9782,64.7136,60.889,67.8347,68.5951,65.4134,Warning,1,0,0,0,1,0,0,0,CPU_overload,2,9,0.3444,0.4222,-0.6494
2026-09-01 21:43:00,78.1007,5.4471,68.0195,89.2713,1.0917,0.3554,49.1536,2.3072,0.2655,0.096,-0.2981,0.0794,0.383,0.1537,78.326,88.6939,0.8528,0.2484,0.4432,0.1448,0.3731,0.2498,0.1205,52.2656,83.3481,68.8631,64.6124,64.5084,67.0475,67.9886,66.9534,Warning,1,0,0,0,1,0,0,0,CPU_overload,2,11,0.3351,0.3818,-0.8206
2026-09-01 21:44:00,82.4771,5.2911,72.5986,93.4138,1.0587,0.3576,49.7641,2.5572,0.2633,0.1014,-0.2247,0.0845,0.4232,0.1609,80.3204,90.4972,0.7026,0.207,0.5432,0.1073,0.4484,0.3239,0.1209,51.3541,81.5369,72.6575,67.0783,61.8172,69.2603,66.9161,67.4017,Warning,1,0,0,0,1,0,0,0,CPU_overload,2,10,0.3332,0.431,-0.6539
2026-09-01 21:45:00,80.397,5.7779,69.8858,92.0639,1.0901,0.4355,51.2178,2.9194,0.2454,0.1278,-0.2692,0.0897,0.4484,0.1735,80.2375,89.4699,0.7723,0.284,0.5419,0.1391,0.4529,0.2813,0.1128,47.9461,83.3114,72.2434,63.0571,60.8469,65.0973,67.7296,65.9629,Warning,1,0,0,0,1,0,0,0,CPU_overload,2,11,0.3225,0.4159,-0.534
2026-09-01 21:46:00,78.5523,5.7053,68.1354,90.1102,1.0291,0.4566,47.7514,3.2049,0.3863,0.1116,-0.2589,0.1296,0.4813,0.1563,78.1066,88.0317,0.9649,0.275,0.6206,0.149,0.4598,0.3056,0.0913,46.7846,82.2164,66.8215,61.6395,62.2805,64.0936,64.265,64.8002,Warning,1,0,0,0,1,0,0,0,CPU_overload,2,11,0.3462,0.4069,-0.867
2026-09-01 21:47:00,82.9,6.143,71.914,95.1145,1.0356,0.3771,53.3361,2.851,0.2619,0.1225,-0.265,0.0835,0.4284,0.156,79.3531,88.4712,0.7676,0.2182,0.5133,0.1539,0.4633,0.3341,0.1301,48.6022,81.1232,69.1237,64.7133,59.3163,68.9224,68.1723,65.2372,Warning,1,0,0,0,1,0,0,0,CPU_overload,2,11,0.3346,0.3739,-0.8521
2026-09-01 21:48:00,85.6074,6.2026,74.544,97.9113,1.1743,0.4198,48.1657,2.359,0.3162,0.1136,-0.3098,0.1064,0.4435,0.1874,83.5136,92.9028,0.8356,0.2664,0.5705,0.1424,0.4301,0.3306,0.1214,48.7409,80.5589,68.2642,63.5784,58.1058,67.9935,65.3896,63.2956,Warning,1,0,0,0,1,0,0,0,CPU_overload,2,11,0.3841,0.4097,-0.6098
2026-09-01 21:49:00,78.8388,5.6399,68.5068,90.2987,0.9339,0.4264,45.5464,2.292,0.2752,0.1078,-0.2895,0.0891,0.4263,0.1685,79.3667,91.9629,0.7369,0.2296,0.4876,0.1064,0.4033,0.2284,0.1212,53.6568,86.7,72.734,65.1997,62.4921,68.2801,66.8683,68.1788,Warning,1,0,0,0,1,0,0,0,CPU_overload,2,9,0.3326,0.3738,-0.6812
2026-09-01 21:50:00,81.2478,6.1967,70.1921,93.5429,1.1315,0.4435,50.1481,2.3949,0.2547,0.1227,-0.3382,0.1296,0.4507,0.1924,83.7346,92.7889,0.782,0.2422,0.6761,0.1421,0.4506,0.2885,0.1232,46.6869,79.7444,65.3925,60.281,59.9663,64.1582,65.0284,63.4657,Warning,1,0,0,0,1,1,0,0,CPU_overload,2,12,0.3838,0.4002,-0.8507
2026-09-01 21:51:00,83.9745,5.8808,73.3294,95.7958,1.1298,0.4262,54.4634,2.4313,0.4095,0.136,-0.2776,0.1045,0.4215,0.1805,87.8873,96.8872,0.9217,0.2286,0.6667,0.1527,0.4867,0.2761,0.1099,45.1302,79.4491,69.8662,61.9616,58.2499,65.3176,63.2036,63.2228,Warning,1,0,0,0,1,1,0,0,CPU_overload,2,11,0.4015,0.4215,-0.808
2026-09-01 21:52:00,85.9884,6.1183,75.0346,98.1658,1.0755,0.4356,51.8914,2.6772,0.301,0.1444,-0.2122,0.0917,0.4421,0.206,82.9042,92.6198,0.9534,0.2508,0.5811,0.1521,0.4661,0.247,0.1349,47.9593,82.0064,67.1117,62.1459,57.0674,67.1937,65.1929,65.2347,Warning,1,0,0,0,1,0,0,0,CPU_overload,2,10,0.358,0.4268,-0.6619
2026-09-01 21:53:00,79.8829,5.7137,69.4551,91.4535,1.1688,0.4033,51.1252,2.7096,0.343,0.1355,-0.2318,0.1766,0.4186,0.157,84.5944,93.8246,0.7849,0.2592,0.484,0.1405,0.3938,0.266,0.1147,47.8596,79.0448,67.9561,64.8998,63.7871,65.8229,67.231,64.7718,Warning,1,0,0,0,1,0,0,0,CPU_overload,2,9,0.3401,0.3893,-0.8462
2026-09-01 21:54:00,81.3175,5.8055,70.7703,93.0257,1.1505,0.3897,49.32,2.5723,0.3411,0.1212,-0.265,0.1027,0.4084,0.1714,81.345,93.0622,0.9316,0.2647,0.654,0.1329,0.4045,0.2519,0.0739,48.3316,81.2952,65.3259,61.905,58.7648,66.3839,64.6918,64.6935,Warning,1,0,0,0,1,1,0,0,CPU_overload,2,10,0.3607,0.4491,-0.8073
2026-09-01 21:55:00,80.6487,6.0245,69.8169,92.6855,1.1467,0.401,50.5386,2.7945,0.2647,0.1614,-0.1491,0.0813,0.4072,0.1969,85.4194,97.1764,0.7941,0.2629,0.53,0.131,0.4626,0.2636,0.1388,47.3662,82.5801,67.2909,65.5511,61.2483,67.9755,66.6635,66.4134,Warning,1,0,0,0,1,0,0,0,CPU_overload,2,9,0.3332,0.4373,-0.769
2026-09-01 21:56:00,86.123,5.9036,75.4483,97.9784,1.1171,0.4693,52.1213,2.4718,0.3118,0.1424,-0.301,0.106,0.4583,0.1844,84.4417,94.3855,0.9383,0.2909,0.6862,0.1689,0.5202,0.3326,0.1245,44.5962,80.0547,65.7686,63.3624,58.862,64.714,63.0502,62.189,Warning,1,0,0,0,1,1,0,0,CPU_overload,2,12,0.3935,0.499,-0.8245
2026-09-01 21:57:00,85.5,6.0341,74.6557,97.5511,1.2678,0.4314,47.086,2.921,0.317,0.1216,-0.2379,0.1208,0.4608,0.192,82.5855,92.574,0.8584,0.2234,0.5745,0.1604,0.4756,0.2261,0.1375,45.8958,79.4849,69.786,61.5253,56.0471,66.0899,63.6456,64.7847,Warning,1,0,0,0,1,0,0,0,CPU_overload,2,10,0.3394,0.4056,-0.6756
2026-09-01 21:58:00,82.7457,6.2884,71.5708,95.1783,1.0473,0.3995,52.9035,2.4413,0.4303,0.1263,-0.2153,0.1253,0.4511,0.1591,83.4475,95.9003,0.8425,0.2196,0.6823,0.1519,0.516,0.2736,0.1225,46.1311,83.5721,68.0155,66.633,58.0925,68.0243,64.6711,65.0163,Warning,1,0,0,0,1,1,0,0,CPU_overload,2,10,0.3338,0.4344,-0.7892
2026-09-01 21:59:00,83.909,5.9344,73.1942,95.8107,1.0632,0.4371,52.7551,2.9427,0.387,0.127,-0.2959,0.101,0.4566,0.1598,83.807,95.5366,0.9156,0.304,0.619,0.1631,0.5087,0.2779,0.1046,44.4867,79.3201,66.288,62.2517,55.3934,65.327,64.9434,62.5597,Warning,1,0,0,0,1,0,0,0,CPU_overload,2,10,0.3743,0.4455,-0.6748
2026-09-01 22:00:00,83.4566,6.0003,72.6562,95.4571,1.0723,0.4286,50.656,2.9549,0.2593,0.1178,-0.3153,0.1292,0.4194,0.2045,87.525,97.5865,0.9615,0.2877,0.5775,0.1519,0.4606,0.2724,0.1131,44.6972,81.5378,67.6957,62.4268,59.2875,66.1248,64.8162,63.549,Warning,1,0,0,0,1,0,0,0,CPU_overload,2,12,0.374,0.445,-0.8167
2026-09-01 22:01:00,81.1376,6.4074,69.808,93.7487,1.1083,0.4625,51.5863,2.7064,0.3054,0.1115,-0.253,0.1316,0.4834,0.1587,84.2448,96.4603,0.8746,0.2423,0.6552,0.163,0.4306,0.2652,0.1243,45.041,81.6497,68.6579,62.47,60.6018,66.8856,63.7955,64.4766,Warning,1,0,0,0,1,1,0,0,CPU_overload,2,9,0.3756,0.4627,-0.7244
2026-09-01 22:02:00,85.6867,5.7885,75.1617,97.3694,1.28,0.4297,48.6143,2.6453,0.4116,0.1618,-0.2801,0.1231,0.3983,0.17,82.4427,94.0651,0.936,0.2784,0.5986,0.1417,0.5195,0.2929,0.132,47.7298,81.1774,67.2105,62.7315,58.8821,64.2389,64.9444,64.3979,Warning,1,0,0,0,1,0,0,0,CPU_overload,2,10,0.3643,0.449,-0.7043
2026-09-01 22:03:00,80.1207,5.9313,69.4099,92.0177,1.1505,0.3961,50.0012,3.0641,0.331,0.1373,-0.2707,0.1073,0.4539,0.1915,87.1714,96.7182,0.8988,0.2644,0.6162,0.1557,0.4587,0.2813,0.1229,43.4776,80.6966,65.0481,60.4742,56.4944,67.2604,65.0525,63.226,Warning,1,0,0,0,1,0,0,0,CPU_overload,2,9,0.3631,0.4403,-0.6805
2026-09-01 22:04:00,83.3498,6.0946,72.4268,95.4917,1.0671,0.435,46.2964,2.4926,0.4146,0.1721,-0.3048,0.1172,0.5131,0.1886,80.7206,94.3987,0.8349,0.2478,0.6578,0.1681,0.4403,0.2744,0.1108,43.7843,82.8432,65.6743,63.1413,58.8691,65.144,65.8007,64.6162,Warning,1,0,0,0,1,1,0,0,CPU_overload,2,9,0.3533,0.4731,-0.7474
2026-09-01 22:05:00,80.5347,5.7399,70.0728,92.1446,1.1085,0.4283,53.0186,2.6077,0.3127,0.1389,-0.2134,0.0934,0.4238,0.1568,82.6245,95.6492,0.7825,0.2925,0.6188,0.1498,0.4437,0.2597,0.1307,46.1805,82.6392,68.7247,62.1342,60.2693,65.9342,64.5002,63.6896,Warning,1,0,0,0,1,0,0,0,CPU_overload,2,9,0.3482,0.49,-0.8604
2026-09-01 22:06:00,82.4004,5.9076,71.7206,94.2617,1.2191,0.4443,52.1765,2.747,0.32,0.1532,-0.2574,0.1183,0.52,0.1991,87.368,96.6754,1.0045,0.2872,0.6631,0.1683,0.5282,0.2982,0.1127,43.9991,80.1502,63.7308,60.4786,58.6225,64.2882,62.0043,62.7025,Warning,1,0,0,0,1,1,0,0,CPU_overload,2,11,0.3711,0.4453,-0.7786
2026-09-01 22:07:00,86.5018,5.9155,75.8116,98.3751,1.1904,0.4254,51.2733,2.43,0.353,0.1171,-0.3465,0.1158,0.5162,0.1723,84.2581,95.2337,1.0047,0.2797,0.5895,0.1661,0.4623,0.3133,0.1223,41.8934,78.0796,63.8323,60.9563,57.8486,63.3605,60.9671,60.8088,Warning,1,0,0,0,1,0,0,0,CPU_overload,2,12,0.3973,0.4973,-0.6889
2026-09-01 22:08:00,84.7488,6.0381,73.8993,96.806,1.1381,0.4404,51.2747,2.5969,0.3448,0.1276,-0.2928,0.1123,0.4919,0.1937,84.9633,94.5826,0.9252,0.2301,0.6125,0.1517,0.4944,0.337,0.1207,45.4543,82.7912,67.8859,60.1008,55.1958,64.8289,63.3884,62.0048,Warning,1,0,0,0,1,0,0,0,CPU_overload,2,12,0.3815,0.487,-0.7905
2026-09-01 22:09:00,87.4506,5.9583,76.7049,99.388,1.2544,0.4428,50.7472,2.7924,0.2971,0.119,-0.3287,0.1144,0.4642,0.1853,85.2585,95.4961,0.8874,0.2197,0.7384,0.1538,0.4339,0.3006,0.116,45.7356,81.1133,63.4686,60.0264,54.7974,64.5574,64.7166,60.9352,Warning,1,0,0,0,1,1,0,0,CPU_overload,2,10,0.3954,0.4917,-0.6907
2026-09-01 22:10:00,83.4421,5.9436,72.7154,95.3575,1.23,0.4355,49.3225,2.4418,0.3207,0.1159,-0.248,0.126,0.4144,0.1703,85.4703,94.8737,0.9878,0.2615,0.6174,0.1647,0.4353,0.2745,0.1236,41.6711,80.9907,64.8621,61.2623,54.3583,66.0614,64.744,61.4546,Warning,1,0,0,0,1,0,0,0,CPU_overload,2,10,0.3995,0.4706,-0.7849
2026-09-01 22:11:00,83.3861,6.1366,72.4085,95.5909,1.2275,0.4528,49.5777,2.4828,0.3914,0.1557,-0.204,0.101,0.4607,0.2043,87.0479,97.0698,0.8916,0.2861,0.6164,0.1696,0.4968,0.3309,0.1187,42.0382,77.2921,65.6841,59.8152,55.137,63.1913,61.4691,60.2617,Warning,1,0,0,0,1,0,0,0,CPU_overload,2,11,0.4077,0.5164,-0.8177
2026-09-01 22:12:00,92.0237,5.9385,81.3036,100,1.2537,0.4262,51.8189,2.4479,0.33,0.0974,-0.3421,0.1294,0.4618,0.1669,84.523,93.9535,0.9594,0.245,0.641,0.1585,0.4598,0.2771,0.1284,43.473,77.5103,63.8533,59.4099,58.101,62.8048,61.4559,58.9561,Degraded,1,0,0,0,1,0,0,0,CPU_overload,3,10,0.3998,0.4581,-0.7515
2026-09-01 22:13:00,87.5641,6.077,76.6639,99.6797,1.1933,0.4178,51.8248,2.5131,0.3262,0.1289,-0.3065,0.1196,0.4977,0.2053,85.1364,94.5344,0.8782,0.2658,0.5236,0.1529,0.4819,0.3072,0.1281,41.0764,77.7524,65.4789,60.5938,53.427,62.1299,60.2063,59.1274,Degraded,1,0,0,0,1,0,0,0,CPU_overload,3,12,0.4105,0.4724,-0.8341
2026-09-01 22:14:00,92.3247,6.2021,81.2619,100,1.3426,0.4859,52.3442,2.6152,0.2087,0.1158,-0.2241,0.0959,0.4679,0.2242,89.7417,101.3407,0.952,0.2433,0.673,0.1672,0.4128,0.2956,0.1099,41.0509,83.9747,64.1763,59.6554,51.2161,60.4259,60.7239,60.2693,Warning,1,0,0,1,1,1,0,0,CPU_overload,2,12,0.3965,0.4511,-0.7537
2026-09-01 22:15:00,87.6616,6.2081,76.591,99.9738,1.3211,0.4912,53.6991,2.7143,0.3751,0.1737,-0.3054,0.091,0.4928,0.1919,81.2558,91.6736,0.9528,0.2663,0.6926,0.1999,0.4615,0.3059,0.1146,41.043,78.919,63.2217,57.0555,56.542,62.358,60.2938,60.894,Warning,1,0,0,0,1,1,0,0,CPU_overload,2,10,0.4107,0.4682,-0.9011
2026-09-01 22:16:00,88.1646,6.152,77.167,100,1.1888,0.4424,49.9319,2.5558,0.3498,0.1228,-0.2496,0.0989,0.4703,0.1952,89.0554,101.4752,0.8814,0.2761,0.7226,0.1546,0.4595,0.333,0.1342,41.6653,82.05,64.024,59.3457,57.8373,62.217,63.0046,61.0383,Warning,1,0,0,0,1,1,0,0,CPU_overload,2,12,0.408,0.4946,-0.8224
2026-09-01 22:17:00,87.0304,5.9609,76.2813,98.9717,1.2217,0.4423,50.6304,3.551,0.2869,0.1317,-0.2269,0.1569,0.5168,0.146,84.3023,95.5129,1.0169,0.2766,0.5915,0.1752,0.4825,0.3256,0.1308,41.0558,78.7783,64.9259,61.8623,57.299,64.6081,61.1405,62.6463,Warning,1,0,0,0,1,0,0,0,CPU_overload,2,11,0.3749,0.4395,-0.7295
2026-09-01 22:18:00,90.3153,6.3873,79.0117,100,1.1205,0.4691,51.6483,2.5292,0.2922,0.1024,-0.2593,0.1181,0.4561,0.2071,84.3006,95.5728,0.85,0.231,0.6551,0.1714,0.4583,0.3785,0.1076,42.0889,81.0364,66.5675,61.3424,58.4553,64.1622,64.946,62.1271,Warning,1,0,0,0,1,1,0,0,CPU_overload,2,11,0.39,0.4863,-0.7812
2026-09-01 22:19:00,94.2465,6.1527,83.248,100,1.1849,0.4414,50.9549,3.0342,0.378,0.1348,-0.3689,0.0934,0.5062,0.1891,88.0474,99.5735,1.0109,0.2742,0.6832,0.1945,0.5267,0.3004,0.1054,39.4241,78.5341,64.5791,57.2985,57.9023,63.1502,60.2753,59.4896,Degraded,1,0,0,0,1,1,0,0,CPU_overload,3,11,0.3856,0.493,-0.7112
2026-09-01 22:20:00,88.4343,6.3936,77.1226,100,1.3247,0.4967,50.3652,2.9707,0.3913,0.1064,-0.2941,0.1394,0.477,0.1918,89.4491,99.7648,0.9483,0.2613,0.6681,0.1597,0.4878,0.3413,0.114,39.8722,81.876,66.0098,61.3146,57.1338,62.8278,60.526,60.4446,Warning,1,0,0,0,1,1,0,0,CPU_overload,2,12,0.3911,0.4972,-0.7221
2026-09-01 22:21:00,88.5996,5.9549,77.8581,100,1.2272,0.4844,49.187,2.8106,0.3569,0.1322,-0.2449,0.1122,0.4423,0.2004,80.9912,92.6665,0.9065,0.2784,0.6745,0.1797,0.4958,0.3378,0.1154,42.1487,82.318,66.0237,60.2937,54.925,62.535,60.1055,61.2075,Warning,1,0,0,0,1,1,0,0,CPU_overload,2,11,0.3626,0.4703,-0.7013
2026-09-01 22:22:00,89.3456,6.2945,78.1628,100,1.186,0.4861,52.3695,2.4895,0.4387,0.1254,-0.3453,0.1218,0.5159,0.2004,88.8975,101.4815,0.9333,0.2405,0.7465,0.1811,0.5188,0.2415,0.1362,40.8834,78.2751,63.7907,60.7296,52.8924,64.0265,62.3512,60.7735,Warning,1,0,0,0,1,1,0,0,CPU_overload,2,10,0.3906,0.5188,-0.793
2026-09-01 22:23:00,84.4668,6.9202,72.4706,97.8471,1.3002,0.4391,53.0291,2.8989,0.4134,0.1312,-0.2004,0.0857,0.5179,0.1664,85.6914,97.1668,1.0445,0.2438,0.6157,0.1767,0.4858,0.3162,0.1319,40.9804,81.2631,65.2035,60.4968,53.9456,66.1691,62.5551,61.5635,Warning,1,0,0,0,1,0,0,0,CPU_overload,2,10,0.3713,0.4523,-0.8218
2026-09-01 22:24:00,91.7033,6.4283,80.3465,100,1.3641,0.5328,50.4194,2.8922,0.3682,0.1237,-0.3491,0.1291,0.5317,0.2067,87.9228,99.7373,0.9768,0.3369,0.654,0.2064,0.5534,0.3632,0.1174,36.3896,77.274,62.0233,55.3886,48.2727,59.3732,61.8122,56.3367,Degraded,1,0,0,0,1,1,0,0,CPU_overload,3,12,0.4277,0.5688,-0.9818
2026-09-01 22:25:00,89.9435,6.7715,78.1404,100,1.264,0.4879,55.2378,2.8181,0.4132,0.1543,-0.3166,0.1487,0.4985,0.1937,87.9711,99.0786,1.0825,0.2821,0.6616,0.1833,0.5172,0.3173,0.1631,38.0464,77.0115,65.5383,55.8594,50.8741,59.443,61.4758,58.0485,Degraded,1,0,0,0,1,1,0,0,CPU_overload,3,11,0.409,0.5612,-0.838
2026-09-01 22:26:00,88.6132,6.364,77.34,100,1.3021,0.4623,54.3738,3.1763,0.3524,0.1281,-0.247,0.1201,0.5039,0.2031,88.0584,100.2785,0.8943,0.2353,0.6592,0.1993,0.5154,0.331,0.14,40.4937,77.2638,63.756,56.1315,53.8304,60.938,59.6924,57.7844,Degraded,1,0,0,0,1,1,0,0,CPU_overload,3,12,0.4061,0.5231,-0.7865
2026-09-01 22:27:00,90.1281,6.5417,78.6239,100,1.2923,0.4844,56.0861,2.6039,0.3683,0.119,-0.3579,0.1105,0.5628,0.2158,87.988,97.8158,0.9601,0.3421,0.7101,0.186,0.5646,0.2703,0.1109,39.3259,78.6192,62.3165,57.95,54.4937,63.7972,63.2789,59.9075,Degraded,1,0,0,0,1,1,0,0,CPU_overload,3,11,0.3905,0.5063,-0.7641
2026-09-01 22:28:00,92.9743,6.7509,81.1981,100,1.2181,0.4438,50.2717,2.5627,0.3443,0.1479,-0.2676,0.1031,0.5128,0.1724,88.4217,99.9034,0.9535,0.2888,0.7135,0.1799,0.5298,0.287,0.1409,37.1924,79.6899,64.1441,56.9597,54.9752,61.2568,60.4511,59.237,Degraded,1,0,0,0,1,1,0,0,CPU_overload,3,12,0.4357,0.4797,-0.984
2026-09-01 22:29:00,88.8911,6.5591,77.3643,100,1.2241,0.4891,52.0463,2.8595,0.3562,0.1528,-0.3345,0.1194,0.4194,0.181,84.4573,94.7295,0.9654,0.3263,0.7543,0.1839,0.5092,0.3472,0.1101,41.4753,82.1833,64.3299,61.8673,54.9656,61.4743,62.2002,60.5995,Warning,1,0,0,0,1,1,0,0,CPU_overload,2,11,0.4092,0.5134,-0.8062
2026-09-01 22:30:00,90.3548,6.1329,79.3821,100,1.1954,0.4717,51.356,3.0956,0.3469,0.158,-0.36,0.1272,0.4565,0.1883,89.5093,99.2364,1.0333,0.2826,0.7202,0.2076,0.5075,0.2888,0.114,39.7787,82.5798,65.8487,56.6789,54.8637,63.2411,63.0259,60.4762,Warning,1,0,0,0,1,1,0,0,CPU_overload,2,13,0.3941,0.5011,-0.8001
2026-09-01 22:31:00,98.8385,6.4979,87.3913,100,1.2617,0.4387,52.2717,2.6685,0.2925,0.1237,-0.3327,0.1396,0.5554,0.2135,85.8569,97.1091,0.9894,0.2416,0.7154,0.192,0.5906,0.3672,0.104,38.6602,75.269,63.8002,57.0646,53.4048,61.296,58.6116,57.7687,Degraded,1,0,0,0,1,1,0,0,CPU_overload,3,12,0.4253,0.497,-0.9542
2026-09-01 22:32:00,89.6509,6.7534,77.8716,100,1.3217,0.4889,52.9511,2.9845,0.316,0.1642,-0.3504,0.1427,0.5049,0.2126,89.8048,102.1877,0.9877,0.3241,0.701,0.2093,0.5494,0.2986,0.1069,39.7008,78.5768,62.2261,55.9065,55.575,59.9338,59.1801,59.9376,Degraded,1,0,0,0,1,1,0,0,CPU_overload,3,12,0.3894,0.496,-0.8509
2026-09-01 22:33:00,92.361,6.274,81.2048,100,1.2457,0.5036,54.2352,2.8741,0.3319,0.1795,-0.2861,0.1507,0.5428,0.2131,88.4421,100.0777,1.0045,0.3122,0.6915,0.2014,0.5488,0.3704,0.1294,38.4516,80.8043,60.5448,58.4035,54.745,61.5434,58.2813,58.9755,Degraded,1,0,0,0,1,1,0,0,CPU_overload,3,11,0.4242,0.5529,-0.9478
2026-09-01 22:34:00,90.2337,6.5948,78.6605,100,1.2958,0.5122,56.3949,2.8787,0.4973,0.1502,-0.3141,0.1246,0.5059,0.1973,90.6747,101.0889,1.1612,0.2749,0.7282,0.2035,0.4992,0.4122,0.1205,37.8147,76.7611,62.3985,57.4495,50.9439,60.4047,61.5266,56.9261,Degraded,1,0,0,0,1,1,1,0,CPU_overload,3,11,0.4195,0.5165,-0.7901
2026-09-01 22:35:00,91.6726,6.267,80.5255,100,1.2081,0.52,57.7469,2.52,0.4332,0.0941,-0.2537,0.1368,0.4985,0.1915,82.6937,93.5233,1.0258,0.2964,0.5664,0.183,0.5898,0.3607,0.1302,36.7992,82.5188,62.8282,58.9751,53.9175,60.9573,61.3912,58.7454,Degraded,1,0,0,0,1,0,0,0,CPU_overload,3,11,0.3718,0.5195,-0.8873
2026-09-01 22:36:00,90.3132,7.048,78.1508,100,1.2637,0.5094,53.3233,3.292,0.298,0.1474,-0.29,0.1155,0.5462,0.2061,89.3624,101.9031,1.056,0.3067,0.7184,0.1861,0.5767,0.2688,0.1519,39.5743,78.021,62.9675,57.4179,52.692,61.4718,59.446,58.6866,Degraded,1,0,0,0,1,1,0,0,CPU_overload,3,13,0.4294,0.4974,-0.822
2026-09-01 22:37:00,90.6367,6.4869,79.2037,100,1.192,0.517,52.7579,2.8811,0.2931,0.1562,-0.3534,0.181,0.4847,0.2299,88.6734,99.792,0.9842,0.2849,0.7944,0.1881,0.5004,0.3001,0.1426,38.3646,80.0953,63.2572,56.9572,51.7805,60.4166,60.1433,58.1316,Degraded,1,0,0,1,1,1,0,0,CPU_overload,3,12,0.4048,0.5188,-0.9241
2026-09-01 22:38:00,97.0066,6.8899,85.0498,100,1.3605,0.5138,51.0319,2.8196,0.3671,0.1495,-0.3718,0.1562,0.5962,0.225,90.9098,104.3391,1.1279,0.2881,0.8017,0.2312,0.6241,0.3667,0.1213,33.5484,77.6213,57.9077,54.0782,46.9369,58.7767,56.7681,53.609,Degraded,1,0,0,1,1,1,1,0,CPU_overload,3,11,0.4565,0.5567,-0.9244
2026-09-01 22:39:00,93.9328,6.4389,82.5623,100,1.2127,0.4772,49.0135,2.553,0.3571,0.13,-0.1752,0.1336,0.4561,0.1751,88.1015,99.6918,0.9712,0.2902,0.7178,0.179,0.546,0.31,0.122,39.5291,79.4052,64.774,59.5927,53.543,57.9829,59.9204,58.026,Degraded,1,0,0,0,1,1,0,0,CPU_overload,3,11,0.4014,0.4965,-0.9518
2026-09-01 22:40:00,95.5517,6.5079,84.0914,100,1.2474,0.5153,54.0026,2.7944,0.4396,0.1392,-0.2861,0.1101,0.5411,0.2237,87.9901,99.6451,1.0319,0.307,0.7301,0.23,0.5179,0.3901,0.1337,33.8697,78.4995,59.8597,53.8169,51.1871,59.8086,56.7011,55.565,Degraded,1,0,0,1,1,1,0,0,CPU_overload,3,13,0.4479,0.5894,-1.1309
2026-09-01 22:41:00,89.4583,6.6619,77.7978,100,1.3859,0.4832,51.1755,3.0657,0.3859,0.1386,-0.4063,0.1602,0.5006,0.2134,93.5333,105.2279,1.0595,0.3003,0.7841,0.2166,0.5556,0.3648,0.1484,35.7669,75.9596,60.2465,53.1722,52.4607,60.2482,56.8674,56.3189,Degraded,1,0,0,0,1,1,1,0,CPU_overload,3,12,0.4395,0.5395,-1.0447
2026-09-01 22:42:00,93.6192,6.7199,81.8834,100,1.2839,0.5494,50.3264,2.6686,0.3688,0.1407,-0.2574,0.1325,0.5051,0.2252,87.9631,99.612,1.0569,0.2789,0.766,0.1983,0.5168,0.3783,0.1334,34.5475,77.6364,57.9243,53.6924,51.5342,60.6124,54.858,55.853,Degraded,1,0,0,1,1,1,0,0,CPU_overload,3,12,0.4234,0.5576,-0.9155
2026-09-01 22:43:00,93.1972,7.1401,80.9152,100,1.3784,0.5392,51.2841,3.0804,0.3235,0.166,-0.345,0.1015,0.5304,0.2013,92.213,103.9123,1.107,0.2714,0.7386,0.2072,0.5378,0.3525,0.1155,37.8487,77.0078,63.3205,55.4369,55.3092,57.6713,60.8396,57.3275,Degraded,1,0,0,0,1,1,1,0,CPU_overload,3,12,0.4131,0.5131,-0.8632
2026-09-01 22:44:00,92.3183,6.3599,81.0504,100,1.3802,0.4942,54.4914,2.7935,0.3926,0.1365,-0.2819,0.1436,0.5032,0.1939,92.7477,104.0702,1.1039,0.332,0.6795,0.189,0.5433,0.2957,0.1359,37.3701,77.8125,58.9644,53.2735,49.2856,62.4212,60.5347,56.6557,Degraded,1,0,0,0,1,1,1,0,CPU_overload,3,12,0.4516,0.5628,-0.829
2026-09-01 22:45:00,95.0527,6.5861,83.4908,100,1.3495,0.5441,54.3326,3.1692,0.404,0.1179,-0.4207,0.1506,0.5116,0.2094,90.7283,101.948,1.0627,0.2592,0.8731,0.2355,0.5415,0.3821,0.1511,35.9986,76.0192,60.126,56.3943,49.6322,57.4475,58.4244,55.6963,Degraded,1,0,0,0,1,1,1,0,CPU_overload,3,12,0.4359,0.585,-0.9271
2026-09-01 22:46:00,91.8803,6.5202,80.4041,100,1.3551,0.4663,55.5624,2.7429,0.352,0.129,-0.3113,0.1231,0.5036,0.2261,90.8683,101.3262,1.0242,0.313,0.7135,0.2148,0.5099,0.3958,0.1449,38.2476,76.8539,61.8958,59.1562,50.3837,60.2922,59.2859,57.3699,Degraded,1,0,0,1,1,1,1,0,CPU_overload,3,12,0.4252,0.557,-0.8456
2026-09-01 22:47:00,96.8464,6.8786,84.9042,100,1.4498,0.4745,52.0271,2.8916,0.4126,0.1325,-0.3385,0.1102,0.572,0.2211,92.7868,107.4351,1.1021,0.2929,0.7234,0.2181,0.5393,0.281,0.1439,32.9925,75.0974,60.7584,53.4087,47.2188,58.4755,57.7921,56.4605,Degraded,1,0,0,1,1,1,1,0,CPU_overload,3,14,0.4317,0.6009,-0.9819
2026-09-01 22:48:00,94.8952,6.9358,82.8786,100,1.326,0.483,51.9445,3.0222,0.427,0.1456,-0.3344,0.1424,0.571,0.2197,97.7483,109.7506,1.1452,0.2961,0.7584,0.2202,0.6015,0.2887,0.1228,34.1474,74.1258,61.4326,54.7999,46.7662,57.1113,57.9578,55.3726,Degraded,1,0,0,0,1,1,1,0,CPU_overload,3,13,0.4423,0.5842,-1.0945
2026-09-01 22:49:00,93.9494,7.2202,81.5631,100,1.3577,0.5257,52.4855,2.7402,0.4463,0.1353,-0.2804,0.1615,0.5352,0.1968,88.9344,101.4438,0.997,0.3106,0.6924,0.2209,0.5204,0.4138,0.1224,35.0822,76.6204,62.3902,53.5735,48.3,58.354,56.9047,56.3575,Degraded,1,0,0,0,1,1,0,0,CPU_overload,3,12,0.4348,0.5319,-0.9422
2026-09-01 22:50:00,95.9804,7.1182,83.7267,100,1.3005,0.4708,52.3416,2.7373,0.3143,0.1,-0.3054,0.1245,0.4973,0.2214,91.6258,103.6332,1.0169,0.3415,0.7298,0.2362,0.6151,0.3066,0.1226,36.9371,75.445,59.7976,54.4776,49.0621,57.0586,56.8963,54.3251,Degraded,1,0,0,1,1,1,1,0,CPU_overload,3,12,0.4734,0.6031,-1.0306
2026-09-01 22:51:00,96.2621,6.7242,84.5206,100,1.3823,0.5015,52.4181,3.1168,0.4479,0.1673,-0.2924,0.1214,0.5612,0.2428,94.8813,108.528,0.9398,0.3009,0.7536,0.2309,0.5837,0.2803,0.1468,30.1927,74.6423,59.4603,54.3582,47.4889,55.8013,56.6299,53.4163,Degraded,1,0,0,1,1,1,1,0,CPU_overload,3,14,0.4709,0.5215,-1.0149
2026-09-01 22:52:00,95.6229,6.6479,83.9807,100,1.4721,0.5331,54.9497,2.7691,0.3237,0.1361,-0.309,0.1189,0.5492,0.237,84.8257,98.1449,1.114,0.3106,0.8906,0.2179,0.5269,0.3697,0.1132,33.6714,78.1188,57.4484,53.2838,44.855,56.272,56.0299,53.8323,Degraded,1,0,0,1,1,1,0,0,CPU_overload,3,14,0.4438,0.5987,-0.8823
2026-09-01 22:53:00,98.9432,7.4249,86.2908,100,1.3498,0.5653,54.8165,2.7404,0.3922,0.1498,-0.2637,0.1565,0.5937,0.2169,93.1903,105.1975,1.1746,0.3248,0.7559,0.2256,0.5438,0.3425,0.168,34.3001,77.8669,61.0284,51.4648,50.3568,57.8098,58.1902,55.858,Degraded,1,0,0,0,1,1,1,0,CPU_overload,3,13,0.4222,0.5708,-1.0581
2026-09-01 22:54:00,99.5,7.102,87.2674,100,1.36,0.5125,54.2789,2.8259,0.3934,0.1335,-0.3276,0.1536,0.5924,0.2234,93.9546,105.2853,1.2124,0.3379,0.6942,0.2318,0.5711,0.3709,0.1612,33.134,75.6646,57.4344,53.0726,46.8126,56.3576,58.0704,52.6725,Degraded,1,0,0,1,1,1,1,0,CPU_overload,3,12,0.4676,0.5462,-1.1158
2026-09-01 22:55:00,99.5,7.4859,86.7684,100,1.4671,0.5868,54.0238,3.6974,0.4815,0.153,-0.3936,0.1011,0.5513,0.2183,91.8037,104.5686,1.168,0.2986,0.8356,0.2615,0.483,0.347,0.1244,33.9821,75.4518,57.0984,51.9033,44.4621,58.9442,54.5673,53.6927,Degraded,1,0,0,0,1,1,1,0,CPU_overload,3,13,0.4552,0.5995,-1.0983
2026-09-01 22:56:00,98.3226,6.9682,86.2639,100,1.3951,0.5528,51.6986,3.3547,0.4397,0.1472,-0.3715,0.1488,0.5937,0.244,92.1612,103.3747,1.045,0.328,0.7509,0.2317,0.6352,0.3162,0.1822,31.4679,74.4926,58.1431,54.6643,46.4711,58.0085,55.954,54.7333,Degraded,1,0,0,1,1,1,1,0,CPU_overload,3,14,0.4462,0.6484,-0.9826
2026-09-01 22:57:00,99.0465,7.271,86.5942,100,1.4014,0.5577,57.0332,3.3694,0.4343,0.1509,-0.2602,0.1319,0.5779,0.2345,94.9779,108.1282,1.1836,0.3431,0.6621,0.2502,0.5567,0.3688,0.1648,32.8784,75.802,60.0421,53.8304,48.2023,57.222,55.8852,55.5974,Degraded,1,0,0,1,1,1,1,0,CPU_overload,3,12,0.454,0.5937,-0.9482
2026-09-01 22:58:00,99.5,6.8658,87.5744,100,1.4914,0.5569,55.7348,2.7826,0.4647,0.1725,-0.3716,0.1281,0.6495,0.2467,94.6976,108.2855,1.1214,0.3136,0.7855,0.2235,0.5727,0.3094,0.1618,29.677,77.204,56.7368,50.332,48.5606,57.3204,57.0234,53.4985,Degraded,1,0,0,1,1,1,1,0,CPU_overload,3,12,0.4372,0.5843,-1.04
2026-09-01 22:59:00,98.3558,7.254,85.9256,100,1.4487,0.5925,55.1449,2.9359,0.4588,0.1906,-0.3869,0.1096,0.5624,0.2435,92.9238,106.1049,1.1388,0.3285,0.7666,0.2249,0.5978,0.4161,0.1194,33.1362,76.5596,56.2283,54.6235,46.6924,56.7665,53.2231,53.7242,Degraded,1,0,0,1,1,1,1,0,CPU_overload,3,14,0.4706,0.6359,-1.0196
2026-09-01 23:00:00,95.2786,6.7217,83.5404,100,1.3319,0.5504,54.53,2.9677,0.4262,0.128,-0.345,0.1321,0.5491,0.2198,93.4193,104.5693,1.1311,0.2865,0.7176,0.2237,0.586,0.4156,0.1141,32.898,76.7388,60.0175,55.0655,48.5026,55.4888,54.9637,54.1441,Degraded,1,0,0,0,1,1,1,0,CPU_overload,3,12,0.4582,0.5786,-0.8594
2026-09-01 23:01:00,96.8835,7.3333,84.3503,100,1.3293,0.5256,52.8774,2.8369,0.3652,0.1268,-0.2798,0.1442,0.4648,0.2294,91.549,102.6459,1.0333,0.3651,0.7282,0.2315,0.5552,0.3092,0.1482,33.6374,77.2342,59.8174,54.2315,48.5102,59.2545,56.3828,55.9701,Degraded,1,0,0,1,1,1,1,0,CPU_overload,3,13,0.4473,0.5438,-1.0654
2026-09-01 23:02:00,99.2087,6.9176,87.2157,100,1.3868,0.519,58.2335,2.9651,0.4121,0.1776,-0.3983,0.1461,0.6006,0.1957,93.9727,105.9706,1.0968,0.3639,0.8644,0.2441,0.5888,0.3905,0.1532,29.6819,75.6468,56.6815,50.6931,46.5479,57.6076,54.355,53.3026,Degraded,1,0,0,0,1,1,1,0,CPU_overload,3,14,0.4398,0.6132,-1.1773
2026-09-01 23:03:00,99.5,6.9273,87.4945,100,1.3971,0.614,53.9614,2.8917,0.4806,0.1226,-0.3274,0.1212,0.5261,0.2111,96.6711,109.8707,1.1064,0.3356,0.804,0.2611,0.5674,0.3437,0.159,27.2947,74.233,59.3414,47.0265,46.0288,57.1624,54.3414,52.1068,Degraded,1,0,0,0,1,1,1,0,CPU_overload,3,13,0.4664,0.6068,-1.0523
2026-09-01 23:04:00,99.5,7.4947,86.7569,100,1.3682,0.5703,55.9204,2.9507,0.4048,0.1816,-0.4119,0.1423,0.5747,0.2033,91.3643,103.457,1.0876,0.2787,0.7306,0.2463,0.5508,0.3698,0.1491,26.3327,76.4991,56.8704,52.5563,46.0837,57.1869,55.3599,52.0129,Degraded,1,0,0,0,1,1,1,0,CPU_overload,3,13,0.4534,0.5929,-0.9709
2026-09-01 23:05:00,99.5,7.1101,87.2569,100,1.4415,0.5282,52.8156,3.5425,0.3623,0.1502,-0.3525,0.1745,0.5482,0.2334,91.9739,104.8188,1.1073,0.3599,0.7181,0.245,0.6733,0.3505,0.1407,29.0336,76.2142,57.7283,50.1923,45.1811,55.3824,52.1649,51.1338,Degraded,1,0,0,1,1,1,1,0,CPU_overload,3,14,0.4947,0.5835,-1.039
2026-09-01 23:06:00,99.5,7.0172,87.3777,100,1.5416,0.5795,54.2039,2.7938,0.4954,0.1636,-0.4007,0.1391,0.5662,0.2583,94.0886,105.9857,1.1559,0.3102,0.7881,0.2656,0.674,0.2794,0.1702,28.3834,74.5758,57.1824,51.9122,44.5964,53.1004,54.8513,51.8802,Degraded,1,0,0,1,1,1,1,0,CPU_overload,3,14,0.4915,0.6115,-1.1592
2026-09-01 23:07:00,99.5,7.8898,86.2433,100,1.3834,0.6259,58.1633,3.6002,0.4269,0.1802,-0.3107,0.1364,0.5823,0.2462,95.0089,108.1556,1.1032,0.3697,0.806,0.266,0.5926,0.3734,0.1508,26.8324,75.4533,52.9903,49.6027,46.2549,55.1285,51.8403,49.7387,Degraded,1,0,0,1,1,1,1,0,CPU_overload,3,13,0.4974,0.6877,-0.9607
2026-09-01 23:08:00,96.7982,6.8277,84.9222,100,1.4847,0.5427,54.6176,2.8647,0.4351,0.164,-0.3794,0.1598,0.5593,0.2682,93.717,106.7575,1.2088,0.2769,0.7969,0.2587,0.577,0.3289,0.1324,28.9627,77.2973,60.2827,52.7691,47.9162,56.348,55.2488,54.1217,Degraded,1,0,0,1,1,1,1,0,CPU_overload,3,13,0.4642,0.5928,-0.8524
2026-09-01 23:09:00,95.9604,7.2987,83.472,100,1.48,0.5229,59.4142,3.1685,0.3625,0.1558,-0.4013,0.1388,0.6198,0.2242,96.1361,110.3794,1.2466,0.3534,0.8225,0.2396,0.6118,0.3406,0.1547,27.8004,74.7191,55.8271,50.684,47.4792,56.0011,56.8687,51.7699,Degraded,1,0,0,1,1,1,1,0,CPU_overload,3,13,0.4777,0.6248,-1.0447
2026-09-01 23:10:00,99.5,7.3365,86.9626,100,1.5339,0.5646,58.6937,2.8142,0.3595,0.1666,-0.3616,0.144,0.5544,0.2313,102.1247,114.7325,1.2158,0.3323,0.8324,0.2775,0.6175,0.3997,0.1446,23.9242,76.106,54.4172,51.5007,44.1192,52.6526,50.688,50.9113,Degraded,1,0,0,1,1,1,1,0,CPU_overload,3,14,0.4864,0.692,-1.0856
2026-09-01 23:11:00,99.5,7.3322,86.9682,100,1.4058,0.573,56.3241,3.1147,0.4412,0.1726,-0.3042,0.1449,0.5213,0.2463,97.1054,109.6437,1.1265,0.3423,0.7627,0.2908,0.6604,0.3555,0.1637,25.5355,75.4031,56.2173,48.4091,45.3754,52.1992,53.954,50.0798,Degraded,1,0,0,1,1,1,1,0,CPU_overload,3,13,0.4877,0.6676,-1.1086
2026-09-01 23:12:00,99.5,7.1273,87.2345,100,1.5164,0.5358,53.0304,3.0714,0.4669,0.1975,-0.3141,0.1593,0.6262,0.2246,95.9088,108.1463,0.9903,0.3282,0.7958,0.2485,0.6574,0.3763,0.1628,29.3904,76.3896,58.5923,50.7903,48.4363,55.6069,53.7578,53.5372,Degraded,1,0,0,1,1,1,1,0,CPU_overload,3,12,0.4553,0.6164,-1.1075
2026-09-01 23:13:00,99.5,7.1838,87.161,100,1.4087,0.6152,58.758,2.8076,0.3889,0.2003,-0.2193,0.142,0.6119,0.2287,97.0149,111.3907,1.1312,0.3286,0.8544,0.2709,0.5605,0.3622,0.1458,27.7973,73.1308,53.6843,53.9802,44.7961,55.1853,52.8286,52.2777,Degraded,1,0,0,1,1,1,1,0,CPU_overload,3,15,0.4699,0.571,-1.0407
2026-09-01 23:14:00,99.5,7.2295,87.1016,100,1.5486,0.5987,58.2789,2.935,0.3916,0.1933,-0.2374,0.1299,0.625,0.2312,98.3106,109.7696,1.1322,0.3813,0.7605,0.2545,0.5605,0.3345,0.1388,27.5078,73.7643,57.9224,48.916,44.0204,53.9663,50.1717,50.8196,Degraded,1,0,0,1,1,1,1,0,CPU_overload,3,15,0.475,0.6077,-1.0953
2026-09-01 23:15:00,99.5,7.3089,86.9985,100,1.5964,0.6133,53.4297,2.8012,0.3656,0.1834,-0.2621,0.1393,0.6168,0.2483,96.8844,108.3799,1.1165,0.3605,0.9047,0.2764,0.6169,0.344,0.1716,23.6362,76.6881,54.6573,50.3732,45.2376,55.12,52.7226,49.6462,Degraded,1,0,0,1,1,1,1,0,CPU_overload,3,14,0.5104,0.6552,-1.1222
2026-09-01 23:16:00,99.5,7.8693,86.2699,100,1.4876,0.5773,54.6679,3.1982,0.4356,0.159,-0.386,0.1773,0.6016,0.2575,97.6474,109.2897,1.1796,0.3192,0.812,0.2981,0.5495,0.3624,0.1449,24.1273,74.9695,53.8993,46.0594,43.221,52.7751,50.0803,50.3532,Degraded,1,0,0,1,1,1,1,0,CPU_overload,3,13,0.5042,0.6813,-1.0102
2026-09-01 23:17:00,98.8325,7.1452,86.5438,100,1.489,0.5569,55.2429,2.7708,0.3649,0.1545,-0.372,0.1179,0.5189,0.2495,92.3617,105.5622,1.1427,0.3227,0.7612,0.2686,0.6511,0.319,0.1414,29.9312,78.2009,57.3724,50.7171,45.9125,53.4628,54.4651,53.2681,Degraded,1,0,0,1,1,1,1,0,CPU_overload,3,12,0.4857,0.5746,-0.9953
2026-09-01 23:18:00,99.5,7.695,86.4964,100,1.5795,0.5576,54.8904,2.8798,0.407,0.1625,-0.2649,0.1473,0.5463,0.2619,94.6275,106.3147,1.1732,0.3115,0.8552,0.2758,0.6579,0.4167,0.1299,26.7052,74.9333,56.7396,48.9963,43.1226,54.7121,53.9289,50.2944,Degraded,1,0,0,1,1,1,1,0,CPU_overload,3,13,0.5127,0.6517,-1.0752
2026-09-01 23:19:00,99.5,7.6499,86.5552,100,1.5088,0.5864,56.1432,3.3547,0.4515,0.1594,-0.361,0.1685,0.6021,0.2508,99.415,111.1332,1.2321,0.3593,0.9219,0.286,0.6134,0.4118,0.1383,25.0779,75.4376,51.2678,47.9713,48.2162,54.1718,52.1469,51.8481,Degraded,1,0,0,1,1,1,1,0,CPU_overload,3,15,0.4646,0.682,-1.1494
2026-09-01 23:20:00,33.438,2.4208,27.2909,40.0692,0.0608,0.0326,42.7996,1.7648,0.211,0.0684,-0.0764,0.0111,0.0445,0.0376,45.5519,49.6202,0.0014,0.0562,0.0357,0.0102,-0.0225,0.0146,0.0584,99.4774,90.9726,93.5178,93.428,96.962,95.9096,95.1806,94.6747,Excellent,0,0,0,0,0,0,0,0,None,0,0,0.0456,0.0723,-0.013
2026-09-01 23:21:00,31.7972,3.0129,24.8805,39.3165,0.056,0.0377,36.7533,1.6299,0.1061,0.0107,-0.052,0.0112,0.0714,-0.0017,49.2907,54.712,0.1586,-0.0008,0.044,0.0166,0.0278,0.0356,0.0113,97.0813,96.0628,97.0755,95.9257,98.3114,94.0991,97.9071,96.1697,Excellent,0,0,0,0,0,0,0,0,None,0,0,0.0247,0.0081,-0.0058
2026-09-01 23:22:00,33.9901,2.0472,28.3287,40.0609,0.0258,0.0178,35.4056,1.8713,0.0087,0.0341,-0.0366,0.014,0.1004,0.0128,42.7055,46.3072,0.0019,-0.0064,0.0464,0.0048,0.0259,0.0267,0.0141,97.8718,92.3035,96.0789,95.5078,96.6798,98.0516,94.6936,96.5133,Excellent,0,0,0,0,0,0,0,0,None,0,0,0.0285,0.0164,0
2026-09-01 23:23:00,30.873,2.3275,24.8472,37.3643,0.0217,0.0001,34.266,2.327,-0.0004,0.0864,-0.0809,0.0107,0.0726,0.0358,48.3578,51.9839,0.2106,0.0231,0.0612,0.0115,0.0073,0.0113,0.0054,92.7418,92.7765,96.7696,95.9884,96.331,94.4143,94.7245,93.5292,Excellent,0,0,0,0,0,0,0,0,None,0,0,0.0623,0.0685,-0.1053
2026-09-01 23:24:00,31.1564,2.2871,25.1832,37.5871,-0.0014,-0.0446,38.9621,1.9941,0.0066,0.0105,-0.0031,0.0141,0.0639,0.0021,46.5514,51.1084,0.0593,-0.0066,0.0516,0.0213,0.0147,-0.0032,0.0158,94.6454,97.1444,95.8362,98.0533,97.6784,96.9193,95.6597,96.8369,Excellent,0,0,0,0,0,0,0,0,None,0,0,0.0186,0.019,-0.0403
2026-09-01 23:25:00,29.5881,2.8481,22.8856,36.8602,0.0168,-0.0006,37.8297,1.5284,0.0504,0.0214,-0.0533,0.0101,-0.0658,0.0088,43.5616,48.3233,0.1045,0.0649,0.0238,0,0.0285,0.0956,0.0304,97.9598,94.7519,96.6816,97.3658,93.8341,97.2369,97.0107,95.8992,Excellent,0,0,0,0,0,0,0,0,None,0,0,0.0421,0.0635,-0.0944
2026-09-01 23:26:00,30.3929,2.4827,24.1655,37.117,0.0781,0.0417,40.3935,1.5408,0.0999,0.0267,-0.0631,0.0559,0.035,0.007,44.7836,49.4453,0.0773,0.0404,0.0031,0,0.0414,0.0047,0.0193,97.5609,95.4754,97.4959,99.0648,95.9879,97.7138,95.9445,96.7342,Excellent,0,0,0,0,0,0,0,0,None,0,0,0.0387,0.0604,-0.0571
2026-09-01 23:27:00,30.2577,2.927,23.4526,37.6482,0.1263,0.0215,41.3089,1.6212,0.0471,0.05,-0.0264,0.0274,0.0865,0.0192,46.3055,51.3802,0.0725,0.0332,0.1106,0.0203,0.0209,0.0626,0.0354,98.3,93.1753,95.7716,96.4492,96.6223,97.2053,97.2696,96.3073,Excellent,0,0,0,0,0,0,0,0,None,0,0,0.051,0.0656,-0.1681
2026-09-01 23:28:00,28.4463,2.0514,22.7795,34.5234,0.1469,0.0481,40.9423,2.0152,0.1409,0.0838,-0.142,0.0606,0.1217,0.0249,49.0814,54.5969,0.1595,0.0698,0.083,0.0169,0.0618,0.0145,0.0158,93.1508,91.3145,93.5221,95.4159,93.6535,93.3695,94.2361,93.8662,Excellent,0,0,0,0,0,0,0,0,None,0,0,0.0708,0.0944,-0.1411
2026-09-01 23:29:00,33.8085,2.7875,27.1848,40.9898,0.1525,0.0633,39.4414,1.858,0.1192,0.0718,-0.0907,0.063,0.0003,0.0372,49.0833,54.9334,0.0776,0.0426,0.1784,0.0185,0.0849,-0.0165,0.0263,95.5642,93.8889,97.6111,93.5738,93.1353,96.7083,93.0395,94.2072,Excellent,0,0,0,0,0,0,0,0,None,0,0,0.051,0.07,-0.0953
2026-09-01 23:30:00,32.814,2.6629,26.3522,39.8084,0.0251,0.024,37.7218,1.9579,0.017,0.056,-0.1631,0.0095,0.0034,0.029,46.7299,51.7577,0.048,0.0648,0.0054,0,0.0658,0.054,0.0092,97.0834,93.0692,96.6296,96.0749,95.5756,93.0451,97.0518,96.4009,Excellent,0,0,0,0,0,0,0,0,None,0,0,0.049,0.0402,-0.1574
2026-09-01 23:31:00,32.6173,2.1805,26.7826,38.888,0.0594,0.0134,41.0973,1.975,0.1513,0.0578,-0.1225,0.0542,0.0594,0.0269,50.2054,57.5856,0.2011,-0.0038,0.0369,0.0148,0.0717,0.0231,0.0281,95.3185,92.9417,96.6801,92.5797,96.8176,92.9545,94.7615,94.9423,Excellent,0,0,0,0,0,0,0,0,None,0,0,0.0477,0.0516,0
2026-09-01 23:32:00,28.5771,2.1877,22.7332,34.8586,0.1698,0.0332,36.7966,1.5311,0.0411,0.0008,-0.0772,0.0358,0.0054,0.0493,46.2469,49.4415,0.0929,0.0233,0.1143,0.02,0.0189,0.0513,0.0331,97.9298,96.3466,97.5087,97.0384,98.4475,99.1858,95.9191,97.7467,Excellent,0,0,0,0,0,0,0,0,None,0,0,0.0423,0.0633,0
2026-09-01 23:33:00,33.2411,2.0388,27.5906,39.2992,0.15,0.0294,38.6134,1.6684,0.0665,0.0489,-0.0924,0.0361,0.0267,0.0332,46.7857,51.3472,0.169,0.042,0.1021,0.007,-0.0305,-0.002,0.0049,97.6945,92.134,95.3091,95.8081,96.87,95.3471,95.169,95.0466,Excellent,0,0,0,0,0,0,0,0,None,0,0,0.0372,0.1241,0
2026-09-01 23:34:00,31.2314,2.7016,24.7193,38.2839,0.136,0.0294,40.4146,2.5531,0.0865,0.02,-0.0813,0.0327,0.0748,0.0356,55.3355,61.338,0.1427,0.0771,0.1288,0,0.0607,0.0564,-0.0054,96.9994,92.6031,99.14,95.9694,95.0455,95.682,96.9303,95.4225,Excellent,0,0,0,0,0,0,0,0,None,0,0,0.0356,0.101,-0.1449
2026-09-01 23:35:00,32.1141,2.5885,25.7491,38.9969,-0.0015,0.0454,37.9265,2.0521,0.0377,0.0781,-0.0535,0.0885,-0.016,0.0224,49.6057,56.0237,0.0245,0.0735,0.1135,0,0.0124,0.1026,0.0121,95.7638,90.8292,93.2546,96.3218,97.2152,97.0576,96.7027,94.0751,Excellent,0,0,0,0,0,0,0,0,None,0,0,0.0632,0.0726,0
2026-09-01 23:36:00,34.384,2.0892,28.668,40.5177,0.0524,-0.0157,40.8584,1.8441,0.1069,0.0511,-0.0886,0.0308,-0.0068,0.0091,50.3884,57.2065,-0.014,0.0335,0.1239,0.0224,-0.0077,0.0126,0.0311,98.154,94.9418,99.9896,95.7304,95.5678,96.1011,96.8551,97.5357,Excellent,0,0,0,0,0,0,0,0,None,0,0,0.0376,0.0535,-0.0005
2026-09-01 23:37:00,29.723,2.3331,23.69,36.2226,0.0989,-0.0038,41.2303,1.9906,0.16,0.0616,-0.0398,0.0328,0.0999,0.0211,44.8746,49.6977,0.1464,0.0173,0.0428,0.0206,0.0438,0.0918,0.0124,95.0884,95.681,97.3719,98.5618,95.9385,95.686,95.8454,97.0056,Excellent,0,0,0,0,0,0,0,0,None,0,0,0.0155,0.0626,0
2026-09-01 23:38:00,31.0438,2.2889,25.0682,37.4772,0.1403,0.0011,37.4058,2.1509,0.0341,0.0052,0.0354,0.0155,0.0153,0.0461,46.5338,50.1674,0.0699,0.0252,0.0345,0.0315,-0.0027,-0.0067,-0.0091,98.7145,97.5984,98.071,97.7504,96.5948,96.7868,97.2154,98.0473,Excellent,0,0,0,0,0,0,0,0,None,0,0,0.0223,0.0116,-0.0855
2026-09-01 23:39:00,32.9329,2.0924,27.2127,39.0715,-0.0131,0.0204,41.6865,1.7394,0.1327,0.0735,-0.0935,0.0125,0.0308,0.0168,45.6583,53.5555,0.1989,0.0063,0.0857,0,0.0645,0.1316,0.0301,96.8762,93.9586,97.1251,94.504,92.6822,93.2836,95.7307,94.0862,Excellent,0,0,0,0,0,0,0,0,None,0,0,0.048,0.083,-0.119
2026-09-01 23:40:00,33.3714,2.0893,27.6553,39.5054,0.1502,-0.0277,37.426,2.6243,0.0593,0.0469,-0.0566,0.0541,0.0711,0.0079,48.6299,52.7456,0.0979,-0.019,-0.0515,0.0109,0.0403,0.0523,0.0291,98.1445,95.9634,95.3462,95.3825,97.4204,98.7804,95.223,96.5597,Excellent,0,0,0,0,0,0,0,0,None,0,0,0.0436,0.0386,-0.009
2026-09-01 23:41:00,32.2254,2.5139,25.9572,38.9963,0.0818,0.0397,41.1725,1.7817,0.0546,0.068,-0.1751,0.0223,0.0173,0.0082,47.1741,50.9308,0.0489,0.0549,0.0161,0.0129,0.065,0.003,0.0254,95.4903,94.1053,97.1184,94.071,94.0741,95.0387,97.3641,94.8708,Excellent,0,0,0,0,0,0,0,0,None,0,0,0.089,0.0786,-0.2038
2026-09-01 23:42:00,32.2042,2.3786,26.1121,38.772,-0.0322,0.0557,36.1782,2.0024,0.1041,0.0246,-0.0248,0.016,0.0859,0.0015,46.2538,50.3317,0.0725,0.0007,0.1032,0,-0.0105,0.0086,-0.0093,99.1237,94.7314,98.0208,98.5318,94.8955,96.924,97.2865,97.6312,Excellent,0,0,0,0,0,0,0,0,None,0,0,0.0307,0.0602,-0.0669
2026-09-01 23:43:00,30.1806,2.1038,24.4457,36.3362,0.1846,-0.0225,38.7498,1.8514,0.0744,0.0333,-0.0287,0.0378,0.0229,0.0347,50.3372,53.8106,0.0426,0.0544,-0.0085,0.0046,0.0363,-0.025,0.0437,96.2297,95.8751,99.3913,99.4481,95.9543,95.3954,97.1715,95.8382,Excellent,0,0,0,0,0,0,0,0,None,0,0,0.0331,0.0824,0
2026-09-01 23:44:00,32.6468,2.5501,26.3316,39.4719,0.0645,0.0071,39.9571,2.5898,0.1124,0.0273,-0.0778,-0.0,0.1234,0.0041,48.6689,53.6767,0.1427,-0.0064,0.0258,0.015,0.0586,0.0599,0.0022,93.8268,96.6289,99.8163,96.72,95.1515,93.3016,95.6855,96.1324,Excellent,0,0,0,0,0,0,0,0,None,0,0,0.0333,0.0548,-0.2774
2026-09-01 23:45:00,32.8695,2.1934,27.018,39.1596,0.055,-0.0005,42.8537,2.1617,0.1285,0.0567,-0.1614,0.0482,0.1168,0.0188,48.3326,53.7284,0.151,0.0624,0.1304,0.0117,0.0698,0.0095,0.0335,97.1311,93.063,95.3453,95.1629,94.4501,93.3214,93.4114,95.308,Excellent,0,0,0,0,0,0,0,0,None,0,0,0.0332,0.0645,-0.0474
2026-09-01 23:46:00,30.0536,2.2674,24.106,36.4546,0.0951,0.029,41.448,2.5629,0.0949,0.0515,-0.0453,0.0161,0.0369,0.0306,49.8421,54.762,0.1899,0.0577,0.058,0.0171,0.0352,0.0464,0.0245,96.184,91.8879,99.4821,96.0328,94.6509,93.1622,96.6236,94.3982,Excellent,0,0,0,0,0,0,0,0,None,0,0,0.0614,0.0916,-0.0415
2026-09-01 23:47:00,34.4951,1.9725,28.9309,40.4539,0.1427,0.025,40.4625,2.2403,0.1287,0.0046,-0.039,0.0414,0.0687,0.0065,44.7965,49.7804,0.0742,0.0021,0.0412,0.034,0.0247,0.0679,0.0156,100,94.1776,97.9556,96.6268,98.3063,98.126,96.5961,97.1054,Excellent,0,0,0,0,0,0,0,0,None,0,0,0.0526,0.0444,-0.0707
2026-09-01 23:48:00,31.017,2.1448,25.2287,37.2341,0.0403,0.0258,39.584,2.2881,0.1104,0.0461,-0.0599,0.0211,0.0723,0.0405,48.6377,53.1077,0.0338,0.0584,0.0482,0.0082,-0.0315,0.1016,0.0406,95.7795,92.1403,95.4127,93.6918,97.4348,97.0031,94.514,95.2077,Excellent,0,0,0,0,0,0,0,0,None,0,0,0.029,0.066,0
2026-09-01 23:49:00,30.911,2.1825,25.0737,37.1848,0.1901,0.0108,41.7997,1.8863,0.0492,0.1007,-0.0543,0.048,0.063,0.0127,45.7572,51.8558,0.2242,0.0612,0.0698,0,0.0107,0.1016,0.0291,94.7427,93.0693,94.3606,96.1095,96.0743,96.4876,95.8134,95.227,Excellent,0,0,0,0,0,0,0,0,None,0,0,0.0472,0.0676,-0.0183
2026-09-01 23:50:00,32.3472,2.8126,25.6908,39.5661,0.1081,-0.0123,40.8452,2.4372,0.1746,0.0272,-0.0827,0.0602,0.0339,0.0344,49.666,54.9317,0.1567,0.0692,0.0667,0.0084,0.0233,0.0581,0.0078,95.4953,91.8041,95.4567,92.6303,92.5762,93.6341,89.492,91.5455,Excellent,0,0,0,0,0,0,0,0,None,0,0,0.1038,0.1049,-0.0617
2026-09-01 23:51:00,30.4878,2.1109,24.7436,36.6542,-0.1154,0.024,34.279,1.962,-0.0027,0.0165,-0.0043,-0.0241,0.0547,0.0182,39.302,44.021,0.1342,-0.0425,-0.0782,0,0.0762,0.0373,0.0263,96.4075,98.7623,97.721,98.0899,96.922,97.3811,95.9371,97.2016,Excellent,0,0,0,0,0,0,0,0,None,0,0,0.0293,0.0211,-0.0374
2026-09-01 23:52:00,32.4097,2.2418,26.4954,38.7724,0.0271,0.0048,38.9164,1.8787,0.048,0.0091,-0.1502,0.0116,0.1185,0.014,43.1645,46.7662,0.0017,0.0234,-0.0177,0.0275,-0.0268,0.0479,0.0209,98.0996,94.8073,96.6139,97.1316,97.3128,93.5132,96.8734,97.4111,Excellent,0,0,0,0,0,0,0,0,None,0,0,0.0255,0.0027,-0.131
2026-09-01 23:53:00,32.0123,2.2008,26.1513,38.3135,0.1032,-0.0064,33.7793,2.1732,0.0407,0.0226,-0.034,0.0018,0.0362,0.034,45.1664,49.3038,0.0415,-0.0316,0.0402,0.0102,0.0262,0.085,-0.0166,94.3892,98.1131,94.2711,96.3394,95.9177,96.3952,98.2924,97.2937,Excellent,0,0,0,0,0,0,0,0,None,0,0,0.0142,0.0664,-0.1024
2026-09-01 23:54:00,36.698,2.6118,30.3027,43.6158,0.0216,0.0601,42.9198,2.1126,0.2214,0.0785,-0.1472,0.0576,0.1332,0.0511,44.8025,50.2713,0.2065,0.0883,0.0518,0.0124,0.1109,0.0922,0.0243,93.659,89.1272,93.0329,92.5156,93.3256,92.4533,93.4334,91.3859,Excellent,0,0,0,0,0,0,0,0,None,0,0,0.0719,0.0773,-0.1914
2026-09-01 23:55:00,30.6934,1.9662,25.1373,36.6426,0.0286,-0.0122,38.5682,1.9253,0.1663,0.0532,-0.1175,0.0699,0.108,0.0199,43.1872,47.1108,0.1686,0.1159,0.046,0.0064,0.0225,0.0085,0.0283,95.774,94.9256,94.9363,96.4184,97.4499,94.6299,94.539,95.0036,Excellent,0,0,0,0,0,0,0,0,None,0,0,0.0494,0.0574,-0.1088
2026-09-01 23:56:00,35.4874,2.0118,29.872,41.5051,0.0556,0.01,40.5282,2.005,0.107,0.0667,-0.11,0.044,-0.0111,0.0274,53.0308,61.1883,0.1016,0.0298,0.0208,0.0157,0.0871,0.0321,0.0447,95.2027,92.7873,94.9455,94.6071,94.4946,93.8075,94.4988,94.6245,Excellent,0,0,0,0,0,0,0,0,None,0,0,0.0518,0.1041,-0.1336
2026-09-01 23:57:00,33.0794,2.1414,27.2956,39.2915,0.0446,0.0642,42.0355,2.1635,0.1788,0.062,-0.1123,0.052,0.0258,0.0366,52.8136,57.6462,0.1141,0.1045,0.0988,0,0.0788,-0.0013,0.0356,95.3394,89.1149,94.4118,93.9536,93.3224,91.6638,91.3965,92.4927,Excellent,0,0,0,0,0,0,0,0,None,0,0,0.0489,0.0998,-0.1787
2026-09-01 23:58:00,32.3793,2.1421,26.5945,38.5924,0.2063,0.0008,37.665,2.189,0.0356,0.0224,-0.1009,0.0219,0.0811,0.0146,46.2066,51.1807,0.1015,-0.0021,0.1163,0.0047,0.063,0.0713,0.03,96.0113,92.7219,94.7137,96.2247,93.4049,94.8448,94.4362,95.9105,Excellent,0,0,0,0,0,0,0,0,None,0,0,0.0418,0.0758,-0.2697
2026-09-01 23:59:00,30.8942,2.3183,24.8805,37.3716,0.1773,0.0423,41.5831,2.5256,0.1308,0.0269,-0.1641,0.0635,0.0242,0.0039,54.2064,62.0519,0.2235,0.0288,0.1118,0.0289,0.0869,0.1082,0.019,95.7667,90.9671,94.9049,94.3969,93.5216,90.7732,90.1148,94.0011,Excellent,0,0,0,0,0,0,0,0,None,0,0,0.0636,0.1234,-0.1513
2026-09-02 00:00:00,32.9916,2.2374,27.0829,39.3477,0.1027,0.0024,39.306,1.6884,0.1485,0.0528,-0.0721,0.0424,0.0659,0.0091,46.445,50.208,0.0194,0.0084,0.027,0.0216,-0.0119,0.1031,0.0517,96.1051,90.3788,97.9016,97.2391,95.3218,95.9548,95.988,97.0358,Excellent,0,0,0,0,0,0,0,0,None,0,0,0.0345,0.0759,-0.2484
2026-09-02 00:01:00,28.9174,1.975,23.3498,34.8799,0.0574,0.0265,37.2736,1.6772,0.0889,0.0636,-0.1356,0.0324,0.0982,0.0026,52.1082,58.555,0.1448,0.0379,0.0935,0.0255,0.0678,-0.0124,0.0263,96.3346,95.3064,96.2051,95.5414,95.5253,94.7608,96.5983,94.8689,Excellent,0,0,0,0,0,0,0,0,None,0,0,0.0599,0.047,0
2026-09-02 00:02:00,34.2945,2.224,28.4033,40.6304,0.0745,-0.0146,38.0042,1.6596,0.1631,0.0445,-0.0598,0.0063,-0.0142,0.0313,48.9118,54.6574,0.1412,0.0185,0.07,0,0.0448,0.049,0.0389,96.6668,90.5357,95.6191,96.7848,92.6655,94.9792,95.8961,94.9602,Excellent,0,0,0,0,0,0,0,0,None,0,0,0.0634,0.0988,-0.178
2026-09-02 00:03:00,34.5946,2.2391,28.6838,40.9532,0.0972,0.0155,41.3424,2.0516,0.1342,0.0368,-0.1578,0.0576,0.0338,-0.0017,49.0199,54.8101,0.1693,0.0386,-0.0078,0.0119,0.0533,0.0499,0.0054,97.2399,92.2015,95.63,96.0437,97.2463,95.7552,93.8472,95.1719,Excellent,0,0,0,0,0,0,0,0,None,0,0,0.0642,0.1062,-0.2046
2026-09-02 00:04:00,31.3313,2.21,25.4583,37.6463,0.1097,0.0283,38.8927,1.7955,0.0787,0.0265,-0.1021,0.0658,0.0424,0.0179,52.9305,56.7389,0.0975,-0.0186,-0.0232,0.0022,0.0299,0.0934,0.0243,96.575,92.5873,97.6944,95.598,95.0689,93.1058,95.0112,94.6487,Excellent,0,0,0,0,0,0,0,0,None,0,0,0.0617,0.0956,-0.1638
2026-09-02 00:05:00,35.1194,2.1987,29.261,41.4175,0.0048,0.0367,39.6635,1.6359,0.0565,0.0506,-0.1217,0.0491,0.0211,0.0084,48.3912,52.1554,0.1259,0.0273,0.1077,0.0035,0.0926,0.0427,0.0257,96.6784,92.9277,95.9706,96.1958,95.8044,96.8347,95.8666,95.5901,Excellent,0,0,0,0,0,0,0,0,None,0,0,0.0606,0.0396,-0.2419
2026-09-02 00:06:00,35.6177,2.0709,29.9255,41.7241,0.0903,0.0532,41.1928,1.9281,0.1025,0.0803,-0.1508,0.0138,0.0642,0.0138,46.672,51.5306,0.0967,0.0454,0.1355,0.0009,0.1193,0.1231,0.0228,95.3957,94.409,94.6246,96.3095,93.8705,92.0505,93.7127,93.0163,Excellent,0,0,0,0,0,0,0,0,None,0,0,0.076,0.0945,-0.1319
2026-09-02 00:07:00,32.9476,2.2985,26.9595,39.3954,0.1213,-0.0165,39.4079,2.6155,0.228,0.0761,-0.0829,0.0641,0.0664,0.004,49.9798,55.8629,0.0529,0.0615,0.0655,0,0.0313,0.018,0.0011,94.8608,93.7421,93.8804,96.8407,94.7197,92.3583,95.8122,94.88,Excellent,0,0,0,0,0,0,0,0,None,0,0,0.0357,0.072,-0.1164
2026-09-02 00:08:00,33.4639,2.0464,27.8036,39.5334,0.1069,0.0041,37.1929,1.9016,0.0792,0.0534,0.0037,0.0257,0.0835,0.0206,49.4431,53.9822,0.1587,0.0205,0.1169,0,0.0208,0.0668,0.0356,95.9113,93.7089,94.0052,96.2905,95.9097,95.0074,94.3177,94.8303,Excellent,0,0,0,0,0,0,0,0,None,0,0,0.0473,0.0478,-0.0988
2026-09-02 00:09:00,30.3414,2.0671,24.6542,36.442,-0.0986,0.001,37.778,1.8637,0.1093,0.0598,-0.073,0.0515,0.0702,0.0087,47.5591,51.1975,0.1561,0.0131,0.0387,0,0.0159,-0.02,0.0485,95.8526,93.1261,95.1584,96.1296,94.185,92.0931,97.4801,92.8951,Excellent,0,0,0,0,0,0,0,0,None,0,0,0.0721,0.1219,-0.0839
2026-09-02 00:10:00,35.8489,2.2016,29.9868,42.1513,0.0398,0.0405,37.5654,1.9761,0.0248,0.0435,-0.1159,0.0684,0.0765,0.014,54.6808,58.4049,0.2222,0.0331,0.1039,0.0185,0.0427,0.0526,0.0393,97.7078,94.141,97.7842,94.3736,98.2778,94.2001,95.7687,96.3709,Excellent,0,0,0,0,0,0,0,0,None,0,0,0.0193,0.0795,-0.232
2026-09-02 00:11:00,31.7715,2.1798,25.9377,38.0412,-0.0471,0.0485,40.6219,1.8705,0.0256,0.0674,-0.1623,0.036,0.0094,0.0127,46.7366,50.933,0.1157,0.0601,0.0616,0.0243,0.0396,0.0683,0.0222,96.4101,88.625,92.5497,94.9944,93.096,93.8882,93.2044,95.0992,Excellent,0,0,0,0,0,0,0,0,None,0,0,0.0479,0.0506,-0.2848
2026-09-02 00:12:00,32.9821,2.6134,26.5848,39.9022,0.0694,0.0232,43.9967,2.0838,0.2071,0.033,-0.0723,0.0393,0.0698,0.0315,47.7865,52.0163,0.1846,-0.0079,0.094,0.0071,0.0511,0.1303,-0.0076,94.0154,95.3363,96.82,96.6508,98.4896,93.8268,98.5014,96.962,Excellent,0,0,0,0,0,0,0,0,None,0,0,0.0089,0.0724,-0.1075
2026-09-02 00:13:00,34.8788,2.101,29.1475,41.0303,0.1253,0.0443,41.8324,2.1519,0.1299,0.0472,-0.1198,0.0641,0.0061,0.035,52.2303,60.2208,0.131,-0.0056,0.1258,0.0171,0.0352,0.0384,-0.0015,95.7511,87.9757,96.3915,94.6984,93.4171,92.3247,92.208,92.8163,Excellent,0,0,0,0,0,0,0,0,None,0,0,0.0553,0.1035,-0.1986
2026-09-02 00:14:00,31.9023,2.3498,25.8476,38.4269,0.1168,0.0123,39.0436,2.0885,0.1632,0.0121,-0.0716,0.0153,0.068,0.0057,51.5616,59.0547,0.1689,0.0547,0.1352,0.0074,0.0108,0.1037,0.0465,97.9662,93.191,94.8488,95.7617,99.2591,96.2955,96.3997,95.4569,Excellent,0,0,0,0,0,0,0,0,None,0,0,0.0193,0.099,-0.1802
2026-09-02 00:15:00,33.1776,2.4255,27.0245,39.8159,0.0343,0.0222,41.1207,2.1209,0.1484,0.0314,-0.0641,0.0374,0.0591,0.0433,49.7419,55.6075,0.1643,0.0147,0.0814,0,0.0726,0.1074,0.0308,95.444,91.7021,96.5533,94.4997,95.8749,95.5048,91.2625,94.3868,Excellent,0,0,0,0,0,0,0,0,None,0,0,0.0373,0.1091,0
2026-09-02 00:16:00,29.1901,2.0775,23.4894,35.3063,0.104,0.0478,41.2581,2.0467,0.1377,0.1133,-0.0909,0.0153,0.0586,0.0311,47.2772,53.8477,0.182,0.0091,0.1074,0.0125,0.0734,0.0314,0.0136,97.2972,90.2886,97.8219,94.5764,93.5445,94.2533,93.1201,94.4821,Excellent,0,0,0,0,0,0,0,0,None,0,0,0.0378,0.0353,-0.0444
2026-09-02 00:17:00,30.1922,2.5695,23.8519,37.0465,0.0562,0.0477,41.4777,1.7599,0.0922,0.0391,-0.0092,0.0254,0.0608,0.0431,49.5854,54.2975,0.0502,0.0845,-0.0418,0.0195,0.0333,0.0745,0.0222,98.3175,93.9385,95.528,93.7307,97.9572,92.0167,94.0086,94.811,Excellent,0,0,0,0,0,0,0,0,None,0,0,0.0417,0.0483,-0.1325
2026-09-02 00:18:00,32.4327,2.2596,26.4953,38.8221,0.1924,-0.0228,42.6468,2.7392,0.1443,0.0491,-0.0826,0.0298,0.0062,0.0114,53.018,57.1967,0.2332,0.0641,-0.0132,0.0113,0.0641,0.1016,0.0273,93.0302,86.8488,94.5135,92.4578,93.587,91.4232,91.8197,90.8326,Excellent,0,0,0,0,0,0,0,0,None,0,0,0.1124,0.1074,-0.1484
2026-09-02 00:19:00,32.4996,2.4782,26.2779,39.2169,0.0834,0.0177,42.8393,1.9529,0.2244,0.0961,-0.1469,0.0771,0.1031,0.0113,51.4134,56.6157,0.1739,0.0844,0.154,0.0153,0.058,0.0867,0.0482,96.0025,89.5716,97.9682,93.4094,93.0913,93.7725,93.4736,93.3748,Excellent,0,0,0,0,0,0,0,0,None,0,0,0.0661,0.0962,-0.1784
2026-09-02 00:20:00,34.9509,2.1639,29.1378,41.1968,0.0547,0.041,41.2707,2.145,0.1548,0.0365,-0.2253,0.0399,0.082,-0.0012,51.4867,55.9841,0.2145,0.0822,0.0869,0.0051,0.0612,0.0654,0.0218,94.3769,92.0648,93.2782,93.1699,92.6058,94.8621,90.2493,92.1283,Excellent,0,0,0,0,0,0,0,0,None,0,0,0.0681,0.1074,-0.2131
2026-09-02 00:21:00,31.3397,2.303,25.3457,37.7942,0.039,-0.0,41.9227,1.9135,0.0884,0.0687,-0.1392,0.0271,0.0433,0.0376,52.8485,59.0081,0.2015,0.0225,-0.0155,0,0.0397,0.0378,0.0443,92.873,93.9323,98.1555,98.0194,93.592,94.1643,91.6152,93.044,Excellent,0,0,0,0,0,0,0,0,None,0,0,0.0695,0.11,-0.0487
2026-09-02 00:22:00,33.7054,2.2332,27.8022,40.0552,0.2308,-0.0038,40.9245,2.0474,0.1665,0.0587,-0.1083,0.0618,0.1312,0.0187,48.5376,54.5318,0.2187,0.0479,0.1143,0,0.0507,0.1282,0.0571,95.729,92.551,94.3615,93.3338,93.8393,92.2225,95.0387,95.9556,Excellent,0,0,0,0,0,0,0,0,None,0,0,0.0493,0.0727,-0.1223
2026-09-02 00:23:00,33.7696,2.7316,27.2186,40.8669,0.0981,0.026,40.9579,2.2691,0.1392,0.0652,-0.1238,0.0074,0.0867,0.0161,50.3332,55.1189,0.0902,0.0454,-0.0011,0.0037,0.0334,0.1305,0.0164,94.6521,93.8046,97.8618,95.0598,95.5165,93.7001,93.8483,93.7609,Excellent,0,0,0,0,0,0,0,0,None,0,0,0.0557,0.1203,-0.1414
2026-09-02 00:24:00,34.9471,3.2438,27.7302,42.8128,0.1776,0.0294,40.6715,1.822,0.1778,0.0699,-0.0423,0.0305,0.021,0.0399,49.2946,54.3029,0.1844,0.0528,0.1738,0.0167,0.0701,0.0906,0.0302,96.7615,91.4109,94.9587,94.9115,94.0093,93.4621,91.6218,93.4206,Excellent,0,0,0,0,0,0,0,0,None,0,0,0.0861,0.0949,-0.0946
2026-09-02 00:25:00,30.7806,2.1786,24.9484,37.0485,0.0101,0.0582,43.314,1.9264,0.17,0.0677,-0.1866,0.0366,0.0688,0.0236,52.2863,58.5928,0.1793,0.0708,-0.0072,0.0036,0.0658,0.1059,0.0424,97.025,92.1926,93.5282,89.8838,94.4483,95.4331,92.6017,93.558,Excellent,0,0,0,0,0,0,0,0,None,0,0,0.0591,0.0809,-0.1129
2026-09-02 00:26:00,30.1346,2.1529,24.3358,36.364,0.141,0.0324,40.0693,2.0476,0.0963,0.0347,-0.0124,0.0676,0.0968,0.0248,49.1602,54.0351,0.1111,0.0606,0.058,0.0095,0.0547,0.027,0.0256,92.8559,91.4271,93.8317,97.3538,93.3181,93.8601,93.3225,93.0056,Excellent,0,0,0,0,0,0,0,0,None,0,0,0.0805,0.0564,-0.0789
2026-09-02 00:27:00,34.5593,2.4309,28.3991,41.2056,0.0511,-0.009,41.4226,2.4286,0.1917,0.0808,-0.2233,0.0374,0.0772,0.0082,50.9623,59.0282,0.215,-0.0046,0.2256,0.0087,0.0768,0.0315,0.0168,95.4008,88.8349,94.187,92.7482,92.4926,89.9401,90.1165,93.1515,Excellent,0,0,0,0,0,0,0,0,None,0,0,0.0531,0.1303,-0.1691
2026-09-02 00:28:00,29.8527,2.4635,23.6501,36.548,0.1514,0.0395,42.3471,1.7226,0.1263,0.0357,-0.1446,0.0422,0.0507,-0.0111,49.0877,52.803,0.1446,0.0206,0.0803,0.0128,0.0694,0.1178,0.0277,94.8162,94.2321,94.5594,95.5351,94.4134,92.2597,92.3695,93.5605,Excellent,0,0,0,0,0,0,0,0,None,0,0,0.0579,0.0569,-0.1567
2026-09-02 00:29:00,35.5519,2.5491,29.238,42.3755,0.0925,0.0712,46.4133,2.5372,0.1761,0.0492,-0.2026,0.0607,0.0715,0.0457,53.4746,58.6436,0.2171,0.0087,0.1833,0.0078,0.158,0.0604,0.0253,93.7247,87.942,92.2478,90.0622,91.8285,89.6276,90.6223,89.969,Healthy,0,0,0,0,0,0,0,0,None,0,0,0.112,0.0931,-0.1804
2026-09-02 00:30:00,33.787,2.0616,28.107,39.8794,0.1659,0.0267,43.5996,1.8135,0.2162,0.0712,-0.1864,0.0502,-0.0305,0.0266,53.1039,57.8901,0.1701,0.0683,0.0919,0.0017,0.068,0.0894,0.0434,94.0671,90.4383,93.8842,95.1906,93.0555,92.5995,92.7259,92.4942,Excellent,0,0,0,0,0,0,0,0,None,0,0,0.0892,0.1018,-0.2425
2026-09-02 00:31:00,32.4196,2.7077,25.8996,39.4811,0.0747,0.0316,42.2217,1.8622,0.1186,0.1018,-0.0551,0.0187,0.1047,0.0351,52.3203,59.0553,0.2128,0.051,0.041,0.0263,0.0278,0.0903,0.0266,97.3895,89.44,94.9199,93.3269,94.0394,94.5685,90.8195,93.8057,Excellent,0,0,0,0,0,0,0,0,None,0,0,0.053,0.0138,-0.044
2026-09-02 00:32:00,32.4052,2.5465,26.0947,39.225,0.0751,0.0868,40.5296,2.0701,0.1722,0.055,-0.0963,0.0548,0.0708,0.0586,51.1182,59.2725,0.2598,0.0452,0.0663,0.0058,0.062,0.0805,0.0485,94.9801,87.8279,94.3748,94.7158,95.8974,94.0175,93.7549,93.5671,Excellent,0,0,0,0,0,0,0,0,None,0,0,0.0714,0.0802,-0.1113
2026-09-02 00:33:00,30.7137,2.6047,24.3276,37.6208,0.1464,0.0038,43.9118,1.9312,0.2417,0.0633,-0.113,0.0536,0.0497,0.0072,46.2321,52.5542,0.1078,0.0708,0.1237,0.0171,0.0426,0.0344,0.0475,93.3836,91.9726,95.157,93.4517,93.999,92.7665,96.087,95.2076,Excellent,0,0,0,0,0,0,0,0,None,0,0,0.0413,0.1213,-0.0866
2026-09-02 00:34:00,35.9857,2.7245,29.4438,43.0725,0.0628,0.0731,41.8795,2.603,0.2531,0.0565,-0.1733,0.0541,0.137,0.0188,52.6872,57.3001,0.2077,0.0551,0.0159,0.0233,0.0139,0.0497,0.045,93.2759,88.9021,94.4084,93.6308,90.1545,93.6021,94.1047,91.4476,Excellent,0,0,0,0,0,0,0,0,None,0,0,0.0844,0.0878,-0.0827
2026-09-02 00:35:00,32.7,2.6149,26.3007,39.6223,0.0966,0.0525,43.1743,2.4336,0.1658,0.0761,-0.1647,0.064,0.071,0.0379,50.6112,57.7855,0.1008,0.0285,0.0575,0,0.0776,0.0759,0.0494,94.6524,90.2719,94.2406,93.701,92.3534,91.4495,90.8726,93.624,Excellent,0,0,0,0,0,0,0,0,None,0,0,0.0565,0.0951,0
2026-09-02 00:36:00,32.0116,2.4756,25.7933,38.725,0.2214,0.0541,43.7342,2.0799,0.186,0.0728,-0.2344,0.0806,0.0601,0.0279,49.0649,54.2478,0.0869,0.0766,0.0819,0.0157,0.0969,0.0391,0.0316,92.6829,88.6749,88.8941,93.2605,93.192,91.7175,92.1883,91.2959,Excellent,0,0,0,0,0,0,0,0,None,0,0,0.0815,0.123,-0.2735
2026-09-02 00:37:00,34.6866,2.1927,28.8361,40.9755,0.0976,-0.0305,42.3071,1.9097,0.2426,0.0387,-0.0265,0.0496,0.0509,0.0149,51.2179,55.7395,0.19,0.0562,0.0906,0.0072,0.0866,0.0751,0.0278,95.561,88.55,96.4857,94.1628,93.403,90.2007,90.7229,93.4632,Excellent,0,0,0,0,0,0,0,0,None,0,0,0.0726,0.0839,-0.0869
2026-09-02 00:38:00,32.0139,2.3362,25.9768,38.5182,0.0124,0.0074,42.0432,1.9207,0.1727,0.0578,-0.1756,0.0542,0.0401,0.0519,51.4027,57.9237,0.1651,0.0755,0.02,0.0088,0.0657,-0.0055,0.0193,93.4909,88.3162,96.0355,96.9601,94.8157,94.3039,91.8148,92.6711,Excellent,0,0,0,0,0,0,0,0,None,0,0,0.1121,0.1059,-0.1273
2026-09-02 00:39:00,30.7431,2.2847,24.7731,37.1701,0.093,0.0369,39.3138,2.1493,0.1105,0.0545,-0.1256,0.0365,0.1365,0.0253,49.1637,54.5208,0.2054,0.0557,0.0817,0,0.067,0.0785,0.0219,92.2008,92.4256,99.3441,91.7285,94.6213,93.0903,90.1078,93.381,Excellent,0,0,0,0,0,0,0,0,None,0,0,0.0668,0.0854,-0.0171
2026-09-02 00:40:00,35.7781,2.1438,29.9911,41.9939,0.0359,0.0472,42.7897,2.1465,0.1021,0.0853,-0.161,0.0836,0.0149,0.0297,50.4271,56.5561,0.1717,0.0636,0.1469,0.0249,0.1276,0.0279,0.0462,90.5111,86.1595,94.2699,92.3725,91.7234,90.8956,89.2308,90.7689,Excellent,0,0,0,0,0,0,0,0,None,0,0,0.1103,0.0745,-0.2274
2026-09-02 00:41:00,32.5419,2.3106,26.5381,39.0078,0.0985,0.0352,43.6798,2.0917,0.3452,0.1208,-0.1687,0.0896,0.0309,0.057,53.0168,58.4258,0.1874,0.0733,0.1194,0.02,0.111,0.0749,0.0452,93.733,88.4245,96.6231,90.3436,95.016,91.1823,91.9826,94.121,Excellent,0,0,0,0,0,0,0,0,None,0,0,0.0423,0.1037,-0.1369
2026-09-02 00:42:00,33.0965,2.6513,26.6498,40.0734,0.0929,0.0507,45.2088,2.0662,0.1462,0.0883,-0.1593,0.0637,0.0826,0.0459,55.4515,59.8444,0.1668,0.0962,0.1662,0.0211,0.1434,-0.0131,0.0182,95.7362,87.5407,94.9147,89.9597,89.2071,92.361,87.2711,91.8008,Excellent,0,0,0,0,0,0,0,0,None,0,0,0.088,0.1391,-0.1334
2026-09-02 00:43:00,37.7608,2.6381,31.3312,44.718,0.1773,0.0146,46.4287,2.5086,0.2778,0.1165,-0.1988,0.0534,0.1118,0.0641,56.9335,64.6503,0.2726,0.0889,0.1616,0,0.125,0.0476,0.0431,91.6311,81.8625,91.5818,91.8981,91.3086,88.8805,88.1483,89.3161,Healthy,0,0,0,0,0,0,0,0,None,0,0,0.1046,0.1363,-0.1434
2026-09-02 00:44:00,31.0933,2.4716,24.8803,37.8006,0.0846,0.0371,41.7607,2.0055,0.2453,0.0757,-0.1739,0.0491,0.11,-0.0006,50.6675,54.9553,0.2369,0.0837,0.1323,0.0093,0.0136,0.0791,0.0104,96.7764,90.7504,92.6726,92.7842,97.0215,91.995,90.5488,92.7885,Excellent,0,0,0,0,0,0,0,0,None,0,0,0.08,0.0801,-0.1906
2026-09-02 00:45:00,36.4577,2.5168,30.1858,43.2329,0.1607,0.0852,44.7575,2.5028,0.2653,0.1069,-0.2287,0.1087,0.0597,0.026,50.0945,59.4287,0.1803,0.0547,0.0957,0.0218,0.0812,0.0733,0.0502,92.8302,85.7672,92.4873,90.4892,90.2368,87.1588,87.4971,88.8601,Healthy,0,0,0,0,0,0,0,0,None,0,0,0.0952,0.1212,-0.1212
2026-09-02 00:46:00,33.6849,2.4005,27.5643,40.2856,0.1787,0.0122,45.8476,2.2704,0.0802,0.0847,-0.2353,0.0498,0.0156,0.0332,52.3205,60.1965,0.2421,0.0562,0.035,0.0001,0.0156,0.0414,0.0426,95.7822,88.31,91.0493,94.0064,93.8876,89.8788,90.3594,91.771,Excellent,0,0,0,0,0,0,0,0,None,0,0,0.0691,0.0906,-0.2667
2026-09-02 00:47:00,35.7088,2.0368,30.0609,41.7641,0.0698,0.0382,42.2515,1.9844,0.1985,0.0726,-0.1212,0.0367,0.0483,0.016,44.8846,51.344,0.174,0.0826,-0.0033,0,0.0495,0.092,0.0162,94.3308,90.3012,93.2867,92.3467,94.8479,92.5073,93.2262,93.8865,Excellent,0,0,0,0,0,0,0,0,None,0,0,0.0674,0.1005,-0.1086
2026-09-02 00:48:00,34.0201,2.6025,27.6369,40.9238,0.1349,0.035,46.8752,2.1956,0.1723,0.0773,-0.1901,0.0639,0.0187,0.0096,53.3005,58.0356,0.1697,0.0588,0.0591,0.0043,0.0698,0.1059,0.0751,92.4868,88.5758,94.3981,91.3248,92.8963,91.3159,89.6005,91.1768,Excellent,0,0,0,0,0,0,0,0,None,0,0,0.0837,0.0629,-0.1479
2026-09-02 00:49:00,34.5619,2.2763,28.6027,40.9764,0.0201,0.0536,41.3394,2.7065,0.2376,0.052,-0.1252,0.081,0.0469,0.0414,52.5259,56.8905,0.2909,0.0534,0.1068,0,0.0903,0.0779,0.0444,95.1707,91.2389,92.9767,92.9533,92.0769,92.6923,91.6548,92.3346,Excellent,0,0,0,0,0,0,0,0,None,0,0,0.1011,0.1109,-0.2502
2026-09-02 00:50:00,35.3582,2.1812,29.5227,41.63,0.0992,0.0499,39.6481,1.9957,0.1362,0.0315,-0.0864,0.078,0.0819,0.0435,47.7673,54.8068,0.2529,0.0662,0.0813,0,0.085,0.0825,0.0313,92.1621,90.4654,95.1276,93.2061,91.6481,91.6554,92.3653,92.0909,Excellent,0,0,0,0,0,0,0,0,None,0,0,0.0685,0.0869,-0.1085
2026-09-02 00:51:00,35.5849,2.6139,29.1868,42.5057,0.0536,0.0709,42.8253,2.2926,0.2491,0.0874,-0.2342,0.0685,0.0304,0.022,52.1745,59.952,0.2469,0.0602,0.1429,0.0099,0.1012,0.0579,0.016,93.2005,87.5899,94.2137,93.8875,90.2824,88.7068,92.4751,90.9652,Excellent,0,0,0,0,0,0,0,0,None,0,0,0.0902,0.0992,-0.1582
2026-09-02 00:52:00,35.6657,2.4158,29.5252,42.2894,0.1239,0.0478,42.3178,2.2465,0.1648,0.0578,-0.1236,0.0328,0.0914,0.013,50.5939,56.2699,0.1536,0.0645,0.1198,0,0.1673,0.0827,0.053,92.9869,86.1509,95.851,93.1328,91.3794,92.4661,91.8696,91.734,Excellent,0,0,0,0,0,0,0,0,None,0,0,0.0629,0.0864,0
2026-09-02 00:53:00,36.5509,2.5249,30.2685,43.3382,0.188,0.0703,45.2907,2.2799,0.2076,0.057,-0.0855,0.074,0.049,0.0342,57.7098,62.023,0.2482,0.0872,0.1291,0.0084,0.0591,0.0857,0.0398,93.069,87.226,94.4817,91.6362,93.3965,91.1264,90.1611,91.3302,Excellent,0,0,0,0,0,0,0,0,None,0,0,0.0903,0.1098,-0.2782
2026-09-02 00:54:00,35.9007,2.6961,29.3958,42.9448,0.1972,0.054,44.3463,2.1824,0.1842,0.1017,-0.2156,0.0499,0.0588,0.0352,50.7106,56.3775,0.1601,0.0596,0.1084,0,0.1045,0.095,0.0391,94.4422,86.3727,95.0665,91.7946,92.0827,91.0439,91.9462,89.9659,Healthy,0,0,0,0,0,0,0,0,None,0,0,0.0781,0.0991,-0.1304
2026-09-02 00:55:00,31.5153,2.4096,25.3828,38.1298,0.071,0.0405,42.1723,1.8455,0.1246,0.0508,-0.0626,0.0749,0.0536,0.0399,50.9212,54.8908,0.2374,0.0107,0.0818,0.0086,0.1709,0.1032,0.0342,97.9982,93.9223,96.5612,92.7793,94.2696,92.7147,93.8191,93.4349,Excellent,0,0,0,0,0,0,0,0,None,0,0,0.0716,0.0745,-0.0875
2026-09-02 00:56:00,30.1534,3.0651,23.1688,37.7511,0.0273,0.0354,43.0981,2.0628,0.1247,0.1309,-0.234,0.0323,0.0333,0.0467,51.3143,56.3152,0.1966,0.0836,0.1368,0.0299,0.0852,-0.0046,0.0248,93.6094,87.6545,92.9439,91.5447,93.1995,93.8095,93.3216,90.8843,Excellent,0,0,0,0,0,0,0,0,None,0,0,0.0943,0.1145,-0.2435
2026-09-02 00:57:00,33.4051,2.2376,27.4962,39.7616,0.1247,0.0607,46.7905,2.3536,0.292,0.1113,-0.2451,0.0639,0.0385,0.0326,52.7061,63.6661,0.3026,0.0342,0.1837,0.0039,0.0562,0.0624,0.0268,93.4964,85.924,92.1379,91.2601,91.4498,89.3267,89.1916,90.4906,Excellent,0,0,0,0,0,0,0,0,None,0,0,0.1105,0.0999,-0.1986
2026-09-02 00:58:00,35.6118,2.3505,29.5562,42.1375,0.1383,0.0537,42.4248,2.293,0.17,0.1079,-0.1567,0.0965,0.1071,0.0444,52.1837,57.306,0.1449,0.0683,0.1592,0.01,0.105,0.0931,0.0339,91.8005,88.1441,94.38,90.5086,93.7777,87.7611,93.2518,91.5538,Excellent,0,0,0,0,0,0,0,0,None,0,0,0.0786,0.0827,-0.204
2026-09-02 00:59:00,32.5412,2.4271,26.3859,39.1818,0.0978,0.0814,43.3614,2.764,0.2193,0.0957,-0.1773,0.081,0.1258,0.0548,57.3641,62.1053,0.1287,0.0883,0.0558,0,0.1194,0.166,0.0308,90.9045,85.0222,94.2676,91.529,91.7575,88.4732,88.5819,90.6875,Excellent,0,0,0,0,0,0,0,0,None,0,0,0.0973,0.1322,-0.2298
2026-09-02 01:00:00,40.3332,2.6438,33.8963,47.2988,0.2528,0.0738,48.9143,2.3546,0.2452,0.114,-0.2349,0.0974,0.0402,0.0606,58.3456,63.795,0.2605,0.0834,0.0824,0.0191,0.0456,0.0423,0.0542,91.4915,85.5532,91.6968,94.8373,91.9845,87.153,86.5678,88.7406,Healthy,0,0,0,0,0,0,0,0,None,0,0,0.094,0.1487,-0.1433
2026-09-02 01:01:00,36.6316,2.6239,30.2206,43.5674,0.1684,0.054,43.1248,2.1168,0.1686,0.1294,-0.1635,0.0773,0.086,0.03,55.076,60.5333,0.2511,0.0875,0.1423,0.0052,0.1328,0.1056,0.0396,90.9946,83.9883,91.4336,93.2539,90.2661,92.5663,91.8131,92.0168,Excellent,0,0,0,0,0,0,0,0,None,0,0,0.0888,0.1424,-0.1733
2026-09-02 01:02:00,33.4623,2.2109,27.5882,39.7786,0.0677,0.0301,46.0265,2.1099,0.2644,0.0627,-0.0685,0.0631,0.0616,0.0409,54.4776,59.2861,0.1307,0.0789,0.1115,0.0297,0.1445,0.085,0.0491,93.1668,84.1223,93.5765,91.4,91.1046,87.8093,90.1097,90.208,Excellent,0,0,0,0,0,0,0,0,None,0,0,0.126,0.0791,-0.2205
2026-09-02 01:03:00,33.8167,2.9205,27.02,41.1975,0.0304,0.0593,46.7859,2.7655,0.1806,0.0757,-0.2013,0.0612,0.0874,0.0299,57.5425,64.9598,0.2457,0.079,-0.0052,0.0165,0.1382,0.0267,0.0208,92.9211,84.0064,89.9865,93.0453,89.9473,90.8787,90.9941,91.048,Excellent,0,0,0,0,0,0,0,0,None,0,0,0.0872,0.0721,-0.1368
2026-09-02 01:04:00,32.9348,2.2465,27.0143,39.3046,0.1406,0.0373,47.3505,2.4816,0.352,0.0839,-0.1651,0.0846,0.1477,0.0001,53.704,60.1398,0.3093,0.1171,0.1093,0.0213,0.1094,0.0913,0.0308,92.4968,87.3094,94.6104,93.0564,89.8497,89.7565,90.0252,90.9649,Excellent,0,0,0,0,0,0,0,0,None,0,0,0.1012,0.1199,-0.1992
2026-09-02 01:05:00,35.4035,2.4833,29.1752,42.1284,0.2157,0.0506,47.659,2.1635,0.2041,0.1002,-0.2128,0.0879,0.1277,0.0528,52.6131,57.1633,0.2242,0.048,0.1872,0.0246,0.1303,0.1133,0.0471,94.8465,86.1055,90.504,90.7798,92.0938,89.9157,90.528,90.7035,Excellent,0,0,0,0,0,0,0,0,None,0,0,0.0848,0.1468,-0.0978
2026-09-02 01:06:00,37.2253,2.5123,30.9593,43.9936,0.3181,0.0664,43.7491,2.2812,0.3577,0.1369,-0.1701,0.1358,0.149,0.0315,58.4003,64.4556,0.2374,0.0729,0.2122,0.0077,0.186,0.1225,0.0658,90.4872,81.8822,92.6384,88.7758,89.3982,88.8143,87.8223,89.1013,Healthy,0,0,0,0,0,0,0,0,None,0,0,0.0946,0.1226,-0.3191
2026-09-02 01:07:00,33.4648,2.1502,27.6695,39.6901,0.1404,0.0231,44.0342,2.5965,0.1857,0.1042,-0.2425,0.0676,0.0411,0.0292,50.3362,55.1676,0.2699,0.0745,0.0048,0.0128,0.0308,0.0871,0.0816,92.2049,88.1442,93.0625,91.8536,94.1509,90.0864,91.0912,89.373,Healthy,0,0,0,0,0,0,0,0,None,0,0,0.1175,0.1053,-0.1067
2026-09-02 01:08:00,34.4708,3.1996,27.3113,42.2701,0.1952,0.0762,48.7533,2.2296,0.3644,0.0932,-0.1609,0.1099,0.0807,0.0391,56.8135,62.7164,0.3003,0.1197,0.1016,0.0241,0.0784,0.069,0.0539,89.8657,84.5665,92.0236,91.3525,92.1226,88.816,83.9449,90.4027,Excellent,0,0,0,0,0,0,0,0,None,0,0,0.0971,0.1038,0
2026-09-02 01:09:00,33.0769,2.6813,26.5912,40.0988,0.1662,0.0415,49.4771,3.1502,0.3321,0.0872,-0.2125,0.0734,0.0108,0.0216,55.9246,62.2149,0.2912,0.0508,0.0316,0.0183,0.0873,0.0743,0.0384,95.4442,84.6208,92.2208,93.3049,91.4689,90.0144,87.3123,91.3917,Excellent,0,0,0,0,0,0,0,0,None,0,0,0.0859,0.1404,-0.0608
2026-09-02 01:10:00,34.73,2.3371,28.6918,41.2356,0.2146,0.0578,47.2522,2.2214,0.3,0.1026,-0.1052,0.0946,0.1334,0.0459,53.6049,60.0663,0.2094,0.1037,0.169,0.0084,0.1674,0.0869,0.0462,93.1864,83.927,93.7218,91.6934,90.8719,90.6552,90.6846,91.3122,Excellent,0,0,0,0,0,0,0,0,None,0,0,0.1059,0.1319,-0.2028
2026-09-02 01:11:00,32.9625,2.5981,26.585,39.8597,0.0938,0.0606,44.5408,2.0573,0.2022,0.1035,-0.1196,0.0735,0.0584,0.026,54.8001,59.647,0.1762,0.0487,0.1152,0,0.1002,0.1657,0.046,95.3369,85.459,94.6911,90.8224,91.9906,88.5519,89.8596,90.3787,Excellent,0,0,0,0,0,0,0,0,None,0,0,0.1039,0.119,-0.2478
2026-09-02 01:12:00,39.1214,2.5077,32.8615,45.883,0.1115,0.0634,47.8904,2.5846,0.353,0.0534,-0.2544,0.0669,0.0378,0.0519,58.4978,63.8666,0.2267,0.0759,0.122,0.0255,0.0194,0.1617,0.0625,92.9717,84.5697,92.5081,92.278,89.4675,92.6262,88.4216,90.8716,Excellent,0,0,0,0,0,0,0,0,None,0,0,0.104,0.1892,-0.2367
2026-09-02 01:13:00,41.1496,2.8358,34.4631,48.4032,0.1997,0.03,45.8956,2.2157,0.1829,0.1195,-0.2721,0.1087,0.1266,0.0142,54.475,59.3501,0.3384,0.0167,0.0874,0.0031,0.1836,0.1584,0.023,92.84,86.3021,91.9319,90.3588,89.881,88.2798,89.3994,87.6034,Healthy,0,0,0,0,0,0,0,0,None,0,0,0.1362,0.1004,-0.2234
2026-09-02 01:14:00,36.3532,2.3285,30.3262,42.8458,0.2454,0.0845,48.7152,2.3842,0.2927,0.0849,-0.1767,0.133,0.0892,0.0595,53.7661,61.2944,0.2831,0.0821,0.0836,0.0284,0.0726,0.1276,0.068,92.0004,83.9449,93.1932,92.2337,90.2967,88.0162,90.6077,89.6279,Healthy,0,0,0,0,0,0,0,0,None,0,0,0.1112,0.1731,-0.216
2026-09-02 01:15:00,39.5795,2.1471,33.7883,45.8001,0.0366,0.0419,42.5076,2.1082,0.2574,0.0563,-0.1779,0.0709,0.1216,0.0251,51.4152,57.6128,0.2706,0.0516,0.1578,0.0127,0.115,0.0028,0.011,92.2307,90.9175,92.706,94.6836,92.5335,90.9304,92.7535,92.61,Excellent,0,0,0,0,0,0,0,0,None,0,0,0.0826,0.0558,-0.1394
2026-09-02 01:16:00,31.4731,2.1949,25.6197,37.7654,0.2152,0.0465,43.4967,2.6628,0.2747,0.0571,-0.1543,0.0642,0.106,0.026,52.715,57.8154,0.2351,0.0479,0.1677,0.0142,0.0479,0.0613,0.042,93.0205,86.7508,92.4542,91.6174,92.054,89.1535,88.0491,90.3793,Excellent,0,0,0,0,0,0,0,0,None,0,0,0.1203,0.1141,-0.223
2026-09-02 01:17:00,33.4402,2.3935,27.3287,40.0305,0.1292,0.0521,45.3683,2.5528,0.1368,0.0985,-0.1947,0.1127,0.1858,0.0432,51.1571,55.755,0.1806,0.0636,-0.0029,0.0088,0.0548,0.0749,0.0281,92.6645,85.7837,92.6157,92.6698,91.6641,92.9315,89.0341,91.6558,Excellent,0,0,0,0,0,0,0,0,None,0,0,0.0854,0.1265,0
2026-09-02 01:18:00,35.4218,3.1581,28.3163,43.1589,0.2687,0.0439,47.6145,2.3267,0.1809,0.1025,-0.2056,0.0903,0.0777,0.0349,56.6516,64.0527,0.2494,0.0667,0.1455,0.0142,0.1337,0.0968,0.0595,90.274,78.9746,93.5942,90.8763,90.1846,88.7546,88.9538,90.2819,Excellent,0,0,0,0,0,0,0,0,None,0,0,0.1085,0.1516,-0.1518
2026-09-02 01:19:00,34.146,2.2006,28.2851,40.4469,0.117,0.0089,42.7679,2.4397,0.2164,0.1264,-0.1673,0.0808,0.1075,0.0527,57.6558,63.0473,0.3262,0.1034,0.0911,0.0258,0.1129,0.0875,0.0513,91.8886,85.3564,92.2951,92.6904,92.7343,90.821,88.4737,90.5842,Excellent,0,0,0,0,0,0,0,0,None,0,0,0.1046,0.0934,-0.0268
2026-09-02 01:20:00,37.4867,2.7665,30.8903,44.6365,0.135,0.0588,46.3552,2.1181,0.1976,0.0936,-0.2633,0.0817,0.0984,0.0379,53.5091,59.9397,0.2785,0.0512,0.1893,0.0202,0.09,0.1289,0.0203,92.6119,85.0696,93.444,93.0,92.6751,88.8219,90.5243,91.0996,Excellent,0,0,0,0,0,0,0,0,None,0,0,0.0965,0.1271,-0.2476
2026-09-02 01:21:00,34.6546,2.6709,28.1824,41.6609,0.1155,-0.0041,46.9549,2.7716,0.3095,0.0987,-0.2739,0.1053,0.1903,0.0444,49.5214,54.365,0.2493,0.084,0.2204,0.0236,0.0495,0.1391,0.0474,92.2888,83.2002,92.2281,92.7809,90.7796,88.9127,89.9654,89.4303,Healthy,0,0,0,0,0,0,0,0,None,0,0,0.0929,0.1281,-0.2961
2026-09-02 01:22:00,36.3622,2.2594,30.425,42.7513,0.196,0.0774,51.5462,2.3564,0.2562,0.0994,-0.1483,0.1196,0.04,0.0297,53.815,61.2167,0.2619,0.1014,0.2259,0,0.0712,0.1078,0.0665,88.7183,86.5251,92.1939,94.8854,88.2571,89.569,87.3118,90.5031,Excellent,0,0,0,0,0,0,0,0,None,0,0,0.1123,0.0772,-0.0316
2026-09-02 01:23:00,33.2734,2.4413,27.0997,39.9353,0.1508,0.0541,53.1203,2.972,0.4076,0.1041,-0.1523,0.0975,0.0974,0.0432,55.0289,61.4552,0.1937,0.0986,0.2099,0.024,0.1365,0.1692,0.0252,89.5361,82.2101,90.8602,90.2116,89.4968,89.2658,92.0408,89.3426,Healthy,0,0,0,0,0,0,0,0,None,0,0,0.0985,0.1316,-0.0427
2026-09-02 01:24:00,36.6766,2.5492,30.3627,43.5004,0.1875,0.0719,47.0397,2.6765,0.2931,0.1136,-0.3004,0.0973,0.039,0.0427,56.2266,63.7557,0.3375,0.0624,0.0927,0.044,0.1518,0.0973,0.0453,92.8409,84.9524,93.1999,91.3415,95.8197,90.2404,90.9351,89.9181,Healthy,0,0,0,0,0,0,0,0,None,0,0,0.1238,0.1643,-0.2405
2026-09-02 01:25:00,37.6146,2.4517,31.4274,44.2921,0.238,0.0559,51.0985,3.4458,0.2557,0.1223,-0.2592,0.1359,0.0494,0.0595,54.3054,61.789,0.2603,0.0839,0.1588,0.0118,0.1042,0.0702,0.0438,92.3325,82.7278,92.5279,87.9645,88.3381,86.8717,85.2449,87.3327,Healthy,0,0,0,0,0,0,0,0,None,0,0,0.1259,0.1989,-0.3074
2026-09-02 01:26:00,33.0581,2.505,26.8016,39.8156,0.1022,0.0245,46.8138,2.3168,0.2482,0.067,-0.1998,0.0756,0.0524,0.035,54.4539,61.1161,0.2576,0.0355,0.0786,0.0253,0.0381,0.1102,0.0294,91.5201,85.9129,92.388,91.0632,92.7915,87.6847,88.555,89.8439,Healthy,0,0,0,0,0,0,0,0,None,0,0,0.0995,0.0638,-0.0978
2026-09-02 01:27:00,34.3727,2.2066,28.5042,40.6826,0.1388,0.0701,46.3183,2.5079,0.2229,0.1147,-0.16,0.0612,0.0471,0.059,51.2674,57.8803,0.298,0.0655,0.0913,0.0284,0.117,0.06,0.0355,90.5579,82.765,93.5637,91.1482,93.7044,87.7984,89.8062,89.0824,Healthy,0,0,0,0,0,0,0,0,None,0,0,0.1098,0.1374,-0.2352
2026-09-02 01:28:00,35.9616,2.3778,29.8705,42.5282,0.0952,0.0688,51.0152,2.6635,0.263,0.092,-0.2807,0.1071,0.1095,0.0422,58.4362,67.0017,0.4197,0.0688,0.1305,0.0142,0.0654,0.1857,0.027,91.9495,81.8261,90.6592,91.0554,87.3565,86.5786,86.4326,87.0251,Healthy,0,0,0,0,0,0,0,0,None,0,0,0.1378,0.1596,-0.1848
2026-09-02 01:29:00,41.0067,2.6951,34.5031,48.0494,0.1974,0.066,50.0206,2.5852,0.3197,0.1672,-0.1603,0.0866,0.0639,0.053,57.465,63.399,0.3816,0.1118,0.1493,0.0268,0.0987,0.108,0.02,90.4395,79.7553,89.9008,88.958,89.6772,83.2035,84.5076,85.7931,Healthy,0,0,0,0,0,0,0,0,None,0,0,0.1588,0.1362,-0.1243
2026-09-02 01:30:00,35.9259,2.7999,29.286,43.1258,0.136,0.0742,50.2959,3.4001,0.3828,0.1583,-0.2877,0.101,0.0449,0.0348,59.4752,67.7771,0.2868,0.0986,0.1654,0.0413,0.1123,0.1667,0.0625,90.6682,79.7299,91.1562,91.1892,87.7116,87.1171,84.5758,87.4375,Healthy,0,0,0,0,0,0,0,0,None,0,0,0.137,0.1851,-0.3377
2026-09-02 01:31:00,36.5994,2.8073,29.9499,43.8103,0.0482,0.0147,50.52,2.6563,0.3296,0.0856,-0.2781,0.1049,0.1813,0.0341,58.4335,63.3708,0.2642,0.0793,0.1751,0.0237,0.1097,0.058,0.0394,91.6343,82.8411,92.7564,92.6167,90.7966,90.3221,88.7562,90.3749,Excellent,0,0,0,0,0,0,0,0,None,0,0,0.1172,0.1335,-0.1459
2026-09-02 01:32:00,35.5611,2.4898,29.3244,42.2957,0.1663,0.0609,47.2833,2.8037,0.3438,0.0962,-0.216,0.0659,0.0205,0.0235,54.6262,60.9162,0.2649,0.1121,0.1123,0.0179,0.0563,0.0686,0.0495,91.966,82.2607,92.4303,90.4346,91.4322,88.3597,87.4271,89.0879,Healthy,0,0,0,0,0,0,0,0,None,0,0,0.1024,0.1723,-0.2576
2026-09-02 01:33:00,36.4538,3.0178,29.5308,43.9805,0.2472,0.0697,48.2904,2.4954,0.2334,0.1083,-0.2464,0.0716,0.0782,0.0378,57.3475,64.9319,0.2622,0.0692,0.1243,0.0061,0.0354,0.1463,0.0469,93.1088,80.8524,92.8896,89.5371,88.2332,88.4303,86.3212,86.5465,Healthy,0,0,0,0,0,0,0,0,None,0,0,0.1073,0.1108,-0.2797
2026-09-02 01:34:00,40.4233,2.5186,34.1491,47.2013,0.2076,0.0599,51.0274,2.3764,0.2983,0.128,-0.2059,0.111,0.0447,0.0661,52.4667,57.843,0.2505,0.1147,0.1317,0,0.1709,0.0154,0.0437,94.5975,85.1561,91.7659,91.2171,89.7988,86.5821,86.0626,88.0773,Healthy,0,0,0,0,0,0,0,0,None,0,0,0.1406,0.1364,-0.2304
2026-09-02 01:35:00,40.4886,3.0892,33.4726,48.1224,0.1183,0.0724,51.2339,2.6952,0.3219,0.1869,-0.2855,0.1082,0.0752,0.049,56.8628,65.8821,0.2762,0.0988,0.146,0.0218,0.1149,0.164,0.0336,89.3989,81.1363,89.8616,89.8211,86.3368,84.712,83.916,86.4391,Healthy,0,0,0,0,0,0,0,0,None,0,0,0.1216,0.1665,-0.3372
2026-09-02 01:36:00,36.8047,2.6001,30.4246,43.7049,0.1523,0.0303,48.1273,2.4291,0.3569,0.109,-0.2802,0.102,0.1649,0.0497,59.0867,64.3089,0.3645,0.0838,0.1646,0.0304,0.0979,0.1699,0.0306,91.5854,82.4096,93.8079,93.8072,87.9174,87.1836,86.3833,88.8299,Healthy,0,0,0,0,0,0,0,0,None,0,0,0.1084,0.1493,-0.2741
2026-09-02 01:37:00,42.234,3.0167,35.3123,49.759,0.2512,0.0736,48.5009,3.2269,0.3276,0.1393,-0.2642,0.1568,0.1108,0.0498,59.9509,65.8819,0.348,0.1178,0.1895,0.0364,0.1506,0.0964,0.033,91.5375,80.562,93.2692,88.2561,86.3545,86.9847,85.9079,87.5472,Healthy,0,0,0,0,0,0,0,0,None,0,0,0.1428,0.1663,-0.2507
2026-09-02 01:38:00,37.7892,2.5226,31.5099,44.5731,0.1893,0.0651,51.5922,2.5548,0.3802,0.1529,-0.2761,0.0852,0.1479,0.0594,54.3537,62.5651,0.2993,0.0861,0.2234,0.0203,0.1442,0.1608,0.0574,88.8616,77.7103,92.6466,88.174,88.5702,88.3495,83.9075,86.7968,Healthy,0,0,0,0,0,0,0,0,None,0,0,0.1206,0.2126,-0.3273
2026-09-02 01:39:00,39.079,2.7015,32.5671,46.1312,0.2432,0.0763,49.0581,2.3381,0.3534,0.1474,-0.2052,0.114,0.0784,0.0381,56.8039,62.843,0.2388,0.0931,0.0179,0.0288,0.1206,0.1392,0.0537,92.0456,82.1369,94.295,91.4116,91.3554,86.0266,89.9257,89.6168,Healthy,0,0,0,0,0,0,0,0,None,0,0,0.1128,0.1602,-0.1699
2026-09-02 01:40:00,38.535,2.4968,32.2892,45.2802,0.1895,0.0779,49.4451,2.6192,0.3428,0.1191,-0.2288,0.1015,0.1643,0.0401,56.6484,63.1209,0.3052,0.1418,0.1483,0.0066,0.1561,0.1471,0.0285,89.9458,83.0704,91.4449,90.655,89.2038,87.7384,88.2107,88.7335,Healthy,0,0,0,0,0,0,0,0,None,0,0,0.1106,0.1297,-0.336
2026-09-02 01:41:00,35.138,2.8578,28.4228,42.4248,0.2255,0.0416,53.7978,2.5546,0.3664,0.1683,-0.2838,0.1488,0.0934,0.0663,58.6884,66.9791,0.4641,0.0968,0.1207,0.0298,0.1649,0.1493,0.0533,90.9429,80.4293,91.2947,90.1645,88.2333,84.3991,85.7637,87.0858,Healthy,0,0,0,0,0,0,0,0,None,0,0,0.1029,0.1381,-0.3482
2026-09-02 01:42:00,34.6055,2.3911,28.4971,41.1921,0.2287,0.0843,50.4713,2.9838,0.296,0.1156,-0.2052,0.1097,0.0975,0.0405,56.5951,63.0308,0.3476,0.0971,0.2939,0.023,0.14,0.0965,0.0723,90.1427,82.0314,88.0428,90.6401,91.8726,86.7797,87.0862,87.9403,Healthy,0,0,0,0,0,0,0,0,None,0,0,0.1221,0.1299,-0.3163
2026-09-02 01:43:00,36.8335,2.5362,30.5364,43.6378,0.2387,0.0645,50.838,2.464,0.42,0.1429,-0.3149,0.139,0.0835,0.0368,56.3818,64.7032,0.4121,0.0574,0.115,0.0103,0.0736,0.1346,0.0627,89.1,79.7655,91.1624,88.4312,89.7981,88.1825,86.3961,86.236,Healthy,0,0,0,0,0,0,0,0,None,0,0,0.1386,0.1973,-0.2713
2026-09-02 01:44:00,40.8621,2.4756,34.6439,47.5755,0.2373,0.0728,50.8966,2.6131,0.3126,0.103,-0.2109,0.1236,0.1779,0.0674,59.2496,66.2186,0.3196,0.0956,0.1491,0.0035,0.0714,0.1234,0.0478,89.3426,82.4016,88.3848,87.1931,90.6996,84.2668,87.3944,86.974,Healthy,0,0,0,0,0,0,0,0,None,0,0,0.1387,0.1996,-0.3568
2026-09-02 01:45:00,41.3244,3.4467,33.8436,49.4944,0.1918,0.0852,51.1516,2.4575,0.4007,0.1326,-0.3081,0.0976,0.0846,0.0309,55.5037,61.3952,0.3543,0.0781,0.1707,0,0.1464,0.0768,0.0597,87.8709,81.8045,91.3304,86.4932,88.3042,86.0019,85.4083,85.1169,Healthy,0,0,0,0,0,0,0,0,None,0,0,0.1268,0.1658,-0.0969
2026-09-02 01:46:00,36.9193,2.4277,30.7634,43.5608,0.1668,0.059,52.8326,2.4304,0.3279,0.1288,-0.239,0.0986,0.0616,0.0351,57.3134,63.9525,0.2413,0.0871,0.1036,0.0312,0.0432,0.1268,0.0451,90.1085,79.3823,90.3304,88.1871,89.4777,86.1008,84.8531,86.5241,Healthy,0,0,0,0,0,0,0,0,None,0,0,0.1211,0.1172,-0.1788
2026-09-02 01:47:00,39.5686,2.4137,33.4308,46.1892,0.1373,0.0526,50.7212,2.7013,0.3461,0.0956,-0.1714,0.1068,0.1384,0.0598,59.3146,67.8212,0.3707,0.0926,0.1619,0.0481,0.1596,0.0422,0.0372,88.6485,80.6099,88.3358,88.8317,88.1208,87.9629,86.7867,85.9259,Healthy,0,0,0,0,0,0,0,0,None,0,0,0.1521,0.1796,-0.3234
2026-09-02 01:48:00,38.1436,2.4507,31.9577,44.8196,0.2026,0.0615,50.3955,2.4599,0.2737,0.0671,-0.2098,0.0777,0.113,0.0166,61.6657,69.237,0.2651,0.1279,0.1251,0.0147,0.1553,0.0808,0.0642,89.0926,80.2319,91.5737,90.9689,89.9491,87.1892,87.5185,89.1945,Healthy,0,0,0,0,0,0,0,0,None,0,0,0.1204,0.1294,-0.2669
2026-09-02 01:49:00,37.8989,2.5442,31.5915,44.7152,0.1585,0.0603,52.5169,2.6267,0.2825,0.1508,-0.2678,0.1205,0.124,0.0329,58.4575,65.2252,0.2989,0.1083,0.1834,0.003,0.0876,0.1305,0.0461,91.8661,79.5028,91.1097,91.1003,90.3841,86.8123,82.2444,87.4498,Healthy,0,0,0,0,0,0,0,0,None,0,0,0.1433,0.179,-0.1762
2026-09-02 01:50:00,38.9573,2.5967,32.5816,45.8523,0.2237,0.0485,48.1395,2.581,0.2877,0.1341,-0.1964,0.1259,0.1374,0.032,56.491,64.5512,0.2491,0.0718,0.1277,0.0149,0.0289,0.0675,0.0659,90.7067,81.2075,93.7365,90.0423,87.9889,87.5598,87.6102,87.9207,Healthy,0,0,0,0,0,0,0,0,None,0,0,0.119,0.1504,-0.1703
2026-09-02 01:51:00,37.6859,2.7648,31.0917,44.833,0.1986,0.0651,50.8342,2.8916,0.3398,0.1562,-0.2799,0.1142,0.1521,0.0519,57.3348,64.209,0.3464,0.0924,0.0903,0.0109,0.0909,0.1477,0.0296,91.5325,78.6227,90.999,90.3362,88.9136,87.1534,83.1255,88.5733,Healthy,0,0,0,0,0,0,0,0,None,0,0,0.1103,0.1454,-0.2815
2026-09-02 01:52:00,38.9975,2.4436,32.8208,45.6629,0.1437,0.0672,54.1198,2.5256,0.2958,0.1197,-0.2626,0.1192,0.1494,0.047,54.6428,60.8775,0.2653,0.1015,0.1259,0.0204,0.1079,0.1614,0.0279,88.1284,81.4695,89.6523,88.8471,91.3327,86.228,86.9908,88.0013,Healthy,0,0,0,0,0,0,0,0,None,0,0,0.1321,0.1172,-0.2245
2026-09-02 01:53:00,40.0177,2.513,33.7508,46.7872,0.197,0.0689,52.3488,3.0185,0.354,0.1681,-0.287,0.116,0.1261,0.0597,65.1381,73.5281,0.2697,0.1391,0.2027,0.0203,0.1618,0.2126,0.0524,90.7009,76.8221,90.006,91.5874,85.2442,85.0614,82.8899,85.8336,Healthy,0,0,0,0,0,0,0,0,None,0,0,0.1566,0.171,-0.3266
2026-09-02 01:54:00,35.3771,3.2007,28.2162,43.1782,0.2257,0.0599,50.9669,2.7896,0.3051,0.0966,-0.2014,0.1449,0.0852,0.0756,56.2908,61.5289,0.4173,0.0993,0.1449,0.0418,0.1394,0.171,0.0447,91.1116,80.1337,88.345,88.3348,89.3714,86.7319,86.6288,87.7239,Healthy,0,0,0,0,0,0,0,0,None,0,0,0.1233,0.1454,-0.1672
2026-09-02 01:55:00,40.8612,3.0248,33.929,48.3984,0.217,0.0881,52.6711,2.7128,0.3681,0.1451,-0.3489,0.1324,0.1348,0.0274,61.1423,67.9953,0.3655,0.0988,0.1372,0.0446,0.1662,0.1812,0.0883,87.8699,78.8645,90.1905,86.5099,83.448,81.7372,82.4158,83.1656,Healthy,0,0,0,0,0,0,0,0,None,0,0,0.1539,0.183,-0.4023
2026-09-02 01:56:00,35.977,2.6741,29.5007,42.9881,0.1655,0.0857,53.3387,2.5637,0.2298,0.1181,-0.2799,0.1029,0.1665,0.0583,56.5878,62.2832,0.3311,0.1068,0.1548,0.0328,0.0185,0.108,0.0367,90.1247,80.5924,93.1201,91.9949,88.3334,87.1519,88.781,87.5668,Healthy,0,0,0,0,0,0,0,0,None,0,0,0.1259,0.144,-0.3937
2026-09-02 01:57:00,40.2773,2.9323,33.4654,47.6757,0.1855,0.1098,51.416,2.5841,0.2525,0.1456,-0.3487,0.141,0.1302,0.0615,57.65,63.5922,0.442,0.101,0.1815,0.037,0.1594,0.1192,0.0535,89.1531,74.4124,91.4701,87.6812,85.4441,88.3526,84.0409,85.8849,Healthy,0,0,0,0,0,0,0,0,None,0,0,0.1491,0.2019,-0.2021
2026-09-02 01:58:00,37.9783,2.7746,31.3714,45.1402,0.2334,0.0344,53.5059,2.6734,0.4333,0.1492,-0.4113,0.1283,0.1584,0.0551,63.2861,69.6378,0.3643,0.1497,0.1089,0.0353,0.1116,0.1832,0.0522,90.6818,78.5078,89.7478,88.2922,88.1689,85.5069,85.6235,85.3947,Healthy,0,0,0,0,0,0,0,0,None,0,0,0.1458,0.1907,-0.402
2026-09-02 01:59:00,39.8082,2.9096,33.0257,47.1725,0.1485,0.0517,57.0243,2.7356,0.3487,0.1275,-0.3561,0.1099,0.0823,0.0525,62.4139,68.9674,0.3227,0.1338,0.2443,0.0308,0.1931,0.0899,0.0524,89.4064,79.1769,89.8767,88.6216,88.1008,83.931,83.4494,86.5273,Healthy,0,0,0,0,0,0,0,0,None,0,0,0.1145,0.1965,-0.3383
2026-09-02 02:00:00,40.7065,2.7669,34.1095,47.8568,0.1603,0.1003,51.453,2.7734,0.3867,0.1047,-0.3035,0.1315,0.1648,0.0417,64.9607,73.8656,0.4345,0.1551,0.1885,0.0296,0.1661,0.1947,0.0626,88.5154,73.5909,88.4728,85.6789,86.0461,84.2495,82.3897,83.9395,Healthy,0,0,0,0,0,0,0,0,None,0,0,0.1353,0.1721,-0.3521
2026-09-02 02:01:00,37.5253,2.607,31.1362,44.4358,0.2492,0.0486,52.1389,2.7552,0.3626,0.1455,-0.244,0.1045,0.1567,0.0572,61.1512,67.7598,0.4481,0.0892,0.1844,0.0389,0.0876,0.1082,0.0634,90.0339,76.3435,90.6493,88.8094,88.0931,85.1494,85.4991,85.9151,Healthy,0,0,0,0,0,0,0,0,None,0,0,0.1178,0.1449,-0.1516
2026-09-02 02:02:00,40.1072,3.0886,33.0921,47.7401,0.2608,0.141,57.6211,3.3953,0.413,0.1535,-0.4159,0.132,0.118,0.0461,65.9837,74.1979,0.4664,0.1318,0.1706,0.0345,0.1333,0.2395,0.06,88.7149,71.9115,85.3709,84.1952,82.3232,80.3062,80.5609,82.223,Healthy,0,0,0,0,0,0,0,0,None,0,0,0.1938,0.1931,-0.3748
2026-09-02 02:03:00,39.7604,2.6863,33.2682,46.7899,0.2675,0.0886,55.5864,2.6994,0.364,0.1455,-0.3332,0.125,0.1381,0.0237,63.0301,70.0566,0.3249,0.1181,0.1228,0,0.1521,0.1077,0.0495,90.0567,74.009,87.0376,87.7801,87.1767,84.906,84.0117,86.315,Healthy,0,0,0,0,0,0,0,0,None,0,0,0.115,0.1928,-0.2416
2026-09-02 02:04:00,39.3176,2.7975,32.6809,46.5139,0.2297,0.1087,48.3895,3.4393,0.3643,0.1609,-0.3445,0.1299,0.1735,0.0434,58.1934,63.9467,0.3447,0.1114,0.1058,0.0084,0.0756,0.1303,0.0401,91.8592,77.951,90.266,86.3894,88.0004,86.5268,85.7568,86.3188,Healthy,0,0,0,0,0,0,0,0,None,0,0,0.15,0.1948,-0.1722
2026-09-02 02:05:00,38.6736,2.9413,31.8499,46.0856,0.173,0.1215,53.1946,2.6945,0.4169,0.2036,-0.3009,0.1296,0.0937,0.052,60.5497,65.982,0.2693,0.1299,0.1916,0.0092,0.1264,0.2161,0.0855,90.1518,76.1672,89.3279,90.8106,87.7005,83.5196,87.8401,86.1258,Healthy,0,0,0,0,0,0,0,0,None,0,0,0.1167,0.1838,-0.2959
2026-09-02 02:06:00,38.2824,2.4207,32.1356,44.9134,0.2166,0.0077,51.8911,2.6192,0.3492,0.1668,-0.2713,0.1021,0.1377,0.0565,57.9708,63.3176,0.3035,0.0866,0.1382,0.0253,0.124,0.0846,0.0237,89.551,80.6787,89.3651,87.7967,87.5559,83.7731,85.0544,86.2531,Healthy,0,0,0,0,0,0,0,0,None,0,0,0.1179,0.2064,-0.244
2026-09-02 02:07:00,37.8215,2.5036,31.5668,44.577,0.2485,0.0909,51.8824,2.6718,0.3271,0.171,-0.3266,0.1204,0.1188,0.0296,62.8925,68.2016,0.3867,0.1234,0.2265,0.0211,0.1679,0.0914,0.0618,90.3092,76.4147,91.6631,88.0035,85.0103,82.817,83.082,85.9299,Healthy,0,0,0,0,0,0,0,0,None,0,0,0.1338,0.1579,-0.44
2026-09-02 02:08:00,37.2534,2.9465,30.4229,44.6732,0.2439,0.0545,54.8178,2.7681,0.4062,0.1884,-0.2941,0.1318,0.1331,0.0699,60.8814,69.1522,0.4146,0.1322,0.2271,0.0242,0.1434,0.1175,0.078,87.9076,78.3401,87.4303,88.5853,87.5004,81.5073,83.783,83.4173,Healthy,0,0,0,0,0,0,0,0,None,0,0,0.1671,0.198,-0.414
2026-09-02 02:09:00,33.3022,2.4351,27.1365,39.9549,0.2133,0.0706,51.2966,3.1581,0.3189,0.1219,-0.3467,0.1484,0.1203,0.0684,61.1011,68.8948,0.3764,0.0832,0.148,0.041,0.1311,0.1329,0.082,87.8964,75.4936,88.0233,86.8954,86.4146,83.772,82.9009,85.2199,Healthy,0,0,0,0,0,0,0,0,None,0,0,0.1508,0.1269,-0.2961
2026-09-02 02:10:00,39.0448,3.1891,31.8989,46.8285,0.2201,0.0644,53.7471,2.802,0.4446,0.1479,-0.357,0.1293,0.1077,0.053,59.0777,65.3029,0.4226,0.1113,0.2273,0.0272,0.129,0.1548,0.0284,88.4864,74.244,86.8373,88.4072,84.8058,83.5772,85.2573,84.2791,Healthy,0,0,0,0,0,0,0,0,None,0,0,0.1726,0.1584,-0.2608
2026-09-02 02:11:00,39.9219,2.4794,33.6987,46.6409,0.1895,0.0835,56.6966,2.9155,0.3349,0.1122,-0.2396,0.138,0.1139,0.0811,61.5966,67.4641,0.4065,0.1399,0.1683,0.0156,0.0755,0.15,0.0702,88.5201,77.2269,89.1653,87.5655,85.6864,82.401,84.3907,84.1693,Healthy,0,0,0,0,0,0,0,0,None,0,0,0.1567,0.1705,-0.0878
2026-09-02 02:12:00,40.8454,3.0047,33.9393,48.3525,0.2516,0.0581,50.6138,3.0041,0.4024,0.1649,-0.3404,0.1595,0.1778,0.0631,60.1585,67.0107,0.4596,0.145,0.2109,0.023,0.2139,0.1858,0.0666,88.108,76.7093,86.9943,88.1197,89.125,82.7424,81.9223,84.2815,Healthy,0,0,0,0,0,0,0,0,None,0,0,0.1657,0.1568,-0.3066
2026-09-02 02:13:00,41.7481,2.684,35.2589,48.7742,0.2303,0.0496,53.3357,3.658,0.3004,0.1239,-0.2426,0.1144,0.1257,0.0832,60.8511,68.0311,0.3413,0.1402,0.2678,0.0414,0.1348,0.155,0.0204,91.7065,78.3452,90.9834,89.9963,84.511,83.8474,82.0169,86.7209,Healthy,0,0,0,0,0,0,0,0,None,0,0,0.1479,0.1816,-0.2037
2026-09-02 02:14:00,42.2726,2.8677,35.5446,49.5741,0.3523,0.0861,57.417,2.87,0.5326,0.1988,-0.2884,0.1625,0.1164,0.0925,63.8635,72.7009,0.4161,0.1386,0.2406,0.0467,0.1894,0.1795,0.0755,88.3333,72.3768,87.3493,85.7916,86.7145,78.8467,81.0166,82.5781,Healthy,0,0,0,0,0,0,0,0,None,0,0,0.1812,0.2074,-0.3461
2026-09-02 02:15:00,39.5285,3.1661,32.4127,47.2776,0.2919,0.0933,52.1377,2.7111,0.367,0.1731,-0.4085,0.1479,0.078,0.0253,59.7427,66.9648,0.3756,0.1305,0.2346,0.0403,0.1855,0.1921,0.0758,91.1655,76.975,87.907,88.2436,86.2052,84.5193,82.8272,85.0005,Healthy,0,0,0,0,0,0,0,0,None,0,0,0.1323,0.185,-0.3316
2026-09-02 02:16:00,43.1255,2.8976,36.3586,50.4718,0.2273,0.1113,55.5108,3.1405,0.4778,0.1482,-0.3071,0.1422,0.2048,0.071,59.0984,66.0135,0.4027,0.1334,0.233,0.0143,0.1306,0.1807,0.0496,87.186,71.4977,88.2797,84.9621,86.5051,81.9735,80.9241,82.8701,Healthy,0,0,0,0,0,0,0,0,None,0,0,0.187,0.1818,-0.2258
2026-09-02 02:17:00,39.4138,2.6722,32.94,46.4221,0.2857,0.0455,53.9168,3.5195,0.3704,0.1922,-0.3043,0.1061,0.1299,0.0716,61.2773,69.1701,0.3619,0.1298,0.2568,0.0212,0.1441,0.212,0.0811,88.781,75.0759,88.0014,88.9978,85.9468,84.996,79.8337,83.6708,Healthy,0,0,0,0,0,0,0,0,None,0,0,0.1753,0.224,-0.2224
2026-09-02 02:18:00,39.4974,2.5822,33.1405,46.3706,0.1537,0.0892,50.6161,3.135,0.3153,0.1774,-0.3644,0.1159,0.1009,0.0481,59.1869,68.3388,0.3777,0.1264,0.1826,0.0107,0.1865,0.1243,0.0661,89.1073,78.2375,87.9213,89.2964,90.3953,84.4955,84.6741,85.9198,Healthy,0,0,0,0,0,0,0,0,None,0,0,0.1331,0.1579,-0.1733
2026-09-02 02:19:00,39.0737,2.6585,32.6176,46.0614,0.2944,0.1044,53.6785,3.4928,0.4534,0.1956,-0.3506,0.1331,0.1114,0.0782,62.5977,71.294,0.3861,0.0977,0.2056,0.0469,0.1011,0.1576,0.0996,87.2191,72.805,88.847,88.8692,88.5548,80.1013,83.2778,82.3368,Healthy,0,0,0,0,0,0,0,0,None,0,0,0.1768,0.1602,-0.3736
2026-09-02 02:20:00,42.3001,3.0536,35.3304,49.8805,0.2925,0.104,52.2498,2.9935,0.3342,0.1642,-0.353,0.1319,0.0786,0.0283,61.1802,68.36,0.279,0.1287,0.1399,0.0339,0.1581,0.2048,0.034,88.9824,76.677,89.9319,91.5219,84.8539,84.94,84.2651,86.2713,Healthy,0,0,0,0,0,0,0,0,None,0,0,0.1047,0.1974,-0.2988
2026-09-02 02:21:00,37.2974,3.6006,29.6166,45.6983,0.2135,0.1087,55.2497,3.6687,0.4916,0.1811,-0.3584,0.1571,0.1585,0.0652,63.6382,69.4178,0.4412,0.1206,0.2008,0.0234,0.0949,0.1706,0.061,86.9909,72.7163,90.3103,90.5565,83.8462,83.7788,81.3636,84.7678,Healthy,0,0,0,0,0,0,0,0,None,0,0,0.1458,0.1794,-0.3161
2026-09-02 02:22:00,41.4341,2.6232,35.024,48.3688,0.1327,0.1161,54.7867,2.7911,0.4357,0.168,-0.3885,0.1016,0.1914,0.0435,60.1417,66.6043,0.4091,0.1429,0.2008,0.0422,0.1556,0.0956,0.0687,89.0868,74.6981,87.3986,85.941,87.3368,82.1565,83.7121,83.9751,Healthy,0,0,0,0,0,0,0,0,None,0,0,0.1695,0.135,-0.2589
2026-09-02 02:23:00,40.3199,2.6213,33.9122,47.2519,0.2479,0.0897,57.3045,2.9959,0.4512,0.1875,-0.3678,0.1422,0.14,0.0629,64.357,75.5531,0.488,0.138,0.2318,0.018,0.1991,0.088,0.0715,88.9901,74.0765,88.6482,90.4939,84.7344,82.6081,80.545,86.1924,Healthy,0,0,0,0,0,0,0,0,None,0,0,0.1514,0.2145,-0.2107
2026-09-02 02:24:00,32.9162,3.1098,25.8735,40.581,0.1525,0.0462,51.4978,2.782,0.4351,0.159,-0.3238,0.1366,0.147,0.0481,58.5384,67.3014,0.2755,0.1417,0.2328,0.0265,0.1049,0.1702,0.0792,88.4264,75.8171,88.8945,88.1936,86.9223,84.4947,82.604,85.9479,Healthy,0,0,0,0,0,0,0,0,None,0,0,0.1444,0.146,-0.3238
2026-09-02 02:25:00,40.0484,2.6997,33.5388,47.098,0.2188,0.0806,53.1396,2.6595,0.4339,0.1364,-0.2603,0.1357,0.1887,0.0561,62.2212,68.3997,0.5138,0.1176,0.1773,0.0189,0.1334,0.1504,0.039,90.3566,75.8437,90.6367,85.8079,87.0882,83.4859,86.2358,84.1616,Healthy,0,0,0,0,0,0,0,0,None,0,0,0.1975,0.1457,-0.3319
2026-09-02 02:26:00,41.8057,2.8161,35.1448,49.0299,0.3063,0.0666,61.0902,3.6742,0.5082,0.1751,-0.4083,0.1682,0.2006,0.0571,65.9725,74.3125,0.5179,0.1529,0.2516,0.0417,0.1562,0.1077,0.0624,87.3439,73.1564,88.6649,85.702,84.122,81.5758,81.6168,82.5218,Healthy,0,0,0,0,0,0,0,0,None,0,0,0.1792,0.2314,-0.238
2026-09-02 02:27:00,40.1793,2.5941,33.807,47.0705,0.2019,0.032,55.581,3.5586,0.2837,0.1746,-0.436,0.1545,0.0681,0.0485,58.9674,65.6765,0.4646,0.0715,0.2913,0.0104,0.1,0.1437,0.0356,86.2909,77.2588,89.6584,88.1596,84.9075,80.6879,79.7631,83.4056,Healthy,0,0,0,0,0,0,0,0,None,0,0,0.1723,0.1696,-0.2825
2026-09-02 02:28:00,38.5179,2.7408,31.9548,45.6291,0.2395,0.1028,54.3885,2.8747,0.4762,0.1698,-0.3643,0.1425,0.1109,0.0526,59.4573,67.6395,0.5068,0.1988,0.1833,0.027,0.1495,0.1259,0.0693,86.5986,75.4713,88.1549,87.5805,84.3899,82.7424,80.9394,84.1781,Healthy,0,0,0,0,0,0,0,0,None,0,0,0.1903,0.1876,-0.2754
2026-09-02 02:29:00,45.3462,2.9082,38.5655,52.7085,0.1755,0.0368,57.3624,3.8077,0.5116,0.2137,-0.2839,0.1443,0.1843,0.0741,68.0041,77.6453,0.4622,0.1319,0.2107,0.0341,0.1636,0.1218,0.0485,87.9415,74.0422,87.2937,86.7961,87.626,82.9922,83.9066,84.2908,Healthy,0,0,0,0,0,0,0,0,None,0,0,0.1583,0.1642,-0.3621
2026-09-02 02:30:00,41.9422,3.3662,34.5662,49.9915,0.3652,0.1619,58.0712,3.1815,0.5459,0.2401,-0.4041,0.171,0.2514,0.1006,65.0134,73.666,0.5377,0.1736,0.2834,0.0128,0.2162,0.1793,0.1086,84.0553,68.2734,88.2317,82.734,83.4247,79.0421,78.4987,80.3957,Healthy,0,0,0,0,0,0,0,0,None,0,0,0.213,0.2412,-0.3505
2026-09-02 02:31:00,40.2763,2.8827,33.5287,47.6003,0.2982,0.0981,57.3499,2.9167,0.3866,0.1584,-0.4593,0.1031,0.1848,0.058,61.445,68.6976,0.3911,0.1057,0.2433,0.0227,0.0964,0.1672,0.0413,88.9646,75.9332,86.0257,85.5885,82.3942,82.7498,79.0245,82.7531,Healthy,0,0,0,0,0,0,0,0,None,0,0,0.187,0.181,-0.3392
2026-09-02 02:32:00,39.9365,3.0428,32.9809,47.5007,0.2601,0.0373,55.6849,3.0149,0.4364,0.1598,-0.3916,0.1463,0.1008,0.0546,62.621,68.7941,0.468,0.1222,0.1995,0.0351,0.1766,0.1794,0.0972,89.049,72.554,89.9366,83.8612,86.8147,83.432,83.3769,84.158,Healthy,0,0,0,0,0,0,0,0,None,0,0,0.163,0.1855,-0.2111
2026-09-02 02:33:00,43.7959,2.5907,37.428,50.6819,0.2658,0.0668,58.6312,2.9547,0.5087,0.1666,-0.4407,0.185,0.1539,0.0905,60.0674,66.6274,0.4008,0.1501,0.1586,0.0406,0.1618,0.1865,0.0885,89.0286,73.0088,86.2624,85.2047,83.4636,81.9196,78.8677,80.9871,Healthy,0,0,0,0,0,0,0,0,None,0,0,0.1986,0.2508,-0.4018
2026-09-02 02:34:00,38.8138,2.9018,32.0415,46.1665,0.3042,0.1142,55.6953,3.2795,0.505,0.1779,-0.4297,0.1417,0.1211,0.0553,67.8182,74.4207,0.4345,0.1249,0.2502,0.0228,0.1278,0.1189,0.067,82.5791,72.7561,86.3322,86.3069,84.5806,82.0912,78.7429,82.3876,Healthy,0,0,0,0,0,0,0,0,None,0,0,0.1544,0.1986,-0.4393
2026-09-02 02:35:00,39.3635,2.9311,32.5531,46.7601,0.1662,0.0914,59.1412,3.257,0.4871,0.1969,-0.3987,0.1577,0.0837,0.0898,64.9428,71.568,0.5329,0.189,0.2307,0.0403,0.2234,0.2138,0.1022,86.9229,71.4274,89.7009,85.8883,83.4717,82.4624,81.7119,82.8568,Healthy,0,0,0,0,0,0,0,0,None,0,0,0.1745,0.2058,-0.2923
2026-09-02 02:36:00,42.8449,2.6663,36.3786,49.8443,0.2885,0.0749,58.2403,2.9197,0.4884,0.1746,-0.3304,0.1426,0.1692,0.0307,64.9926,71.075,0.4642,0.1062,0.2365,0.0162,0.1439,0.0828,0.0795,86.9132,71.8791,91.3207,85.4217,86.1987,80.5073,82.5218,82.4391,Healthy,0,0,0,0,0,0,0,0,None,0,0,0.1839,0.2557,-0.3674
2026-09-02 02:37:00,39.4468,3.2556,32.2146,47.3302,0.1744,0.0965,55.0158,2.9195,0.5195,0.2088,-0.3786,0.1555,0.1953,0.0787,61.8337,68.1008,0.4691,0.0959,0.2784,0.0484,0.1861,0.151,0.0449,88.4803,74.4393,88.9119,87.3289,83.178,81.1739,81.4197,82.5125,Healthy,0,0,0,0,0,0,0,0,None,0,0,0.1726,0.2507,-0.1898
2026-09-02 02:38:00,41.0553,3.3412,33.7117,49.0671,0.239,0.0923,55.4039,2.9331,0.4488,0.1493,-0.4707,0.1763,0.0993,0.0615,62.694,69.1762,0.3538,0.1607,0.1497,0.0471,0.1006,0.206,0.1038,87.1569,73.5939,89.6125,88.2149,85.7247,79.5746,79.3164,82.5064,Healthy,0,0,0,0,0,0,0,0,None,0,0,0.1945,0.1827,-0.4478
2026-09-02 02:39:00,43.3684,3.3268,36.0435,51.3586,0.3418,0.1093,59.1356,3.1976,0.4859,0.2067,-0.4129,0.1515,0.217,0.0727,64.1291,70.6352,0.4883,0.1299,0.2107,0.0555,0.2076,0.208,0.0802,88.4187,68.2539,89.5942,83.053,82.0423,78.6357,80.8731,81.4106,Healthy,0,0,0,0,0,0,0,0,None,0,0,0.1826,0.2592,-0.4553
2026-09-02 02:40:00,46.4442,3.0018,39.5418,53.9469,0.2939,0.0695,60.3969,4.0388,0.4624,0.1981,-0.3932,0.2004,0.1954,0.0911,64.6066,70.9568,0.4761,0.1522,0.2453,0.0458,0.1665,0.2433,0.0805,85.7693,70.1733,85.4012,84.3604,82.1883,81.3795,79.6697,81.0358,Healthy,0,0,0,0,0,0,0,0,None,0,0,0.2013,0.2125,-0.4423
2026-09-02 02:41:00,39.8603,2.8487,33.157,47.1333,0.1937,0.1037,55.8394,3.14,0.4721,0.1975,-0.4082,0.156,0.1452,0.0685,65.5933,72.6284,0.5463,0.1715,0.2207,0.0419,0.1715,0.1069,0.0792,88.3676,72.1996,87.6326,86.3601,85.0959,83.1182,81.5103,83.5427,Healthy,0,0,0,0,0,0,0,0,None,0,0,0.1757,0.234,-0.4375
2026-09-02 02:42:00,39.9323,3.4471,32.451,48.103,0.238,0.1164,58.3044,3.4223,0.4276,0.2091,-0.4447,0.1461,0.168,0.0818,61.88,69.1507,0.3769,0.1335,0.2117,0.0281,0.169,0.1547,0.0662,85.5923,73.3185,85.0792,84.8727,83.7336,83.1043,81.7317,82.8463,Healthy,0,0,0,0,0,0,0,0,None,0,0,0.1827,0.253,-0.1876
2026-09-02 02:43:00,42.8807,2.9476,36.0488,50.3022,0.3493,0.0749,62.4545,3.6593,0.5198,0.213,-0.4013,0.1825,0.1837,0.0906,68.0342,75.7965,0.4966,0.1747,0.296,0.0585,0.1999,0.1561,0.0871,86.4381,67.3795,82.0555,83.663,80.6461,77.7862,78.3773,81.1445,Healthy,0,0,0,0,0,0,0,0,None,0,0,0.1704,0.2186,-0.3442
2026-09-02 02:44:00,43.3441,3.2162,36.1631,51.1683,0.1906,0.1172,59.4649,3.6951,0.4656,0.1816,-0.4023,0.178,0.1568,0.07,63.0637,71.7896,0.4736,0.1751,0.1861,0.0436,0.2756,0.1444,0.0943,83.6659,73.1768,89.8497,84.1204,83.7144,81.7076,78.4338,82.3295,Healthy,0,0,0,0,0,0,0,0,None,0,0,0.1645,0.215,-0.3829
2026-09-02 02:45:00,40.8678,3.4288,33.4103,49.011,0.2503,0.0562,58.6204,3.2365,0.45,0.2231,-0.4154,0.1523,0.1969,0.0629,65.6964,72.544,0.4646,0.1749,0.2454,0.0436,0.1654,0.2108,0.1012,86.1737,71.1954,84.958,86.8283,85.0169,81.1388,79.1481,81.6957,Healthy,0,0,0,0,0,0,0,0,None,0,0,0.1705,0.2396,-0.4477
2026-09-02 02:46:00,40.4155,2.7194,33.8803,47.4946,0.2084,0.1132,58.8466,3.7651,0.4666,0.194,-0.3214,0.1809,0.2118,0.0602,65.5897,71.6921,0.4973,0.1593,0.2304,0.0417,0.1652,0.2053,0.0801,85.0401,74.2436,85.1527,83.3354,84.7712,82.4138,80.1726,82.9581,Healthy,0,0,0,0,0,0,0,0,None,0,0,0.1759,0.2237,-0.3103
2026-09-02 02:47:00,42.7071,2.9702,35.8458,50.1625,0.384,0.1271,61.2861,3.2213,0.568,0.2278,-0.4366,0.1853,0.1912,0.0617,66.59,74.6864,0.5463,0.1562,0.2892,0.0545,0.1736,0.2078,0.1023,85.8002,70.6631,85.182,85.7303,81.5175,81.2642,78.5818,80.6069,Healthy,0,0,0,0,0,0,0,0,None,0,0,0.174,0.2487,-0.4508
2026-09-02 02:48:00,43.5736,3.014,36.6554,51.0946,0.2961,0.0811,61.2535,3.4994,0.5434,0.206,-0.4643,0.2104,0.1816,0.0717,69.1028,77.4897,0.5122,0.1504,0.3157,0.026,0.215,0.3044,0.0831,84.9615,67.3826,84.909,84.3324,81.6999,76.8188,77.4065,78.456,Healthy,0,0,0,0,0,0,0,0,None,0,0,0.2106,0.2621,-0.3924
2026-09-02 02:49:00,38.1403,2.9565,31.2969,45.575,0.2929,0.0841,56.8368,3.3228,0.5108,0.1829,-0.4917,0.1789,0.1137,0.0716,63.2604,72.8753,0.4032,0.1617,0.2141,0.0173,0.1568,0.1823,0.067,85.4631,72.1979,89.0906,85.5166,86.1297,83.2076,76.9416,82.2116,Healthy,0,0,0,0,0,0,0,0,None,0,0,0.1814,0.1867,-0.2151
2026-09-02 02:50:00,44.8661,3.0719,37.8726,52.474,0.2625,0.078,61.252,3.8285,0.5408,0.1635,-0.4455,0.1726,0.1142,0.1068,63.9548,71.0608,0.4593,0.1842,0.2263,0.063,0.1684,0.1877,0.0539,87.193,68.2926,87.762,84.1402,81.881,79.3833,78.7542,79.9895,Healthy,0,0,0,0,0,0,0,0,None,0,0,0.2191,0.2498,-0.4023
2026-09-02 02:51:00,44.8802,2.8149,38.2208,52.1024,0.2389,0.1058,60.8566,3.9414,0.62,0.2402,-0.4579,0.2183,0.136,0.0673,65.9287,75.3785,0.5917,0.2328,0.1992,0.0338,0.1628,0.1695,0.0883,84.3284,66.0356,84.163,83.3656,81.2301,76.455,76.9301,78.7909,Healthy,0,0,0,0,0,0,0,0,None,0,0,0.2027,0.2771,-0.4353
2026-09-02 02:52:00,40.791,2.8561,34.0781,48.075,0.388,0.0761,63.9331,3.0514,0.444,0.1872,-0.4548,0.1976,0.1764,0.0871,66.483,73.0737,0.5088,0.128,0.2072,0.0463,0.2452,0.2003,0.0887,89.5363,70.8838,86.7139,87.2023,81.4931,80.2767,77.7086,82.3157,Healthy,0,0,0,0,0,0,0,0,None,0,0,0.1761,0.2262,-0.3395
2026-09-02 02:53:00,36.2832,3.4558,28.7907,44.4669,0.2497,0.1219,60.748,4.0928,0.5611,0.2011,-0.434,0.1342,0.2122,0.0604,66.312,74.0671,0.5913,0.1161,0.2008,0.042,0.2137,0.2087,0.0637,86.0913,70.3012,87.1308,82.0297,80.4662,78.0899,76.7305,80.0679,Healthy,0,0,0,0,0,0,0,0,None,0,0,0.2055,0.2945,-0.4344
2026-09-02 02:54:00,41.9897,3.1688,34.8702,49.7429,0.2204,0.1275,59.1399,3.1899,0.4872,0.2052,-0.4868,0.1776,0.1301,0.0808,68.0533,76.6994,0.5702,0.1839,0.2561,0.0264,0.1498,0.224,0.1017,85.0491,68.3634,85.7125,82.6775,82.162,76.9651,76.5511,80.2892,Healthy,0,0,0,0,0,0,0,0,None,0,0,0.2058,0.2489,-0.3986
2026-09-02 02:55:00,40.9888,2.8012,34.3472,48.1906,0.3324,0.0996,61.1045,3.6503,0.5907,0.1967,-0.3733,0.1933,0.2269,0.0859,70.1947,78.9796,0.589,0.1605,0.2866,0.0298,0.1824,0.1019,0.0954,85.6461,67.1121,87.1344,85.555,80.4224,77.004,78.0018,80.2702,Healthy,0,0,0,0,0,0,0,0,None,0,0,0.1982,0.2339,-0.4586
2026-09-02 02:56:00,41.7596,2.9036,34.9849,49.1149,0.231,0.0874,58.2831,3.171,0.4466,0.1982,-0.3413,0.1661,0.186,0.0684,64.2567,71.1158,0.5158,0.1168,0.2206,0.0412,0.199,0.2199,0.0672,87.1503,73.0643,86.9542,86.9989,81.5108,80.3321,77.5609,81.1865,Healthy,0,0,0,0,0,0,0,0,None,0,0,0.2099,0.2222,-0.4581
2026-09-02 02:57:00,44.1503,3.1086,37.109,51.8132,0.3058,0.1099,60.9394,3.2658,0.5347,0.2191,-0.436,0.2193,0.2251,0.0789,67.5329,76.6239,0.5119,0.1634,0.2252,0.021,0.223,0.2348,0.0923,85.6022,67.4318,84.1092,82.3721,82.0588,76.9863,77.0503,80.0146,Healthy,0,0,0,0,0,0,0,0,None,0,0,0.1866,0.2486,-0.3924
2026-09-02 02:58:00,43.7416,3.2157,36.5613,51.5651,0.2612,0.156,63.6685,3.3212,0.5384,0.2151,-0.5272,0.1871,0.1681,0.064,71.2454,79.8416,0.5642,0.1433,0.2629,0.0515,0.2527,0.2592,0.1171,85.859,64.1129,83.0164,83.9368,83.6879,77.5569,76.1604,79.073,Healthy,0,0,0,0,0,0,0,0,None,0,0,0.2102,0.3306,-0.5354
2026-09-02 02:59:00,43.4871,2.8162,36.826,50.7113,0.3193,0.0882,61.5962,3.9328,0.4675,0.2298,-0.4959,0.1989,0.2313,0.0657,66.0739,73.8632,0.5065,0.1652,0.1908,0.044,0.2001,0.1569,0.0796,86.2341,70.6667,83.8895,81.2595,82.8755,78.7424,78.3245,80.1937,Healthy,0,0,0,0,0,0,0,0,None,0,0,0.1994,0.2414,-0.4821
2026-09-02 03:00:00,45.1648,3.0712,38.1723,52.7716,0.2575,0.1161,60.5881,3.3978,0.5798,0.2008,-0.4934,0.1645,0.1597,0.0608,66.9496,76.7631,0.4931,0.1462,0.3059,0.05,0.2327,0.2292,0.1014,86.3913,67.2225,85.0316,81.2665,83.6009,76.3734,78.9104,81.1187,Healthy,0,0,0,0,0,0,0,0,None,0,0,0.2159,0.2621,-0.4164
2026-09-02 03:01:00,43.0967,3.0422,36.1418,50.66,0.3222,0.0964,61.8116,3.6206,0.5785,0.2373,-0.5526,0.209,0.2091,0.1067,66.2387,74.8472,0.5884,0.1879,0.3467,0.0572,0.1661,0.2363,0.1078,88.1019,64.4029,84.8751,83.7729,80.8784,76.6147,77.2952,79.9714,Healthy,0,0,0,0,0,0,0,0,None,0,0,0.2006,0.2953,-0.3165
2026-09-02 03:02:00,43.3862,2.7289,36.8387,50.4795,0.4183,0.1296,62.1888,3.2201,0.5688,0.2236,-0.354,0.1987,0.1855,0.0844,65.8861,74.2416,0.6242,0.1467,0.244,0.0447,0.2263,0.2305,0.084,83.9278,70.2793,88.1167,86.0991,81.5944,77.117,77.5562,80.9551,Healthy,0,0,0,0,0,0,0,0,None,0,0,0.1941,0.2558,-0.4719
2026-09-02 03:03:00,41.766,2.9209,34.9688,49.1473,0.2822,0.1541,60.5822,3.4291,0.6193,0.2311,-0.4772,0.1819,0.1714,0.0711,68.0155,75.5711,0.5149,0.1792,0.3715,0.0667,0.141,0.2435,0.0789,84.4295,66.9275,86.6344,84.163,83.462,75.6748,76.8168,79.4293,Healthy,0,0,0,0,0,0,0,0,None,0,0,0.2299,0.2424,-0.3255
2026-09-02 03:04:00,40.9358,3.4703,33.4244,49.1413,0.2818,0.1082,61.4711,3.333,0.5424,0.1735,-0.4297,0.1816,0.2999,0.0612,63.6824,70.4109,0.5633,0.1725,0.2331,0.0387,0.1613,0.1744,0.0955,86.4472,67.7854,85.2966,84.8466,84.5372,79.3614,78.7622,81.2608,Healthy,0,0,0,0,0,0,0,0,None,0,0,0.2196,0.2398,-0.4021
2026-09-02 03:05:00,41.6721,3.4552,34.1804,49.855,0.3284,0.1266,63.4487,3.5215,0.6044,0.2244,-0.5053,0.2264,0.1476,0.0954,68.4233,75.7675,0.6769,0.1854,0.2376,0.0428,0.2083,0.1299,0.0651,82.4335,66.8294,86.729,85.4299,81.9379,74.1254,74.191,79.1452,Healthy,0,0,0,0,0,0,0,0,None,0,0,0.2117,0.2311,-0.387
2026-09-02 03:06:00,44.1862,2.9392,37.3652,51.595,0.2783,0.163,62.4338,3.5409,0.6856,0.2256,-0.4675,0.2244,0.1603,0.0971,73.9143,82.8747,0.6615,0.1507,0.2316,0.0696,0.196,0.2639,0.0803,85.7445,67.288,82.0815,82.1096,81.3008,79.4493,75.8637,78.9683,Healthy,0,0,0,0,0,0,0,0,None,0,0,0.2266,0.267,-0.4953
2026-09-02 03:07:00,41.6091,3.1841,34.4698,49.3852,0.3182,0.124,66.2642,3.4353,0.606,0.2312,-0.4103,0.2225,0.2295,0.0947,68.0185,75.8841,0.5169,0.1769,0.3389,0.0264,0.3074,0.2617,0.0802,84.116,64.6841,81.7804,82.4445,78.5316,74.9873,74.8704,76.7401,Healthy,0,0,0,0,0,0,0,0,None,0,0,0.2477,0.2216,-0.3854
2026-09-02 03:08:00,42.5069,3.043,35.5509,50.0714,0.3839,0.0889,64.2427,3.4529,0.6097,0.2219,-0.5675,0.1735,0.1938,0.0737,71.3837,81.4148,0.5997,0.2011,0.3143,0.0534,0.2441,0.2141,0.0849,85.2727,64.333,85.1704,80.4295,81.6057,75.3204,75.9128,76.8144,Healthy,0,0,0,0,0,0,0,0,None,0,0,0.2449,0.2589,-0.4566
2026-09-02 03:09:00,38.917,3.4978,31.3698,47.1638,0.2652,0.0969,61.2012,3.192,0.5219,0.231,-0.4438,0.1846,0.111,0.0797,67.2561,74.5179,0.5603,0.1726,0.1985,0.0537,0.1336,0.2516,0.0801,86.3673,70.8337,86.067,84.7345,81.2306,77.6777,79.4116,81.6948,Healthy,0,0,0,0,0,0,0,0,None,0,0,0.1808,0.2504,-0.3296
2026-09-02 03:10:00,44.9039,2.8397,38.2123,52.1633,0.2159,0.1377,65.1577,3.4101,0.5684,0.2405,-0.5598,0.175,0.2317,0.0659,71.6654,79.7678,0.5681,0.1875,0.2475,0.0561,0.1376,0.1597,0.1145,85.0111,66.2888,85.3188,83.9173,81.8246,74.8024,75.6288,79.5252,Healthy,0,0,0,0,0,0,0,0,None,0,0,0.1868,0.2484,-0.3657
2026-09-02 03:11:00,43.6243,3.0606,36.6456,51.2152,0.3269,0.0654,65.8546,3.7603,0.5547,0.2156,-0.4928,0.1455,0.1964,0.0929,70.0471,78.8542,0.5701,0.2301,0.3438,0.0456,0.2234,0.2246,0.093,86.033,64.5691,85.8451,83.3377,80.9194,77.4902,76.3831,79.3576,Healthy,0,0,0,0,0,0,0,0,None,0,0,0.2103,0.2967,-0.3812
2026-09-02 03:12:00,47.0813,2.8758,40.3427,54.3951,0.3869,0.1309,65.775,3.5852,0.6791,0.2326,-0.5076,0.195,0.2195,0.0791,68.8233,76.882,0.5872,0.1785,0.3006,0.0389,0.1959,0.1834,0.0917,84.981,68.3787,86.9507,84.0869,80.6373,77.0775,77.3475,79.984,Healthy,0,0,0,0,0,0,0,0,None,0,0,0.1899,0.2749,-0.5511
2026-09-02 03:13:00,41.5456,3.3265,34.2212,49.5353,0.3273,0.1099,63.4741,3.2826,0.6515,0.2392,-0.5865,0.2351,0.2169,0.1068,68.3882,76.3419,0.4792,0.167,0.2526,0.0595,0.1831,0.2459,0.0899,83.6905,65.8901,83.2481,81.0359,79.2426,78.8046,77.7747,78.1999,Healthy,0,0,0,0,0,0,0,0,None,0,0,0.2164,0.2875,-0.2815
2026-09-02 03:14:00,44.8162,3.4641,37.3129,53.0123,0.2716,0.1633,66.9588,3.4978,0.5829,0.2012,-0.4882,0.1854,0.2953,0.0767,71.5878,79.3664,0.6662,0.2012,0.3026,0.0581,0.2105,0.1863,0.118,83.9071,65.3558,83.8583,81.1324,80.7359,74.819,73.3905,76.6139,Healthy,0,0,0,0,0,0,0,0,None,0,0,0.2263,0.2969,-0.3686
2026-09-02 03:15:00,44.4164,3.1261,37.3524,52.1056,0.3598,0.1101,65.0946,3.9931,0.5486,0.1853,-0.5388,0.2379,0.1843,0.1091,70.4093,77.3956,0.5745,0.1853,0.3442,0.0681,0.2562,0.2271,0.0886,82.7335,66.7046,84.0083,81.1886,82.8472,74.6116,75.0953,79.5529,Healthy,0,0,0,0,0,0,0,0,None,0,0,0.1911,0.2634,-0.4386
2026-09-02 03:16:00,44.9598,2.9027,38.1863,52.3138,0.2402,0.112,67.9989,3.7871,0.628,0.2582,-0.5058,0.207,0.236,0.0818,71.6487,79.055,0.6292,0.1984,0.3917,0.0707,0.2132,0.2478,0.1124,84.2803,63.0987,83.6666,82.08,81.0399,73.9432,75.1471,76.7142,Healthy,0,0,0,0,0,0,0,0,None,0,0,0.2513,0.2737,-0.4367
2026-09-02 03:17:00,40.2117,3.4824,32.6846,48.4353,0.3089,0.1131,62.1136,3.799,0.5818,0.2071,-0.5377,0.2409,0.1886,0.0744,68.9668,77.254,0.5529,0.1954,0.2711,0.0487,0.244,0.2364,0.0869,85.1146,66.9564,82.2224,80.5635,80.2604,75.1436,76.2722,78.9694,Healthy,0,0,0,0,0,0,0,0,None,0,0,0.1936,0.2477,-0.4617
2026-09-02 03:18:00,43.5975,2.7789,36.9849,50.7659,0.2559,0.1523,61.8881,3.4136,0.5376,0.1956,-0.531,0.1861,0.2071,0.0721,66.5771,74.2119,0.552,0.1637,0.2673,0.049,0.1657,0.2494,0.0935,84.348,63.9208,83.8409,83.1788,81.7553,76.7447,76.649,79.3404,Healthy,0,0,0,0,0,0,0,0,None,0,0,0.2088,0.2816,-0.4362
2026-09-02 03:19:00,45.6958,3.2642,38.4523,53.5921,0.2824,0.1333,66.901,3.7262,0.5975,0.2405,-0.5303,0.1736,0.1855,0.0603,68.8547,76.5273,0.4952,0.1626,0.2488,0.034,0.2905,0.1631,0.08,83.4024,67.5224,83.6179,81.5252,81.1624,76.7408,75.5721,77.651,Healthy,0,0,0,0,0,0,0,0,None,0,0,0.2489,0.2605,-0.4707
2026-09-02 03:20:00,45.0131,3.12,37.9571,52.693,0.3299,0.134,62.9763,3.6072,0.5712,0.2272,-0.4188,0.1796,0.272,0.074,72.0156,81.9977,0.6469,0.1812,0.3408,0.0416,0.2178,0.2736,0.1119,86.2418,64.8955,83.1805,84.1324,81.6805,76.7553,77.9827,78.7813,Healthy,0,0,0,0,0,0,0,0,None,0,0,0.1946,0.2831,-0.3534
2026-09-02 03:21:00,40.3209,3.0366,33.3734,47.8758,0.2424,0.1045,65.0315,3.6417,0.4886,0.2061,-0.5851,0.1538,0.1972,0.075,66.9358,74.2415,0.5071,0.1948,0.3441,0.0524,0.1377,0.2627,0.0955,84.8616,65.2911,86.5052,84.0268,81.8996,77.2694,80.0154,80.2007,Healthy,0,0,0,0,0,0,0,0,None,0,0,0.2071,0.2289,-0.5034
2026-09-02 03:22:00,45.6264,2.9707,38.7645,53.0824,0.3038,0.1038,68.2439,3.9778,0.6531,0.2243,-0.5331,0.2504,0.23,0.0866,70.4356,79.2312,0.6633,0.2045,0.3332,0.0487,0.2477,0.1822,0.1013,81.9864,63.0212,81.0913,82.3277,79.9162,75.576,73.0547,76.9065,Healthy,0,0,0,0,0,0,0,0,None,0,0,0.2403,0.254,-0.4424
2026-09-02 03:23:00,44.5911,3.5243,37.0095,52.8775,0.3211,0.0965,63.6737,3.3538,0.5129,0.2245,-0.5201,0.2328,0.1554,0.1006,67.5749,77.0546,0.571,0.1988,0.2565,0.052,0.1397,0.2101,0.0997,84.593,65.5004,84.484,84.1723,78.3549,75.1347,73.6468,77.0685,Healthy,0,0,0,0,0,0,0,0,None,0,0,0.2488,0.2599,-0.4301
2026-09-02 03:24:00,46.1712,3.9337,38.0574,55.0717,0.284,0.1777,64.6559,4.0055,0.7161,0.245,-0.5474,0.1984,0.2295,0.0954,70.3155,79.0329,0.6584,0.1991,0.3777,0.0673,0.2149,0.2449,0.1023,83.065,63.3681,84.1828,79.2423,78.9055,74.089,74.023,77.559,Healthy,0,0,0,0,0,0,0,0,None,0,0,0.2061,0.2765,-0.5603
2026-09-02 03:25:00,44.688,2.8251,38.0154,51.9256,0.2744,0.1517,64.9258,3.7532,0.5898,0.2253,-0.4799,0.2377,0.2064,0.0773,67.5406,78.9787,0.5425,0.2034,0.3404,0.0603,0.2795,0.2415,0.0925,83.1237,63.5284,85.5313,80.6768,79.9157,77.9489,76.2746,78.0728,Healthy,0,0,0,0,0,0,0,0,None,0,0,0.206,0.2666,-0.3091
2026-09-02 03:26:00,47.2514,3.2422,40.0365,55.1147,0.2617,0.0954,66.8101,3.6396,0.626,0.2791,-0.5912,0.2236,0.2077,0.103,72.7063,81.6629,0.6209,0.1704,0.2779,0.0524,0.1789,0.2047,0.1062,82.5862,64.6757,87.3901,81.3932,78.89,72.209,72.1074,77.5029,Healthy,0,0,0,0,0,0,0,0,None,0,0,0.2127,0.2597,-0.5121
2026-09-02 03:27:00,45.974,3.6932,38.1728,54.5138,0.285,0.1137,67.3754,3.5353,0.6128,0.2228,-0.4532,0.1802,0.2073,0.0726,65.8163,73.1515,0.5284,0.1945,0.2787,0.0425,0.1376,0.2018,0.0833,85.2497,65.0653,80.4067,84.1181,79.1341,75.0545,74.7925,77.0428,Healthy,0,0,0,0,0,0,0,0,None,0,0,0.2398,0.2576,-0.4162
2026-09-02 03:28:00,50.307,3.5354,42.711,58.61,0.2574,0.1736,66.9382,3.6587,0.6471,0.2604,-0.6105,0.2413,0.2315,0.095,71.505,79.1291,0.6251,0.1753,0.3565,0.0564,0.2591,0.2916,0.1034,77.8431,59.7905,82.579,80.4177,80.5051,75.73,75.4918,75.0054,Healthy,0,0,0,0,0,0,0,0,None,0,0,0.2455,0.2797,-0.7043
2026-09-02 03:29:00,46.6736,3.4976,39.1267,54.9199,0.3769,0.1039,64.1065,3.6716,0.6333,0.2554,-0.4544,0.2201,0.2276,0.114,64.199,71.3453,0.554,0.2055,0.3662,0.0543,0.165,0.1998,0.0811,85.4129,61.98,86.023,83.0597,77.2261,73.3442,73.3731,77.3357,Healthy,0,0,0,0,0,0,0,0,None,0,0,0.2291,0.2968,-0.5339
2026-09-02 03:30:00,47.4204,2.9123,40.6344,54.7889,0.2866,0.1263,67.0005,4.7793,0.7038,0.2295,-0.5658,0.225,0.1944,0.0783,68.5772,78.1126,0.613,0.1857,0.302,0.0622,0.2511,0.3245,0.1191,83.5285,60.3413,83.6144,80.3296,78.711,75.6264,72.8715,76.2217,Healthy,0,0,0,0,0,0,0,0,None,0,0,0.2509,0.3064,-0.4937
2026-09-02 03:31:00,46.9276,3.1144,39.8788,54.5992,0.3767,0.0889,68.6668,3.8165,0.6669,0.2549,-0.4857,0.2118,0.3144,0.0849,69.339,77.2884,0.6673,0.188,0.2289,0.0658,0.233,0.2732,0.0864,82.9682,60.0102,84.0716,81.6623,76.9055,75.7376,73.6029,76.4759,Healthy,0,0,0,0,0,0,0,0,None,0,0,0.2396,0.2445,-0.5476
2026-09-02 03:32:00,45.9139,2.9447,39.0858,53.331,0.336,0.1553,68.0902,3.9151,0.7026,0.2336,-0.6012,0.2202,0.1872,0.0973,72.0397,81.6136,0.5694,0.2015,0.3492,0.0515,0.2904,0.216,0.0926,82.5866,61.6527,83.873,82.6507,77.2169,72.2395,71.3453,74.8514,Warning,0,0,0,0,0,0,0,0,None,0,0,0.255,0.3438,-0.5035
2026-09-02 03:33:00,44.5174,3.1327,37.4449,52.2164,0.455,0.146,65.5964,3.8714,0.7415,0.2363,-0.7005,0.2336,0.2988,0.0799,76.5671,86.1915,0.6662,0.2029,0.3415,0.0807,0.2926,0.2444,0.091,81.7435,58.2778,80.0979,80.3584,77.7324,72.5912,72.6906,74.269,Warning,0,0,0,0,1,0,0,0,Memory_leak,2,7,0.2392,0.2967,-0.6302
2026-09-02 03:34:00,45.7493,3.253,38.5204,53.6289,0.3481,0.1088,69.0103,4.4136,0.6694,0.2538,-0.5362,0.2223,0.2525,0.0961,71.1957,79.3629,0.5637,0.2222,0.3288,0.0374,0.2552,0.1875,0.0993,85.4138,61.0666,83.5402,78.821,76.6636,71.9314,73.3308,75.2136,Healthy,0,0,0,0,0,0,0,0,None,0,0,0.27,0.3618,-0.4451
2026-09-02 03:35:00,45.3185,2.9767,38.4487,52.7836,0.394,0.1673,64.6551,3.6301,0.7186,0.2606,-0.6017,0.2468,0.1756,0.0959,71.2826,79.8045,0.5625,0.1776,0.3327,0.0697,0.2332,0.1982,0.1049,84.089,59.5749,81.9559,82.6393,77.745,75.3547,74.1345,75.9864,Healthy,0,0,0,0,0,0,0,0,None,0,0,0.2552,0.3118,-0.5947
2026-09-02 03:36:00,40.3161,3.156,33.2133,48.0501,0.2878,0.1529,71.0234,3.8028,0.6531,0.25,-0.6239,0.2523,0.2094,0.0994,72.2957,84.3504,0.6077,0.1969,0.2853,0.0737,0.2721,0.2099,0.0996,83.2201,64.4532,84.3714,81.4392,78.4042,75.1731,75.2672,77.1366,Healthy,0,0,0,0,0,0,0,0,None,0,0,0.243,0.3146,-0.3509
2026-09-02 03:37:00,47.2407,2.875,40.5032,54.5533,0.451,0.1202,66.2551,4.0488,0.6235,0.2596,-0.524,0.2003,0.1644,0.0885,68.6177,76.2125,0.5162,0.1538,0.328,0.0454,0.185,0.1521,0.0953,81.9853,64.0643,86.0225,82.4964,79.55,75.5245,73.1803,76.8627,Healthy,0,0,0,0,0,0,0,0,None,0,0,0.2425,0.2999,-0.5232
2026-09-02 03:38:00,45.7484,3.1261,38.6844,53.4375,0.4185,0.1362,66.626,3.7189,0.6163,0.2589,-0.5081,0.2056,0.1493,0.0949,72.2317,81.2627,0.6626,0.1723,0.2274,0.0531,0.1662,0.2686,0.0884,86.6402,60.6462,83.1521,82.5635,80.3789,70.6094,75.6749,76.73,Healthy,0,0,0,0,0,0,0,0,None,0,0,0.2552,0.3051,-0.6441
2026-09-02 03:39:00,44.6264,3.2285,37.4294,52.4692,0.3783,0.155,72.4849,4.5441,0.7849,0.2917,-0.5849,0.2804,0.2797,0.1225,75.3246,86.5661,0.7065,0.209,0.3866,0.0727,0.2013,0.269,0.1283,78.7128,56.5476,79.8459,78.1895,77.8312,70.4222,68.8439,72.1079,Warning,0,1,0,0,0,0,0,0,Memory_leak,2,8,0.2788,0.3829,-0.5596
2026-09-02 03:40:00,48.8319,3.996,40.6371,57.8258,0.423,0.1922,69.023,3.7682,0.7052,0.2648,-0.5619,0.2565,0.3258,0.0824,73.8331,82.4434,0.7516,0.2117,0.3244,0.0818,0.2403,0.2587,0.0674,81.3612,59.3827,82.6407,77.8806,76.8909,69.7717,72.0218,74.1458,Warning,0,0,0,0,1,0,0,0,Memory_leak,2,9,0.2463,0.3508,-0.5062
2026-09-02 03:41:00,48.5409,3.2395,41.3296,56.4001,0.3668,0.1663,69.9578,4.3454,0.6947,0.2569,-0.5614,0.2314,0.2589,0.1195,76.2281,85.8855,0.7194,0.2444,0.3125,0.0607,0.1714,0.2781,0.1088,82.4193,57.0316,82.0968,79.7534,75.8932,72.9134,71.1196,74.122,Warning,0,0,0,0,0,0,0,0,None,0,0,0.2195,0.3611,-0.4554
2026-09-02 03:42:00,47.849,3.2819,40.5826,55.7719,0.4063,0.1269,68.3387,4.4285,0.7964,0.2438,-0.5838,0.2262,0.2068,0.1088,73.5377,81.8324,0.6262,0.2135,0.3252,0.0687,0.2377,0.27,0.101,79.8172,60.6825,78.0588,81.4837,79.4365,71.8933,70.7871,75.0731,Healthy,0,0,0,0,0,0,0,0,None,0,0,0.2717,0.3421,-0.6154
2026-09-02 03:43:00,42.9933,3.6574,35.2387,51.4793,0.4149,0.1231,70.3729,3.7746,0.6935,0.2592,-0.538,0.2397,0.2274,0.0987,72.9698,83.85,0.6565,0.165,0.332,0.0568,0.2382,0.2545,0.1002,82.2134,60.4424,82.7855,79.224,76.8877,73.3457,69.92,75.7484,Healthy,0,0,0,0,0,0,0,0,None,0,0,0.2296,0.3326,-0.5696
2026-09-02 03:44:00,47.247,3.4257,39.7936,55.3856,0.377,0.1264,69.8132,4.223,0.7472,0.3055,-0.6267,0.2459,0.2514,0.0796,77.2605,86.1031,0.637,0.2418,0.2741,0.055,0.2271,0.2496,0.0743,82.5594,59.2974,85.0744,81.04,76.6197,69.8387,70.4989,73.9471,Warning,0,1,0,0,0,0,0,0,Memory_leak,2,7,0.2587,0.3198,-0.6514
2026-09-02 03:45:00,50.0442,3.1779,42.9129,57.8111,0.3282,0.1982,71.1039,4.0385,0.7067,0.2643,-0.6561,0.2619,0.1929,0.1122,73.8915,84.3241,0.7875,0.2376,0.3724,0.0605,0.2975,0.3315,0.1038,80.1434,56.2579,79.7072,81.1353,74.9675,72.2692,70.4221,73.7789,Warning,0,0,0,0,0,0,0,0,None,0,0,0.2784,0.3793,-0.6938
2026-09-02 03:46:00,50.5839,3.4586,43.0878,58.7717,0.4708,0.1238,70.0106,4.4188,0.7669,0.2846,-0.6104,0.2537,0.2653,0.0996,69.0708,79.0431,0.7791,0.2058,0.3252,0.0653,0.2413,0.2707,0.1482,80.9,55.2339,80.8499,77.4989,76.2261,71.9527,72.1524,75.1215,Healthy,0,1,0,0,0,0,0,0,Memory_leak,1,9,0.2366,0.3471,-0.4186
2026-09-02 03:47:00,52.3359,3.4169,44.8939,60.4612,0.3529,0.1565,72.4016,4.2262,0.673,0.2677,-0.5671,0.2793,0.2523,0.0772,76.5518,84.4244,0.7532,0.2211,0.3402,0.0757,0.1997,0.2441,0.1174,79.4331,58.6412,81.5748,82.7811,77.1283,70.951,69.1144,73.1986,Warning,0,0,0,0,0,0,0,0,None,0,0,0.2421,0.3294,-0.6372
2026-09-02 03:48:00,47.8545,3.985,39.674,56.832,0.4013,0.1538,70.1084,4.1113,0.7433,0.2862,-0.5824,0.2428,0.2395,0.1074,75.9197,87.037,0.8014,0.2217,0.3395,0.0748,0.287,0.2201,0.123,79.7632,56.8133,82.3981,78.0112,75.5325,69.0233,70.2694,73.3657,Warning,0,1,0,0,0,0,0,0,Memory_leak,2,8,0.2558,0.3631,-0.5415
2026-09-02 03:49:00,44.5452,3.4746,37.0283,52.7571,0.3973,0.1238,71.1061,4.5798,0.7567,0.2996,-0.6362,0.2456,0.2187,0.0993,73.2605,82.3372,0.7497,0.1795,0.3076,0.0543,0.2443,0.2946,0.0838,80.1664,58.1538,81.6173,76.9597,78.4779,69.3696,74.2643,73.0278,Warning,0,1,0,0,0,0,0,0,Memory_leak,2,8,0.2861,0.28,-0.6393
2026-09-02 03:50:00,47.0377,3.0884,40.0228,54.6703,0.4372,0.1327,69.6248,4.2723,0.746,0.2999,-0.677,0.2565,0.2826,0.0942,76.6,87.545,0.6238,0.1782,0.3378,0.0737,0.2852,0.1896,0.0801,81.0214,58.1871,80.7491,75.3536,74.8253,71.6016,68.5396,72.4399,Warning,0,1,0,0,0,0,0,0,Memory_leak,2,8,0.2854,0.3023,-0.5378
2026-09-02 03:51:00,47.4625,3.1582,40.3568,55.1999,0.2846,0.1438,70.1536,4.5017,0.6672,0.2808,-0.6021,0.2329,0.2731,0.0873,72.5022,80.4502,0.605,0.1933,0.2865,0.0615,0.195,0.2466,0.0877,83.6239,59.7713,81.4275,77.6162,77.3735,71.1035,70.5992,75.2588,Healthy,0,1,0,0,0,0,0,0,Memory_leak,1,9,0.2379,0.3318,-0.4862
2026-09-02 03:52:00,51.8341,3.9159,43.7434,60.708,0.3315,0.1066,71.0323,4.6901,0.7349,0.2868,-0.604,0.2346,0.162,0.0957,78.5415,86.5967,0.7488,0.1828,0.3614,0.0762,0.2762,0.2468,0.0899,78.5879,56.3321,81.5174,76.1546,73.0809,71.8345,68.3912,71.549,Warning,0,1,0,0,0,0,0,0,Memory_leak,2,9,0.291,0.3734,-0.6023
2026-09-02 03:53:00,50.1072,3.1779,42.9759,57.874,0.4504,0.1342,68.5753,5.068,0.7642,0.2844,-0.5978,0.2716,0.2304,0.1048,76.9708,86.9763,0.7692,0.2546,0.3635,0.0667,0.208,0.2724,0.0981,79.4175,55.1108,82.4644,78.1681,79.9144,68.5536,68.7136,71.97,Warning,0,1,0,0,0,0,0,0,Memory_leak,2,8,0.2924,0.3443,-0.6616
2026-09-02 03:54:00,48.6644,3.3475,41.3126,56.6858,0.3955,0.1598,73.0798,4.0697,0.7493,0.3151,-0.68,0.253,0.26,0.0944,78.8002,87.8937,0.7446,0.2334,0.2711,0.0795,0.3365,0.3018,0.1057,79.8297,54.3453,79.8523,76.0499,75.2464,67.3974,69.2089,71.5449,Warning,0,1,0,0,0,0,0,0,Memory_leak,2,10,0.3018,0.3986,-0.6799
2026-09-02 03:55:00,42.8467,3.6147,35.1476,51.2687,0.3811,0.1527,71.3608,4.0826,0.7763,0.2807,-0.5932,0.252,0.2521,0.1243,77.8084,87.3948,0.8377,0.2317,0.2929,0.0711,0.3208,0.3479,0.1375,81.8208,55.7121,79.0509,77.7688,76.3909,66.7191,65.8946,72.4195,Warning,0,1,0,0,0,0,0,0,Memory_leak,2,10,0.275,0.323,-0.6354
2026-09-02 03:56:00,45.5747,4.2023,37.1117,54.8782,0.4964,0.1979,71.1642,3.9977,0.7061,0.3068,-0.6822,0.2982,0.2505,0.12,79.0661,90.0265,0.6694,0.2176,0.303,0.0846,0.2917,0.2768,0.112,79.1779,53.9515,82.4011,76.716,75.3031,73.3353,69.6426,73.3868,Warning,0,1,0,0,1,0,0,0,Memory_leak,2,10,0.2734,0.3647,-0.544
2026-09-02 03:57:00,45.5394,3.3638,38.1664,53.5851,0.455,0.145,69.9671,4.2166,0.8343,0.2817,-0.6852,0.2393,0.2432,0.0956,71.8539,80.9768,0.6669,0.2406,0.3544,0.0613,0.2999,0.2654,0.0896,80.2512,58.4392,81.3027,76.5561,76.3589,68.4175,70.3806,72.3118,Warning,0,1,0,0,0,0,0,0,Memory_leak,2,10,0.2788,0.3585,-0.649
2026-09-02 03:58:00,49.723,3.1127,42.6765,57.392,0.2654,0.1323,73.9243,4.7608,0.7465,0.2902,-0.5971,0.2739,0.248,0.0822,78.6478,88.28,0.7728,0.2395,0.3399,0.0667,0.2181,0.2702,0.1144,80.0272,54.4915,79.6942,75.433,78.1302,70.0042,68.3683,72.338,Warning,0,1,0,0,0,0,0,0,Memory_leak,2,8,0.2675,0.3134,-0.6465
2026-09-02 03:59:00,50.3816,3.6914,42.5828,58.9187,0.3895,0.1261,70.9309,4.5918,0.6351,0.315,-0.6387,0.2645,0.2642,0.1266,75.69,86.3514,0.6659,0.1941,0.2991,0.0835,0.2696,0.3025,0.1313,83.8858,55.6178,77.1857,75.7873,76.1968,67.7168,71.5251,72.4698,Warning,0,1,0,0,1,0,0,0,Memory_leak,2,7,0.3144,0.3477,-0.5533
2026-09-02 04:00:00,49.8535,3.4379,42.3842,58.0103,0.2816,0.1345,70.0508,4.0594,0.7624,0.2928,-0.6139,0.2555,0.2844,0.1104,77.1913,85.5044,0.6503,0.2348,0.363,0.0861,0.2666,0.2921,0.1134,78.5926,55.5302,80.3636,76.1938,75.7696,69.6909,70.1339,71.6222,Warning,0,1,0,0,1,0,0,0,Memory_leak,2,10,0.3022,0.3615,-0.6677
2026-09-02 04:01:00,50.6789,3.3471,43.3276,58.6996,0.4108,0.1788,69.9353,4.4513,0.8393,0.3051,-0.6714,0.2828,0.2319,0.1198,76.9465,87.5755,0.7333,0.1904,0.2941,0.0958,0.2936,0.3568,0.1134,81.5698,58.8322,81.9205,76.6738,75.6476,69.4555,67.5642,73.3398,Warning,0,1,0,0,1,0,0,0,Memory_leak,2,8,0.253,0.4356,-0.5113
2026-09-02 04:02:00,48.46,3.1989,41.3014,56.2584,0.3408,0.1449,73.9013,3.9584,0.7336,0.3106,-0.571,0.2905,0.2224,0.1051,80.0369,89.9849,0.7791,0.2201,0.4542,0.0557,0.2832,0.1609,0.1085,81.8117,56.0201,80.2929,77.2473,75.7761,69.4302,68.2526,72.1505,Warning,0,1,0,0,0,0,0,0,Memory_leak,2,10,0.2495,0.3363,-0.6309
2026-09-02 04:03:00,48.4839,4.1734,40.0585,57.744,0.4651,0.1189,69.2391,4.1534,0.75,0.2825,-0.6008,0.2765,0.3089,0.1209,75.8196,83.8396,0.832,0.2285,0.3243,0.0881,0.1953,0.2284,0.1007,82.5207,56.3917,80.573,78.2681,76.0437,70.4624,71.6531,75.9579,Healthy,0,1,0,0,1,0,0,0,Memory_leak,1,9,0.248,0.3522,-0.7219
2026-09-02 04:04:00,47.7842,3.8584,39.7683,56.5718,0.4933,0.1501,74.1244,4.3829,0.7204,0.3179,-0.7305,0.2877,0.2763,0.1188,78.7449,88.7482,0.778,0.2176,0.392,0.0884,0.2799,0.2714,0.1101,80.8443,53.3091,78.1681,77.6739,73.6204,68.9779,66.9133,71.0832,Warning,0,1,0,0,1,0,0,0,Memory_leak,2,10,0.2864,0.3437,-0.5835
2026-09-02 04:05:00,49.2328,3.5096,41.6703,57.4973,0.4502,0.1108,73.6628,4.4629,0.7476,0.337,-0.6484,0.236,0.2813,0.0932,77.0291,85.7879,0.7198,0.2355,0.3998,0.0589,0.1927,0.3514,0.0973,82.3938,57.4706,78.6791,76.6121,76.8386,70.9636,67.7957,72.9222,Warning,0,1,0,0,0,0,0,0,Memory_leak,2,10,0.2726,0.3218,-0.7118
2026-09-02 04:06:00,52.4548,3.781,44.5394,61.1263,0.432,0.1498,71.4388,4.0035,0.7747,0.2649,-0.5738,0.2571,0.2103,0.0941,79.8994,88.5325,0.7455,0.2307,0.4117,0.0818,0.2913,0.2598,0.0702,81.696,54.7557,81.2103,78.3884,76.468,70.2705,69.9733,72.4119,Warning,0,1,0,0,1,0,0,0,Memory_leak,2,10,0.2791,0.3301,-0.6409
2026-09-02 04:07:00,48.9971,3.1863,41.8549,56.7765,0.3834,0.15,74.306,4.5567,0.8677,0.3091,-0.7307,0.3019,0.344,0.0993,77.3302,87.5959,0.6917,0.2346,0.4011,0.0824,0.3028,0.3303,0.1082,80.237,53.1699,80.6135,77.8637,73.352,68.8362,68.406,71.2611,Warning,0,1,0,0,1,0,0,0,Memory_leak,2,9,0.2798,0.3887,-0.5076
2026-09-02 04:08:00,48.6148,3.1292,41.5468,56.3086,0.3561,0.1527,75.7699,4.4028,0.7233,0.2667,-0.5197,0.286,0.1988,0.1078,76.2008,87.0731,0.6717,0.2501,0.273,0.0794,0.2642,0.3089,0.1001,80.0514,54.6772,81.0651,78.5318,75.5417,69.1177,68.6651,71.0228,Warning,0,1,0,0,0,0,0,0,Memory_leak,2,9,0.2886,0.3809,-0.651
2026-09-02 04:09:00,52.6548,3.7028,44.8412,61.209,0.4171,0.1551,73.2758,4.6037,0.8311,0.3612,-0.6824,0.2699,0.1996,0.1068,78.2784,91.7117,0.8181,0.212,0.4166,0.0764,0.2158,0.2974,0.0974,79.7164,53.1777,79.6889,77.1505,73.955,68.7773,66.3235,70.0416,Warning,0,1,0,0,0,0,0,0,Memory_leak,2,9,0.2939,0.3518,-0.629
2026-09-02 04:10:00,50.2624,3.4015,42.8405,58.3647,0.3019,0.151,71.0488,4.1168,0.6866,0.3123,-0.5314,0.2734,0.25,0.0966,78.9234,87.8116,0.7092,0.2238,0.4019,0.0769,0.2197,0.2806,0.0956,80.4402,57.2473,79.9852,78.6755,77.8047,71.4283,67.747,73.041,Warning,0,1,0,0,0,0,0,0,Memory_leak,2,8,0.2808,0.3495,-0.6992
2026-09-02 04:11:00,51.3971,3.7474,43.5254,60.0183,0.3843,0.1998,76.5093,4.498,0.7868,0.3453,-0.7233,0.2978,0.3136,0.0971,82.0772,92.3805,0.7905,0.2955,0.3874,0.0847,0.2724,0.3038,0.1091,77.4733,46.8732,78.0666,75.9674,70.5816,67.6827,63.4082,68.0941,Warning,0,1,0,0,1,0,0,0,Memory_leak,2,10,0.3105,0.4494,-0.6386
2026-09-02 04:12:00,54.5988,3.4386,47.1286,62.7567,0.3719,0.159,79.1265,4.6439,0.7912,0.3484,-0.7302,0.3228,0.2831,0.0908,79.4196,91.2727,0.7894,0.2251,0.3892,0.0883,0.2307,0.3307,0.1293,76.5062,49.6136,77.8275,77.5774,74.9843,66.0936,65.4969,69.2274,Warning,0,1,1,0,1,0,0,0,Memory_leak,2,10,0.2995,0.4282,-0.673
2026-09-02 04:13:00,50.8473,3.2836,43.5787,58.7727,0.3693,0.1681,75.5815,4.5641,0.8933,0.3513,-0.8008,0.2927,0.2328,0.1364,78.5417,91.9247,0.9166,0.2336,0.3664,0.0781,0.282,0.2562,0.1056,76.3757,50.6863,78.096,73.4837,72.3709,66.7691,65.7427,68.7742,Warning,0,1,0,0,0,0,0,0,Memory_leak,2,11,0.3029,0.3879,-0.7803
2026-09-02 04:14:00,49.9932,3.3288,42.6658,57.9864,0.4599,0.1204,76.0957,4.2364,0.7508,0.3379,-0.6478,0.2487,0.2893,0.12,71.1677,81.6855,0.7586,0.2555,0.3708,0.0954,0.2593,0.2616,0.1178,80.1608,54.4172,81.6632,74.4697,73.5479,72.3763,66.4183,69.6933,Warning,0,1,0,0,1,0,0,0,Memory_leak,2,9,0.3008,0.3632,-0.6646
2026-09-02 04:15:00,53.1991,4.1261,44.8352,62.3883,0.4179,0.1596,76.0137,4.6305,0.83,0.3398,-0.6918,0.3371,0.314,0.1516,77.5602,90.3024,0.7143,0.2602,0.3698,0.0796,0.3157,0.3896,0.1261,77.5963,51.3318,75.9204,73.8252,72.6684,68.4871,66.3141,70.5714,Warning,0,1,1,0,0,0,0,0,Memory_leak,2,10,0.2956,0.3894,-0.7234
2026-09-02 04:16:00,49.2477,3.6188,41.5433,57.6758,0.4846,0.1809,72.0982,4.2557,0.7744,0.3639,-0.7215,0.2551,0.243,0.1083,79.7871,92.1296,0.6402,0.2115,0.3329,0.0746,0.2361,0.3088,0.0854,79.7366,52.198,79.7408,76.1639,74.9186,67.1462,65.9682,71.0489,Warning,0,1,0,0,0,0,0,0,Memory_leak,2,8,0.2943,0.3732,-0.5561
2026-09-02 04:17:00,46.032,4.1556,37.6298,55.2654,0.4897,0.1884,79.6481,4.5076,0.7803,0.3278,-0.6817,0.2842,0.2898,0.1209,84.2765,93.5024,0.8127,0.219,0.4355,0.1115,0.2811,0.2829,0.1118,78.3914,51.2164,77.529,73.5852,69.3883,66.4261,66.443,68.5429,Warning,0,1,0,0,1,0,0,0,Memory_leak,2,11,0.3377,0.42,-0.6227
2026-09-02 04:18:00,49.6505,3.4871,42.1173,57.8811,0.4286,0.149,76.3064,4.6569,0.8637,0.3326,-0.6086,0.3084,0.2935,0.0965,76.6594,89.9757,0.9108,0.2503,0.4002,0.0861,0.271,0.3587,0.1502,78.685,50.5201,77.9094,74.3824,74.9305,67.2905,68.622,68.6357,Warning,0,1,0,0,1,0,0,0,Memory_leak,2,11,0.3165,0.3938,-0.7346
2026-09-02 04:19:00,52.2868,3.5125,44.7206,60.5554,0.4987,0.1645,77.4105,4.9725,0.9593,0.3311,-0.7504,0.2448,0.2639,0.1074,80.9049,90.5539,0.95,0.239,0.4198,0.0846,0.2658,0.2953,0.1141,78.0142,49.5285,77.9317,72.4256,71.5715,65.0254,62.3729,68.9661,Warning,0,1,0,0,1,0,0,0,Memory_leak,2,11,0.3083,0.3959,-0.6362
2026-09-02 04:20:00,49.7301,3.3492,42.3761,57.754,0.3911,0.1814,76.5507,4.501,0.8634,0.3332,-0.6364,0.3039,0.2664,0.1307,82.3594,92.162,0.915,0.2417,0.4133,0.0944,0.3664,0.3274,0.1154,77.0356,51.3059,77.2673,72.9267,74.5413,65.8798,66.2432,70.0794,Warning,0,1,0,0,1,0,0,0,Memory_leak,2,10,0.2968,0.3876,-0.7259
2026-09-02 04:21:00,44.7333,3.7707,36.8314,53.3893,0.4702,0.1814,75.4712,4.6426,0.7733,0.3585,-0.7287,0.277,0.2779,0.117,82.3046,90.9402,0.889,0.2524,0.4009,0.0769,0.312,0.2866,0.1481,77.249,50.1471,79.0691,76.6808,71.6147,64.9914,65.7519,69.5234,Warning,0,1,0,0,0,0,0,0,Memory_leak,2,11,0.2961,0.3914,-0.7399
2026-09-02 04:22:00,50.0602,3.739,42.1995,58.6687,0.4591,0.1614,75.0432,4.7573,0.828,0.3263,-0.7251,0.2926,0.2926,0.1587,81.3251,94.8459,0.8212,0.2569,0.3891,0.0699,0.2764,0.2729,0.1292,76.5386,52.5442,77.6402,75.1852,71.5201,63.8351,64.0175,67.7523,Warning,0,1,0,0,0,0,0,0,Memory_leak,2,9,0.355,0.4178,-0.8222
2026-09-02 04:23:00,47.5308,3.5147,39.9617,55.8028,0.4164,0.1644,77.0472,4.5075,0.846,0.3473,-0.6936,0.2642,0.2596,0.1196,77.1076,87.3923,0.7478,0.2619,0.422,0.0861,0.3084,0.2612,0.1217,77.1684,51.8566,82.3767,73.2628,72.0539,68.58,68.7062,69.5307,Warning,0,1,0,0,1,0,0,0,Memory_leak,2,9,0.2732,0.4401,-0.554
2026-09-02 04:24:00,51.1422,3.5446,43.5343,59.4591,0.3986,0.1608,77.0922,4.5995,0.8819,0.3212,-0.6825,0.29,0.2827,0.1175,79.6863,91.4302,0.8134,0.2781,0.4016,0.1042,0.2657,0.3118,0.1285,77.2768,52.4573,74.5898,76.9161,72.9596,66.7339,63.4642,68.7596,Warning,0,1,0,0,1,0,0,0,Memory_leak,2,9,0.3268,0.4229,-0.7443
2026-09-02 04:25:00,52.0733,3.3255,44.7502,60.0616,0.3872,0.1812,76.8457,4.4303,0.8294,0.3528,-0.7536,0.3314,0.2779,0.1066,79.5504,89.7164,0.8389,0.2646,0.3603,0.0847,0.3315,0.3033,0.1319,76.0195,47.0221,80.1179,75.1512,74.4524,66.4628,66.5708,68.224,Warning,0,1,1,0,1,0,0,0,Memory_leak,2,9,0.3202,0.4076,-0.7282
2026-09-02 04:26:00,52.1928,3.6919,44.3934,60.7306,0.442,0.1917,78.5846,4.4482,0.8064,0.365,-0.7643,0.3107,0.2537,0.105,82.8001,93.2914,0.7145,0.2635,0.4814,0.0968,0.2903,0.3271,0.0934,77.8941,49.8741,77.4379,77.4854,71.1879,66.3308,63.8823,68.6211,Warning,0,1,0,0,1,0,0,0,Memory_leak,2,9,0.296,0.4003,-0.7334
2026-09-02 04:27:00,51.8496,3.6098,44.1569,60.2643,0.5112,0.1897,78.958,5.2156,0.892,0.3487,-0.767,0.3164,0.353,0.125,83.4569,94.379,0.9041,0.2246,0.348,0.1295,0.288,0.4123,0.1187,75.5927,41.4605,74.327,73.9633,71.5002,62.8643,60.7283,66.4288,Warning,0,1,0,0,1,0,0,0,Memory_leak,2,11,0.3265,0.4499,-0.8327
2026-09-02 04:28:00,50.3021,3.9561,42.1592,59.2362,0.2701,0.1057,75.1694,4.461,0.8525,0.3219,-0.6315,0.2737,0.287,0.1032,77.1755,85.5775,0.8487,0.2417,0.3939,0.073,0.2891,0.226,0.1218,82.5278,49.8992,79.4595,73.6004,73.1016,65.949,68.6077,70.0248,Warning,0,1,0,0,0,0,0,0,Memory_leak,2,9,0.3094,0.4141,-0.5094
2026-09-02 04:29:00,49.6503,4.4432,40.8742,59.3151,0.5142,0.1708,77.2879,4.8884,0.8533,0.343,-0.6695,0.2892,0.318,0.1321,78.9852,89.1333,0.889,0.2563,0.3576,0.0759,0.2789,0.3162,0.1121,78.6052,47.832,76.8209,78.8882,71.9263,65.0768,65.9205,68.3328,Warning,0,1,0,0,0,0,0,0,Memory_leak,2,10,0.3022,0.3666,-0.7746
2026-09-02 04:30:00,49.0017,3.8982,40.9339,57.849,0.5086,0.1549,76.3837,4.3835,0.7524,0.3115,-0.7897,0.2687,0.3338,0.1046,82.208,92.1544,0.8489,0.2899,0.3023,0.1031,0.301,0.2991,0.1196,79.466,51.6407,80.5836,76.3768,72.8129,66.9486,66.5619,70.4828,Warning,0,1,0,0,1,0,0,0,Memory_leak,2,9,0.296,0.4265,-0.495
2026-09-02 04:31:00,46.4968,3.4363,39.0296,54.6512,0.3689,0.1558,80.7478,4.5283,0.8907,0.3355,-0.6709,0.3047,0.3095,0.1281,79.3614,88.5196,0.9663,0.2649,0.3897,0.0867,0.3336,0.2771,0.1263,77.2823,45.9914,76.5293,70.216,71.6789,61.6289,65.5739,66.2145,Warning,0,1,0,0,1,0,0,0,Memory_leak,2,10,0.3371,0.4366,-0.6525
2026-09-02 04:32:00,52.5261,3.7546,44.6451,61.158,0.5593,0.146,77.4267,4.9856,0.8449,0.3387,-0.6216,0.3057,0.2625,0.1247,79.1441,87.8647,0.7358,0.2797,0.3674,0.0905,0.2714,0.3241,0.1275,76.5444,51.8102,77.8491,72.7611,72.2254,63.6758,66.6747,68.5597,Warning,0,1,0,0,1,0,0,0,Memory_leak,2,9,0.307,0.441,-0.6855
2026-09-02 04:33:00,51.4523,3.7824,43.5351,60.126,0.4481,0.1779,79.7052,4.5546,0.9228,0.3544,-0.7846,0.3373,0.3262,0.1024,84.7151,94.3321,0.8683,0.2975,0.5007,0.1084,0.2653,0.356,0.1442,77.6175,45.5622,77.8045,72.6116,71.3252,63.1943,65.2121,66.156,Warning,0,1,1,0,1,0,0,0,Memory_leak,2,9,0.3464,0.4896,-0.7166
2026-09-02 04:34:00,52.4661,3.8479,44.4638,61.2381,0.5275,0.2235,78.0795,4.743,0.8915,0.3137,-0.7738,0.3229,0.2805,0.1111,80.2067,89.0169,0.8955,0.2386,0.4721,0.1165,0.261,0.4013,0.1173,77.9527,50.894,77.8676,75.668,71.8345,65.9483,65.1395,69.637,Warning,0,1,1,0,1,0,0,0,Memory_leak,2,11,0.3095,0.417,-0.5924
2026-09-02 04:35:00,51.7211,3.5153,44.1512,59.9939,0.4525,0.1656,80.3597,4.8079,0.8928,0.3793,-0.749,0.2868,0.2965,0.1099,82.535,94.1466,0.8678,0.2285,0.4189,0.1125,0.3681,0.2909,0.1554,77.2567,48.9065,75.2669,75.2022,69.8735,64.0032,61.6372,67.4532,Warning,0,1,0,0,1,0,0,0,Memory_leak,2,10,0.3368,0.4281,-0.8155
2026-09-02 04:36:00,50.8372,4.2909,42.259,60.2736,0.5411,0.21,77.549,4.5626,0.9015,0.3894,-0.7781,0.3616,0.285,0.1296,81.6502,91.6125,0.8219,0.2519,0.3881,0.0883,0.2768,0.2869,0.1269,78.0797,48.3109,77.0517,75.6619,72.9156,64.3789,63.7635,68.7378,Warning,0,1,1,0,1,0,0,0,Memory_leak,2,10,0.3057,0.4396,-0.8139
2026-09-02 04:37:00,49.3395,3.8537,41.3296,58.12,0.5266,0.1658,82.8028,5.1018,0.8357,0.3577,-0.8143,0.3113,0.3096,0.1307,85.8046,95.7348,0.7651,0.2717,0.5073,0.1254,0.3111,0.3169,0.1253,78.1136,46.6862,76.4443,73.2462,72.2306,64.1248,62.5477,68.0195,Warning,0,1,0,0,1,0,0,0,Memory_leak,2,10,0.2976,0.4644,-0.8029
2026-09-02 04:38:00,50.7205,3.6036,43.0358,59.1258,0.6406,0.1685,81.7106,4.5972,0.8627,0.3383,-0.8256,0.3277,0.2477,0.1166,89.3459,98.4426,0.9562,0.2964,0.3516,0.1136,0.3389,0.3248,0.1175,78.6011,46.9898,75.0829,73.7076,71.8072,63.7493,61.9091,66.9686,Warning,0,1,1,0,1,0,0,0,Memory_leak,2,10,0.3199,0.4592,-0.6699
2026-09-02 04:39:00,54.2273,4.0609,45.9481,63.3186,0.4861,0.2254,86.6554,4.6835,0.9429,0.387,-0.8078,0.318,0.3368,0.1164,86.3049,96.8598,0.8958,0.3065,0.4347,0.1208,0.3587,0.4145,0.1321,76.0388,45.614,76.6481,75.1983,68.4623,61.6556,61.6625,67.178,Warning,0,1,0,0,1,0,0,0,Memory_leak,2,10,0.3295,0.5134,-0.6437
2026-09-02 04:40:00,52.4965,3.4029,45.0727,60.6008,0.5196,0.1588,80.2463,4.8808,0.8569,0.345,-0.6625,0.3417,0.2776,0.1089,83.4256,93.0525,0.8869,0.2551,0.493,0.111,0.3664,0.2319,0.1347,76.8731,46.1007,76.258,74.4232,71.2761,65.0211,62.0085,67.6242,Warning,0,1,1,0,1,0,0,0,Memory_leak,2,12,0.3125,0.4463,-0.6903
2026-09-02 04:41:00,49.2033,3.3687,41.824,57.2564,0.4592,0.2013,82.0992,4.861,0.9701,0.3446,-0.8015,0.3178,0.2629,0.0866,81.6331,93.1407,0.8608,0.2769,0.3798,0.1092,0.3321,0.3091,0.148,75.2572,48.5396,76.0377,73.8286,74.0967,64.3995,63.4657,67.5177,Warning,0,1,0,0,1,0,0,0,Memory_leak,2,11,0.3148,0.4647,-0.8101
2026-09-02 04:42:00,53.4418,3.5532,45.8227,61.7716,0.4326,0.1855,83.2297,5.0674,0.9475,0.3564,-0.7799,0.3224,0.3253,0.1335,86.6374,95.8981,0.9152,0.2498,0.3577,0.0963,0.2514,0.3391,0.1368,75.4911,46.6802,76.8277,72.5326,68.9399,64.1656,64.5809,65.4865,Warning,0,1,1,0,1,0,0,0,Memory_leak,2,10,0.3224,0.4432,-0.6667
2026-09-02 04:43:00,50.83,3.5759,43.1813,59.1938,0.5728,0.1435,81.5517,4.6855,0.8467,0.3421,-0.7175,0.3279,0.306,0.1312,80.9379,93.1147,0.915,0.2724,0.3692,0.111,0.3329,0.3021,0.1287,77.3069,44.1823,79.1618,70.0805,73.6063,64.4607,64.0572,67.8539,Warning,0,1,1,0,1,0,0,0,Memory_leak,2,11,0.3082,0.4778,-0.6084
2026-09-02 04:44:00,52.3519,3.7005,44.5413,60.9027,0.6155,0.1533,75.9869,5.2213,0.9724,0.3983,-0.8267,0.3017,0.404,0.1333,84.6621,93.9876,0.914,0.312,0.3666,0.1234,0.2989,0.3156,0.1253,75.292,42.0205,77.8618,73.6561,68.4643,61.2989,63.404,67.3618,Warning,0,1,0,0,1,0,0,0,Memory_leak,2,11,0.3137,0.4711,-0.7263
2026-09-02 04:45:00,49.1214,3.6465,41.381,57.5912,0.5169,0.1783,78.2244,4.8286,1.0497,0.3747,-0.8197,0.3265,0.2089,0.1217,85.2143,95.0811,0.8846,0.2812,0.3838,0.0992,0.334,0.3325,0.1635,77.2656,45.5349,74.8437,72.8416,70.6807,64.0286,62.3474,66.161,Warning,0,1,1,0,1,0,0,0,Memory_leak,2,10,0.3284,0.4773,-0.9215
2026-09-02 04:46:00,52.4905,3.8961,44.4255,61.3347,0.516,0.1486,79.8348,4.6199,0.92,0.3886,-0.8416,0.3355,0.3648,0.1271,83.7511,95.5331,0.8839,0.2911,0.4123,0.1147,0.3243,0.2978,0.1128,73.4309,45.918,78.2865,72.7776,72.105,63.2132,62.1527,65.7568,Warning,0,1,1,0,1,0,0,0,Memory_leak,2,10,0.3348,0.4703,-0.7715
2026-09-02 04:47:00,49.8653,3.5196,42.2898,58.1448,0.5962,0.1812,82.8925,4.8354,0.9534,0.3869,-0.8478,0.3145,0.2828,0.1318,87.3695,96.9136,0.8638,0.2642,0.494,0.1057,0.2929,0.3303,0.1624,76.2376,44.8378,72.0679,72.4594,69.6981,63.2114,63.3021,66.5056,Warning,0,1,0,0,1,0,0,0,Memory_leak,2,10,0.3516,0.4641,-0.7088
2026-09-02 04:48:00,50.7905,3.4408,43.3175,58.9517,0.5481,0.1656,82.3291,5.0459,0.859,0.356,-0.7518,0.3373,0.3318,0.1441,84.7739,95.1464,0.9978,0.2771,0.4588,0.115,0.2861,0.4033,0.1319,74.9382,47.8959,77.8443,77.9007,70.7747,62.7848,60.6382,68.0873,Warning,0,1,1,0,1,0,0,0,Memory_leak,2,10,0.3241,0.4534,-0.6628
2026-09-02 04:49:00,53.5848,3.6286,45.8677,62.0277,0.4274,0.1997,83.9333,4.7453,0.9213,0.3647,-0.7792,0.3273,0.3153,0.1383,83.4781,94.9879,0.9313,0.2871,0.4532,0.1158,0.372,0.2889,0.1274,77.865,44.2565,74.5856,70.6769,71.6292,63.384,61.1213,65.3684,Warning,0,1,1,0,1,0,0,0,Memory_leak,2,11,0.3587,0.4578,-0.7529
2026-09-02 04:50:00,57.8021,3.6166,50.1005,66.227,0.4713,0.1897,84.0481,5.1102,0.8995,0.3886,-0.7812,0.3238,0.3614,0.1414,87.3364,98.4447,0.8938,0.259,0.4639,0.1251,0.351,0.3879,0.1444,74.7165,44.1033,76.9088,73.7191,68.1837,58.9118,62.2526,64.2267,Warning,0,1,1,0,1,0,0,0,Memory_leak,2,12,0.3588,0.4539,-0.7285
2026-09-02 04:51:00,48.6278,3.6624,40.8667,57.1215,0.5739,0.1727,79.7787,5.2797,0.943,0.3516,-0.8215,0.2933,0.41,0.1545,82.4452,96.2469,0.9421,0.2946,0.4406,0.1099,0.3144,0.4135,0.1341,77.0707,43.6938,77.2128,73.2022,72.9417,63.6414,60.6976,67.4274,Warning,0,1,0,0,1,0,0,0,Memory_leak,2,12,0.3179,0.4649,-0.8299
2026-09-02 04:52:00,53.0659,3.9675,44.9082,62.0172,0.6394,0.1717,84.7002,5.0412,0.9095,0.3377,-0.8002,0.336,0.3303,0.1625,89.2958,100.5285,0.9478,0.2939,0.4335,0.1229,0.3395,0.3397,0.1371,76.2009,44.2917,75.8254,73.355,72.5873,63.8731,59.5922,65.4398,Warning,0,1,1,0,1,0,0,0,Memory_leak,2,11,0.3566,0.475,-0.8467
2026-09-02 04:53:00,51.6037,4.1892,43.1577,60.8875,0.443,0.1805,85.076,4.9158,1.0659,0.351,-0.81,0.339,0.3651,0.148,90.9091,101.9133,0.8408,0.3142,0.4891,0.1337,0.4065,0.415,0.1524,77.1666,43.5238,78.0904,70.5722,65.5922,61.0852,58.6646,65.0233,Warning,0,1,1,0,1,0,1,0,Memory_leak,2,11,0.3496,0.4715,-0.7872
2026-09-02 04:54:00,56.4248,3.6539,48.6748,64.9057,0.4339,0.2302,84.4252,5.0053,0.8981,0.3797,-0.8008,0.3749,0.3689,0.132,85.7672,99.8922,0.8936,0.2672,0.4216,0.1099,0.3101,0.3655,0.1503,75.0145,42.4026,77.319,74.6178,67.8751,61.9068,59.8949,66.3162,Warning,0,1,1,0,1,0,0,0,Memory_leak,2,10,0.3605,0.4581,-0.8213
2026-09-02 04:55:00,55.0839,3.5667,47.4473,63.4339,0.6081,0.2238,84.632,5.5638,1.0519,0.4515,-0.8437,0.3518,0.3548,0.1621,85.2258,97.4407,0.9858,0.269,0.4752,0.1294,0.3026,0.3678,0.14,72.2129,38.4956,73.7369,70.1782,66.4635,59.6017,58.2451,61.079,Warning,0,1,1,0,1,0,0,0,Memory_leak,2,11,0.3802,0.5183,-0.8598
2026-09-02 04:56:00,50.5459,4.0805,42.2413,59.6667,0.513,0.1902,82.5684,5.4404,0.9987,0.3832,-0.669,0.3534,0.256,0.1164,85.3837,95.0643,0.8988,0.2703,0.3963,0.1023,0.394,0.3261,0.1486,74.1724,41.4423,72.6537,72.6781,73.6218,63.2489,61.4304,65.0519,Warning,0,1,1,0,1,0,0,0,Memory_leak,2,10,0.3558,0.4639,-0.8385
2026-09-02 04:57:00,52.2296,3.748,44.3571,60.8516,0.4786,0.2228,83.4913,5.3597,0.9635,0.4222,-0.8399,0.3486,0.2869,0.1654,87.3472,97.5242,0.9404,0.339,0.4221,0.1367,0.3297,0.3777,0.1613,73.122,42.2495,73.7566,69.2162,69.0897,61.3583,60.0829,63.6883,Warning,0,1,1,0,1,0,0,0,Memory_leak,2,12,0.3904,0.5288,-0.9008
2026-09-02 04:58:00,53.4566,3.575,45.8091,61.8192,0.4776,0.1677,83.3241,5.2871,1.0047,0.39,-0.9281,0.3239,0.3857,0.145,87.6479,100.8363,0.9268,0.268,0.4861,0.1089,0.3034,0.4073,0.1696,75.0336,41.9962,75.6068,71.6655,67.1999,60.1073,61.4751,64.2901,Warning,0,1,1,0,1,0,0,0,Memory_leak,2,13,0.3434,0.4971,-0.8481
2026-09-02 04:59:00,50.3792,3.7686,42.4799,59.0321,0.5027,0.2054,81.6597,5.6415,0.9759,0.3512,-0.8223,0.3225,0.343,0.153,85.2733,96.8491,0.9062,0.3404,0.5334,0.1324,0.3349,0.3399,0.1403,75.9884,41.1857,73.8126,72.2316,70.9156,61.3416,61.0498,64.8127,Warning,0,1,1,0,1,0,0,0,Memory_leak,2,11,0.3399,0.5078,-0.8189
2026-09-02 05:00:00,54.2372,4.3115,45.6322,63.7044,0.6487,0.1638,84.7637,4.9756,0.9233,0.4093,-0.9038,0.3271,0.4012,0.1313,84.6639,98.3326,0.855,0.2801,0.4381,0.1247,0.33,0.3753,0.1662,73.4426,41.4192,74.3408,70.3627,70.5936,59.4369,61.008,64.5268,Warning,0,1,1,0,1,0,0,0,Memory_leak,2,10,0.3517,0.5097,-0.8267
2026-09-02 05:01:00,53.4773,3.6282,45.7606,61.9196,0.4491,0.2255,86.5318,4.8587,1.0875,0.3966,-0.8939,0.3603,0.4079,0.1282,87.5992,99.9814,0.9638,0.2839,0.5132,0.1391,0.3793,0.4279,0.1605,73.8101,42.511,73.0915,70.4901,70.6727,60.9176,59.4052,64.3444,Warning,0,1,1,0,1,0,0,0,Memory_leak,2,12,0.3312,0.5015,-0.6874
2026-09-02 05:02:00,56.1081,4.7859,46.8864,66.2869,0.5134,0.1734,86.0496,5.3191,1.0188,0.4062,-0.8387,0.379,0.3436,0.1587,86.8532,98.3965,1.0375,0.2705,0.4707,0.1357,0.3332,0.386,0.1524,74.4176,43.464,74.7269,69.4804,67.0744,57.5449,59.1269,61.7482,Warning,0,1,1,0,1,0,0,0,Memory_leak,2,12,0.3895,0.5438,-0.7838
2026-09-02 05:03:00,54.0549,3.8554,46.0429,62.838,0.5319,0.206,86.4296,5.0367,1.0028,0.4061,-0.8034,0.3835,0.3355,0.1412,89.6176,102.4171,1.0016,0.3004,0.4722,0.1384,0.3227,0.3221,0.1532,75.3189,41.1871,76.9749,69.8752,65.9297,62.1452,59.7395,64.481,Warning,0,1,1,0,1,0,0,0,Memory_leak,2,11,0.3749,0.505,-0.8468
2026-09-02 05:04:00,53.9175,4.1227,45.558,63.1017,0.508,0.2177,87.2932,5.4314,1.0884,0.3897,-0.886,0.3056,0.382,0.1326,89.5999,101.1447,1.0974,0.3284,0.4769,0.1587,0.3811,0.3463,0.1633,73.8828,38.3811,75.26,68.4237,67.5269,61.6478,59.2334,63.7235,Warning,0,1,0,0,1,0,0,0,Memory_leak,2,13,0.3582,0.4864,-0.653
2026-09-02 05:05:00,52.8737,3.7675,44.976,61.5249,0.4353,0.2019,86.4582,5.4044,1.0342,0.3815,-0.8052,0.3618,0.2659,0.1111,92.5904,102.4698,0.8744,0.3046,0.4844,0.1418,0.374,0.3154,0.1709,72.1273,40.0124,77.6035,70.4291,67.8193,60.274,59.5262,63.7674,Warning,0,1,1,0,1,0,1,0,Memory_leak,2,13,0.3732,0.4963,-0.7922
2026-09-02 05:06:00,51.4118,3.4705,43.9002,59.6175,0.454,0.1959,85.0991,4.7693,0.8407,0.3869,-0.87,0.3206,0.3031,0.1436,83.6016,94.7252,0.8764,0.277,0.4278,0.131,0.2278,0.4011,0.1265,76.9516,44.1636,73.4971,71.6787,67.2003,60.126,59.5063,66.3065,Warning,0,1,1,0,1,0,0,0,Memory_leak,2,10,0.3533,0.4561,-0.9236
2026-09-02 05:07:00,55.1205,4.3802,46.4262,64.6908,0.5697,0.1897,81.9708,5.0175,0.9842,0.4066,-0.9034,0.2794,0.3373,0.114,87.5942,100.8159,0.9023,0.3053,0.5197,0.1565,0.345,0.4522,0.125,72.1122,44.6873,74.0051,73.119,67.1375,57.8864,60.6762,63.5585,Warning,0,1,0,0,1,0,0,0,Memory_leak,2,11,0.3834,0.5153,-0.7926
2026-09-02 05:08:00,54.166,3.5883,46.5011,62.5484,0.5639,0.2442,82.4208,5.9369,1.0483,0.3957,-0.8657,0.363,0.313,0.1344,86.2872,96.1092,0.9407,0.3156,0.4841,0.1338,0.2541,0.3301,0.1603,75.0476,41.3968,75.7837,71.4773,70.53,60.5875,59.3583,65.2764,Warning,0,1,1,0,1,0,0,0,Memory_leak,2,12,0.3273,0.5258,-0.9052
2026-09-02 05:09:00,57.1793,4.0877,48.8653,66.3108,0.6498,0.2144,90.0806,5.2428,1.0195,0.4031,-0.9536,0.3901,0.3573,0.1521,93.5205,104.2296,1.0109,0.2943,0.5092,0.146,0.3595,0.3928,0.1803,70.6291,35.1742,72.9164,68.2658,64.8412,55.9295,54.3661,59.7664,Degraded,0,1,1,0,1,0,1,0,Memory_leak,3,12,0.4051,0.5519,-0.9316
2026-09-02 05:10:00,52.568,4.1369,44.19,61.7733,0.5908,0.2022,90.23,5.4892,1.1971,0.3851,-0.9053,0.3725,0.3245,0.1571,93.4538,104.6093,0.9404,0.3008,0.4025,0.1467,0.3534,0.3872,0.1764,72.3858,37.4174,70.3082,72.0827,67.39,58.4618,57.5595,61.7013,Warning,0,1,1,0,1,0,1,0,Memory_leak,2,13,0.3778,0.5827,-0.9906
2026-09-02 05:11:00,54.4136,3.8846,46.3636,63.2405,0.4931,0.1946,84.0917,5.7546,1.0251,0.3886,-0.7804,0.3714,0.344,0.155,90.7801,103.7957,0.9361,0.282,0.3917,0.1298,0.3628,0.3419,0.1254,73.2232,40.0766,76.1494,70.7281,66.8074,61.9986,55.6671,63.995,Warning,0,1,1,0,1,0,1,0,Memory_leak,2,11,0.3495,0.5259,-0.9204
2026-09-02 05:12:00,56.6177,3.6235,48.9072,65.0529,0.5157,0.2358,84.5385,5.1854,1.0221,0.3924,-0.9099,0.3591,0.278,0.139,88.1625,101.147,0.952,0.2709,0.4916,0.1285,0.3213,0.3972,0.1229,72.8224,39.7591,72.5263,70.049,67.1002,59.8848,58.6917,62.9214,Warning,0,1,1,0,1,0,0,0,Memory_leak,2,12,0.3764,0.5244,-0.9628
2026-09-02 05:13:00,51.6906,3.8894,43.6344,60.5247,0.5285,0.2097,84.5551,5.2278,0.9893,0.3879,-0.9679,0.3381,0.3912,0.1672,90.4384,102.1115,0.9596,0.2956,0.3896,0.1441,0.272,0.376,0.1781,73.9326,36.6101,75.0922,69.8231,67.7184,56.7985,55.8276,60.4716,Warning,0,1,1,0,1,0,1,0,Memory_leak,2,13,0.4056,0.5154,-1.0004
2026-09-02 05:14:00,53.8085,4.0046,45.6025,62.8153,0.6212,0.2636,89.072,5.1348,1.0404,0.4301,-0.9045,0.3582,0.394,0.1665,85.0954,100.0203,1.0602,0.358,0.4932,0.1387,0.3364,0.412,0.1522,72.6753,39.9363,73.5972,67.2359,67.267,56.976,57.2899,61.303,Warning,0,1,1,0,1,0,0,0,Memory_leak,2,12,0.375,0.5125,-0.8498
2026-09-02 05:15:00,55.2567,3.9683,47.0979,64.2091,0.5166,0.1816,86.8787,5.3166,1.16,0.3916,-0.9063,0.3542,0.3834,0.1236,88.9654,98.8578,1.037,0.2993,0.5954,0.1386,0.4334,0.3562,0.1493,72.6455,40.2193,72.7278,67.5791,66.3586,58.7267,55.8899,60.5661,Warning,0,1,1,0,1,0,0,0,Memory_leak,2,13,0.3846,0.464,-0.8916
2026-09-02 05:16:00,51.5562,3.9823,43.3792,60.5296,0.4305,0.1708,81.0301,4.818,1.0056,0.3869,-0.7197,0.3522,0.2866,0.1374,84.5634,96.931,0.9503,0.2816,0.5165,0.1094,0.2904,0.4239,0.1371,74.5503,44.8019,78.7131,72.8134,67.5976,60.1254,61.3263,65.5442,Warning,0,1,1,0,1,0,0,0,Memory_leak,2,11,0.3561,0.464,-0.8682
2026-09-02 05:17:00,53.5229,3.6612,45.7633,62.0147,0.5049,0.1959,86.937,6.3172,1.1117,0.4062,-0.9505,0.4048,0.3308,0.1206,88.5793,99.5656,1.0621,0.3213,0.5415,0.1475,0.3572,0.3835,0.1487,72.5707,40.0685,73.8934,70.0813,66.4536,58.5971,59.9243,62.212,Warning,0,1,1,0,1,0,0,0,Memory_leak,2,11,0.4008,0.5434,-0.7748
2026-09-02 05:18:00,56.8343,4.2233,48.344,66.1692,0.4579,0.2054,88.3381,5.2001,1.1034,0.4057,-0.9095,0.3523,0.3953,0.1333,91.8143,103.8977,1.0638,0.3383,0.5811,0.134,0.3868,0.384,0.2007,71.2853,37.375,76.3793,69.3707,66.0625,61.2355,56.4445,62.0026,Warning,0,1,1,0,1,0,1,0,Memory_leak,2,11,0.3967,0.5692,-0.8615
2026-09-02 05:19:00,59.8062,4.3073,51.2067,69.2671,0.4983,0.2226,90.1678,5.0056,0.9822,0.4165,-0.8472,0.3854,0.4195,0.1305,87.085,97.3851,0.8629,0.3158,0.4385,0.1145,0.359,0.3974,0.137,73.6225,37.4144,73.9092,69.4277,68.7621,58.8241,57.36,62.4863,Warning,0,1,1,0,1,0,0,0,Memory_leak,2,13,0.4027,0.5402,-0.9512
2026-09-02 05:20:00,59.4367,4.3053,50.8399,68.8946,0.5231,0.1794,90.7851,5.3786,1.203,0.425,-0.9119,0.3625,0.3992,0.1697,94.7849,106.0068,1.0049,0.3339,0.4563,0.1514,0.3667,0.4586,0.1542,72.182,33.5509,73.8793,66.66,66.3049,54.9284,56.712,58.7499,Degraded,0,1,1,0,1,0,1,0,Memory_leak,3,11,0.4212,0.588,-1.0011
2026-09-02 05:21:00,54.7053,3.7071,46.8861,63.2659,0.5542,0.2082,90.2703,5.5276,1.1361,0.4256,-0.8626,0.3547,0.3013,0.1317,92.5119,103.1537,1.0691,0.3613,0.5413,0.1546,0.3913,0.4485,0.1609,72.6301,37.0682,72.617,70.159,64.5832,57.4347,56.3947,59.9266,Degraded,0,1,1,0,1,0,1,0,Memory_leak,3,12,0.3855,0.5378,-1.0166
2026-09-02 05:22:00,56.5174,4.07,48.2263,65.6225,0.6251,0.2206,92.4127,5.6503,1.1486,0.4551,-0.9237,0.3556,0.4349,0.1488,90.6056,102.1612,1.0767,0.3196,0.5603,0.1689,0.3027,0.4191,0.1659,72.6171,35.7741,72.0055,67.9074,64.2871,54.9762,54.8664,59.7086,Degraded,0,1,1,0,1,0,1,0,Memory_leak,3,14,0.3795,0.605,-0.8559
2026-09-02 05:23:00,58.7685,3.5638,51.1356,67.1143,0.6864,0.1951,84.2106,5.4102,1.0041,0.4012,-0.8156,0.3277,0.3291,0.1335,88.9466,101.8746,1.0439,0.326,0.4565,0.1327,0.3899,0.4207,0.1659,74.4737,43.4265,77.2557,73.4998,67.6905,60.2273,63.9452,64.8099,Warning,0,1,1,0,1,0,0,0,Memory_leak,2,11,0.3571,0.4875,-0.7167
2026-09-02 05:24:00,56.7084,3.9589,48.5618,65.6467,0.4306,0.2073,91.4292,5.751,1.1151,0.4098,-1.0014,0.3776,0.3466,0.1579,86.6337,100.0823,1.0319,0.34,0.4857,0.1529,0.3914,0.3848,0.1613,75.7046,39.8412,70.4409,67.203,68.8096,57.0216,54.4073,62.432,Warning,0,1,1,0,1,0,0,0,Memory_leak,2,11,0.354,0.5614,-0.8781
2026-09-02 05:25:00,54.8376,4.6464,45.7973,64.8072,0.5055,0.1919,88.5828,6.3912,1.0808,0.3995,-1.0036,0.3691,0.3328,0.1543,86.7305,99.7423,1.0262,0.3336,0.5484,0.1258,0.3082,0.4336,0.1421,71.2695,37.529,73.604,69.4035,64.7519,59.9584,54.7339,61.1978,Warning,0,1,1,0,1,0,0,0,Memory_leak,2,13,0.3792,0.5399,-0.8788
2026-09-02 05:26:00,54.0481,3.7491,46.1743,62.6717,0.5504,0.2338,88.5662,5.1123,1.0832,0.4152,-0.94,0.3738,0.3507,0.1531,91.3376,104.9673,0.9639,0.3105,0.5054,0.1391,0.4022,0.4505,0.135,73.1461,39.0925,74.4425,69.5028,67.4921,59.4,57.3696,62.3861,Warning,0,1,1,0,1,0,1,0,Memory_leak,2,12,0.3671,0.4827,-0.7656
2026-09-02 05:27:00,57.6317,4.4118,48.8963,67.2494,0.6338,0.2038,88.7704,6.2208,1.1256,0.4664,-0.9422,0.3935,0.3889,0.1582,91.6122,104.9204,1.09,0.3444,0.5283,0.1581,0.452,0.3951,0.1828,72.6378,35.9888,72.1104,68.625,63.7911,54.3882,55.8166,59.6766,Degraded,0,1,1,0,1,0,1,0,Memory_leak,3,14,0.3938,0.5785,-1.0544
2026-09-02 05:28:00,53.7271,3.8046,45.7812,62.4339,0.5854,0.261,91.798,5.3815,1.1289,0.4239,-0.9325,0.398,0.3354,0.1519,90.2475,100.6985,0.9236,0.3567,0.5173,0.1449,0.3926,0.2895,0.1592,71.0043,36.5034,70.4907,67.9823,62.2986,56.4711,53.6577,59.7227,Degraded,0,1,1,0,1,0,1,0,Memory_leak,3,13,0.3958,0.5521,-0.9092
2026-09-02 05:29:00,56.484,4.2707,47.932,65.8901,0.6443,0.2031,90.7008,5.3207,1.1132,0.438,-0.9514,0.3829,0.3364,0.1617,90.7528,102.9255,1.089,0.2743,0.4906,0.1659,0.4273,0.3528,0.1762,73.9584,38.5176,73.1489,69.8703,63.1139,56.257,54.1813,60.8571,Warning,0,1,1,0,1,0,1,0,Memory_leak,2,13,0.3716,0.578,-0.9395
2026-09-02 05:30:00,59.4855,4.1809,51.0503,68.7568,0.5814,0.2287,96.1045,5.4269,1.1754,0.4747,-0.9744,0.4216,0.3978,0.1594,92.7145,105.1197,1.1156,0.3193,0.4723,0.1651,0.3632,0.4142,0.1727,73.7508,30.6461,68.6677,64.8986,62.6374,53.5099,50.948,58.5266,Degraded,0,1,1,0,1,0,1,0,Memory_leak,3,14,0.4005,0.6001,-0.9251
2026-09-02 05:31:00,57.7054,4.1308,49.3354,66.9016,0.5842,0.1955,94.4275,5.9684,1.1478,0.4357,-1.0418,0.4353,0.3453,0.1655,95.4623,107.4405,1.032,0.3227,0.5545,0.1493,0.4356,0.2814,0.1756,70.9647,34.2768,73.7828,64.674,63.3052,56.8527,52.1923,60.261,Warning,0,1,1,0,1,0,1,0,Memory_leak,2,13,0.3808,0.6087,-0.8834
2026-09-02 05:32:00,56.6189,3.8635,48.5964,65.4141,0.6123,0.2527,94.5867,5.5347,1.1626,0.4289,-1.0019,0.4584,0.3863,0.1599,97.0617,108.6115,1.0249,0.3855,0.5163,0.1677,0.4202,0.4057,0.156,69.8572,30.9308,70.2431,64.8188,64.6099,52.4363,54.2568,57.2511,Degraded,0,1,1,0,1,0,1,0,Memory_leak,3,13,0.434,0.5797,-1.1144
2026-09-02 05:33:00,57.7297,4.3146,49.1208,67.2016,0.6337,0.2099,93.4204,5.5174,1.1319,0.4495,-0.9926,0.4116,0.3442,0.1606,98.0779,109.3088,1.051,0.3577,0.5472,0.17,0.4199,0.4138,0.1928,69.3578,32.4481,70.1744,64.1882,60.76,53.08,54.442,57.1228,Degraded,0,1,1,0,1,0,1,0,Memory_leak,3,13,0.4386,0.6035,-1.1199
2026-09-02 05:34:00,59.2673,4.1842,50.8279,68.5436,0.5976,0.2035,94.4827,6.0619,1.1627,0.4472,-0.9666,0.3832,0.2907,0.1482,94.4685,105.4544,1.0985,0.3464,0.5604,0.1593,0.4046,0.3669,0.1733,69.1437,29.3002,69.76,69.1737,66.8691,57.657,52.0453,58.1576,Degraded,0,1,1,0,1,0,1,0,Memory_leak,3,14,0.4142,0.5777,-0.8677
2026-09-02 05:35:00,58.1547,3.9759,49.9861,67.1185,0.6308,0.1994,96.0802,5.454,1.1385,0.4429,-0.9972,0.4559,0.4256,0.1634,89.7099,102.5544,1.1066,0.3834,0.4575,0.168,0.4438,0.4662,0.1373,69.8767,31.5205,70.2545,64.3092,63.5387,55.1869,55.5014,58.7192,Degraded,0,1,1,0,1,0,0,0,Memory_leak,3,14,0.4245,0.5673,-1.0473
2026-09-02 05:36:00,58.9921,3.9467,50.8614,67.9122,0.6358,0.2349,94.4996,5.7489,1.1484,0.4293,-0.9865,0.4074,0.4112,0.1486,91.9112,103.6165,1.0356,0.3679,0.5141,0.1697,0.4351,0.3891,0.2076,69.1518,33.4211,71.6147,67.154,62.9204,52.4011,56.6999,58.1114,Degraded,0,1,1,0,1,0,1,0,Memory_leak,3,13,0.437,0.5926,-1.0117
2026-09-02 05:37:00,56.2199,3.9051,48.1432,65.0776,0.5704,0.1845,94.5765,5.6008,1.1763,0.4456,-1.0413,0.4119,0.3485,0.1597,94.1409,110.1186,1.0928,0.3302,0.566,0.167,0.4173,0.3874,0.1707,72.7065,31.8054,70.1067,66.1998,62.2778,54.5262,52.0679,57.1054,Degraded,0,1,1,0,1,0,1,0,Memory_leak,3,12,0.4138,0.5935,-1.0069
2026-09-02 05:38:00,56.5176,4.3167,47.9059,65.9927,0.5766,0.2249,89.6178,5.784,1.1716,0.4395,-0.9842,0.4164,0.3966,0.1485,96.7565,111.234,1.0026,0.3529,0.595,0.1477,0.4883,0.3661,0.1697,72.2718,30.2053,71.6786,66.7646,64.5204,56.98,52.9172,58.9224,Degraded,0,1,1,0,1,0,1,0,Memory_leak,3,13,0.4295,0.5916,-1.0374
2026-09-02 05:39:00,57.2394,4.2306,48.7397,66.5853,0.5972,0.2404,97.5604,5.874,1.1215,0.4517,-0.9591,0.3955,0.4628,0.1455,92.5867,104.7848,1.16,0.352,0.5416,0.1727,0.3298,0.4707,0.1705,70.2559,31.0585,66.9229,67.1101,61.0684,53.4915,51.7261,57.7974,Degraded,0,1,1,0,1,0,1,0,Memory_leak,3,12,0.4125,0.6109,-1.0931
2026-09-02 05:40:00,61.2239,4.2306,52.7242,70.5698,0.627,0.2562,96.3503,5.9869,1.207,0.4792,-0.9523,0.4356,0.4308,0.172,87.7074,99.7756,1.1312,0.36,0.5541,0.178,0.4632,0.4737,0.1719,72.1004,28.4442,70.0884,69.5031,64.5893,53.1447,54.9714,59.0111,Degraded,0,1,1,0,1,0,1,0,Memory_leak,3,15,0.4247,0.5899,-1.0085
2026-09-02 05:41:00,59.5845,4.4057,50.857,69.1931,0.619,0.2207,97.2244,5.7498,1.215,0.4683,-0.8653,0.4459,0.386,0.1483,91.8609,104.2054,1.1117,0.3758,0.4886,0.1584,0.3574,0.4364,0.1736,70.3136,28.385,70.0015,66.4756,61.4787,49.5114,51.335,55.7496,Degraded,0,1,1,0,1,0,1,0,Memory_leak,3,15,0.4319,0.6167,-1.0128
2026-09-02 05:42:00,59.1696,4.2659,50.624,68.5685,0.7112,0.1896,91.3334,5.4774,1.2321,0.389,-0.9449,0.4161,0.4121,0.1317,93.3112,103.9355,1.0981,0.3814,0.5053,0.1525,0.3587,0.433,0.1764,68.5365,31.9898,71.6393,68.8114,67.6034,58.1841,55.171,60.589,Warning,0,1,1,0,1,0,1,0,Memory_leak,2,14,0.3762,0.6115,-1.0592
2026-09-02 05:43:00,60.2343,3.9227,52.1348,69.1183,0.521,0.2264,98,5.5611,1.0939,0.4846,-0.9997,0.395,0.3589,0.1659,93.6013,105.0025,1.0629,0.3319,0.4984,0.1542,0.4015,0.4401,0.1893,69.0339,30.6941,71.4156,64.8219,62.1503,51.3992,52.9486,56.6997,Degraded,0,1,1,0,1,0,1,0,Memory_leak,3,13,0.4308,0.6337,-0.9404
2026-09-02 05:44:00,58.3166,3.8985,50.2486,67.1643,0.7,0.2515,93.7297,5.6805,1.1967,0.4097,-0.9429,0.4078,0.4316,0.1481,93.1854,103.8852,1.128,0.3538,0.5986,0.1681,0.3569,0.4401,0.179,71.9522,31.1879,69.2284,66.8306,60.4494,52.9472,53.7083,57.5203,Degraded,0,1,1,0,1,0,1,0,Memory_leak,3,13,0.4165,0.6083,-1.1099
2026-09-02 05:45:00,57.4987,4.3167,48.8869,66.9738,0.651,0.2017,97.0671,5.7397,1.1254,0.4693,-1.001,0.4092,0.3849,0.1631,97.7569,110.1905,1.0667,0.3596,0.4733,0.1863,0.3739,0.3987,0.1645,73.0248,28.7479,69.2623,68.4805,63.0352,52.3634,53.2346,57.0521,Degraded,0,1,1,0,1,0,1,0,Memory_leak,3,13,0.4032,0.6579,-1.0946
2026-09-02 05:46:00,59.4511,4.3993,50.732,69.0501,0.6801,0.2049,95.4841,5.5651,1.1066,0.4577,-1.1102,0.4094,0.3818,0.1768,90.4765,102.7564,1.2259,0.3789,0.6071,0.163,0.4015,0.4738,0.1582,70.3096,30.0637,70.2268,65.0312,66.0671,55.9567,50.1857,58.9919,Degraded,0,1,1,0,1,0,1,0,Memory_leak,3,13,0.4136,0.6085,-1.1528
2026-09-02 05:47:00,58.3097,4.304,49.7145,67.7656,0.6385,0.2264,98,6.0159,1.1877,0.4565,-1.0561,0.4076,0.4451,0.1598,98.2714,114.1565,1.2701,0.3565,0.5587,0.1916,0.3914,0.4163,0.1683,68.4801,31.5098,68.5701,66.0186,61.6856,51.9557,52.2306,55.8426,Degraded,0,1,1,0,1,0,1,0,Memory_leak,3,15,0.4417,0.6972,-0.9376
2026-09-02 05:48:00,60.0075,4.2125,51.5312,69.3262,0.7473,0.2671,93.2925,5.9358,1.1942,0.4759,-1.0917,0.3957,0.3638,0.1545,96.646,108.901,1.1455,0.365,0.5906,0.1824,0.4596,0.5407,0.169,68.8831,25.299,69.6557,65.8297,61.4586,50.8,51.4567,55.4405,Degraded,0,1,1,0,1,0,1,0,Memory_leak,3,13,0.4551,0.6301,-1.0499
2026-09-02 05:49:00,61.1756,4.0052,52.9688,70.1834,0.615,0.2528,95.1021,6.1192,1.1943,0.4564,-1.0341,0.4022,0.3633,0.1679,97.5242,109.5494,1.1029,0.3407,0.5467,0.1698,0.4478,0.3943,0.1627,70.1637,28.9462,68.6995,65.4236,64.2158,54.387,54.0394,57.6583,Degraded,0,1,1,0,1,0,1,0,Memory_leak,3,14,0.4055,0.611,-0.9591
2026-09-02 05:50:00,60.0827,4.4741,51.2664,69.7938,0.6503,0.2136,95.7706,5.7792,1.2086,0.4785,-1.0223,0.4065,0.4135,0.1687,98.9897,110.177,1.1979,0.3413,0.5737,0.1598,0.4288,0.3747,0.1839,71.8994,27.1843,69.7207,66.3597,62.2658,51.7924,48.874,57.1606,Degraded,0,1,1,0,1,0,1,0,Memory_leak,3,14,0.4096,0.6815,-1.1603
2026-09-02 05:51:00,58.6949,5.2269,48.8999,69.5353,0.6542,0.2464,97.4978,5.817,1.2135,0.4542,-0.9925,0.4149,0.3975,0.1482,99.3476,110.8584,1.0659,0.3777,0.6348,0.1903,0.3764,0.4029,0.1715,70.9141,27.0797,70.4111,64.8483,60.9149,52.1609,51.5416,53.6622,Degraded,0,1,1,0,1,0,1,0,Memory_leak,3,14,0.4721,0.6472,-0.9988
2026-09-02 05:52:00,60.1228,4.3342,51.4883,69.6241,0.6184,0.2352,97.9136,5.7701,1.2103,0.4768,-0.9587,0.453,0.4056,0.1706,98.8505,110.5559,1.1553,0.4107,0.6055,0.1718,0.4485,0.4997,0.1699,66.9272,25.6707,68.3871,65.6763,60.4275,51.882,50.4336,56.4169,Degraded,0,1,1,0,1,0,1,0,Memory_leak,3,15,0.4437,0.6372,-1.112
2026-09-02 05:53:00,62.1386,4.0787,53.8363,71.2566,0.5734,0.2435,95.877,5.7271,1.1702,0.4562,-1.0285,0.4197,0.377,0.1571,94.7676,105.9361,1.1383,0.3322,0.5227,0.178,0.4452,0.419,0.1721,68.7239,26.5326,68.8419,64.4624,64.0981,51.9508,48.4762,55.9631,Degraded,0,1,1,0,1,0,1,0,Memory_leak,3,14,0.458,0.6945,-1.1244
2026-09-02 05:54:00,60.8772,4.2079,52.407,70.189,0.6492,0.2522,94.3383,6.0943,1.2228,0.4599,-1.0898,0.4552,0.4948,0.1427,98.0539,112.2828,0.9981,0.3897,0.5611,0.1854,0.4566,0.4566,0.1773,67.8285,26.3557,69.0912,64.2167,60.0049,49.4331,50.7783,54.2067,Degraded,0,1,1,0,1,0,1,0,Memory_leak,3,14,0.484,0.6612,-1.0971
2026-09-02 05:55:00,56.4072,4.275,47.8497,65.8197,0.6471,0.1893,96.6782,6.0326,1.2058,0.4799,-1.0248,0.4373,0.3193,0.1485,95.697,109.1019,1.1156,0.2986,0.5518,0.1732,0.4266,0.4358,0.1624,71.9913,29.5089,67.8982,66.5939,61.9035,53.4332,52.4401,58.6695,Degraded,0,1,1,0,1,0,1,0,Memory_leak,3,14,0.3949,0.58,-0.9596
2026-09-02 05:56:00,62.5262,4.6242,53.5147,72.4625,0.5641,0.2713,95.0007,5.9927,1.2241,0.4711,-1.1434,0.4397,0.3959,0.1894,95.6816,108.2006,1.1864,0.4174,0.6288,0.1992,0.464,0.4607,0.163,70.077,28.6226,67.0847,64.9003,60.8415,51.2926,50.4037,55.2444,Degraded,0,1,1,0,1,0,1,0,Memory_leak,3,15,0.4447,0.697,-1.0209
2026-09-02 05:57:00,59.5543,4.2496,51.0299,68.9288,0.7584,0.2408,98,5.897,1.2135,0.5121,-1.1087,0.4212,0.4782,0.1731,101.8824,114.761,1.2021,0.3493,0.5391,0.1794,0.3566,0.4807,0.1753,66.8962,25.0043,70.1226,65.9994,60.9278,50.7355,48.4278,56.4364,Degraded,0,1,1,0,1,0,1,0,Memory_leak,3,15,0.453,0.6743,-1.1461
2026-09-02 05:58:00,58.9623,4.4178,50.2192,68.589,0.6093,0.2496,96.3341,5.8883,1.1719,0.4332,-0.9858,0.3984,0.3595,0.1624,92.5672,105.0493,0.9954,0.3594,0.5479,0.1824,0.4564,0.4512,0.176,70.9785,28.9691,68.3422,66.5267,61.1387,50.4914,49.1422,56.5519,Degraded,0,1,1,0,1,0,1,0,Memory_leak,3,15,0.4473,0.6193,-1.1245
2026-09-02 05:59:00,62.1699,4.4686,53.3607,71.8727,0.6561,0.2228,96.6571,5.7877,1.2118,0.495,-0.9828,0.4427,0.4169,0.1595,101.1366,113.5424,1.231,0.3555,0.5744,0.1892,0.4214,0.3936,0.2,66.4149,28.8138,65.4388,62.8177,63.0696,51.4355,48.8859,55.0965,Degraded,0,1,1,0,1,0,1,0,Memory_leak,3,13,0.447,0.6696,-1.1641
2026-09-02 06:00:00,31.9934,2.4939,25.7513,38.7342,-0.0047,0.0355,36.1633,1.8716,0.0768,0.0508,-0.063,-0.0014,0.0891,0.0342,48.5693,53.1318,0.0587,0.0542,0.1277,0.0153,0.1324,0.0027,0.0204,96.7626,97.125,92.045,95.0766,92.513,93.676,95.0281,94.8611,Excellent,0,0,0,0,0,0,0,0,None,0,0,0.0573,0.0925,0
2026-09-02 06:01:00,36.4084,2.1445,30.6206,42.6251,-0.0025,0.033,35.4846,1.4499,0.0952,-0.018,0.0327,0.0438,0.0532,0.0262,46.7865,52.1934,0.014,0.0244,0.0158,0.0154,0.0063,0.034,0.0162,97.2148,96.035,96.2443,93.0977,93.8936,93.6182,91.9825,93.8129,Excellent,0,0,0,0,0,0,0,0,None,0,0,0.0656,0.0001,-0.069
2026-09-02 06:02:00,36.2423,2.5077,29.9823,43.0039,0.1315,0.025,35.2441,2.1764,0.1433,0.0027,-0.0539,0.0607,0.153,0.0452,45.3492,49.2515,0.1837,0.0529,0.1463,0.021,0.0751,-0.0219,0.0258,97.0469,96.4902,91.3243,93.2724,94.0686,96.3017,97.0073,94.63,Excellent,0,0,0,0,0,0,0,0,None,0,0,0.0318,0.0327,-0.0309
2026-09-02 06:03:00,29.0565,2.2118,23.1811,35.3742,-0.0325,-0.002,33.6677,1.4867,0.0794,0.0434,-0.0088,0.0158,0.0636,0.0053,46.2674,55.0582,0.0925,0.0235,0.1028,0,0.0377,0.0311,0.0082,95.2385,96.296,98.6411,98.3891,97.2848,96.9922,97.8463,96.5902,Excellent,0,0,0,0,0,0,0,0,None,0,0,0.0394,0.0373,-0.0547
2026-09-02 06:04:00,34.0691,2.0669,28.3821,40.1695,-0.0206,0.043,35.924,1.3763,0.0089,0.0061,-0.0281,0.0275,0.0019,0.0566,49.4351,54.5368,0.1694,0.0127,0.0498,0,-0.0186,-0.0242,0.024,95.1455,95.1975,93.1125,95.5449,96.4099,95.4587,99.9756,96.8283,Excellent,0,0,0,0,0,0,0,0,None,0,0,0.0102,0.0689,0
2026-09-02 06:05:00,31.5147,2.0429,25.8589,37.579,0.2188,0.0311,35.4236,1.5459,-0.0066,0.0251,0.0482,0.0203,0.0757,0.0191,53.8549,63.4605,0.2188,0.0385,0.0217,0.0141,0.0182,0.0099,0.0164,94.548,96.8793,93.809,93.788,92.8967,97.0197,97.0859,95.4483,Excellent,0,0,0,0,0,0,0,0,None,0,0,0.0406,0.0487,0
2026-09-02 06:06:00,32.0021,2.0867,26.2893,38.1321,0.0026,0.0094,32.7955,1.623,0.1625,-0.0081,-0.058,0.0292,-0.0329,0.0242,45.4459,50.3341,0.1246,0.0197,0.041,0.0241,-0.0312,0.029,0.0239,96.8045,97.0737,99.0519,99.4989,94.1874,97.3948,98.785,97.6407,Excellent,0,0,0,0,0,0,0,0,None,0,0,0.0158,0.0818,-0.0856
2026-09-02 06:07:00,29.897,2.4658,23.6914,36.5957,0.0714,0.0101,36.112,1.6966,0.0582,0.0105,-0.0345,0.0129,0.1127,0.0452,47.5623,52.7584,0.12,0.0444,0.1897,0.0061,0.1087,0.0741,0.0194,94.307,93.8774,97.2986,95.6718,96.192,94.73,96.3108,95.4944,Excellent,0,0,0,0,0,0,0,0,None,0,0,0.0245,0.0653,0
2026-09-02 06:08:00,31.2164,2.7909,24.5882,38.4028,0.1568,0.0365,41.2887,1.4827,0.0918,0.0214,-0.1039,0.0238,0.0504,0.0255,49.411,54.2218,0.1511,0.0604,0.1253,0.0132,0.0969,0.0229,0.0276,93.7354,93.6336,92.4725,91.3202,93.1219,91.9493,96.9741,94.8013,Excellent,0,0,0,0,0,0,0,0,None,0,0,0.0806,0.0883,-0.1906
2026-09-02 06:09:00,33.0933,2.6085,26.7022,40.0061,-0.0298,0.001,32.6469,1.4557,0.0481,0.0127,-0.1008,0.0261,0.0339,0.0156,45.4936,48.9529,0.1088,0.033,0.119,0.015,0.0928,0.0807,-0.0055,97.4544,98.9907,94.2253,99.3493,93.4464,95.4152,96.8534,96.9164,Excellent,0,0,0,0,0,0,0,0,None,0,0,0.0359,0.0979,0
2026-09-02 06:10:00,26.134,2.0329,20.4912,32.1833,0.1556,0.013,37.7194,2.0906,0.1674,0.0001,-0.0212,-0.0102,0.1077,0.0056,48.1555,52.1254,0.1829,0.0329,0.137,0,0.0317,0.0484,0.0175,97.4112,93.0765,93.7931,95.7407,91.8487,94.8119,96.4081,94.3724,Excellent,0,0,0,0,0,0,0,0,None,0,0,0.0601,0.0741,-0.0587
2026-09-02 06:11:00,30.0418,2.4302,23.8826,36.687,0.0492,-0.0001,36.346,1.6946,0.0694,0.043,-0.0101,-0.0088,0.0656,0.0106,48.5153,53.3159,-0.0104,0.0647,0.1021,0.0229,0.0647,0.0144,0.0124,98.0219,97.0749,96.7562,97.2026,94.6893,95.4557,95.4974,96.319,Excellent,0,0,0,0,0,0,0,0,None,0,0,0.0418,0.089,-0.0046
2026-09-02 06:12:00,32.2241,2.0519,26.5566,38.302,0.0505,0.0104,33.6671,1.4663,0.0275,0.0386,-0.0194,0.0213,0.051,0.0273,45.9056,50.4042,0.1423,-0.0611,-0.0142,0.0041,0.09,0.0601,0.0349,94.8285,94.0582,94.5383,93.8883,92.219,95.3198,97.65,94.6966,Excellent,0,0,0,0,0,0,0,0,None,0,0,0.0345,0.1186,-0.0709
2026-09-02 06:13:00,29.9934,1.9241,24.4921,35.8795,0.0815,0.0193,32.6997,1.577,0.0622,0.0322,-0.0682,-0.014,0.0511,-0.0084,49.6591,54.166,0.0519,-0.0182,0.0169,0.012,0.0903,0.0565,0.0176,97.8148,97.116,97.1454,99.8864,96.9833,100,98.2659,98.0992,Excellent,0,0,0,0,0,0,0,0,None,0,0,0.0209,0.0006,-0.217
2026-09-02 06:14:00,30.4397,2.0035,24.8352,36.4449,0.0113,0.0331,34.3774,1.515,-0.046,0.0353,0.0622,0.0062,0.0143,0.0104,48.0032,53.6588,0.0274,0.038,0.1937,0.0098,0.0369,0.048,0.0141,95.6127,98.6398,94.7569,95.7214,94.8536,91.3724,95.0675,94.5676,Excellent,0,0,0,0,0,0,0,0,None,0,0,0.0684,0.0525,-0.0786
2026-09-02 06:15:00,32.3185,2.066,26.6327,38.4175,0.1149,-0.0229,35.8286,1.4594,-0.0095,0.0199,-0.0877,-0.0079,0.0437,0.0134,51.5721,58.4927,0.0392,0.0554,0.0652,0.012,0.1031,0.0551,0.02,96.8436,95.4937,95.2329,95.1658,93.552,95.1076,93.949,94.2709,Excellent,0,0,0,0,0,0,0,0,None,0,0,0.0578,0.0453,-0.0697
2026-09-02 06:16:00,33.8082,2.0507,28.1423,39.8842,0.2159,0.0502,36.1078,1.5609,0.0899,0.0295,-0.0579,-0.0048,0.1151,0.0338,49.6312,53.7261,0.1697,0.1043,0.1456,0.0182,0.0391,0.0323,0.0124,94.6365,97.2554,93.8986,91.9194,92.7353,96.2185,97.7685,95.4905,Excellent,0,0,0,0,0,0,0,0,None,0,0,0.0541,0.0663,-0.019
2026-09-02 06:17:00,27.6384,2.2103,21.765,33.9538,0.1841,0.0448,36.4912,1.6448,0.0305,0.0421,0.0473,0.0248,0.0513,0.017,45.7961,49.2828,0.0685,0.0226,0.0556,0,0.0214,-0.0182,-0.0008,96.2862,97.8449,95.1787,94.5049,92.6245,96.9063,100,95.9218,Excellent,0,0,0,0,0,0,0,0,None,0,0,0.0463,0.0394,-0.0241
2026-09-02 06:18:00,37.9716,2.9297,31.163,45.3662,0.0933,0.0546,37.8883,1.7886,0.0948,0.0391,-0.0767,0.0477,0.1354,0.0391,52.6474,56.7078,0.1714,0.0359,0.1612,0.0323,0.0319,0.093,-0.0002,96.5407,99.0194,91.0217,90.8525,90.7033,91.7254,93.9933,92.6588,Excellent,0,0,0,0,0,0,0,0,None,0,0,0.0677,0.0972,0
2026-09-02 06:19:00,33.7234,3.2506,26.4976,41.5993,0.0901,0.0496,38.2818,1.506,0.0935,0.0314,-0.1121,0.0141,0.1318,0.038,50.5452,54.7743,0.1024,0.0546,0.1426,0.0176,0.0185,0.0379,0.0184,96.6435,98.9166,92.8971,92.9863,93.3687,91.394,92.6483,94.4599,Excellent,0,0,0,0,0,0,0,0,None,0,0,0.0449,0.061,-0.2114
2026-09-02 06:20:00,32.6371,2.0612,26.9575,38.7288,0.1309,0.0396,33.7883,1.8568,-0.0487,0.0362,-0.033,0.0357,0.0907,0.0263,52.6195,58.8665,0.1329,0.0382,0.1232,0,0.0414,0.0494,0.0175,95.5979,95.9947,94.8135,91.896,92.9033,96.1577,93.5345,94.6578,Excellent,0,0,0,0,0,0,0,0,None,0,0,0.0574,0.0543,-0.027
2026-09-02 06:21:00,33.5249,2.2218,27.6365,39.8576,0.2738,0.0069,34.9266,1.7704,0.051,-0.0085,-0.07,0.0357,0.0809,0.014,51.2148,57.2838,0.1531,0.0241,0.1111,0.0128,0.1319,-0.0342,0.0263,95.0856,97.3843,93.565,92.9707,90.763,93.9211,97.262,94.1467,Excellent,0,0,0,0,0,0,0,0,None,0,0,0.0695,0.0789,-0.2117
2026-09-02 06:22:00,28.8712,2.6847,22.3811,35.8983,0.0263,0.0214,38.945,2.2409,0.0661,0.0104,0.0354,-0.0185,0.1444,0.0327,48.1618,54.5364,0.0228,0.07,0.0732,0.0031,0.0946,0.0797,0.0147,96.6814,96.4051,93.9154,94.4717,93.752,96.8614,99.5642,97.1196,Excellent,0,0,0,0,0,0,0,0,None,0,0,0.0139,0.0406,-0.0122
2026-09-02 06:23:00,34.499,2.1498,28.7043,40.7237,0.0797,0.0342,35.9467,1.8025,0.0787,0.0007,-0.0516,0.0164,0.1075,0.035,49.5931,54.6849,0.053,0.0788,0.1091,0.028,0.0863,0.1005,0.0086,96.1405,96.8648,94.8025,92.8355,92.9285,96.4408,96.9622,95.1141,Excellent,0,0,0,0,0,0,0,0,None,0,0,0.0428,0.0639,0
2026-09-02 06:24:00,30.6567,2.4795,24.4333,37.3759,0.0563,0.0116,35.1825,1.7772,0.026,0.0362,-0.0933,-0.0203,0.002,0.0593,48.8129,52.5965,-0.0396,0.0456,0.1337,0,-0.0355,0.0188,0.0195,97.1741,94.5047,96.1683,94.1516,93.9391,97.0925,98.2128,95.571,Excellent,0,0,0,0,0,0,0,0,None,0,0,0.0431,0.0909,-0.0962
2026-09-02 06:25:00,35.0291,2.3531,28.97,41.5587,0.0633,0.0004,37.1301,1.472,0.1789,0.0211,-0.0334,0.073,0.1359,0.0315,51.1546,56.6093,0.2261,0.0426,0.1552,0.0025,0.0951,0.0614,0.0129,96.2329,96.8583,92.2815,89.666,91.4494,93.5644,97.0084,94.3339,Excellent,0,0,0,0,0,0,0,0,None,0,0,0.0573,0.1157,-0.1607
2026-09-02 06:26:00,31.1527,2.0326,25.5103,37.2016,0.0434,0.0466,34.9898,1.3763,-0.0284,-0.0177,-0.0401,0.0264,0.1288,0.0339,44.1711,50.3761,0.0216,0.0243,0.0784,0.003,0.0603,0.0941,0.018,96.4459,97.5254,93.6321,94.245,97.0399,96.1166,95.6659,95.2427,Excellent,0,0,0,0,0,0,0,0,None,0,0,0.0408,0.0651,-0.0733
2026-09-02 06:27:00,32.9834,2.1381,27.2039,39.1904,0.0587,0.0286,36.4946,1.3895,-0.0128,0.0259,0.0117,0.0108,0.0989,0.0232,50.3212,54.409,0.1702,0.0056,0.1147,0.0108,0.0458,0.0847,0.0232,94.1491,95.4672,93.9281,95.5216,94.8811,93.3722,94.446,93.8679,Excellent,0,0,0,0,0,0,0,0,None,0,0,0.0739,0.0373,-0.1426
2026-09-02 06:28:00,32.4068,2.479,26.1841,39.1252,0.1769,0.0391,38.3634,1.4691,0.1769,0.0401,-0.0467,0.0414,0.0819,0.0243,47.7291,51.438,0.1017,-0.0049,0.1303,0,-0.0406,0.0665,0.012,95.4307,95.6008,96.2524,94.3564,90.7787,94.9224,97.5823,95.6756,Excellent,0,0,0,0,0,0,0,0,None,0,0,0.0285,0.0606,-0.0824
2026-09-02 06:29:00,30.8981,2.3213,24.8805,37.38,0.0315,0.0043,39.5106,1.6829,0.0469,0.0194,-0.0433,0.0015,0.0754,0.055,45.4001,50.0248,0.1337,0.0514,0.124,0.0137,0.1802,0.1,0.0202,96.3011,95.4127,96.175,93.1981,90.6591,95.0024,95.4474,94.6901,Excellent,0,0,0,0,0,0,0,0,None,0,0,0.0582,0.0916,-0.0755
2026-09-02 06:30:00,32.6593,2.3555,26.5971,39.1925,0.0747,0.035,37.1583,2.2239,-0.0196,0.0162,0.0002,0.0614,0.0689,0.042,47.9386,53.0487,0.2777,0.0507,0.1162,0.0223,0.1073,-0.0043,0.017,93.9845,96.7728,92.7099,91.9367,89.4322,93.2467,96.5258,92.998,Excellent,0,0,0,0,0,0,0,0,None,0,0,0.0657,0.0709,-0.128
2026-09-02 06:31:00,30.8194,2.2091,24.9475,37.1331,0.1282,0.0393,38.6316,1.7042,0.0545,0.0244,-0.097,-0.0241,0.1454,0.0342,48.8007,54.9001,0.1625,0.0319,0.2282,0.007,0.1228,0.1002,0.0268,94.5667,96.3247,93.8031,94.1283,90.5944,91.7829,94.7162,94.0476,Excellent,0,0,0,0,0,0,0,0,None,0,0,0.033,0.1105,-0.0606
2026-09-02 06:32:00,30.1519,2.3356,24.1156,36.6554,0.0084,0.041,40.3094,1.4296,0.1323,0.0374,-0.0284,0.0124,0.0691,0.0454,47.2219,50.8147,0.078,0.0414,0.1057,0.0086,0.1054,-0.0153,0.0067,96.4237,98.8036,91.9252,95.1603,93.487,95.9657,95.932,94.3043,Excellent,0,0,0,0,0,0,0,0,None,0,0,0.0637,0.0549,-0.1992
2026-09-02 06:33:00,30.5571,2.2172,24.6746,36.8829,0.0786,0.0194,33.7007,2.051,0.0356,-0.0016,-0.0047,0.0179,0.098,0.052,47.0327,52.2042,0.148,0.0606,0.1577,0.0051,0.0376,0.0404,0.0302,96.5877,96.1045,93.1812,94.429,94.854,93.4789,94.1242,95.3144,Excellent,0,0,0,0,0,0,0,0,None,0,0,0.0527,0.103,-0.0671
2026-09-02 06:34:00,33.1276,2.1843,27.288,39.404,0.1604,0.0312,38.0897,1.3909,0.1198,0.0038,0.0362,0.0172,0.1274,0.0443,49.0326,55.2564,0.2345,0.0397,0.1273,0.0161,0.0488,0.0036,0.0229,95.2235,96.2889,95.29,92.5707,94.0216,94.444,97.5035,94.8911,Excellent,0,0,0,0,0,0,0,0,None,0,0,0.0314,0.0726,-0.034
2026-09-02 06:35:00,32.5894,2.0937,26.8676,38.7299,0.1326,-0.0121,32.2294,1.7222,0.1357,0.0713,-0.007,-0.0059,0.0506,0.026,46.3529,50.6686,0.1385,0.0327,0.0764,0.0064,0.1063,0.1057,0.0297,96.017,100,97.4034,94.5421,93.5455,93.0189,95.5252,96.1325,Excellent,0,0,0,0,0,0,0,0,None,0,0,0.0523,0.053,-0.0026
2026-09-02 06:36:00,36.9916,3.2341,29.7873,44.8427,0.1229,0.0783,35.3385,1.5655,0.0254,0.0389,-0.0007,0.022,0.0963,0.0194,52.6347,58.5714,0.1141,0.041,0.1454,0.0141,0.1442,0.0597,0.019,93.4199,97.2466,93.6599,92.144,88.6612,92.7,96.8311,93.1199,Excellent,0,0,0,0,0,0,0,0,None,0,0,0.079,0.0696,-0.0977
2026-09-02 06:37:00,35.5117,2.5262,29.2276,42.3011,0.1243,0.0623,40.6964,1.8674,0.0172,0.0299,-0.1091,0.0213,0.0606,0.04,51.8349,57.5217,0.204,0.0639,0.269,0.0102,0.0517,0.0542,0.0136,94.1329,97.7454,88.6111,90.6223,90.8904,92.637,94.6561,93.2469,Excellent,0,0,0,0,0,0,0,0,None,0,0,0.0762,0.1102,-0.1162
2026-09-02 06:38:00,31.7229,2.2718,25.7695,38.1306,0.1227,0.0057,37.2455,1.909,0.0063,0.0026,-0.0739,0.0359,0.1163,0.0425,50.9411,54.9836,0.2667,0.0497,0.159,0.011,0.1215,0.0849,-0.0227,94.4107,95.5407,92.4791,92.5016,89.5074,92.1654,96.7767,92.5804,Excellent,0,0,0,0,0,0,0,0,None,0,0,0.0985,0.0803,-0.1675
2026-09-02 06:39:00,36.7563,2.181,30.921,43.0278,0.0231,0.0155,39.0679,1.9087,0.1348,0.0286,-0.0591,-0.0019,0.1024,0.0435,53.5293,57.9693,0.1975,0.0705,0.1154,0.0174,0.1089,0.0976,0.0567,94.2727,93.9614,91.4718,88.3299,89.7829,90.9117,94.3811,91.9513,Excellent,0,0,0,0,0,0,0,0,None,0,0,0.0851,0.1437,-0.111
2026-09-02 06:40:00,31.7131,2.3267,25.6885,38.2032,0.1184,0.051,35.8621,2.1393,0.0426,-0.0115,-0.034,0.0264,0.0462,0.0385,48.2909,52.2092,0.0006,0.0681,0.028,0,0.1063,0.0273,0.0107,94.0643,100,94.0082,95.6187,95.0351,95.0672,96.4248,96.4959,Excellent,0,0,0,0,0,0,0,0,None,0,0,0.0162,0.0334,-0.0328
2026-09-02 06:41:00,34.148,2.7801,27.5338,41.3182,0.2171,-0.0143,39.6469,1.8684,0.042,0.0388,-0.0285,0.0017,0.1016,0.0247,51.7767,58.6624,0.1668,0.0479,0.1567,0.0356,0.0176,0.0284,0.0131,96.9076,97.9798,92.0669,91.5308,91.5309,92.8192,92.6797,93.3424,Excellent,0,0,0,0,0,0,0,0,None,0,0,0.044,0.0329,-0.1075
2026-09-02 06:42:00,32.9023,2.5126,26.6359,39.6712,0.258,0.0612,38.3047,1.8014,0.0358,0.0208,-0.0117,0.0217,0.0464,0.0615,47.2604,52.6914,0.0854,0.0489,0.0878,0.0113,0.0237,0.0853,0.0064,94.6497,95.1443,93.836,92.4174,93.3923,96.4509,95.3561,96.0758,Excellent,0,0,0,0,0,0,0,0,None,0,0,0.0266,0.1127,-0.172
2026-09-02 06:43:00,34.4824,2.2258,28.5889,40.8211,0.1505,-0.0043,35.1844,1.7201,-0.063,0.024,0.0357,0.0238,0.1085,0.0266,52.9039,60.5129,0.108,0.038,0.0855,0.0063,0.0752,0.01,0.0202,97.3041,95.1131,94.1963,92.0517,93.0826,92.7639,95.043,94.2245,Excellent,0,0,0,0,0,0,0,0,None,0,0,0.0653,0.0845,-0.0971
2026-09-02 06:44:00,31.1046,2.5648,24.7704,37.9519,0.0992,-0.0384,36.7926,1.7396,0.0967,0.0213,-0.0425,-0.0007,0.0513,0.015,44.5828,50.7931,0.109,0.0137,-0.005,0.0194,0.1542,0.0033,0.0161,94.3106,95.7861,93.9506,94.2684,92.3481,93.4988,95.9444,95.2235,Excellent,0,0,0,0,0,0,0,0,None,0,0,0.0318,0.0785,0
2026-09-02 06:45:00,34.9605,2.4287,28.8033,41.6035,0.0839,0.0315,34.5951,1.4731,0.0868,0.0197,-0.0535,-0.0001,0.1535,0.0442,48.0985,53.6711,0.1176,0.0016,0.1169,0.0223,0.0434,0.0602,0.0137,95.7238,95.8628,91.0882,91.5748,91.6431,92.9241,97.0063,93.0943,Excellent,0,0,0,0,0,0,0,0,None,0,0,0.0538,0.0725,-0.0676
2026-09-02 06:46:00,34.0181,2.4983,27.7702,40.7656,0.0805,0.0623,34.8464,1.7721,0.0643,0.035,0.0183,0.0269,0.0704,0.0065,52.9297,57.3364,0.1375,0.0682,0.0814,0.0035,0.045,0.0471,0.0213,94.6029,94.7646,94.4238,93.3539,90.996,92.9181,96.2978,92.7051,Excellent,0,0,0,0,0,0,0,0,None,0,0,0.0879,0.071,0
2026-09-02 06:47:00,40.4015,2.7982,33.7639,47.5988,0.114,-0.0127,33.0689,1.4975,0.0671,0.013,0.0516,0.0113,0.1196,0.0412,46.6525,52.0264,0.133,-0.0101,0.0643,0.0185,0.0798,0.0738,0.0106,94.8128,95.2552,93.1815,93.5228,91.8561,94.5193,95.1099,93.5757,Excellent,0,0,0,0,0,0,0,0,None,0,0,0.0452,0.0645,-0.0771
2026-09-02 06:48:00,35.4744,2.1798,29.6407,41.7442,0.1111,0.0273,35.2684,1.523,0.1103,0.0174,0.0844,0.0173,0.1258,0.0275,49.7736,54.2288,0.1824,0.0292,0.1316,0.0273,0.0573,0.0862,0.0031,96.0012,94.4498,95.1735,89.6748,91.1067,93.7061,97.6567,94.0109,Excellent,0,0,0,0,0,0,0,0,None,0,0,0.0614,0.0801,-0.0957
2026-09-02 06:49:00,37.2154,2.2199,31.3295,43.5452,0.1142,0.0478,35.5557,1.7075,0.1344,0.0151,-0.0246,0.0114,0.1234,0.0355,52.2038,56.4053,0.1787,0.1147,0.218,0.0072,0.0836,0.1129,0.0226,92.9195,94.0856,91.7074,91.1944,87.273,93.0466,96.1844,93.9888,Excellent,0,0,0,0,0,0,0,0,None,0,0,0.0415,0.0423,-0.184
2026-09-02 06:50:00,32.4444,2.301,26.453,38.8959,0.073,0.0457,35.0546,1.6234,0.0857,0.0206,0.0464,-0.0304,0.1353,0.069,53.303,58.04,0.0355,0.0832,0.0712,0.0311,0.0622,0.0923,0.0284,95.2732,96.2407,91.4502,90.9859,88.5368,90.6105,94.0686,92.3009,Excellent,0,0,0,0,0,0,0,0,None,0,0,0.0835,0.1027,-0.0788
2026-09-02 06:51:00,31.6696,2.376,25.5808,38.2336,0.0824,0.0745,35.2782,2.2239,0.1113,0.0429,0.0422,0.0285,0.0233,0.0303,47.1141,52.3114,0.104,0.0486,0.2093,0.0201,0.1437,0.0236,0.0034,93.4395,94.2082,92.9946,94.1822,90.3804,96.0254,91.964,92.5379,Excellent,0,0,0,0,0,0,0,0,None,0,0,0.0979,0.0705,-0.0395
2026-09-02 06:52:00,28.3244,2.7139,21.7964,35.3952,0.0572,0.0385,37.6652,2.1555,-0.0172,-0.0425,-0.0243,0.0413,0.0991,0.0393,40.234,44.3101,0.2073,0.044,-0.0101,0.0117,0.1259,0.045,0.0007,95.8937,97.4488,95.6014,93.2702,91.648,97.5054,97.0777,95.1557,Excellent,0,0,0,0,0,0,0,0,None,0,0,0.0468,0.1032,-0.1029
2026-09-02 06:53:00,32.6471,2.7223,26.108,39.7306,0.0355,0.0089,37.1652,1.4746,0.0451,0.0141,-0.0978,-0.009,0.0545,0.0526,50.3159,56.0298,0.0993,0.0788,0.1168,0.0226,0.0751,0.0806,0.0404,94.6297,96.2573,96.3535,92.5888,89.9911,93.6539,94.6931,94.8275,Excellent,0,0,0,0,0,0,0,0,None,0,0,0.0538,0.0993,0
2026-09-02 06:54:00,32.8338,2.6985,26.3258,39.8814,0.0952,0.0417,40.5302,1.9287,0.1703,0.0175,-0.0151,0.0237,0.1038,0.044,47.9451,51.8154,0.1356,0.0609,0.199,0.0183,0.0823,0.1006,0.0092,94.4967,94.4035,90.0319,93.9502,93.1207,92.989,96.1659,93.2685,Excellent,0,0,0,0,0,0,0,0,None,0,0,0.0525,0.0797,-0.2064
2026-09-02 06:55:00,34.1756,2.2868,28.2028,40.6059,0.1548,0.0858,39.257,1.5265,0.0797,0.0388,-0.098,0.0155,0.1862,0.0546,52.3946,58.2213,0.1136,0.0852,0.2009,0.003,0.1746,0.0208,0.0136,91.9479,94.4098,86.4382,88.0357,88.4679,91.5965,96.0634,92.1115,Excellent,0,0,0,0,0,0,0,0,None,0,0,0.0877,0.077,-0.1086
2026-09-02 06:56:00,29.6765,2.157,23.8725,35.912,0.0107,0.0259,34.9073,1.4202,-0.0366,0.0211,-0.0793,-0.0114,0.1088,0.0277,47.5021,55.2212,0.1656,0.0605,0.0754,0.0321,0.0469,0.0067,0.019,94.0345,96.8095,94.1295,91.1364,93.1864,94.586,92.8352,93.9245,Excellent,0,0,0,0,0,0,0,0,None,0,0,0.0567,0.0574,-0.0856
2026-09-02 06:57:00,35.0024,2.268,29.054,41.4044,0.0774,0.0357,36.2238,1.5748,0.1361,-0.0086,-0.0585,0.0902,0.1487,0.0664,55.6934,62.064,0.2353,0.1177,0.1787,0.0354,0.1395,0.0869,-0.0033,92.9635,93.396,87.172,88.4977,86.8199,91.787,94.2545,89.3492,Healthy,0,0,0,0,0,0,0,0,None,0,0,0.1263,0.0477,-0.2759
2026-09-02 06:58:00,35.6741,2.261,29.7348,42.0656,0.182,0.0901,36.0144,1.7728,0.0658,0.0055,-0.0047,0.0206,0.1385,0.0742,53.2943,57.4884,0.2505,0.0443,0.2054,0.0343,0.1163,0.0437,0.0249,92.0748,92.3296,90.3871,89.0505,90.7574,91.8925,97.0821,92.783,Excellent,0,0,0,0,0,0,0,0,None,0,0,0.0733,0.1012,-0.0683
2026-09-02 06:59:00,38.6789,2.4087,32.5476,45.2919,0.1322,-0.002,36.8041,1.4871,0.07,0.014,0.0073,0.0146,0.1618,0.0554,49.9848,55.0047,0.2783,0.076,0.195,0.0388,0.102,0.1363,0.0274,94.3481,96.2207,91.0098,89.0102,87.3451,89.4602,94.8956,90.6445,Excellent,0,0,0,0,0,0,0,0,None,0,0,0.0944,0.0589,-0.1513
2026-09-02 07:00:00,34.9527,2.2395,29.0414,41.3119,0.2003,0.0257,37.7736,1.752,0.0735,-0.0075,-0.1309,0.0147,0.1149,0.0543,52.8076,58.4099,0.2231,0.0327,0.1919,0.0236,0.0831,0.0319,0.0442,92.2597,95.8212,88.2378,88.0935,89.2687,91.1857,92.5672,89.913,Healthy,0,0,0,0,0,0,0,0,None,0,0,0.0923,0.1174,-0.1277
2026-09-02 07:01:00,30.7046,2.0863,24.9924,36.834,0.1511,-0.0019,41.3991,1.9582,0.0497,-0.0027,-0.097,-0.0065,0.1398,0.033,46.2942,50.9469,0.1467,0.0597,0.1281,0.0131,0.0777,0.0753,0.021,95.7156,95.8026,95.3338,92.999,93.4423,93.6499,95.3899,95.6242,Excellent,0,0,0,0,0,0,0,0,None,0,0,0.0743,0.0531,-0.0825
2026-09-02 07:02:00,34.0653,2.2186,28.1811,40.3931,0.0133,0.0604,34.1738,1.6689,0.0937,0.006,-0.0491,0.0488,0.1461,0.0691,55.7859,59.8928,0.2082,0.0565,0.0744,0.0314,0.1321,0.0697,0.036,94.6615,97.0427,94.7661,91.8803,94.1073,94.5111,96.9753,94.3176,Excellent,0,0,0,0,0,0,0,0,None,0,0,0.0839,0.07,-0.0879
2026-09-02 07:03:00,36.0881,2.4518,29.9007,42.7658,0.206,0.0698,34.3844,1.717,0.0293,0.0261,-0.0569,0.0059,0.0838,0.0546,52.9575,58.7675,0.1667,0.0529,0.1644,0.0186,0.0923,0.0678,-0.0047,92.6122,98.4235,90.6207,94.2335,85.3379,95.8155,92.4814,93.0744,Excellent,0,0,0,0,0,0,0,0,None,0,0,0.0652,0.0552,0
2026-09-02 07:04:00,32.9957,2.1544,27.1949,39.2273,0.0948,0.01,36.5695,1.4377,0.0873,0.0103,-0.0639,0.0518,0.0729,0.0463,50.6638,54.5629,0.2563,0.0499,0.0547,0.0046,0.0595,-0.0645,0.0278,94.7375,97.5936,92.4665,93.7423,91.0209,93.6531,95.2497,92.7961,Excellent,0,0,0,0,0,0,0,0,None,0,0,0.076,0.0505,-0.0436
2026-09-02 07:05:00,30.3191,2.683,23.8312,37.3436,0.1983,0.032,39.9766,1.5651,0.02,-0.0035,-0.0021,0.0205,0.0846,0.0105,48.841,54.8583,0.2295,0.0556,0.1168,0.0093,0.0508,-0.0023,-0.0037,92.0147,95.6525,90.1945,91.647,91.7886,92.3481,93.9315,91.8393,Excellent,0,0,0,0,0,0,0,0,None,0,0,0.0823,0.069,-0.1174
2026-09-02 07:06:00,37.0543,2.966,30.1986,44.5033,0.2264,0.0641,33.5313,1.8374,0.0561,0.0372,-0.1417,0.0329,0.1504,0.0586,50.4716,59.266,0.1614,0.068,0.1813,0.0251,0.1969,0.0331,0.0285,92.1456,93.3974,91.9241,88.9257,87.1771,90.7137,95.6065,90.8312,Excellent,0,0,0,0,0,0,0,0,None,0,0,0.088,0.1068,-0.2014
2026-09-02 07:07:00,35.5154,2.9009,28.7442,42.8667,0.1087,0.0475,37.66,1.7479,0.1339,0.0263,-0.1132,0.0302,0.1189,0.0141,51.7434,56.7083,0.236,0.0419,0.1367,0.0018,0.1554,0.1149,0.0129,93.8231,97.0108,91.2472,89.2452,89.1548,91.8282,94.122,90.9581,Excellent,0,0,0,0,0,0,0,0,None,0,0,0.0861,0.0804,-0.1187
2026-09-02 07:08:00,31.4868,2.459,25.2901,38.1753,0.1438,0.0415,36.28,1.6671,0.0583,0.0205,-0.0102,0.0248,0.075,0.0169,53.6719,58.1903,0.3122,0.0639,0.2059,0.0284,0.159,0.1054,-0.0027,92.6487,96.4887,91.0819,91.356,90.6275,93.4604,95.5948,92.6025,Excellent,0,0,0,0,0,0,0,0,None,0,0,0.0887,0.0713,-0.1418
2026-09-02 07:09:00,35.2782,2.5434,28.9719,42.0933,0.1848,-0.0072,38.7263,1.817,0.1303,0.0472,-0.0092,0.0305,0.1005,0.0566,52.651,57.69,0.1725,0.0527,0.1661,0.0139,0.1021,0.0391,0.0179,92.0813,95.9628,89.1756,87.8668,89.3441,92.9546,94.664,91.4454,Excellent,0,0,0,0,0,0,0,0,None,0,0,0.1009,0.0882,-0.0759
2026-09-02 07:10:00,33.551,2.2504,27.6255,39.9266,0.1193,0.0322,37.4251,1.7437,0.1068,0.0469,0.0523,0.0292,0.0275,0.0403,53.4526,60.5538,0.1704,0.0295,0.1427,0.0224,0.1146,0.0388,0.034,94.937,96.4535,91.6041,88.8245,89.9844,93.0236,96.7629,93.8557,Excellent,0,0,0,0,0,0,0,0,None,0,0,0.0593,0.081,-0.0202
2026-09-02 07:11:00,34.1238,2.2688,28.1744,40.527,0.183,0.06,35.8961,1.9648,0.0023,0.014,-0.0485,0.0602,0.1068,0.0561,57.2476,61.6734,0.2237,0.0523,0.1601,0.0183,0.0936,0.0846,0.0397,93.4719,91.8711,85.3209,88.9646,89.5558,92.9075,93.9827,90.8541,Excellent,0,0,0,0,0,0,0,0,None,0,0,0.0804,0.0437,-0.1256
2026-09-02 07:12:00,39.1482,2.4335,32.9847,45.7985,-0.0182,0.0482,37.4347,1.7557,0.0095,0.0421,0.0042,0.041,0.1338,0.0607,49.9358,54.0329,0.1578,0.0566,0.1506,0.0123,0.0912,0.0305,0.0329,94.3339,93.3529,86.8087,88.0625,85.0233,91.3578,94.7246,92.1541,Excellent,0,0,0,0,0,0,0,0,None,0,0,0.0744,0.104,-0.3268
2026-09-02 07:13:00,34.409,2.3884,28.3042,40.9915,0.2184,0.0791,35.3044,1.6837,0.0833,0.0328,-0.0629,0.0265,0.1413,0.0723,52.2412,57.0718,0.2054,0.0894,0.1787,0.0202,0.1409,-0.0022,0.0502,94.6878,94.6573,88.1505,90.649,87.3313,86.8955,92.5599,89.3291,Healthy,0,0,0,0,0,0,0,0,None,0,0,0.118,0.122,-0.1743
2026-09-02 07:14:00,32.4546,2.5529,26.1359,39.2839,0.164,0.0059,36.6803,1.7059,0.188,0.0517,-0.0222,0.001,0.1037,0.0619,49.5746,55.7677,0.2765,0.0445,0.1394,0.0221,0.0682,0.1145,-0.0021,92.7114,94.0419,89.4002,91.8338,88.8205,94.0219,94.1496,91.4583,Excellent,0,0,0,0,0,0,0,0,None,0,0,0.0614,0.0728,-0.1863
2026-09-02 07:15:00,33.1213,2.3748,27.0342,39.6835,0.1537,0.0463,35.8636,1.9369,0.0757,0.0115,-0.0418,0.0383,0.072,0.0433,52.2523,57.004,0.1454,0.0486,0.1158,0.019,0.0499,0.0505,0.029,93.6266,94.5265,90.6857,92.4075,89.2571,92.5283,95.1865,91.875,Excellent,0,0,0,0,0,0,0,0,None,0,0,0.0662,0.1169,-0.0445
2026-09-02 07:16:00,31.7796,2.9825,24.9023,39.2534,0.0072,0.0316,36.4384,2.0239,0.1178,-0.0011,-0.0706,0.0215,0.1117,0.0173,51.9102,58.688,0.1719,0.0399,0.0974,0.0295,0.0245,0.0666,0.0261,97.943,94.7159,91.1152,91.2692,89.8711,95.6973,94.4264,94.8467,Excellent,0,0,0,0,0,0,0,0,None,0,0,0.05,0.0985,-0.047
2026-09-02 07:17:00,34.66,2.347,28.6088,41.1805,0.0438,0.066,39.1279,1.7011,0.1453,-0.0215,-0.0767,0.0198,0.1217,0.046,51.2177,55.3538,0.1752,0.0515,0.0904,0.008,0.172,-0.0222,-0.0022,90.0112,93.5102,92.2852,89.4499,88.0289,90.4094,99.2169,92.8456,Excellent,0,0,0,0,0,0,0,0,None,0,0,0.0573,0.1008,-0.1699
2026-09-02 07:18:00,36.9633,2.3619,30.8928,43.5061,0.1677,0.041,41.9823,1.5355,0.1556,0.0617,-0.0093,0.0193,0.1763,0.0626,53.6365,59.7809,0.2022,0.0821,0.1433,0.0524,0.1631,0.0476,0.0489,94.7923,95.0671,86.913,86.4525,83.9847,87.1668,96.5586,90.5188,Excellent,0,0,0,0,0,0,0,0,None,0,0,0.1009,0.0833,-0.2072
2026-09-02 07:19:00,34.716,2.6758,28.2374,41.7298,0.2896,0.0323,37.2002,1.8715,0.1395,0.0217,-0.0679,0.0325,0.124,0.0546,50.1835,56.8989,0.2217,0.0556,0.1601,0.005,0.1264,0.1101,0.0127,91.2954,92.2169,89.5889,89.0827,86.8869,90.8517,93.3283,91.7981,Excellent,0,0,0,0,0,0,0,0,None,0,0,0.0845,0.0485,-0.1977
2026-09-02 07:20:00,35.0252,2.2146,29.1462,41.3471,0.104,0.0574,35.2756,2.0135,0.1303,0.0097,-0.0439,-0.0094,0.1409,0.0426,54.0619,59.5024,0.2352,0.0325,0.2024,0.0449,0.1327,0.0631,0.0145,95.1603,94.9904,91.3677,90.8645,89.8703,90.733,94.9043,92.5794,Excellent,0,0,0,0,0,0,0,0,None,0,0,0.0872,0.0965,-0.1298
2026-09-02 07:21:00,35.7958,2.5608,29.4668,42.637,0.1268,0.0882,37.7545,2.0806,0.0052,-0.0056,-0.0787,0.0496,0.1585,0.0746,54.9128,61.0597,0.2313,0.1115,0.2281,0.0282,0.2153,0.0915,0.0296,92.1966,94.8559,87.7889,85.3823,85.1148,87.8946,92.7541,90.0765,Excellent,0,0,0,0,0,0,0,0,None,0,0,0.0837,0.0923,-0.0788
2026-09-02 07:22:00,38.2347,2.8472,31.5333,45.5056,0.2995,0.0623,36.9576,1.5371,0.1053,0.0221,-0.1093,0.0476,0.1392,0.0774,55.9797,62.201,0.1834,0.0413,0.2555,0,0.1716,0.077,0.0356,91.9991,96.6529,90.4961,87.1326,85.4611,91.0271,94.5024,91.2231,Excellent,0,0,0,0,0,0,0,0,None,0,0,0.0799,0.074,-0.1579
2026-09-02 07:23:00,31.9504,2.9641,25.0971,39.3965,0.14,0.0291,37.3452,1.9493,0.0215,0.0179,-0.1055,0.0362,0.1478,0.0399,52.3287,56.9276,0.2115,0.0758,0.1971,0.0046,0.1828,0.0851,0.0496,93.0684,93.8922,87.5992,88.9574,86.5614,91.3676,91.3705,90.2653,Excellent,0,0,0,0,0,0,0,0,None,0,0,0.0946,0.0895,-0.0462
2026-09-02 07:24:00,37.6987,2.7175,31.166,44.775,0.1651,0.1254,40.3802,1.6629,0.0005,-0.0115,-0.0849,0.0514,0.128,0.0248,53.4648,60.1243,0.2895,0.0349,0.2779,0.0252,0.1654,0.0452,0.0304,90.9274,94.5089,88.7382,86.3019,83.3207,89.791,91.5036,90.5749,Excellent,0,0,0,0,0,0,0,0,None,0,0,0.1132,0.1314,-0.1303
2026-09-02 07:25:00,31.3796,2.6368,24.9518,38.3349,0.0907,0.0243,37.5538,2.0997,0.0581,0.0045,-0.0592,0.0364,0.1413,0.0221,53.6065,57.3196,0.0429,0.0476,0.0523,0.0348,0.072,0.0654,0.0244,94.3093,95.8514,93.4565,93.2429,93.8123,91.792,93.0702,94.457,Excellent,0,0,0,0,0,0,0,0,None,0,0,0.0734,0.0931,-0.0642
2026-09-02 07:26:00,32.1446,2.8748,25.4073,39.4568,0.2011,0.0558,40.4964,1.5551,0.0861,0.0023,-0.1661,0.025,0.0434,0.0681,57.9905,62.8102,0.27,0.0561,0.2193,0.0246,0.0926,-0.0006,0.0318,91.8664,95.1531,87.9444,84.1021,85.6513,92.4076,93.0558,88.1133,Healthy,0,0,0,0,0,0,0,0,None,0,0,0.123,0.095,-0.1134
2026-09-02 07:27:00,34.3996,2.6037,28.0147,41.3052,0.1781,0.0369,41.2552,1.6952,0.0581,0.0487,-0.118,0.0017,0.2071,0.0215,53.2234,59.9699,0.2825,0.0831,0.2491,0.0214,0.1458,0.0365,0.0358,91.018,94.753,85.0711,91.4372,84.4342,89.9666,93.3584,89.3566,Healthy,0,0,0,0,0,0,0,0,None,0,0,0.1202,0.0832,-0.2082
2026-09-02 07:28:00,35.0904,2.2959,29.1057,41.5342,0.1755,0.0073,40.4664,1.8953,0.0487,0.0477,-0.0634,0.0015,0.2361,0.048,56.2482,61.069,0.2477,0.0739,0.141,0.0312,0.1134,0.0791,0.0189,92.5938,92.6018,91.2954,87.7476,85.354,88.4593,96.2089,89.973,Healthy,0,0,0,0,0,0,0,0,None,0,0,0.118,0.059,-0.0397
2026-09-02 07:29:00,35.7653,2.4525,29.5771,42.4441,0.1543,0.0524,37.9343,1.523,0.0866,0.0741,-0.0759,0.0323,0.1495,0.0583,50.8051,56.9716,0.2213,0.0859,0.1409,0.009,0.1565,0.069,0.0157,93.4205,93.0385,89.8987,88.9873,84.283,90.2253,92.7842,90.4202,Excellent,0,0,0,0,0,0,0,0,None,0,0,0.1041,0.1024,-0.1317
2026-09-02 07:30:00,36.6016,2.9514,29.7648,44.0287,0.0325,-0.0003,35.6394,1.834,0.0957,0.0274,-0.0883,0.0227,0.0873,0.0712,54.2208,59.4349,0.1033,0.0712,0.162,0.0373,0.1438,0.0436,0.0247,93.7724,94.2949,88.262,88.5405,90.5143,90.5475,94.1614,92.7402,Excellent,0,0,0,0,0,0,0,0,None,0,0,0.081,0.1055,-0.1455
2026-09-02 07:31:00,36.2145,2.862,29.4939,43.5076,0.2237,0.0905,38.976,1.7897,0.0956,0.028,-0.0324,0.0296,0.0693,0.0769,56.779,63.6369,0.3178,0.1043,0.1784,0.0348,0.1845,0.0317,0.03,90.721,94.4398,88.7203,85.7098,86.3816,88.609,91.9546,88.467,Healthy,0,0,0,0,0,0,0,0,None,0,0,0.1259,0.139,-0.2345
2026-09-02 07:32:00,39.035,2.3303,33.0056,45.5304,0.1132,0.1036,36.4063,1.9093,0.0665,0.0474,-0.1003,0.0381,0.1346,0.0712,55.0446,59.2454,0.2493,0.0344,0.2109,0,0.1976,0.072,0.0354,91.3967,94.758,91.6294,90.181,83.716,91.8362,93.9879,91.1078,Excellent,0,0,0,0,0,0,0,0,None,0,0,0.0881,0.0465,-0.1294
2026-09-02 07:33:00,37.7359,2.5912,31.3674,44.6227,0.1097,0.0667,36.353,1.8292,0.0355,0.0427,-0.0709,-0.0023,0.1804,0.0843,57.8127,62.9715,0.2503,0.0672,0.3425,0.0192,0.1799,0.0573,0.0322,90.9242,90.7427,87.425,86.288,85.346,86.8766,97.1806,88.4724,Healthy,0,0,0,0,0,0,0,0,None,0,0,0.1267,0.144,-0.1458
2026-09-02 07:34:00,31.3049,2.2575,25.3701,37.6911,0.1268,0.0519,37.3323,1.5359,0.1047,0.0145,0.0475,0.0479,0.2503,0.0585,56.102,60.652,0.2475,0.0471,0.1282,0.0211,0.2012,0.1204,0.0166,91.8456,95.7698,91.0249,86.5365,85.9184,90.1196,92.8033,89.6628,Healthy,0,0,0,0,0,0,0,0,None,0,0,0.1291,0.1365,-0.0776
2026-09-02 07:35:00,36.9502,3.0485,29.9872,44.5229,0.0772,0.0474,38.6298,1.6978,0.1275,0.024,-0.1132,0.0009,0.1551,0.0371,51.5703,58.4961,0.1463,0.0431,0.1516,0.0285,0.1211,0.061,0.0258,91.8885,95.543,87.9002,88.6421,89.609,90.9822,93.8035,90.2289,Excellent,0,0,0,0,0,0,0,0,None,0,0,0.0999,0.1034,-0.1581
2026-09-02 07:36:00,36.2336,2.5219,29.9551,43.0164,0.0919,0.0391,37.4157,1.6089,-0.0049,0.0421,0.0098,0.0199,0.1538,0.037,55.0261,59.3764,0.2002,0.0414,0.1279,0.0305,0.1784,-0.0293,0.036,93.4001,95.2308,91.6862,91.7374,87.684,90.5258,95.1631,90.8835,Excellent,0,0,0,0,0,0,0,0,None,0,0,0.0893,0.1253,-0.087
2026-09-02 07:37:00,38.0339,2.44,31.862,44.6938,0.1621,0.0675,35.3151,1.9609,0.126,0.0382,-0.0959,0.0337,0.1215,0.0501,51.2061,57.267,0.2168,0.0667,0.1505,0.0271,0.0942,0.0664,0.0168,93.7367,96.7277,87.7195,88.545,88.887,91.5431,94.0149,90.954,Excellent,0,0,0,0,0,0,0,0,None,0,0,0.1169,0.0907,-0.1717
2026-09-02 07:38:00,36.5827,2.6202,30.1764,43.5131,0.1964,0.0916,38.031,2.0736,0.0384,0.0451,-0.1121,0.0029,0.223,0.0611,53.4939,59.7227,0.3189,0.0463,0.2899,0.0115,0.1685,0.1211,0.0205,93.1294,93.5721,87.6651,83.1637,85.5113,89.0737,94.3234,89.3735,Healthy,0,0,0,0,0,0,0,0,None,0,0,0.116,0.0864,-0.2093
2026-09-02 07:39:00,35.4673,2.2891,29.4915,41.9011,0.128,0.0715,35.5409,1.7323,0.0204,0.0326,-0.053,0.0224,0.218,0.0606,53.9697,58.3944,0.2838,0.0729,0.2325,0.0206,0.2578,0.0735,0.0295,92.0054,92.8093,89.5922,87.4841,85.3325,89.9521,91.7316,89.4471,Healthy,0,0,0,0,0,0,0,0,None,0,0,0.0842,0.1246,-0.1431
2026-09-02 07:40:00,37.1576,2.9999,30.2577,44.6575,0.2131,0.0479,37.8873,2.1213,0.0227,0.0518,-0.1734,0.0313,0.1776,0.0602,55.3717,60.2169,0.2276,0.0961,0.2419,0.0243,0.1789,0.1553,0.0413,90.9261,93.1228,88.455,85.7574,84.35,88.1132,91.7107,89.466,Healthy,0,0,0,0,0,0,0,0,None,0,0,0.0928,0.12,-0.1791
2026-09-02 07:41:00,32.0454,2.7807,25.4305,39.2164,0.2309,0.0828,37.8365,1.6973,0.0858,0.0425,-0.1207,0.0434,0.213,0.0851,58.1045,63.4009,0.2756,0.0683,0.2363,0.0064,0.244,0.1476,0.0381,91.8513,93.883,86.3509,85.2294,81.4508,89.169,95.4859,88.467,Healthy,0,0,0,0,0,0,0,0,None,0,0,0.1075,0.1243,-0.1579
2026-09-02 07:42:00,34.1656,2.7312,27.615,41.2624,0.1383,0.0954,39.2817,1.7457,0.0956,0.0639,-0.0261,0.0101,0.1982,0.0884,58.6626,64.9265,0.3553,0.1261,0.2825,0.0186,0.2679,0.0912,0.026,91.8498,93.5321,84.9231,82.7185,79.7202,86.0077,93.7047,88.2458,Healthy,0,0,0,0,0,0,0,0,None,0,0,0.1189,0.1476,-0.0809
2026-09-02 07:43:00,39.4793,2.589,33.1135,46.3629,0.2067,0.0191,37.1731,1.9885,0.0812,0.0326,-0.057,-0.0078,0.1759,0.0684,53.6695,59.7961,0.3833,0.1116,0.2717,0.0122,0.141,-0.0407,0.0162,89.9206,95.1202,84.8876,83.3917,83.4069,90.7501,91.2633,87.8754,Healthy,0,0,0,0,0,0,0,0,None,0,0,0.1385,0.1458,-0.2375
2026-09-02 07:44:00,35.6181,2.562,29.2876,42.461,0.1525,0.033,41.5571,1.6523,0.1321,0.0129,-0.0624,0.0228,0.1196,0.089,53.0334,59.434,0.2497,0.085,0.2258,0.0407,0.2031,0.023,0.0252,90.5714,92.3264,87.128,84.1975,83.4881,87.093,90.9293,87.8003,Healthy,0,0,0,0,0,0,0,0,None,0,0,0.1134,0.0932,-0.1856
2026-09-02 07:45:00,40.0183,2.3113,34.0136,46.4853,0.0737,0.063,41.9193,2.3112,0.0845,0.0306,-0.1047,-0.0099,0.195,0.0939,58.5444,63.0198,0.3243,0.1074,0.1889,0.0029,0.114,0.1304,0.0275,91.8382,96.4541,88.3533,87.0963,82.9589,91.4214,92.353,89.5813,Healthy,0,0,0,0,0,0,0,0,None,0,0,0.0909,0.1288,-0.2377
2026-09-02 07:46:00,36.1476,3.0883,29.1329,43.78,0.2124,0.1263,35.3096,1.754,0.1751,0.0393,-0.0781,0.0329,0.2001,0.0583,56.2857,64.5024,0.1207,0.0654,0.2953,0.0251,0.1839,0.0607,0.0357,90.6996,92.4862,83.6022,82.577,81.2153,89.0557,91.5237,86.2038,Healthy,0,0,0,0,0,0,0,0,None,0,0,0.136,0.126,-0.2061
2026-09-02 07:47:00,35.8224,2.2669,29.8754,42.2228,0.2449,0.069,41.8787,1.6985,0.0777,0.0324,-0.0861,0.0178,0.216,0.0714,55.3498,63.3511,0.1689,0.1268,0.1737,0.0288,0.1349,0.1439,0.0105,90.6379,94.8504,85.1762,86.4737,86.8717,88.7734,94.2559,89.2849,Healthy,0,0,0,0,0,0,0,0,None,0,0,0.088,0.1075,-0.2618
2026-09-02 07:48:00,37.7147,2.5713,31.372,44.5716,0.1828,0.0904,39.7009,1.723,0.0844,0.0512,-0.1032,0.0178,0.1974,0.0884,58.1238,64.8026,0.3114,0.0815,0.3596,0.0151,0.096,0.0958,0.0225,89.9449,93.6195,84.3083,81.1232,82.5035,87.7529,89.8295,86.9923,Healthy,0,0,0,0,0,0,0,0,None,0,0,0.1397,0.1772,-0.2386
2026-09-02 07:49:00,36.2908,2.9057,29.5134,43.6493,0.1616,0.1086,39.9815,1.7751,0.1108,0.0668,-0.0466,0.0363,0.1715,0.075,55.1746,59.857,0.2795,0.0983,0.1682,0.0439,0.2388,0.0362,0.0357,90.6611,92.8884,86.1947,81.9415,77.6745,87.1081,93.9761,86.9571,Healthy,0,0,0,0,0,0,0,0,None,0,0,0.1309,0.1353,-0.1783
2026-09-02 07:50:00,34.8983,2.2863,28.9261,41.3277,0.1288,0.0696,36.659,2.2732,0.1129,0.0574,0.0186,-0.0133,0.1454,0.0604,55.3657,59.5637,0.243,0.0655,0.1873,0.0047,0.1556,-0.0006,0.0271,90.4206,97.1328,87.1518,88.4971,84.6594,90.4575,92.4434,91.5998,Excellent,0,0,0,0,0,0,0,0,None,0,0,0.0942,0.1077,-0.2585
2026-09-02 07:51:00,35.4663,3.1772,28.336,43.2321,0.1543,0.0509,37.9384,1.9546,0.1224,0.055,-0.0371,0.0098,0.1559,0.0684,55.1961,62.3815,0.2886,0.0696,0.2185,0.0182,0.1909,0.0383,0.0245,94.1218,93.386,88.5785,86.4057,85.1713,88.1978,92.8624,88.2085,Healthy,0,0,0,0,0,0,0,0,None,0,0,0.111,0.1526,-0.2556
2026-09-02 07:52:00,33.0976,2.6304,26.678,40.0432,0.1781,0.07,35.7131,1.8235,0.1537,0.039,-0.0563,0.0281,0.1855,0.0571,55.1152,60.4245,0.2214,0.0767,0.2835,0.0219,0.2104,0.0464,0.0353,92.3561,92.3541,86.1909,84.8962,84.0465,89.9952,93.8936,90.3784,Excellent,0,0,0,0,0,0,0,0,None,0,0,0.0833,0.089,-0.1513
2026-09-02 07:53:00,36.5012,2.9509,29.665,43.9276,0.2327,0.067,39.7541,2.0268,0.0406,0.0215,-0.1574,0.0216,0.1892,0.0802,52.0556,59.3696,0.3173,0.0847,0.3615,0.0178,0.2308,0.1297,0.0106,91.2057,95.4034,83.5467,84.4934,83.9463,86.5227,94.9156,89.1912,Healthy,0,0,0,0,0,0,0,0,None,0,0,0.0954,0.0957,-0.2393
2026-09-02 07:54:00,39.5064,2.4586,33.3102,46.1943,0.2266,0.0442,35.2473,1.7239,0.0798,0.0261,-0.0102,0.0575,0.1661,0.0758,59.6261,65.8138,0.4088,0.1125,0.221,0.0343,0.2736,0.1002,0.0491,94.7127,92.8175,84.9674,83.1726,82.5844,88.4103,90.8721,87.6068,Healthy,0,0,0,0,0,0,0,0,None,0,0,0.1436,0.137,-0.2529
2026-09-02 07:55:00,38.6418,3.0629,31.6599,46.2362,0.2829,0.0905,38.8128,1.8676,0.1276,0.0632,-0.1457,0.0392,0.2521,0.0795,59.0463,66.6694,0.3105,0.062,0.2861,0.0244,0.2568,0.1155,0.0316,89.2614,96.6763,84.2076,82.9298,82.7983,88.2573,93.6134,87.2871,Healthy,0,0,0,0,0,0,0,0,None,0,0,0.1141,0.129,-0.1324
2026-09-02 07:56:00,39.026,2.4993,32.777,45.7749,0.2622,0.0752,36.723,2.0493,0.0334,0.0534,-0.0441,-0.0088,0.2232,0.087,62.4821,68.4179,0.3513,0.0689,0.3309,0.014,0.1436,0.0532,0.0447,88.6592,93.68,87.4035,82.8939,82.1225,89.6001,88.5855,87.5998,Healthy,0,0,0,0,0,0,0,0,None,0,0,0.1033,0.0909,-0.2204
2026-09-02 07:57:00,38.8176,3.2528,31.589,46.6969,0.2372,0.0792,40.8828,2.9253,0.1087,0.0573,0.0063,0.0322,0.2304,0.0888,58.4169,65.7532,0.2444,0.1047,0.2271,0.0146,0.205,0.02,0.0512,92.1,92.4772,83.9099,82.7515,81.5214,85.3084,91.6245,86.3753,Healthy,0,0,0,0,0,0,0,0,None,0,0,0.1137,0.1194,-0.1897
2026-09-02 07:58:00,38.4228,2.4246,32.2708,45.0597,0.1914,0.0884,38.5259,1.8719,0.128,0.0703,-0.0601,0.0608,0.2046,0.0828,58.731,64.5468,0.3045,0.096,0.2081,0.0014,0.1278,0.1056,0.0216,90.8225,96.4752,84.6403,83.9336,82.1729,89.231,93.3547,89.0994,Healthy,0,0,0,0,0,0,0,0,None,0,0,0.1344,0.1196,-0.188
2026-09-02 07:59:00,39.0124,2.7422,32.4476,46.1257,0.1077,0.067,41.8226,2.0852,0.0724,0.0518,-0.0488,0.0028,0.2276,0.0811,59.0854,66.6932,0.286,0.0966,0.195,0.033,0.1648,0.1568,0.0656,90.0237,89.7455,82.5893,82.778,76.9437,87.1289,93.3775,85.4675,Healthy,0,0,0,0,0,0,0,0,None,0,0,0.1361,0.1157,-0.1628
2026-09-02 08:00:00,38.1561,2.9817,31.28,45.6286,0.2343,0.0989,40.2023,1.9413,0.0765,0.0243,-0.0479,0.0317,0.1808,0.0712,55.6141,60.5137,0.3441,0.133,0.254,0.0077,0.2227,0.1124,0.0338,88.5001,93.4512,84.4238,84.1806,81.2698,86.3971,92.741,86.5237,Healthy,0,0,0,0,0,0,0,0,None,0,0,0.1431,0.1159,-0.228
2026-09-02 08:01:00,35.8851,2.8719,29.1516,43.1929,0.2293,0.0375,38.8148,1.6598,0.0485,0.0027,-0.0716,0.0489,0.1738,0.1043,57.3575,62.5315,0.1652,0.0301,0.2429,0.0488,0.1877,0.0525,0.0202,91.4999,92.7403,82.9832,81.5004,80.1368,87.9416,92.0497,86.7293,Healthy,0,0,0,0,0,0,0,0,None,0,0,0.118,0.1587,-0.2821
2026-09-02 08:02:00,38.3042,2.6734,31.8288,45.3144,0.2231,0.0521,41.3337,1.8041,0.135,-0.0037,-0.07,0.0717,0.2526,0.1083,62.2123,68.773,0.4386,0.1103,0.3985,0.0335,0.1883,0.0507,0.0377,89.7671,93.0882,83.409,81.2464,82.3242,87.7345,92.6735,87.741,Healthy,0,0,0,0,0,0,0,0,None,0,0,0.1386,0.1069,-0.2709
2026-09-02 08:03:00,37.772,2.8253,31.0991,45.0099,0.129,0.0585,39.0474,2.0916,0.0035,0.0493,-0.0456,0.0642,0.1829,0.0851,53.1231,59.0481,0.3322,0.0862,0.2108,0.0289,0.2497,0.0637,-0.0006,91.1935,91.5776,84.6138,80.1941,81.189,84.8527,91.3345,85.7973,Healthy,0,0,0,0,0,0,0,0,None,0,0,0.1441,0.1123,-0.1868
2026-09-02 08:04:00,43.903,3.0859,36.8913,51.5318,0.3016,0.0871,39.7786,2.9448,0.0917,0.0472,-0.126,0.0239,0.236,0.086,67.3577,76.2608,0.3983,0.1058,0.1782,0.0257,0.2574,0.1818,0.0417,90.6242,91.9622,83.5884,79.5786,76.3998,86.6747,92.5951,85.5395,Healthy,0,0,0,0,0,0,0,0,None,0,0,0.1609,0.1494,-0.3494
2026-09-02 08:05:00,33.5295,2.7835,26.911,40.7048,0.245,0.0163,38.9776,1.6533,0.0828,0.0492,-0.0484,0.0467,0.1496,0.0794,59.6772,64.2694,0.3173,0.0693,0.1883,0.0017,0.1556,0.0522,0.0323,91.3288,96.2317,90.8043,85.6975,83.3588,89.8902,91.2003,89.2125,Healthy,0,0,0,0,0,0,0,0,None,0,0,0.1272,0.0711,-0.2555
2026-09-02 08:06:00,35.3487,2.7453,28.7799,42.4666,0.1497,0.0578,39.7023,1.7451,0.1631,0.0406,-0.1315,0.0373,0.2192,0.107,56.5729,61.6628,0.404,0.0534,0.3551,0.0325,0.2484,0.0492,0.0437,87.8922,89.0608,84.4096,83.939,80.6237,88.8953,93.6784,84.9713,Healthy,0,0,0,0,0,0,0,0,None,0,0,0.1454,0.1555,-0.3515
2026-09-02 08:07:00,39.7677,2.4435,33.5912,46.4329,0.2218,0.0219,42.1696,1.7661,0.1111,0.0142,-0.1086,0.0176,0.186,0.0741,61.7848,71.1507,0.2974,0.1198,0.3105,0.0093,0.253,0.1282,0.036,91.6262,94.1394,88.1361,83.5461,81.9522,86.5981,91.2164,88.0884,Healthy,0,0,0,0,0,0,0,0,None,0,0,0.116,0.1095,-0.2136
2026-09-02 08:08:00,37.4162,3.1579,30.3109,45.1531,0.2127,0.0388,41.1119,1.5967,0.0656,0.005,-0.1172,-0.0021,0.1266,0.0837,56.5907,63.929,0.2906,0.091,0.0949,0.001,0.1038,0.0384,0.0352,87.2227,95.8168,88.9928,86.2288,83.7424,89.3476,92.9872,89.7208,Healthy,0,0,0,0,0,0,0,0,None,0,0,0.1065,0.1131,-0.1222
2026-09-02 08:09:00,39.7924,2.4267,33.6377,46.4324,0.2396,0.0334,38.869,1.6299,0.1851,0.069,-0.0968,0.0779,0.1208,0.0979,56.691,61.3788,0.4356,0.1219,0.3753,0.0502,0.196,0.1277,0.0239,88.4214,91.8842,83.5849,83.1585,79.7099,87.3415,91.2056,84.6107,Healthy,0,0,0,0,0,0,0,0,None,0,0,0.1857,0.1634,-0.292
2026-09-02 08:10:00,41.7986,2.597,35.4225,48.6941,0.2581,0.1236,42.0837,2.0951,0.1163,0.089,-0.0896,0.0244,0.2885,0.0922,61.6212,70.1835,0.5007,0.1671,0.3355,0.0498,0.252,0.0942,0.0463,90.4499,93.4748,81.5996,77.7379,76.5125,84.0053,89.3571,84.8486,Healthy,0,0,0,0,0,0,0,0,None,0,0,0.145,0.1929,-0.135
2026-09-02 08:11:00,40.6842,2.7554,34.1022,47.8173,0.2047,0.0754,39.6229,1.6388,0.1417,0.0529,-0.064,0.0628,0.221,0.086,59.8728,68.1288,0.3235,0.1192,0.308,0.038,0.2653,0.0938,0.04,87.4961,95.6476,83.3791,79.0174,79.4001,85.9662,93.3718,86.9807,Healthy,0,0,0,0,0,0,0,0,None,0,0,0.1343,0.1004,-0.2506
2026-09-02 08:12:00,43.0124,2.744,36.4452,50.1285,0.1644,0.0618,40.2211,1.611,0.2024,0.0628,-0.1222,-0.0011,0.2136,0.0906,57.1782,64.2593,0.368,0.0929,0.2925,0.0257,0.1945,0.0205,0.0357,91.6468,94.1222,85.6114,81.8199,81.1567,85.8238,91.5037,86.4561,Healthy,0,0,0,0,0,0,0,0,None,0,0,0.1515,0.1396,-0.1318
2026-09-02 08:13:00,39.1213,2.7253,32.5784,46.2093,0.1874,0.0566,39.4873,1.669,0.1041,0.0673,0.0091,0.0401,0.1706,0.0624,59.7009,64.431,0.391,0.0721,0.2233,0.015,0.2079,0.0368,0.0458,88.5613,93.5501,85.6588,82.5387,82.2042,88.1477,92.3426,88.8721,Healthy,0,0,0,0,0,0,0,0,None,0,0,0.1058,0.0966,-0.1302
2026-09-02 08:14:00,40.7002,2.6181,34.2966,47.6274,0.2015,0.0937,37.5001,2.5829,0.1333,0.0761,-0.0986,0.0192,0.2609,0.0897,59.1365,64.6391,0.3707,0.1298,0.3376,0.0281,0.2011,0.1003,0.0406,91.093,92.5185,82.2908,83.6304,82.2002,88.3202,92.1696,87.4112,Healthy,0,0,0,0,0,0,0,0,None,0,0,0.1299,0.1562,-0.204
2026-09-02 08:15:00,39.0093,2.8274,32.3337,46.2503,0.2961,0.0561,38.9303,1.9435,0.0881,0.0573,-0.1018,0.0435,0.2093,0.1252,58.0094,65.5675,0.3396,0.0632,0.2507,0.0256,0.2946,0.1305,0.0256,87.5828,93.2999,83.8782,81.0957,81.0434,85.3938,91.4459,86.6354,Healthy,0,0,0,0,0,0,0,0,None,0,0,0.1251,0.1567,-0.2293
2026-09-02 08:16:00,38.8462,2.8163,32.185,46.0707,0.0907,0.0745,40.8172,1.6783,0.1332,0.0726,-0.0254,0.0108,0.2564,0.0894,60.9429,66.6479,0.2974,0.1117,0.3051,0.0292,0.1998,0.0955,0.0357,86.1885,93.398,82.3297,82.1371,81.1781,85.6984,91.8403,85.7931,Healthy,0,0,0,0,0,0,0,0,None,0,0,0.1214,0.1333,-0.1715
2026-09-02 08:17:00,38.5125,2.4818,32.2862,45.2352,0.2588,0.0733,39.9057,1.9624,0.0397,0.0452,-0.0961,0.065,0.3301,0.1062,52.8276,58.2203,0.3672,0.0598,0.3863,0.0331,0.1905,0.1435,0.063,87.4726,92.3638,84.8527,82.5678,79.7432,84.7678,91.8306,85.539,Healthy,0,0,0,0,0,0,0,0,None,0,0,0.1478,0.1735,-0.2085
2026-09-02 08:18:00,41.3743,3.4976,33.8274,49.6207,0.1885,0.1417,37.7685,1.8452,0.1874,0.0349,-0.049,0.0557,0.1986,0.1114,56.9544,63.1827,0.4347,0.0754,0.2975,0.0293,0.1685,0.1272,0.0582,88.4553,93.6565,83.4616,81.3791,78.96,86.2018,90.5304,86.9043,Healthy,0,0,0,0,0,0,0,0,None,0,0,0.1509,0.1331,-0.2595
2026-09-02 08:19:00,41.7361,3.2893,34.46,49.6701,0.1963,0.0879,37.7346,2.0272,0.1145,0.0554,-0.1387,0.0127,0.2473,0.1028,58.9332,65.8241,0.3875,0.0298,0.3101,0.0418,0.3071,0.083,0.0528,89.8579,93.0319,83.0776,82.5649,80.9905,85.765,91.2054,86.7533,Healthy,0,0,0,0,0,0,0,0,None,0,0,0.1361,0.1035,-0.157
2026-09-02 08:20:00,41.5272,3.0197,34.6017,49.0567,0.1611,0.1114,40.6195,1.9226,0.1182,0.0343,-0.1547,0.0371,0.153,0.1001,60.9512,67.0729,0.3483,0.1069,0.2597,0.0116,0.2968,0.0557,0.0485,91.709,91.5055,81.6101,78.4439,76.9764,83.6455,90.6845,84.3894,Healthy,0,0,0,0,0,0,0,0,None,0,0,0.1567,0.1561,-0.3185
2026-09-02 08:21:00,39.4438,3.1348,32.3686,47.1459,0.2338,0.073,37.2105,1.8488,0.0753,0.0396,-0.0453,0.0332,0.2863,0.0867,60.8303,67.5482,0.3486,0.0733,0.3098,0.0301,0.2625,0.1213,0.0612,85.8069,93.7811,78.2062,79.4784,76.6973,86.3134,90.1041,83.8697,Healthy,0,0,0,0,0,0,0,0,None,0,0,0.1568,0.1206,-0.3812
2026-09-02 08:22:00,42.6515,2.6475,36.2098,49.6227,0.3277,0.1144,38.8464,2.3137,0.114,0.0161,-0.0413,0.0571,0.2097,0.0839,56.9563,63.9606,0.4437,0.0983,0.3308,0.0568,0.2436,0.0345,0.0303,88.3033,91.4314,78.5831,79.5848,78.7776,86.2839,91.9521,84.5984,Healthy,0,0,0,0,0,0,0,0,None,0,0,0.1477,0.1754,-0.1698
2026-09-02 08:23:00,40.2742,2.8323,33.5922,47.5226,0.2245,0.0633,40.8841,2.4258,0.1423,0.0231,-0.0132,0.0345,0.2226,0.0636,56.5165,62.6393,0.3114,0.1118,0.3034,0.0343,0.2128,0.0708,0.0362,86.7393,96.2266,84.4876,81.6368,77.1481,84.8402,90.0197,86.7608,Healthy,0,0,0,0,0,0,0,0,None,0,0,0.1414,0.1657,-0.35
2026-09-02 08:24:00,38.9117,2.605,32.5253,45.8191,0.2089,0.0366,41.2811,1.8569,0.2051,0.0415,-0.0315,-0.0183,0.3146,0.0862,60.7163,67.6573,0.3786,0.0645,0.2988,0.0289,0.1763,0.0921,0.0594,88.2729,93.9877,85.1224,80.0425,77.9713,86.113,92.6872,85.3245,Healthy,0,0,0,0,0,0,0,0,None,0,0,0.1478,0.1824,-0.1517
2026-09-02 08:25:00,41.6215,3.0907,34.6036,49.2575,0.2768,0.084,39.5617,2.1141,0.1469,0.0693,-0.1728,0.0135,0.2191,0.1214,59.7574,66.5439,0.496,0.1218,0.3518,0.0341,0.3049,0.0792,0.0584,85.6563,89.0332,83.6392,78.613,76.1812,83.339,90.0514,83.8768,Healthy,0,0,0,0,0,0,0,0,None,0,0,0.1582,0.0989,-0.2183
2026-09-02 08:26:00,39.3892,2.7651,32.7946,46.5368,0.2904,0.0925,42.6134,1.9266,0.1392,0.0246,-0.0285,0.0498,0.2219,0.0998,59.994,67.7474,0.4132,0.0939,0.3544,0.0444,0.2194,0.1642,0.0314,88.3966,91.2846,81.6699,81.6823,78.5934,85.8963,90.8714,85.6521,Healthy,0,0,0,0,0,0,0,0,None,0,0,0.1575,0.1615,-0.1671
2026-09-02 08:27:00,37.9531,2.6191,31.5483,44.8817,0.2813,0.0527,40.4122,1.7708,0.1171,0.0241,-0.1547,0.0529,0.205,0.0983,60.9993,66.4131,0.229,0.0724,0.3981,0.0301,0.2018,0.1594,0.0543,88.4042,92.9917,83.7163,82.5569,78.1668,88.3946,91.5471,85.583,Healthy,0,0,0,0,0,0,0,0,None,0,0,0.1578,0.1294,-0.3541
2026-09-02 08:28:00,41.9985,2.5205,35.7218,48.7793,0.2817,0.0694,43.0065,1.9346,0.1081,0.0742,-0.044,0.0505,0.1657,0.0936,60.2574,67.3258,0.3659,0.1067,0.2766,0.0451,0.2242,0.1071,0.0542,88.8295,91.7022,83.9931,79.6968,79.1238,86.3175,89.9089,85.2308,Healthy,0,0,0,0,0,0,0,0,None,0,0,0.1446,0.1469,-0.3076
2026-09-02 08:29:00,41.7921,2.7187,35.2578,48.8702,0.2564,0.0965,40.7683,1.9768,0.1825,0.0119,-0.0803,0.0759,0.2875,0.1047,62.2451,68.285,0.3338,0.1197,0.4312,0.0285,0.2942,0.0841,0.0447,86.1844,91.5377,83.2933,78.5923,77.36,85.2288,86.0174,83.5037,Healthy,0,0,0,0,0,0,0,0,None,0,0,0.1492,0.1746,-0.3111
2026-09-02 08:30:00,43.1585,2.6874,36.6649,50.1896,0.3248,0.117,40.0567,2.265,0.1465,0.0416,-0.1632,0.066,0.2383,0.0785,66.6659,73.1655,0.4854,0.1068,0.383,0.0445,0.1916,0.0912,0.0547,87.9339,92.8966,80.1358,76.8883,76.0695,84.3979,91.8745,82.6747,Healthy,0,0,0,0,0,0,0,0,None,0,0,0.1696,0.1367,-0.3611
2026-09-02 08:31:00,40.8268,2.9779,33.9555,48.2937,0.2316,0.0728,39.4494,1.7778,0.1682,0.0582,-0.0532,0.0257,0.3061,0.1174,65.345,73.6146,0.4249,0.1588,0.3972,0.0455,0.2456,0.0946,0.0517,84.5686,90.5087,80.5044,76.5085,74.3149,83.3146,88.4497,82.2167,Healthy,0,0,0,0,0,0,0,0,None,0,0,0.1787,0.1524,-0.3294
2026-09-02 08:32:00,40.764,2.9834,33.8856,48.2392,0.1501,0.0975,40.7322,1.8287,0.193,0.0653,-0.0265,0.0308,0.2771,0.0842,68.5916,75.1137,0.4669,0.1217,0.2484,0.0427,0.2518,0.0429,0.0303,86.6885,93.0507,80.8172,80.973,74.98,82.2834,90.5262,84.0921,Healthy,0,0,0,0,0,0,0,0,None,0,0,0.1661,0.1364,-0.2038
2026-09-02 08:33:00,40.7044,3.2798,33.4406,48.624,0.3419,0.1144,43.1075,2.653,0.2222,0.0424,-0.0411,0.0733,0.2906,0.1198,62.4819,67.9762,0.3529,0.1381,0.2524,0.0452,0.3088,0.1412,0.0462,86.1051,90.0065,77.2399,79.8145,73.6725,84.7183,88.4519,83.2151,Healthy,0,0,0,0,0,0,0,0,None,0,0,0.1595,0.1424,-0.2309
2026-09-02 08:34:00,39.8199,2.6151,33.4203,46.7425,0.3535,0.1006,39.7523,1.893,0.1882,0.0277,-0.0536,0.0242,0.2897,0.1058,63.5594,70.5646,0.4052,0.081,0.3268,0.0517,0.2564,0.0851,0.0518,88.905,92.2171,84.9814,83.473,78.0862,84.7315,88.0179,86.2522,Healthy,0,0,0,0,0,0,0,0,None,0,0,0.1316,0.2057,-0.3202
2026-09-02 08:35:00,40.4092,2.8536,33.6995,47.6895,0.2297,0.0739,40.7456,1.9654,0.0774,0.0534,-0.0556,0.0745,0.2458,0.1082,62.8316,69.4847,0.399,0.082,0.3198,0.0508,0.2442,0.1569,0.0195,89.5659,90.2511,80.14,79.5642,73.6978,84.3874,87.3731,82.9129,Healthy,0,0,0,0,0,0,0,0,None,0,0,0.1703,0.141,-0.1307
2026-09-02 08:36:00,46.0375,3.8691,38.0077,54.8412,0.2108,0.1471,44.3516,1.9948,0.2162,0.0497,-0.1029,0.0205,0.281,0.0896,64.1867,71.6698,0.4305,0.1336,0.3898,0.0483,0.3275,0.1358,0.0599,86.131,92.3398,79.2856,75.1935,72.8616,83.3192,88.2171,82.6452,Healthy,0,0,0,0,0,0,0,0,None,0,0,0.1891,0.2066,-0.2981
2026-09-02 08:37:00,41.4312,2.6935,34.9297,48.4715,0.2672,0.0994,39.7208,2.0225,0.1924,0.067,-0.1773,0.026,0.2879,0.1346,60.1641,65.9613,0.5021,0.1343,0.3031,0.0535,0.2598,0.0989,0.0626,87.6632,92.0656,79.7827,77.4455,75.6619,84.9921,90.7007,82.6446,Healthy,0,0,0,0,0,0,0,0,None,0,0,0.186,0.2008,-0.2488
2026-09-02 08:38:00,42.6668,2.9312,35.8562,50.0636,0.3125,0.1175,38.1258,2.235,0.1047,0.0603,-0.1051,0.0806,0.2988,0.1043,62.4046,69.3875,0.5102,0.1452,0.4002,0.0066,0.234,0.0962,0.0603,88.9884,92.3326,81.2821,80.3237,75.2938,82.5528,92.6544,84.4754,Healthy,0,0,0,0,0,0,0,0,None,0,0,0.1716,0.156,-0.2613
2026-09-02 08:39:00,41.8011,2.8511,35.0947,49.0777,0.3857,0.12,37.8972,2.1289,0.0656,0.0761,-0.1431,0.0312,0.2456,0.0926,57.2304,66.2838,0.3478,0.099,0.3606,0.0191,0.2689,0.0879,0.0344,85.7027,92.7296,83.5004,80.1817,76.6162,85.7214,91.184,84.5387,Healthy,0,0,0,0,0,0,0,0,None,0,0,0.1578,0.1158,-0.2206
2026-09-02 08:40:00,39.7871,2.6978,33.2799,46.8338,0.3151,0.1096,41.6117,1.8386,0.1367,0.0481,-0.1717,-0.0088,0.279,0.1284,65.0936,71.1932,0.3743,0.1383,0.344,0.0447,0.3137,0.1667,0.0628,85.8042,90.7325,80.1812,79.3155,77.549,83.6147,89.7703,84.6744,Healthy,0,0,0,0,0,0,0,0,None,0,0,0.1661,0.1713,-0.2733
2026-09-02 08:41:00,42.5231,2.66,36.0651,49.5132,0.2343,0.0755,39.3187,1.8071,0.1485,0.0822,-0.0357,0.0365,0.3555,0.0948,63.9967,70.3604,0.4659,0.1095,0.3162,0.0489,0.2921,0.1339,0.0449,92.1044,91.894,82.9743,75.1256,76.0346,83.7332,90.6343,84.6427,Healthy,0,0,0,0,0,0,0,0,None,0,0,0.1357,0.1988,-0.2828
2026-09-02 08:42:00,43.8608,3.2443,36.6432,51.7272,0.1846,0.1038,40.6177,2.2678,0.2367,0.0525,-0.1428,0.0308,0.2825,0.0943,65.4058,75.1593,0.5556,0.1724,0.3807,0.0388,0.2516,0.184,0.0655,85.2627,91.8936,77.9918,75.2895,72.8846,83.2737,88.3306,82.1796,Healthy,0,0,0,0,0,0,0,0,None,0,0,0.1819,0.2093,-0.417
2026-09-02 08:43:00,39.8043,3.0457,32.8449,47.3728,0.3813,0.1341,41.8301,1.88,0.137,0.0714,-0.1254,0.0496,0.2903,0.0911,65.9598,73.1492,0.5508,0.1464,0.3966,0.0484,0.2273,0.0744,0.0457,86.7163,91.5026,78.5945,76.0608,70.1991,79.512,87.1327,80.5805,Healthy,0,0,0,0,0,0,0,0,None,0,0,0.1815,0.1839,-0.3364
2026-09-02 08:44:00,39.8609,2.687,33.3678,46.8914,0.2969,0.089,41.1609,2.0561,0.1271,0.053,-0.1278,0.0282,0.2899,0.1248,61.3133,67.7056,0.5239,0.0833,0.3281,0.0303,0.2673,0.1804,0.0288,86.6055,91.131,79.6873,78.7241,78.5841,86.5153,89.7688,84.5282,Healthy,0,0,0,0,0,0,0,0,None,0,0,0.1493,0.1721,-0.1658
2026-09-02 08:45:00,39.7589,2.9128,32.9723,47.128,0.2463,0.0932,42.1585,1.8156,0.1892,0.0409,-0.1303,0.0712,0.3228,0.1024,64.813,70.8051,0.6013,0.1794,0.4119,0.0335,0.2758,0.1586,0.0539,84.4402,89.9687,78.6856,72.726,71.862,82.6803,91.7624,82.2486,Healthy,0,0,0,0,0,0,0,0,None,0,0,0.1943,0.1612,-0.2614
2026-09-02 08:46:00,41.0384,2.8905,34.2807,48.3742,0.2268,0.1058,43.6873,1.97,0.1467,0.0295,-0.1888,0.0374,0.3182,0.1043,70.4594,76.9846,0.4423,0.1563,0.4648,0.0323,0.2261,0.1471,0.08,85.4238,91.7129,75.9189,73.4719,70.0361,80.7871,88.5277,79.9124,Healthy,0,0,0,0,0,0,0,0,None,0,0,0.2059,0.2304,-0.3764
2026-09-02 08:47:00,44.4052,2.7261,37.8613,51.4943,0.2066,0.1156,44.2087,2.0476,0.1011,0.0394,-0.1472,0.0231,0.2448,0.1087,64.6951,72.6118,0.4511,0.0866,0.3307,0.0417,0.2661,0.1078,0.0306,85.5166,91.4399,78.1669,76.9694,75.6304,82.2153,89.0309,82.7739,Healthy,0,0,0,0,0,0,0,0,None,0,0,0.1771,0.1721,-0.1477
2026-09-02 08:48:00,42.4292,3.3999,35.0094,50.5291,0.3968,0.0484,43.6134,2.2765,0.1148,0.0529,-0.1159,0.083,0.3003,0.1303,67.7498,76.2873,0.4995,0.1772,0.3941,0.0504,0.3275,0.0914,0.0573,86.9443,88.3003,79.731,75.7882,75.7766,81.1991,86.8928,81.429,Healthy,0,0,0,0,0,0,0,0,None,0,0,0.1762,0.2164,-0.275
2026-09-02 08:49:00,41.8282,3.0885,34.8131,49.4609,0.2537,0.0918,43.1035,2.5442,0.0585,0.0605,-0.0755,0.0448,0.2938,0.1104,64.5182,71.554,0.4808,0.123,0.4219,0.049,0.303,0.139,0.0614,87.0371,90.9614,77.352,76.4573,73.1997,81.8884,88.4291,82.1004,Healthy,0,0,0,0,0,0,0,0,None,0,0,0.1725,0.1308,-0.2285
2026-09-02 08:50:00,41.0122,2.838,34.3229,48.2692,0.3476,0.1304,41.1465,1.9839,0.1982,0.0703,-0.0558,0.0494,0.4012,0.1047,65.7633,71.5522,0.4545,0.1557,0.3938,0.058,0.338,0.1581,0.0816,85.5508,93.8025,76.2431,73.1004,71.0378,83.6064,87.9563,81.645,Healthy,0,0,0,0,0,0,0,0,None,0,0,0.1925,0.1801,-0.3177
2026-09-02 08:51:00,44.1641,2.8212,37.4966,51.396,0.2879,0.1157,42.1956,1.8321,0.1129,0.0305,-0.165,0.023,0.3081,0.1196,63.5934,71.6691,0.5223,0.2213,0.4405,0.0489,0.2674,0.1392,0.0875,82.4507,91.1542,79.4425,72.0844,68.6114,80.9486,87.8493,80.094,Healthy,0,0,0,0,0,0,0,0,None,0,0,0.1707,0.2017,-0.3286
2026-09-02 08:52:00,41.421,3.3226,34.1016,49.4048,0.2877,0.104,40.985,1.9219,0.1598,0.0465,-0.1037,0.056,0.3158,0.1043,64.7018,73.1557,0.4878,0.1416,0.414,0.0489,0.2908,0.1596,0.0213,87.5417,93.3068,79.7536,74.2496,76.5642,78.4714,87.3082,80.53,Healthy,0,0,0,0,0,0,0,0,None,0,0,0.1958,0.1699,-0.2191
2026-09-02 08:53:00,37.4514,2.9052,30.6746,44.8092,0.2372,0.1325,40.9336,2.0835,0.1982,0.0383,-0.1262,0.0279,0.3034,0.0998,64.0921,71.1845,0.3858,0.1046,0.3317,0.0477,0.2961,0.1222,0.0382,86.9362,91.1036,79.5666,79.2202,75.9073,82.4795,88.7545,83.497,Healthy,0,0,0,0,0,0,0,0,None,0,0,0.1653,0.146,-0.3596
2026-09-02 08:54:00,40.8944,3.2168,33.7125,48.7196,0.3175,0.0873,41.552,1.9497,0.2057,0.0266,-0.205,0.0499,0.2766,0.1259,62.5121,68.7802,0.6131,0.1402,0.4353,0.0681,0.2857,0.1587,0.0488,84.7137,88.3966,77.9116,73.9508,71.7126,83.5546,88.6439,80.6139,Healthy,0,0,0,0,0,0,0,0,None,0,0,0.1762,0.1682,-0.3085
2026-09-02 08:55:00,41.5835,2.6262,35.1695,48.5228,0.2306,0.0477,45.8711,2.2394,0.2102,0.0404,-0.126,0.0298,0.2405,0.1366,62.1423,67.4856,0.4344,0.1258,0.4314,0.0536,0.2465,0.0471,0.0107,87.722,91.0277,78.969,76.8637,73.2078,82.2326,91.3283,83.7656,Healthy,0,0,0,0,0,0,0,0,None,0,0,0.1817,0.1694,-0.3827
2026-09-02 08:56:00,43.1304,2.8997,36.3609,50.48,0.3198,0.1149,41.9706,2.0514,0.1465,0.0912,-0.1066,0.0771,0.3741,0.1398,67.9202,73.7587,0.4662,0.1592,0.4864,0.063,0.3037,0.0773,0.0902,84.9412,90.8066,76.1625,72.6142,69.7248,78.292,89.5537,79.4911,Healthy,0,0,0,0,0,0,0,0,None,0,0,0.2107,0.2412,-0.3174
2026-09-02 08:57:00,44.1964,2.9737,37.3305,51.657,0.2713,0.0999,39.1672,1.9426,0.1754,0.0727,-0.0651,0.0822,0.3017,0.1332,66.7649,73.4499,0.5323,0.1656,0.3685,0.0574,0.2874,0.1496,0.0462,85.3128,91.9897,77.4403,73.4374,71.3575,81.5961,87.3862,80.6126,Healthy,0,0,0,0,0,0,0,0,None,0,0,0.2178,0.1285,-0.2953
2026-09-02 08:58:00,41.1853,2.9166,34.3937,48.5603,0.2755,0.1234,43.8533,2.3674,0.1194,0.0468,-0.1025,0.0264,0.3051,0.1664,62.4112,70.4989,0.5501,0.1587,0.3965,0.0334,0.3182,0.1141,0.0739,87.4061,87.6537,78.4889,74.3748,70.8979,78.8955,90.8165,80.1551,Healthy,0,0,0,0,0,0,0,0,None,0,0,0.2117,0.2031,-0.3566
2026-09-02 08:59:00,47.2556,3.9044,39.1799,56.1122,0.418,0.1096,40.3341,2.1681,0.1119,0.0678,-0.1715,0.0317,0.3572,0.1271,68.9911,75.5321,0.4756,0.1116,0.5284,0.0503,0.267,0.1617,0.0602,82.9021,90.331,77.8062,74.4391,73.8081,81.7103,87.2469,81.7775,Healthy,0,0,0,0,0,0,0,0,None,0,0,0.1658,0.2044,-0.2017
2026-09-02 09:00:00,45.3808,3.3848,37.9805,53.4581,0.2485,0.1387,44.2507,1.9961,0.2486,0.0606,-0.1666,0.0772,0.2195,0.1359,66.3757,73.6282,0.5423,0.1574,0.4341,0.0663,0.2955,0.1348,0.0878,83.6515,89.0993,77.8227,74.0767,71.1261,79.7268,87.7783,79.1944,Healthy,0,0,0,0,0,0,0,0,None,0,0,0.2107,0.2731,-0.3925
2026-09-02 09:01:00,46.7347,2.9167,39.9429,54.1098,0.2722,0.1137,39.8702,1.849,0.1257,0.0523,-0.1394,0.0371,0.296,0.1719,72.2798,79.6762,0.5477,0.1473,0.5366,0.0806,0.3429,0.1252,0.0648,83.2842,89.0359,73.1964,72.0625,68.2815,78.3094,85.0134,78.307,Healthy,0,0,0,0,1,0,0,0,Deadline_miss,1,5,0.2093,0.2056,-0.3979
2026-09-02 09:02:00,43.6475,3.453,36.1586,51.827,0.3022,0.1044,41.0141,1.9015,0.1268,0.0794,-0.1256,0.0523,0.254,0.1439,68.4179,78.23,0.4344,0.1872,0.4637,0.0445,0.3556,0.1422,0.047,88.9195,87.8252,75.1426,75.4791,70.9916,80.9092,87.9675,81.0252,Healthy,0,0,0,0,0,0,0,0,None,0,0,0.1772,0.194,-0.2351
2026-09-02 09:03:00,39.9174,3.1133,32.8702,47.5873,0.3935,0.1273,40.9714,1.9877,0.1294,0.0713,-0.0845,0.0591,0.4212,0.1659,68.3813,74.6595,0.5719,0.1739,0.4003,0.0637,0.4162,0.1463,0.0355,85.0504,91.9987,75.2405,74.9146,69.6639,76.8844,89.3085,79.5367,Healthy,0,0,0,0,0,0,0,0,None,0,0,0.2102,0.2123,-0.2628
2026-09-02 09:04:00,47.3416,2.957,40.4975,54.777,0.4573,0.111,46.7102,2.0598,0.2592,0.0444,-0.0665,0.0465,0.3426,0.1361,69.4426,77.8001,0.632,0.1686,0.4993,0.0512,0.326,0.1698,0.0497,81.8163,86.5142,72.6259,69.5077,69.1821,78.6842,87.4629,78.677,Healthy,0,0,0,0,0,0,0,0,None,0,0,0.2223,0.2201,-0.335
2026-09-02 09:05:00,45.3015,3.003,38.3976,52.806,0.3006,0.1556,40.076,2.4226,0.1947,0.0438,-0.1864,0.0894,0.3653,0.1559,69.7892,77.198,0.5528,0.1925,0.4614,0.0721,0.3185,0.2186,0.0605,81.7905,88.6893,72.262,68.0733,66.146,77.4646,84.7863,77.8519,Healthy,0,0,0,0,0,0,0,0,None,0,0,0.2218,0.2607,-0.2933
2026-09-02 09:06:00,40.5906,3.3793,33.1975,48.6595,0.3793,0.0976,43.5514,1.8295,0.2289,0.0691,-0.0964,0.0509,0.3359,0.1551,68.9178,76.8326,0.5317,0.1434,0.4059,0.0401,0.3243,0.1143,0.0506,84.8702,88.5429,77.4312,71.4905,72.0731,78.5895,89.3151,81.9059,Healthy,0,0,0,0,0,0,0,0,None,0,0,0.1832,0.2029,-0.3615
2026-09-02 09:07:00,45.3329,3.0741,38.3366,52.944,0.2989,0.0708,39.2826,1.875,0.2131,0.0793,-0.1156,0.02,0.3923,0.1499,65.4082,72.3841,0.5536,0.1426,0.44,0.0643,0.4203,0.0534,0.0572,84.1854,90.3421,73.552,71.4815,69.4671,79.718,88.2369,79.8423,Healthy,0,0,0,0,0,0,0,0,None,0,0,0.2037,0.2153,-0.4425
2026-09-02 09:08:00,44.3549,3.0032,37.4508,51.8596,0.3419,0.1267,41.926,2.4312,0.1889,0.1106,-0.1451,0.0743,0.2854,0.1293,68.9475,75.6563,0.4922,0.1383,0.4696,0.0758,0.3293,0.1549,0.0795,83.6467,89.0393,73.5332,70.0727,70.143,81.9953,86.2471,78.2066,Healthy,0,0,0,0,0,0,0,0,None,0,0,0.164,0.1825,-0.3766
2026-09-02 09:09:00,42.8826,3.1664,35.7664,50.6322,0.3641,0.1264,41.0321,2.1303,0.1941,0.0725,-0.0381,0.0581,0.3108,0.1225,67.6443,76.3262,0.5436,0.1381,0.4979,0.0738,0.3914,0.1884,0.0712,83.0342,89.2091,74.427,71.6583,69.8014,77.7866,86.0875,77.7831,Healthy,0,0,0,0,0,0,0,0,None,0,0,0.1822,0.2192,-0.4066
2026-09-02 09:10:00,41.0238,3.4616,33.5238,49.2162,0.4411,0.1284,43.4922,1.9749,0.1418,0.0541,-0.0116,0.0222,0.2686,0.1096,66.5736,73.2632,0.5162,0.1449,0.4041,0.0297,0.3149,0.1267,0.0628,87.6077,92.3347,75.7029,75.379,68.6752,79.375,88.8874,80.1566,Healthy,0,0,0,0,0,0,0,0,None,0,0,0.2073,0.1744,-0.3478
2026-09-02 09:11:00,44.708,3.2277,37.512,52.5494,0.3372,0.1527,44.5937,2.0053,0.1686,0.048,-0.2186,0.0583,0.3319,0.1561,73.3448,82.6211,0.513,0.132,0.4996,0.1043,0.3249,0.1664,0.0716,83.5567,88.0474,72.2702,67.3242,66.8182,78.8823,85.845,76.3057,Healthy,0,0,0,0,1,0,0,0,Deadline_miss,1,6,0.2335,0.1314,-0.3424
2026-09-02 09:12:00,37.8695,2.9705,31.0078,45.3253,0.3684,0.1226,35.205,1.8247,0.2037,0.0523,-0.0568,0.065,0.2749,0.1498,65.694,71.7405,0.5933,0.1505,0.4886,0.0644,0.4263,0.1262,0.0634,80.7194,90.7706,73.7183,70.6648,68.7348,78.7539,85.8528,76.895,Healthy,0,0,0,0,0,0,0,0,None,0,0,0.232,0.2287,-0.2494
2026-09-02 09:13:00,42.8027,3.3025,35.5094,50.7565,0.333,0.1434,40.0013,1.8345,0.1705,0.0648,-0.1634,0.0749,0.3689,0.1288,64.4452,73.8624,0.6312,0.1216,0.5655,0.0525,0.345,0.158,0.038,82.6777,90.1007,74.1744,72.7751,69.8073,77.2751,87.1798,77.7954,Healthy,0,0,0,0,0,0,0,0,None,0,0,0.2131,0.1649,-0.3448
2026-09-02 09:14:00,45.7787,3.7953,37.8447,54.4717,0.3205,0.1617,45.678,2.029,0.2431,0.065,-0.1749,0.0771,0.3922,0.1334,70.0921,77.575,0.5218,0.1204,0.3632,0.0542,0.423,0.1642,0.0748,82.1954,87.1567,74.0463,68.7281,66.4315,77.5375,88.1796,76.0922,Healthy,0,0,0,0,0,0,0,0,None,0,0,0.2343,0.2033,-0.3753
2026-09-02 09:15:00,46.5697,3.5157,38.9992,54.8433,0.4101,0.1056,43.5205,2.6305,0.2557,0.0862,-0.1401,0.0454,0.3382,0.1528,69.5903,77.0853,0.5559,0.1335,0.4504,0.0514,0.3856,0.1838,0.0361,82.7827,88.7566,69.8033,70.171,66.9686,78.6059,85.9431,76.0694,Healthy,0,0,0,0,0,0,0,0,None,0,0,0.24,0.2495,-0.3992
2026-09-02 09:16:00,44.2636,3.3879,36.8593,52.3456,0.3072,0.1307,45.6314,2.2574,0.1464,0.0732,-0.3023,0.0494,0.393,0.1394,69.1245,77.0293,0.6245,0.1644,0.4235,0.0684,0.3046,0.2292,0.0795,82.0992,88.8538,73.9769,70.8785,65.7871,80.639,87.7572,78.5387,Healthy,0,0,0,0,0,0,0,0,None,0,0,0.2098,0.2107,-0.3825
2026-09-02 09:17:00,47.561,3.5613,39.9314,55.903,0.4216,0.1329,43.1851,2.0557,0.1679,0.0892,-0.1809,0.0678,0.4075,0.1615,71.3588,79.2013,0.6068,0.1762,0.5262,0.0989,0.4562,0.1546,0.0596,79.503,88.9747,68.8801,64.3979,60.526,75.3218,83.1283,74.3672,Warning,0,0,0,0,1,0,0,0,Deadline_miss,2,5,0.2428,0.2131,-0.3139
2026-09-02 09:18:00,45.197,3.0709,38.2048,52.8034,0.4064,0.1595,42.5347,2.0811,0.1776,0.095,-0.0732,0.082,0.3879,0.1415,69.9254,79.4559,0.495,0.1624,0.4772,0.0625,0.3905,0.1677,0.0654,83.2945,86.8471,69.9392,68.3745,66.045,77.0581,88.3968,77.0153,Healthy,0,0,0,0,0,0,0,0,None,0,0,0.2164,0.2676,-0.3458
2026-09-02 09:19:00,45.8389,3.4846,38.309,54.0658,0.3577,0.0984,42.0886,2.2041,0.2137,0.0766,-0.0345,0.0267,0.3725,0.141,69.5737,82.838,0.6777,0.1298,0.5242,0.0845,0.2352,0.1907,0.0605,85.4432,91.3145,73.0409,72.6031,69.6701,78.7368,85.8044,78.1855,Healthy,0,0,0,0,1,0,0,0,Deadline_miss,1,6,0.2191,0.2061,-0.2693
2026-09-02 09:20:00,40.7295,2.9227,33.93,48.1136,0.2597,0.1023,41.2277,1.8804,0.2496,0.0656,0.0062,0.0409,0.3954,0.1297,69.319,75.5049,0.6228,0.197,0.3825,0.0708,0.362,0.1355,0.0543,83.0009,87.3384,69.8455,70.2005,68.1928,78.7189,87.5993,78.4045,Healthy,0,0,0,0,0,0,0,0,None,0,0,0.1986,0.2659,-0.4355
2026-09-02 09:21:00,46.0055,2.9785,39.1335,53.4731,0.3261,0.1095,42.5993,2.492,0.1817,0.0703,-0.1824,0.0827,0.3436,0.1703,63.463,70.6674,0.6562,0.1711,0.4866,0.0633,0.3709,0.1251,0.0387,82.828,92.7082,71.1329,68.1178,64.4011,77.2149,87.33,76.8333,Healthy,0,0,0,0,0,0,0,0,None,0,0,0.2195,0.2214,-0.4455
2026-09-02 09:22:00,42.9047,3.0601,35.9266,50.4948,0.1924,0.0962,42.3881,1.9032,0.1171,0.0969,-0.1008,0.0483,0.3657,0.1418,69.981,77.0811,0.5803,0.2021,0.4385,0.0548,0.3365,0.113,0.0282,82.0481,89.5292,72.9303,73.2236,71.4902,78.4859,87.726,80.6313,Healthy,0,0,0,0,0,0,0,0,None,0,0,0.2081,0.2251,-0.414
2026-09-02 09:23:00,42.7335,3.1633,35.6212,50.4784,0.3326,0.1389,45.3145,2.1006,0.2479,0.062,-0.1233,0.102,0.3735,0.1546,66.6722,73.0786,0.5476,0.1358,0.5156,0.077,0.3861,0.2397,0.0663,82.9742,90.7245,75.514,71.1926,66.3181,76.8679,85.554,77.445,Healthy,0,0,0,0,0,0,0,0,None,0,0,0.2501,0.1961,-0.3999
2026-09-02 09:24:00,45.6037,2.9294,38.7955,52.9978,0.2859,0.1331,42.1423,1.9156,0.2476,0.0838,-0.1208,0.028,0.3844,0.1695,72.5493,79.9552,0.6472,0.1784,0.468,0.06,0.3341,0.1026,0.0635,85.3446,89.5529,73.9669,69.8058,67.2952,76.0406,84.8817,77.6031,Healthy,0,0,0,0,0,0,0,0,None,0,0,0.2609,0.2323,-0.5002
2026-09-02 09:25:00,48.9325,3.4747,41.4154,57.1446,0.3509,0.1297,45.5787,2.0322,0.1833,0.111,-0.2031,0.0487,0.3145,0.1558,65.5111,72.5889,0.682,0.1879,0.493,0.0723,0.3758,0.1841,0.0551,85.2431,88.813,72.0492,66.456,66.0089,75.8644,84.5084,76.6775,Healthy,0,0,0,0,0,0,0,0,None,0,0,0.234,0.2325,-0.4139
2026-09-02 09:26:00,45.5063,3.3892,38.1004,53.5901,0.4134,0.134,40.7369,2.3883,0.1865,0.0904,-0.1087,0.0516,0.3829,0.1434,70.0278,76.5096,0.6073,0.1779,0.4937,0.0809,0.4197,0.1761,0.0778,84.3181,86.3739,73.6574,69.4938,68.5392,79.2908,89.2708,80.0446,Healthy,0,0,0,0,1,0,0,0,Deadline_miss,1,5,0.2157,0.208,-0.2972
2026-09-02 09:27:00,47.0772,3.3213,39.7595,55.0591,0.3241,0.1573,43.2743,1.9143,0.1128,0.0451,-0.1429,0.0581,0.4105,0.1518,71.1731,78.2431,0.6711,0.1321,0.4366,0.0863,0.3305,0.1411,0.0553,83.4182,88.4776,72.5414,69.8811,64.1944,75.6448,87.6085,77.6824,Healthy,0,0,0,0,1,0,0,0,Deadline_miss,1,5,0.2345,0.2603,-0.4467
2026-09-02 09:28:00,45.7838,3.4017,38.3616,53.8864,0.2968,0.1364,46.9708,2.0191,0.2064,0.0829,-0.1181,0.0601,0.2944,0.1698,72.965,80.3563,0.633,0.1535,0.604,0.0743,0.3845,0.133,0.034,78.9047,85.7719,74.6735,67.78,63.294,80.3262,85.2005,76.0088,Healthy,0,0,0,0,0,0,0,0,None,0,0,0.2483,0.3017,-0.3771
2026-09-02 09:29:00,45.0906,3.0949,38.0673,52.733,0.4431,0.1673,41.2293,1.9112,0.1967,0.076,-0.1313,0.0646,0.4031,0.1814,72.9821,80.3946,0.6569,0.15,0.4567,0.0869,0.411,0.1375,0.0598,81.5979,86.6358,71.2237,70.7571,64.2898,75.9972,85.2652,76.6373,Healthy,0,0,0,0,1,0,0,0,Deadline_miss,1,6,0.2227,0.2729,-0.3774
2026-09-02 09:30:00,47.1228,3.7467,39.2521,55.7429,0.4108,0.092,44.2724,2.0446,0.096,0.061,-0.2386,0.0765,0.3508,0.1425,69.7788,76.5057,0.6085,0.1734,0.4431,0.0804,0.3718,0.1942,0.0652,82.5268,91.7558,72.13,70.8389,65.926,78.8717,84.8826,78.4194,Healthy,0,0,0,0,1,0,0,0,Deadline_miss,1,7,0.2327,0.2529,-0.3028
2026-09-02 09:31:00,45.1713,3.2343,37.9667,53.0227,0.3903,0.1811,39.9466,2.0163,0.0916,0.0666,-0.1429,0.0498,0.372,0.1397,68.5471,75.1208,0.663,0.1632,0.4984,0.0551,0.4352,0.2177,0.0691,79.8927,88.4217,74.0971,68.1404,67.6047,76.7463,85.356,76.7771,Healthy,0,0,0,0,0,0,0,0,None,0,0,0.2085,0.2365,-0.3484
2026-09-02 09:32:00,48.3146,3.3833,40.9164,56.3895,0.3603,0.1511,46.8551,2.2146,0.1721,0.0856,-0.1518,0.0732,0.3729,0.1525,75.1888,82.2063,0.672,0.1568,0.5603,0.0879,0.2807,0.1713,0.0495,84.5357,87.9931,72.9436,65.7569,64.1828,75.678,86.5227,76.1775,Healthy,0,0,0,0,1,0,0,0,Deadline_miss,1,5,0.2407,0.2185,-0.4202
2026-09-02 09:33:00,46.8467,3.1414,39.7628,54.5588,0.4311,0.1474,41.1558,2.2935,0.2455,0.0531,-0.1502,0.0603,0.4309,0.1305,70.8572,77.5274,0.6072,0.1344,0.4347,0.0524,0.3823,0.1942,0.0583,82.1635,90.2427,73.643,67.0452,66.7595,77.3486,86.5836,77.5482,Healthy,0,0,0,0,0,0,0,0,None,0,0,0.2101,0.248,-0.4238
2026-09-02 09:34:00,46.4816,3.6363,38.7544,54.9361,0.3139,0.1734,41.1637,2.4553,0.2725,0.0709,-0.1428,0.0873,0.3645,0.1586,72.1922,79.92,0.624,0.1768,0.5425,0.0698,0.4052,0.1672,0.0463,80.6984,90.0293,72.6342,69.1557,62.7334,74.9493,86.4828,75.4238,Healthy,0,0,0,0,0,0,0,0,None,0,0,0.2384,0.252,-0.3574
2026-09-02 09:35:00,44.7445,3.3245,37.4227,52.7313,0.3902,0.1578,43.7843,2.1115,0.2477,0.0855,-0.124,0.049,0.4537,0.1405,75.2795,81.9015,0.6661,0.2538,0.5912,0.1042,0.4075,0.2278,0.0867,80.9917,88.943,69.6808,65.0671,62.5008,76.679,84.1571,75.738,Healthy,0,0,0,0,1,0,0,0,Deadline_miss,1,7,0.2737,0.2544,-0.506
2026-09-02 09:36:00,49.7475,3.2607,42.5086,57.6385,0.2628,0.1559,40.5259,2.3342,0.1607,0.0694,-0.0966,0.0642,0.4521,0.1464,76.0587,83.9734,0.6955,0.1365,0.478,0.0826,0.4245,0.1843,0.0533,78.5003,87.0283,70.57,67.3868,64.6759,75.1615,85.5152,75.1883,Healthy,0,0,0,0,1,0,0,0,Deadline_miss,1,7,0.2467,0.2518,-0.3279
2026-09-02 09:37:00,45.6093,3.2869,38.3363,53.5397,0.3163,0.1494,46.7394,2.3978,0.2154,0.0583,-0.2443,0.0501,0.4307,0.1625,71.8891,80.7407,0.6407,0.1892,0.5418,0.0661,0.4258,0.149,0.046,80.1182,90.2578,69.4528,69.0229,63.1785,75.1443,84.6219,75.2932,Healthy,0,0,0,0,0,0,0,0,None,0,0,0.2585,0.2554,-0.3425
2026-09-02 09:38:00,43.0125,3.4449,35.5342,51.1798,0.4016,0.1285,45.6143,2.6001,0.1608,0.0816,-0.1073,0.053,0.4202,0.1664,67.8498,80.043,0.8045,0.1705,0.4915,0.069,0.3951,0.1656,0.0775,80.66,88.0671,74.2004,66.4313,64.3846,76.3024,87.2296,76.8572,Healthy,0,0,0,0,0,0,0,0,None,0,0,0.2276,0.2513,-0.4883
2026-09-02 09:39:00,51.7045,3.498,44.1572,59.9515,0.424,0.1343,44.5232,2.9023,0.2615,0.0594,-0.1678,0.0586,0.4337,0.1664,74.1941,82.9232,0.6972,0.1029,0.5362,0.0901,0.4374,0.1583,0.0605,81.569,87.4976,69.318,66.6101,63.0715,76.6413,86.815,74.3899,Warning,0,0,0,0,1,0,0,0,Deadline_miss,2,6,0.2328,0.2115,-0.4424
2026-09-02 09:40:00,47.096,3.261,39.8567,54.9875,0.425,0.1192,41.6393,2.0717,0.2284,0.0949,-0.0951,0.0192,0.4201,0.1596,71.7445,80.1581,0.7028,0.2221,0.6009,0.0919,0.4457,0.1368,0.0961,80.5967,89.1643,72.0714,66.4297,61.5371,77.6174,85.5897,76.2118,Healthy,0,0,0,0,1,0,0,0,Deadline_miss,1,8,0.2504,0.254,-0.464
2026-09-02 09:41:00,46.6554,3.1064,39.6171,54.315,0.3934,0.1449,40.6789,2.4055,0.1806,0.0463,-0.1158,0.0647,0.4144,0.1541,72.1946,80.4521,0.6856,0.1913,0.5619,0.0926,0.4614,0.2067,0.0609,82.2571,90.6052,69.5268,67.2821,62.8805,73.567,82.9774,76.272,Healthy,0,0,0,0,1,0,0,0,Deadline_miss,1,6,0.2479,0.2155,-0.5789
2026-09-02 09:42:00,50.9304,3.5232,43.3503,59.2152,0.4382,0.1191,44.1715,2.0097,0.1038,0.054,-0.1383,0.0738,0.3815,0.1831,69.4191,77.2822,0.5692,0.192,0.4426,0.0756,0.4059,0.1726,0.0953,82.1549,87.4678,71.4621,63.743,63.0727,74.9203,84.0881,76.0742,Healthy,0,0,0,0,0,0,0,0,None,0,0,0.2219,0.2525,-0.5255
2026-09-02 09:43:00,48.5177,3.2194,41.3325,56.3468,0.5211,0.1647,46.6641,2.6968,0.1801,0.0981,-0.1129,0.0618,0.4315,0.1734,78.8883,86.9312,0.601,0.2261,0.5403,0.1067,0.3977,0.2449,0.0764,78.5837,87.102,66.4117,63.035,59.9636,73.1258,83.2718,72.7896,Warning,0,0,0,0,1,0,0,0,Deadline_miss,2,8,0.2699,0.2725,-0.3546
2026-09-02 09:44:00,46.6418,3.161,39.5325,54.3833,0.3625,0.1509,46.2154,1.9248,0.1976,0.069,-0.1787,0.0831,0.36,0.1488,73.1173,80.2648,0.6315,0.185,0.6069,0.0747,0.3848,0.184,0.0726,79.2828,86.7939,68.3485,66.1177,65.5407,75.6102,86.01,75.0382,Healthy,0,0,0,0,0,0,0,0,None,0,0,0.2487,0.2437,-0.2869
2026-09-02 09:45:00,44.4451,3.0597,37.4676,52.0346,0.2133,0.1318,43.0962,1.9079,0.1417,0.0818,-0.1031,0.0341,0.3876,0.1567,70.3076,77.0382,0.6779,0.1924,0.5232,0.0882,0.4845,0.0976,0.0539,83.1036,88.8261,71.5448,69.3259,64.7607,77.7723,88.7268,77.6273,Healthy,0,0,0,0,1,0,0,0,Deadline_miss,1,6,0.2072,0.2342,-0.3263
2026-09-02 09:46:00,53.8727,3.2458,46.6532,61.7414,0.4562,0.1711,42.1126,2.2372,0.1818,0.0867,-0.1204,0.0703,0.4367,0.2014,73.2508,81.6284,0.8454,0.1669,0.6601,0.1111,0.4852,0.2123,0.0852,79.8831,87.4019,65.5898,61.7642,58.287,73.0325,83.0602,70.545,Warning,0,0,0,0,1,1,0,0,Deadline_miss,2,7,0.2959,0.3062,-0.4497
2026-09-02 09:47:00,51.3025,3.204,44.1373,59.1084,0.3766,0.1356,46.792,2.0037,0.1982,0.0984,-0.1737,0.0504,0.4071,0.1965,74.4161,81.4448,0.7946,0.1574,0.5281,0.0987,0.4263,0.1779,0.0783,76.3485,88.5703,66.7729,66.8913,58.1274,73.3625,84.3227,73.267,Warning,0,0,0,0,1,0,0,0,Deadline_miss,2,8,0.2622,0.2634,-0.4086
2026-09-02 09:48:00,46.6065,3.792,38.677,55.2945,0.4604,0.113,45.5072,2.4954,0.136,0.0762,-0.2005,0.0541,0.4234,0.1533,75.0148,81.8216,0.7345,0.1829,0.6133,0.1003,0.3662,0.2436,0.0628,80.0225,90.3631,69.9014,65.0955,60.9933,71.3055,85.8681,75.3111,Healthy,0,0,0,0,1,0,0,0,Deadline_miss,1,8,0.2351,0.2468,-0.4016
2026-09-02 09:49:00,48.2946,4.1732,39.8694,57.5544,0.4349,0.1164,44.7103,2.7491,0.2766,0.0475,-0.1471,0.1226,0.3501,0.1728,71.7417,78.7853,0.7828,0.2138,0.6211,0.0758,0.4215,0.2294,0.0929,79.2395,87.9041,67.8555,66.0486,61.8965,77.2093,84.9559,75.1085,Healthy,0,0,0,0,0,0,0,0,None,0,0,0.2469,0.2535,-0.4963
2026-09-02 09:50:00,47.4455,3.1603,40.3371,55.1859,0.3904,0.1536,43.5768,2.1674,0.1876,0.0885,-0.1734,0.073,0.4279,0.1623,76.0222,84.4828,0.7374,0.2106,0.5378,0.093,0.4895,0.1205,0.0743,78.7895,85.9594,64.0426,62.6188,59.1576,75.2957,83.6522,71.8533,Warning,0,0,0,0,1,0,0,0,Deadline_miss,2,8,0.2671,0.2985,-0.4824
2026-09-02 09:51:00,49.4671,3.2883,42.1923,57.3996,0.4141,0.1654,46.988,2.2452,0.2271,0.0777,-0.2262,0.093,0.4951,0.1635,73.3478,82.0936,0.7131,0.1999,0.6737,0.0722,0.4345,0.1209,0.0784,80.4617,85.3778,68.1301,62.2414,60.9747,70.0997,85.8296,73.979,Warning,0,0,0,0,0,1,0,0,Deadline_miss,2,6,0.2581,0.288,-0.4438
2026-09-02 09:52:00,49.2386,3.613,41.5418,57.6581,0.4585,0.1892,48.1827,2.8701,0.2165,0.1181,-0.1402,0.0991,0.4834,0.167,80.8178,89.4024,0.7943,0.1912,0.7355,0.1133,0.5309,0.1753,0.0876,80.2039,85.8423,62.7989,61.0969,57.6028,70.9446,83.3245,69.6223,Warning,0,0,0,0,1,1,0,0,Deadline_miss,2,8,0.316,0.3344,-0.5707
2026-09-02 09:53:00,48.1456,3.6696,40.3751,56.65,0.5094,0.1749,42.8451,2.1846,0.1717,0.0752,-0.1904,0.0787,0.3827,0.1533,74.0423,83.2802,0.7119,0.2039,0.5931,0.1068,0.4736,0.158,0.0843,81.5274,86.0544,67.5451,64.5936,58.0155,74.3147,82.1361,71.7674,Warning,0,0,0,0,1,0,0,0,Deadline_miss,2,6,0.2668,0.2882,-0.4786
2026-09-02 09:54:00,49.3783,3.5936,41.7066,57.7688,0.4075,0.1669,44.7001,2.3021,0.2194,0.0891,-0.1545,0.0706,0.4316,0.1689,77.0497,86.5943,0.6699,0.1985,0.5745,0.1074,0.5295,0.1987,0.0824,80.3481,85.7862,67.7739,60.808,55.9439,73.2421,83.9181,72.4387,Warning,0,0,0,0,1,0,0,0,Deadline_miss,2,7,0.2907,0.2554,-0.3332
2026-09-02 09:55:00,48.2903,3.4993,40.7411,56.5393,0.3923,0.1466,47.5165,2.7137,0.236,0.0599,-0.2071,0.0701,0.4227,0.1643,74.1403,81.5458,0.6543,0.1953,0.6968,0.0963,0.4208,0.1439,0.0822,80.4277,86.5336,66.5515,64.1399,59.385,73.6345,84.6758,74.3953,Warning,0,0,0,0,1,1,0,0,Deadline_miss,2,8,0.2424,0.2507,-0.3418
2026-09-02 09:56:00,50.0066,3.2157,42.8262,57.8302,0.4106,0.1343,46.7489,2.3133,0.1128,0.0598,-0.1438,0.0877,0.4805,0.1801,72.7697,81.7783,0.7818,0.1564,0.6002,0.0992,0.4351,0.2316,0.0831,82.867,86.7584,67.387,62.5454,61.746,74.8104,84.2497,74.11,Warning,0,0,0,0,1,0,0,0,Deadline_miss,2,8,0.2801,0.2614,-0.3935
2026-09-02 09:57:00,45.8105,3.5339,38.2164,54.1114,0.4197,0.1762,45.4604,2.6438,0.1251,0.0837,-0.1753,0.073,0.4696,0.1768,73.7051,81.2441,0.7451,0.176,0.6192,0.092,0.4893,0.1689,0.0557,78.1243,88.9939,68.3895,60.7406,58.146,72.5485,80.7498,71.3534,Warning,0,0,0,0,1,0,0,0,Deadline_miss,2,8,0.2758,0.266,-0.4978
2026-09-02 09:58:00,51.1108,3.4611,43.6114,59.3025,0.3951,0.1586,44.5547,2.8874,0.2257,0.0776,-0.2308,0.033,0.536,0.1869,74.189,81.5146,0.7088,0.1675,0.6299,0.0972,0.492,0.2163,0.0798,78.6905,85.0467,67.3739,65.0368,58.4551,72.8778,85.2121,74.9296,Warning,0,0,0,0,1,0,0,0,Deadline_miss,2,7,0.2503,0.2983,-0.5364
2026-09-02 09:59:00,50.344,4.0415,42.0901,59.4063,0.4193,0.2192,45.2345,2.0504,0.1718,0.1113,-0.2033,0.0637,0.4429,0.2029,75.8942,84.6616,0.8126,0.2486,0.6275,0.1202,0.5856,0.1976,0.0934,80.3643,84.7692,66.0963,61.9141,57.6302,72.039,84.9609,72.8067,Warning,0,0,0,0,1,0,0,0,Deadline_miss,2,8,0.2568,0.2828,-0.3702
2026-09-02 10:00:00,48.236,3.5506,40.6202,56.562,0.4382,0.1916,43.7364,2.2939,0.1594,0.0635,-0.2401,0.0627,0.4236,0.1544,76.0156,86.5329,0.7232,0.1855,0.5982,0.0991,0.4196,0.1475,0.0692,78.6867,87.48,65.3034,63.2435,57.956,69.0603,87.8001,74.124,Warning,0,0,0,0,1,0,0,0,Deadline_miss,2,7,0.2582,0.2597,-0.3239
2026-09-02 10:01:00,47.8252,3.896,39.7604,56.6692,0.3826,0.16,44.3866,2.2443,0.2252,0.0695,-0.1317,0.0939,0.5543,0.1916,77.3568,88.8382,0.7001,0.2313,0.74,0.0979,0.5183,0.2764,0.0857,75.909,87.7532,66.2642,62.3969,58.9025,70.005,84.1027,72.0041,Warning,0,0,0,0,1,1,0,0,Deadline_miss,2,6,0.2859,0.2686,-0.438
2026-09-02 10:02:00,51.261,3.8056,43.3138,59.9694,0.5102,0.1697,45.5816,2.6684,0.189,0.0862,-0.1984,0.0661,0.4657,0.1874,78.9157,90.6597,0.8848,0.1947,0.6482,0.1258,0.5479,0.1984,0.0746,76.5231,84.7995,63.511,60.0468,55.2128,70.3985,84.4424,72.326,Warning,0,0,0,0,1,0,0,0,Deadline_miss,2,8,0.2618,0.3121,-0.447
2026-09-02 10:03:00,51.0716,3.5111,43.5072,59.3383,0.4285,0.1828,43.6664,2.1416,0.2267,0.0884,-0.1842,0.0969,0.4412,0.1929,77.2064,85.1371,0.7287,0.2069,0.6831,0.1249,0.4813,0.1694,0.0914,77.7915,88.1456,63.8286,61.0137,54.3165,70.7292,81.1702,70.8571,Warning,0,0,0,0,1,1,0,0,Deadline_miss,2,6,0.2652,0.2757,-0.5767
2026-09-02 10:04:00,49.1894,3.4555,41.6973,57.3727,0.5082,0.1551,42.0083,2.3205,0.3093,0.115,-0.1798,0.0792,0.4322,0.177,76.4657,85.5574,0.7361,0.2071,0.6846,0.0906,0.4588,0.2401,0.0461,77.2295,91.0837,68.4379,61.0962,57.0929,74.5614,81.2943,72.7008,Warning,0,0,0,0,1,1,0,0,Deadline_miss,2,7,0.2621,0.256,-0.4361
2026-09-02 10:05:00,47.1684,3.6824,39.3813,55.692,0.4615,0.1495,43.4554,2.4593,0.2412,0.139,-0.1286,0.0792,0.516,0.2097,78.095,89.171,0.729,0.2189,0.7564,0.0886,0.4075,0.2179,0.0651,78.5489,87.4951,63.1544,60.7282,55.5174,69.2442,84.9469,70.2761,Warning,0,0,0,0,1,1,0,0,Deadline_miss,2,6,0.3113,0.3259,-0.5415
2026-09-02 10:06:00,50.065,3.4169,42.6231,58.1904,0.4668,0.2061,45.5179,2.0733,0.2467,0.094,-0.2566,0.0941,0.4903,0.1572,77.4995,85.9228,0.7753,0.1842,0.6155,0.1312,0.4322,0.2015,0.0973,76.8494,86.3954,65.1159,60.623,55.7089,69.1947,81.6187,69.9604,Warning,0,0,0,0,1,0,0,0,Deadline_miss,2,6,0.2818,0.2699,-0.6072
2026-09-02 10:07:00,51.7634,3.4812,44.2378,59.9851,0.516,0.1757,44.1268,2.1787,0.2005,0.1114,-0.193,0.072,0.5192,0.1856,75.9986,84.8869,0.7482,0.2142,0.6771,0.0881,0.4951,0.2792,0.0771,78.1054,88.373,68.437,60.9476,59.7636,71.4081,83.1445,72.0052,Warning,0,0,0,0,1,1,0,0,Deadline_miss,2,6,0.2828,0.2557,-0.3805
2026-09-02 10:08:00,53.3481,3.6523,45.6001,61.8266,0.426,0.1836,46.4054,2.8544,0.1738,0.0925,-0.2926,0.0591,0.5013,0.2017,78.0736,85.4825,0.7563,0.2105,0.6996,0.1255,0.5098,0.1689,0.1103,76.8084,85.6595,65.3418,60.4062,55.4782,70.6286,81.9566,69.59,Warning,0,0,0,0,1,1,0,0,Deadline_miss,2,8,0.2887,0.2954,-0.5191
2026-09-02 10:09:00,57.894,3.949,49.7603,66.8175,0.5561,0.1662,46.688,2.1936,0.3057,0.0908,-0.1503,0.0839,0.4991,0.2024,77.5468,85.133,1.01,0.2561,0.7155,0.1508,0.53,0.2193,0.0836,76.2044,87.4156,61.9585,55.785,48.7428,68.2111,81.0867,67.5951,Warning,0,0,0,0,1,1,0,0,Deadline_miss,2,9,0.3137,0.348,-0.6136
2026-09-02 10:10:00,50.4672,3.9289,42.3595,59.3606,0.4277,0.1623,43.6531,2.1141,0.2847,0.0646,-0.2629,0.0733,0.4868,0.2086,78.9091,88.9104,0.8007,0.2447,0.5814,0.1081,0.4535,0.1652,0.0922,78.1283,85.1301,64.8314,57.4118,56.8943,70.1117,83.3762,70.2378,Warning,0,0,0,0,1,0,0,0,Deadline_miss,2,7,0.2678,0.3182,-0.501
2026-09-02 10:11:00,52.3679,4.1432,43.9818,61.5827,0.4769,0.1322,48.7386,2.3997,0.3185,0.0753,-0.1621,0.0792,0.4994,0.2029,78.948,88.4054,0.8803,0.1928,0.6395,0.1239,0.4784,0.1831,0.1054,79.351,85.3287,64.4466,58.4898,53.7502,72.2042,83.8155,71.1506,Warning,0,0,0,0,1,0,0,0,Deadline_miss,2,8,0.3083,0.3123,-0.6936
2026-09-02 10:12:00,51.0258,3.7878,43.1017,59.7075,0.4955,0.1938,44.4741,2.3172,0.2343,0.0585,-0.209,0.0964,0.483,0.1961,80.4428,89.4492,0.7582,0.2182,0.693,0.1121,0.5273,0.2913,0.0772,75.391,87.3966,66.4027,59.813,54.0948,72.2287,84.5915,71.3109,Warning,0,0,0,0,1,1,0,0,Deadline_miss,2,9,0.2745,0.2947,-0.4146
2026-09-02 10:13:00,48.6088,3.3665,41.2324,56.6585,0.4744,0.1713,47.3496,2.7243,0.2164,0.1013,-0.2564,0.0677,0.4719,0.1732,74.7869,82.4752,0.8384,0.2189,0.556,0.0914,0.4964,0.1451,0.08,77.5822,85.9841,67.5555,58.357,56.6178,70.3412,85.0218,70.2956,Warning,0,0,0,0,1,0,0,0,Deadline_miss,2,6,0.2773,0.2839,-0.4066
2026-09-02 10:14:00,53.9731,3.6966,46.1675,62.518,0.4978,0.2018,45.6315,2.2088,0.2138,0.0714,-0.1285,0.1004,0.4856,0.1908,80.514,89.0679,0.8105,0.2101,0.7767,0.1239,0.4991,0.1449,0.0892,74.9139,85.7491,61.2903,56.1515,51.8306,68.4626,81.513,68.8826,Warning,0,0,0,0,1,1,0,0,Deadline_miss,2,9,0.3325,0.3631,-0.6861
2026-09-02 10:15:00,51.773,3.701,43.9617,60.3244,0.4304,0.2061,48.0483,2.1327,0.1872,0.0874,-0.2279,0.1168,0.4456,0.1881,78.9177,87.8573,0.8776,0.203,0.6551,0.1078,0.4846,0.1896,0.0904,79.8204,86.5139,66.2565,61.3603,52.3569,71.699,81.9484,70.0312,Warning,0,0,0,0,1,1,0,0,Deadline_miss,2,7,0.299,0.2553,-0.4634
2026-09-02 10:16:00,49.8396,3.3761,42.4506,57.9038,0.4075,0.213,44.7694,2.6127,0.3004,0.122,-0.1611,0.0989,0.4573,0.2101,78.7387,88.9451,0.8062,0.1661,0.6677,0.1331,0.4625,0.2535,0.1015,76.7258,83.1055,62.6289,56.9414,52.401,69.4741,81.3032,70.2055,Warning,0,0,0,0,1,1,0,0,Deadline_miss,2,7,0.2785,0.3204,-0.6468
2026-09-02 10:17:00,51.5044,3.7527,43.6258,60.1335,0.5288,0.165,43.9189,2.1566,0.2149,0.0962,-0.2088,0.0948,0.5418,0.2178,79.6847,88.0653,0.8227,0.2627,0.728,0.1307,0.6022,0.2726,0.0731,75.9813,84.6457,63.2641,58.4443,53.088,69.243,79.0918,70.1855,Warning,0,0,0,0,1,1,0,0,Deadline_miss,2,9,0.3066,0.3242,-0.3714
2026-09-02 10:18:00,53.3543,3.8773,45.3139,62.1702,0.4484,0.2241,46.0577,2.8228,0.2552,0.0869,-0.1792,0.0532,0.5129,0.1714,83.3291,92.5012,0.8199,0.2077,0.6822,0.0948,0.5587,0.2018,0.1098,77.9692,86.1984,62.3627,57.2896,54.3653,70.0559,83.0608,70.4085,Warning,0,0,0,0,1,1,0,0,Deadline_miss,2,8,0.2889,0.294,-0.5625
2026-09-02 10:19:00,51.6968,3.7107,43.8729,60.2628,0.4496,0.2245,48.4067,2.5678,0.1586,0.087,-0.2134,0.088,0.5289,0.2,78.5617,88.0716,0.9001,0.2088,0.672,0.1325,0.4519,0.2083,0.0757,77.2194,82.069,61.401,55.7544,48.052,68.5174,80.9169,67.1251,Warning,0,0,0,0,1,1,0,0,Deadline_miss,2,10,0.3266,0.3367,-0.6762
2026-09-02 10:20:00,52.6782,3.4475,45.1965,60.8494,0.4806,0.1753,46.0722,2.6727,0.3223,0.113,-0.1461,0.0887,0.494,0.1868,79.5467,88.0417,0.834,0.2078,0.6395,0.1219,0.489,0.2352,0.0858,77.4442,87.2697,64.628,56.8036,53.6959,71.0942,82.8363,71.8997,Warning,0,0,0,0,1,0,0,0,Deadline_miss,2,8,0.3001,0.3207,-0.5273
2026-09-02 10:21:00,53.9076,4.286,45.3358,63.3365,0.4712,0.1684,48.4515,2.7009,0.2424,0.0949,-0.1824,0.0526,0.5827,0.1795,77.5023,86.6972,0.8822,0.1885,0.7777,0.1475,0.5087,0.2665,0.0828,76.0527,86.2012,62.0789,56.5587,51.7329,66.2045,80.1081,68.2877,Warning,0,0,0,0,1,1,0,0,Deadline_miss,2,7,0.3267,0.3236,-0.5014
2026-09-02 10:22:00,51.3554,3.621,43.6481,59.7869,0.4098,0.2068,45.0522,2.2384,0.1881,0.0767,-0.1787,0.0718,0.3969,0.2116,80.4902,88.9839,0.8821,0.2418,0.6485,0.1359,0.5301,0.216,0.0685,76.77,86.1113,62.5349,58.8902,49.7481,70.0279,82.3235,70.1493,Warning,0,0,0,0,1,0,0,0,Deadline_miss,2,8,0.2856,0.3102,-0.4547
2026-09-02 10:23:00,52.3004,3.5041,44.7451,60.5565,0.4458,0.2102,42.1812,2.172,0.206,0.0789,-0.2311,0.0918,0.5343,0.2243,81.2479,91.3841,0.7899,0.2105,0.6264,0.1315,0.4786,0.2296,0.0772,78.1119,86.057,65.6212,58.8887,54.1455,70.7297,82.2554,70.5021,Warning,0,0,0,1,1,0,0,0,Deadline_miss,2,8,0.2718,0.3042,-0.4862
2026-09-02 10:24:00,49.4847,3.609,41.7931,57.8982,0.4607,0.1935,48.2364,2.1443,0.2162,0.1012,-0.2495,0.0886,0.4843,0.1849,81.5656,89.3809,0.9302,0.2194,0.7108,0.133,0.5041,0.1981,0.0992,78.627,85.5134,63.7126,55.4259,52.9033,67.8488,82.3787,68.8673,Warning,0,0,0,0,1,1,0,0,Deadline_miss,2,8,0.3061,0.3122,-0.698
2026-09-02 10:25:00,57.7735,3.6455,50.0344,66.2418,0.46,0.1634,50.4678,2.3574,0.2666,0.0921,-0.2171,0.0673,0.5899,0.2163,81.8686,93.5063,0.9346,0.2501,0.7679,0.1505,0.5726,0.2406,0.0981,75.0644,85.3421,60.974,54.5317,48.7619,68.9324,81.5833,67.0504,Warning,0,0,0,0,1,1,0,0,Deadline_miss,2,8,0.3234,0.3001,-0.6545
2026-09-02 10:26:00,58.1074,4.0103,49.894,67.1228,0.5741,0.2019,46.9156,2.2189,0.1928,0.1178,-0.1964,0.0987,0.6029,0.2237,85.3997,95.0163,1.0416,0.2311,0.8144,0.1458,0.6039,0.2633,0.0735,76.0053,83.1501,56.803,50.7357,48.4056,66.4077,78.6077,65.3295,Warning,0,0,0,1,1,1,0,0,Deadline_miss,2,10,0.3426,0.3378,-0.6864
2026-09-02 10:27:00,51.811,3.8963,43.7458,60.6555,0.5657,0.1705,48.2949,2.7877,0.2755,0.1089,-0.1846,0.0776,0.5864,0.2295,85.5886,96.232,0.9608,0.2627,0.7304,0.1649,0.6245,0.2299,0.0745,74.7322,84.7859,60.5132,55.8703,46.5837,65.9371,81.0075,67.6048,Warning,0,0,0,1,1,1,0,0,Deadline_miss,2,7,0.3224,0.3273,-0.6692
2026-09-02 10:28:00,53.1386,4.015,44.9192,62.1611,0.4911,0.1266,47.7621,2.7044,0.2927,0.1208,-0.201,0.071,0.4794,0.1936,80.0872,90.0836,0.7981,0.2537,0.6417,0.1191,0.6211,0.2506,0.0783,75.9182,85.9688,63.6452,57.8064,53.4335,69.4022,82.1019,69.6663,Warning,0,0,0,0,1,0,0,0,Deadline_miss,2,8,0.2702,0.3188,-0.6128
2026-09-02 10:29:00,54.0805,4.4557,45.2881,63.7641,0.543,0.239,45.1047,2.2346,0.3162,0.1043,-0.1801,0.0609,0.4856,0.2193,77.8789,87.2045,0.7682,0.2288,0.7418,0.1313,0.5806,0.2396,0.0957,75.2499,83.9938,59.8804,57.5184,49.2923,67.4205,82.7997,67.9762,Warning,0,0,0,0,1,1,0,0,Deadline_miss,2,9,0.3117,0.3149,-0.52
2026-09-02 10:30:00,50.5654,3.8656,42.5401,59.3638,0.5276,0.2108,48.0004,2.2895,0.2738,0.1293,-0.1874,0.0991,0.5629,0.1995,84.4942,96.3785,0.7659,0.2469,0.6778,0.1338,0.5242,0.3085,0.0912,74.5736,85.4665,60.6174,55.3458,47.6165,66.2739,80.7379,67.071,Warning,0,0,0,0,1,1,0,0,Deadline_miss,2,8,0.3531,0.3014,-0.6572
2026-09-02 10:31:00,51.803,4.1084,43.462,60.9656,0.536,0.2003,47.384,3.0059,0.2553,0.1309,-0.1578,0.0656,0.53,0.1964,84.1136,92.5561,0.9993,0.2363,0.7324,0.1589,0.5966,0.243,0.0819,72.7812,83.5101,58.5192,54.3955,50.5729,65.937,79.3906,66.3192,Warning,0,0,0,0,1,1,0,0,Deadline_miss,2,7,0.352,0.3645,-0.4525
2026-09-02 10:32:00,54.5123,3.7279,46.666,63.1041,0.4198,0.2023,44.1336,2.3468,0.3025,0.0745,-0.2569,0.1035,0.5311,0.213,85.3164,94.4031,0.9119,0.232,0.712,0.1302,0.4709,0.2024,0.0658,75.7242,83.1094,59.2625,53.2562,51.595,70.1558,82.118,67.4694,Warning,0,0,0,0,1,1,0,0,Deadline_miss,2,10,0.3321,0.3407,-0.5948
2026-09-02 10:33:00,55.453,4.123,47.0931,64.6374,0.6268,0.1715,47.2045,2.5343,0.2723,0.0759,-0.255,0.0726,0.5562,0.2303,84.1036,93.9951,0.9493,0.2435,0.7322,0.1666,0.6117,0.2701,0.0896,75.8074,82.4346,61.217,55.5326,52.2618,69.6864,82.8255,68.7878,Warning,0,0,0,1,1,1,0,0,Deadline_miss,2,9,0.3053,0.3633,-0.5702
2026-09-02 10:34:00,56.1261,3.9817,47.9499,65.0987,0.5671,0.1938,47.4203,2.3906,0.2278,0.1096,-0.1952,0.0798,0.4947,0.213,82.9822,91.8978,1.0001,0.2281,0.7719,0.153,0.5293,0.1965,0.0959,76.062,84.0026,61.288,55.0867,51.2016,68.1716,79.7293,67.8773,Warning,0,0,0,0,1,1,0,0,Deadline_miss,2,8,0.2955,0.3276,-0.5848
2026-09-02 10:35:00,53.7579,3.8029,45.8141,62.4623,0.6565,0.2058,44.7054,2.7891,0.1441,0.0595,-0.2641,0.0679,0.5307,0.2401,84.2366,93.9867,0.8833,0.2669,0.8119,0.1401,0.5599,0.2416,0.0831,75.1455,84.7858,58.5758,56.444,50.2412,65.9773,80.7173,67.0885,Warning,0,0,0,1,1,1,0,0,Deadline_miss,2,8,0.321,0.3471,-0.5503
2026-09-02 10:36:00,56.4074,3.6259,48.6937,64.8462,0.4594,0.1578,43.3993,2.7072,0.2304,0.0843,-0.2403,0.1094,0.5249,0.1634,80.4247,88.3588,0.9305,0.2289,0.686,0.1569,0.5512,0.2698,0.0936,75.8813,84.9576,59.4989,52.5099,49.352,66.4536,81.7239,66.995,Warning,0,0,0,0,1,1,0,0,Deadline_miss,2,10,0.3281,0.342,-0.4186
2026-09-02 10:37:00,55.6585,3.5355,48.0623,63.9617,0.6006,0.1842,48.8544,2.5882,0.2285,0.0945,-0.1613,0.0651,0.6005,0.2406,81.8145,90.4883,1.0191,0.2176,0.7942,0.169,0.5527,0.2015,0.1183,72.4671,84.3539,61.7697,54.691,51.6876,65.6204,81.5608,67.1759,Warning,0,0,0,1,1,1,0,0,Deadline_miss,2,8,0.3078,0.3283,-0.6436
2026-09-02 10:38:00,49.6489,3.8546,41.638,58.4308,0.4973,0.1974,48.3007,2.1329,0.1819,0.1014,-0.1798,0.066,0.4833,0.2166,78.446,89.4891,0.8343,0.2369,0.714,0.1294,0.5082,0.2342,0.0846,75.1856,84.5982,62.2958,55.2725,53.143,69.4123,82.776,69.5745,Warning,0,0,0,0,1,1,0,0,Deadline_miss,2,8,0.343,0.3107,-0.5683
2026-09-02 10:39:00,50.3702,3.6066,42.6817,58.7801,0.4126,0.2154,45.2819,2.6647,0.224,0.097,-0.1726,0.1048,0.4583,0.1988,85.1,94.1707,0.8681,0.2034,0.7003,0.1397,0.5897,0.1989,0.0832,75.1022,84.4428,57.9495,54.4118,52.3244,69.9612,80.0958,67.725,Warning,0,0,0,0,1,1,0,0,Deadline_miss,2,9,0.3185,0.3469,-0.4199
2026-09-02 10:40:00,54.129,3.6982,46.3213,62.6763,0.4356,0.2443,42.8436,2.2611,0.2572,0.1123,-0.2161,0.0883,0.5652,0.2319,84.1729,92.4106,1.0189,0.2668,0.7373,0.1524,0.5737,0.2524,0.0931,72.8648,81.7534,60.247,55.4009,46.4536,65.8049,80.3842,65.8342,Warning,0,0,0,1,1,1,0,0,Deadline_miss,2,9,0.3316,0.3589,-0.7155
2026-09-02 10:41:00,53.5945,3.6976,45.7876,62.1409,0.5351,0.1631,48.4329,2.37,0.1861,0.1038,-0.1832,0.0822,0.5634,0.2046,85.2417,95.1712,0.748,0.2624,0.8398,0.1433,0.5686,0.2368,0.0829,74.1322,85.8923,61.4812,54.9451,46.7805,67.491,78.9407,66.1761,Warning,0,0,0,0,1,1,0,0,Deadline_miss,2,10,0.3597,0.3304,-0.5297
2026-09-02 10:42:00,59.5697,3.683,51.7819,68.0942,0.5452,0.1865,48.3852,2.5531,0.1951,0.0843,-0.2958,0.0864,0.5588,0.2148,85.7457,97.4816,0.9964,0.2524,0.7916,0.1682,0.5994,0.2312,0.133,73.3915,84.1164,57.3443,52.2177,46.2474,64.3749,81.4334,65.1068,Warning,0,0,0,0,1,1,0,0,Deadline_miss,2,10,0.3394,0.3611,-0.5905
2026-09-02 10:43:00,63.4978,3.7224,55.6586,72.0814,0.5874,0.2114,48.4134,2.563,0.2808,0.1254,-0.1953,0.0812,0.6119,0.2191,82.7964,92.8004,1.018,0.2652,0.6785,0.1716,0.5753,0.1948,0.1219,74.2584,84.2249,57.1473,50.8628,47.2597,63.4015,79.1038,65.2217,Warning,0,0,0,0,1,1,0,0,Deadline_miss,2,9,0.3319,0.3583,-0.5083
2026-09-02 10:44:00,55.3921,3.9065,47.3137,64.2518,0.5703,0.2683,48.9381,2.5092,0.2994,0.0982,-0.1632,0.0956,0.6018,0.2045,87.9855,98.0106,1.0966,0.26,0.8536,0.1767,0.5986,0.3158,0.0912,72.7413,84.2242,56.4725,48.9888,44.1106,63.9945,78.9312,62.9837,Warning,0,0,0,0,1,1,0,0,Deadline_miss,2,10,0.3674,0.4116,-0.6248
2026-09-02 10:45:00,50.9358,3.6751,43.1581,59.4485,0.6567,0.2205,49.673,2.9541,0.2896,0.0636,-0.1838,0.0658,0.5981,0.2165,87.1481,98.1024,0.9873,0.2236,0.7997,0.1434,0.4907,0.2214,0.0985,73.67,83.7855,59.3649,54.1273,50.5737,66.2442,81.1318,67.1463,Warning,0,0,0,0,1,1,0,0,Deadline_miss,2,9,0.2895,0.3528,-0.6045
2026-09-02 10:46:00,50.9103,4.5062,42.0523,60.6696,0.511,0.2125,47.3051,2.3543,0.3056,0.0901,-0.2289,0.1164,0.5939,0.2184,88.1965,100.4939,1.0036,0.2463,0.7913,0.1516,0.6214,0.2721,0.0641,70.0484,82.3292,58.0717,54.4486,45.907,66.3465,80.8204,64.3165,Warning,0,0,0,0,1,1,0,0,Deadline_miss,2,9,0.3752,0.3966,-0.629
2026-09-02 10:47:00,48.0122,3.7493,40.138,56.6362,0.5544,0.2247,49.8401,2.1956,0.2999,0.0978,-0.2369,0.0595,0.5545,0.2108,80.5756,91.2245,0.934,0.2289,0.7541,0.1596,0.5552,0.2686,0.0739,75.0875,83.4147,62.3161,53.2118,48.9169,64.4195,78.7906,66.1817,Warning,0,0,0,0,1,1,0,0,Deadline_miss,2,7,0.3385,0.3196,-0.5598
2026-09-02 10:48:00,54.1566,3.6415,46.4227,62.6189,0.6385,0.2175,48.2936,2.2452,0.2933,0.099,-0.2529,0.0757,0.5874,0.2183,87.5179,99.1058,1.0527,0.2314,0.8469,0.1589,0.5895,0.1828,0.1134,69.9773,82.5496,58.5588,47.6195,47.9907,64.2518,79.9692,64.5616,Warning,0,0,0,0,1,1,0,0,Deadline_miss,2,9,0.3573,0.3639,-0.5676
2026-09-02 10:49:00,55.4786,3.8404,47.4861,64.2392,0.5686,0.2366,48.7383,2.5443,0.1988,0.1258,-0.2645,0.1283,0.6236,0.2613,87.5712,97.8292,1.0417,0.3305,0.863,0.1927,0.5825,0.2302,0.1398,71.2371,79.9843,54.4924,51.7516,44.2942,63.1246,75.6464,63.6103,Warning,0,0,0,1,1,1,0,0,Deadline_miss,2,8,0.3726,0.4267,-0.602
2026-09-02 10:50:00,56.1416,3.8451,48.1429,64.9092,0.5425,0.1767,46.7592,2.3444,0.2571,0.0909,-0.2295,0.0634,0.6268,0.2164,79.1444,89.0378,0.8307,0.2481,0.7732,0.1613,0.5449,0.1617,0.1031,75.254,81.3351,57.6695,57.0973,46.2392,68.687,79.5232,67.4596,Warning,0,0,0,0,1,1,0,0,Deadline_miss,2,8,0.3126,0.3715,-0.6682
2026-09-02 10:51:00,62.3862,4.1704,53.9648,71.6418,0.6022,0.2207,49.458,2.4785,0.2273,0.1113,-0.2677,0.0744,0.6155,0.2373,87.259,97.261,0.9535,0.2464,0.8841,0.1673,0.6684,0.318,0.0986,72.6069,81.0843,55.2081,47.4246,39.4564,63.7936,77.6453,61.1209,Warning,0,0,0,1,1,1,0,0,Deadline_miss,2,11,0.4117,0.3823,-0.6864
2026-09-02 10:52:00,57.9135,4.1873,49.4699,67.1945,0.4965,0.159,49.7401,2.3132,0.2851,0.1152,-0.3339,0.1141,0.704,0.2564,91.0712,100.6723,0.9609,0.2688,0.8633,0.201,0.5929,0.3214,0.1058,71.9862,84.3513,53.8531,48.1163,41.9216,62.4271,79.5204,63.0097,Warning,0,0,0,1,1,1,1,0,Deadline_miss,2,11,0.3532,0.414,-0.5861
2026-09-02 10:53:00,52.905,4.1088,44.5635,62.0682,0.5871,0.2064,51.7219,2.2631,0.271,0.105,-0.1912,0.0718,0.4915,0.2241,85.4735,95.8214,0.8619,0.2297,0.833,0.1762,0.5718,0.1836,0.0946,75.1668,83.4902,58.711,51.7657,47.3313,68.3081,81.4786,66.4034,Warning,0,0,0,1,1,1,0,0,Deadline_miss,2,8,0.3204,0.3561,-0.6528
2026-09-02 10:54:00,59.2044,3.9247,51.1023,68.0914,0.532,0.16,48.6427,2.397,0.3424,0.1314,-0.278,0.0957,0.5755,0.2263,86.5592,96.2926,0.9369,0.3185,0.8092,0.1826,0.5868,0.2385,0.1147,69.5775,81.8748,56.4583,47.6438,44.8121,64.0038,78.5138,63.1688,Warning,0,0,0,1,1,1,0,0,Deadline_miss,2,9,0.3767,0.4223,-0.6675
2026-09-02 10:55:00,58.7341,3.8187,50.7698,67.4621,0.5429,0.2332,50.2359,2.3013,0.3112,0.1257,-0.225,0.0896,0.5867,0.2112,87.0461,98.4829,0.9042,0.2611,0.8643,0.1707,0.6795,0.2352,0.1068,71.9268,83.4632,55.7251,48.5022,43.9521,67.1627,79.7916,64.2656,Warning,0,0,0,0,1,1,0,0,Deadline_miss,2,11,0.3521,0.4028,-0.6433
2026-09-02 10:56:00,54.3917,3.993,46.2008,63.3812,0.7637,0.2232,45.2262,2.5619,0.2385,0.1168,-0.264,0.1041,0.6116,0.2384,90.2753,101.7408,1.0146,0.2891,0.8988,0.1743,0.6704,0.2738,0.1281,70.2109,82.3398,56.3985,48.5797,43.6472,62.5764,77.8257,61.9508,Warning,0,0,0,1,1,1,1,0,Deadline_miss,2,10,0.3738,0.457,-0.6369
2026-09-02 10:57:00,59.7482,3.999,51.5496,68.7467,0.5359,0.2055,52.6086,2.3311,0.2412,0.0975,-0.1924,0.1115,0.5924,0.2315,88.1914,98.7182,1.0738,0.2594,0.9183,0.1929,0.5744,0.2289,0.1249,71.7232,83.6872,54.1767,50.5202,40.8247,63.2925,79.8476,63.1471,Warning,0,0,0,1,1,1,0,0,Deadline_miss,2,10,0.3698,0.4209,-0.5711
2026-09-02 10:58:00,61.0541,4.7361,51.8972,71.1583,0.6742,0.2277,51.9421,2.535,0.3118,0.1432,-0.2444,0.1243,0.6214,0.2321,91.7516,103.6517,0.9009,0.2761,0.8567,0.1968,0.5764,0.2545,0.1113,68.9169,83.6312,54.91,46.0936,45.9891,63.6142,77.3201,60.9577,Warning,0,0,0,1,1,1,1,0,Deadline_miss,2,10,0.3657,0.4186,-0.6367
2026-09-02 10:59:00,57.8742,4.1383,49.4945,67.0816,0.6153,0.2094,47.4369,2.3215,0.28,0.0963,-0.2617,0.1009,0.6054,0.2584,84.9707,95.3497,1.0915,0.2658,0.8601,0.1989,0.645,0.3366,0.096,76.1888,83.5768,57.9865,49.6179,45.6405,66.4754,76.6545,63.9392,Warning,0,0,0,1,1,1,0,0,Deadline_miss,2,11,0.3688,0.4139,-0.6943
2026-09-02 11:00:00,56.2348,3.7942,48.3024,64.9261,0.5053,0.2367,49.5031,2.2903,0.3524,0.0904,-0.2589,0.0929,0.5927,0.2263,87.7565,99.2186,0.8966,0.251,0.844,0.1703,0.6809,0.2149,0.0987,71.9839,83.3585,55.4442,48.7282,45.5025,65.1568,78.1175,64.7319,Warning,0,0,0,1,1,1,0,0,Deadline_miss,2,8,0.3399,0.3586,-0.6259
2026-09-02 11:01:00,56.4945,3.986,48.3127,65.4735,0.5959,0.2328,43.4984,2.4207,0.2438,0.1076,-0.2719,0.1097,0.5867,0.237,86.2109,95.4643,0.9712,0.2801,0.9254,0.1811,0.5876,0.2287,0.1403,73.4424,82.9577,54.87,45.6666,42.3518,66.6268,77.8024,63.4735,Warning,0,0,0,1,1,1,0,0,Deadline_miss,2,10,0.3809,0.3915,-0.6633
2026-09-02 11:02:00,57.8493,3.8846,49.7994,66.6762,0.6102,0.2043,45.6716,2.8358,0.401,0.1292,-0.249,0.089,0.5372,0.2487,85.3362,95.604,0.9841,0.277,0.8382,0.1848,0.6885,0.2283,0.119,71.1949,83.5445,56.7496,50.5158,45.2873,64.7355,81.0436,65.0605,Warning,0,0,0,1,1,1,0,0,Deadline_miss,2,10,0.364,0.4118,-0.7145
2026-09-02 11:03:00,59.9655,3.9361,51.8485,68.8696,0.4849,0.2373,48.338,2.8439,0.3274,0.1058,-0.1901,0.0677,0.6035,0.235,91.5917,100.2232,0.9802,0.2887,0.8197,0.1847,0.7017,0.2526,0.0921,73.9981,83.4054,56.7696,50.0175,44.2754,67.2181,78.0507,64.1501,Warning,0,0,0,1,1,1,1,0,Deadline_miss,2,10,0.3647,0.3896,-0.7397
2026-09-02 11:04:00,56.924,4.0005,48.7233,65.9247,0.5644,0.2043,44.1716,2.4305,0.286,0.1247,-0.2489,0.105,0.556,0.2488,88.8528,97.7343,1.0137,0.2991,0.8949,0.1792,0.6195,0.2336,0.0635,71.9604,86.7231,54.4003,52.0958,42.5457,65.2794,78.2566,65.3023,Warning,0,0,0,1,1,1,0,0,Deadline_miss,2,9,0.3369,0.3843,-0.7034
2026-09-02 11:05:00,60.6215,3.7951,52.6878,69.3141,0.5527,0.204,52.2753,2.5716,0.2303,0.1003,-0.2487,0.1251,0.5848,0.262,90.7374,99.3081,0.943,0.2538,0.8257,0.1924,0.6883,0.2554,0.1015,72.4243,81.8209,55.08,49.7145,43.8158,60.4915,78.089,62.5305,Warning,0,0,0,1,1,1,1,0,Deadline_miss,2,11,0.3873,0.3806,-0.6962
2026-09-02 11:06:00,56.064,3.876,48.0252,64.8781,0.6447,0.1927,48.7997,2.8501,0.2688,0.1153,-0.2219,0.0594,0.6448,0.2282,88.8597,99.5402,0.9992,0.2422,0.8186,0.1759,0.62,0.2471,0.129,69.1165,85.0873,55.5357,50.1446,42.71,63.237,80.3759,64.7358,Warning,0,0,0,1,1,1,0,0,Deadline_miss,2,10,0.3586,0.4106,-0.6613
2026-09-02 11:07:00,61.6045,4.0472,53.3432,70.6753,0.7767,0.2522,49.5115,2.5535,0.3838,0.1359,-0.1874,0.1051,0.6377,0.2632,90.5405,100.4517,1.0445,0.3412,0.8912,0.1995,0.7008,0.3014,0.1381,69.7116,82.2592,50.2464,44.1605,38.9294,60.6658,76.471,60.8977,Warning,0,0,0,1,1,1,1,0,Deadline_miss,2,10,0.4256,0.413,-0.7266
2026-09-02 11:08:00,57.2858,3.939,49.1651,66.1943,0.6337,0.2094,50.9561,2.6406,0.3052,0.1357,-0.2575,0.1124,0.5749,0.2693,91.3203,102.5887,1.0787,0.2837,0.8586,0.2122,0.7229,0.197,0.1241,70.0809,83.8557,50.1927,44.7245,40.8115,61.3341,76.4287,59.3803,Degraded,0,0,0,1,1,1,1,0,Deadline_miss,3,11,0.3919,0.4081,-0.6932
2026-09-02 11:09:00,61.4187,4.2257,52.9253,70.7573,0.6761,0.2269,50.5532,2.49,0.2453,0.1209,-0.2322,0.1319,0.6414,0.2569,89.494,98.6611,1.1528,0.3253,0.8893,0.2129,0.6024,0.3178,0.0838,70.7595,80.7633,49.8827,45.0237,37.0051,61.9125,79.2944,60.2898,Warning,0,0,0,1,1,1,0,0,Deadline_miss,2,10,0.4208,0.4207,-0.9186
2026-09-02 11:10:00,60.3652,3.9968,52.1694,69.3604,0.5541,0.2294,49.6215,2.5079,0.1427,0.1294,-0.3378,0.1099,0.683,0.258,90.6636,99.811,0.9988,0.2812,0.8146,0.2019,0.7511,0.3127,0.104,70.1652,82.733,53.8325,47.3263,40.6603,61.5235,76.022,62.2682,Warning,0,0,0,1,1,1,1,0,Deadline_miss,2,10,0.3629,0.4146,-0.7493
2026-09-02 11:11:00,56.8596,3.7814,48.9437,65.5317,0.5449,0.2072,50.0651,2.8044,0.333,0.1458,-0.2136,0.123,0.5905,0.2504,92.1375,104.5309,0.9612,0.2712,0.8022,0.1958,0.6366,0.1907,0.0933,69.9553,80.844,54.6015,47.3031,41.7723,62.6626,77.6234,61.5968,Warning,0,0,0,1,1,1,1,0,Deadline_miss,2,10,0.363,0.3724,-0.6176
2026-09-02 11:12:00,61.9084,4.1834,53.4699,71.1834,0.6366,0.2292,49.5631,2.5472,0.322,0.1274,-0.2446,0.1388,0.7035,0.2562,90.7802,99.6507,1.0738,0.2786,0.8807,0.2104,0.6804,0.2765,0.1351,72.1564,82.1228,51.3196,45.321,40.6645,61.0501,76.4767,60.8208,Warning,0,0,0,1,1,1,1,0,Deadline_miss,2,10,0.4065,0.4338,-0.7098
2026-09-02 11:13:00,60.6635,4.1392,52.2825,69.8722,0.5652,0.2383,48.1656,2.402,0.2402,0.1081,-0.2419,0.0625,0.6471,0.2633,89.5254,99.362,1.0717,0.2635,0.8513,0.1994,0.6331,0.282,0.1271,70.4864,82.1743,51.961,48.4843,40.2255,60.3886,77.4029,60.5971,Warning,0,0,0,1,1,1,0,0,Deadline_miss,2,9,0.4225,0.4518,-0.8988
2026-09-02 11:14:00,61.3464,4.013,53.1296,70.3659,0.556,0.2717,49.5784,2.5829,0.4131,0.1499,-0.3006,0.1346,0.6449,0.2664,96.354,105.366,1.0495,0.2935,0.9805,0.2148,0.7246,0.2418,0.0976,68.7663,79.4469,51.2521,43.3175,38.7992,61.1676,76.1245,59.4863,Degraded,0,0,0,1,1,1,1,0,Deadline_miss,3,12,0.4283,0.4445,-0.705
2026-09-02 11:15:00,60.047,4.142,51.6624,69.26,0.7527,0.2769,48.6487,2.4509,0.3436,0.1669,-0.2645,0.126,0.6676,0.3021,93.6021,104.9609,1.1795,0.3462,0.9879,0.2203,0.718,0.2766,0.1435,67.6109,80.0257,48.8222,40.7417,35.4691,56.2377,74.9072,56.3554,Degraded,0,0,0,1,1,1,1,0,Deadline_miss,3,12,0.4326,0.5014,-0.7368
2026-09-02 11:16:00,59.6052,4.026,51.3713,68.6442,0.6281,0.2124,50.7322,2.8458,0.3692,0.1204,-0.1928,0.109,0.6858,0.3013,90.6186,102.1092,1.0994,0.2976,0.9389,0.2366,0.68,0.2095,0.1349,69.9835,84.8494,52.5706,44.1439,37.3612,61.4556,75.1171,59.486,Degraded,0,0,0,1,1,1,1,0,Deadline_miss,3,10,0.4075,0.4091,-0.6426
2026-09-02 11:17:00,63.8022,4.6252,54.7894,73.74,0.6753,0.2571,50.9767,3.017,0.4056,0.1375,-0.2748,0.1258,0.6191,0.2671,96.6501,105.9781,1.1137,0.3001,0.8574,0.2299,0.7363,0.2661,0.1436,70.9115,81.1371,50.951,45.3518,36.1505,60.6355,75.5097,61.0549,Warning,0,0,0,1,1,1,1,0,Deadline_miss,2,12,0.4014,0.4681,-0.7796
2026-09-02 11:18:00,58.2046,4.0959,49.8799,67.3484,0.694,0.2189,50.5364,2.641,0.3997,0.1367,-0.3177,0.1209,0.7205,0.2747,93.5296,103.6352,1.1768,0.2898,0.8877,0.2201,0.7777,0.332,0.1063,68.0344,78.3301,49.8623,43.3198,38.2973,60.1859,75.7757,58.6829,Degraded,0,0,0,1,1,1,1,0,Deadline_miss,3,12,0.3908,0.4812,-0.6423
2026-09-02 11:19:00,61.5232,4.2231,53.0332,70.8577,0.6106,0.1774,47.1419,2.7721,0.3119,0.1478,-0.2589,0.1375,0.6887,0.2956,91.2582,105.7551,1.1331,0.297,1.0137,0.2332,0.7402,0.2864,0.107,67.0956,78.8123,48.4104,40.3666,37.2249,57.7667,76.6303,57.1285,Degraded,0,0,0,1,1,1,1,0,Deadline_miss,3,10,0.4334,0.4523,-0.6728
2026-09-02 11:20:00,60.4056,4.0114,52.1908,69.4227,0.6872,0.199,48.8353,2.9978,0.2838,0.1136,-0.2984,0.0883,0.7119,0.2731,92.3894,102.4564,1.0329,0.2785,0.8409,0.2192,0.6489,0.2071,0.0861,69.5324,82.4411,53.9064,46.4046,40.5502,60.6426,76.9846,60.4477,Warning,0,0,0,1,1,1,1,0,Deadline_miss,2,11,0.3631,0.4176,-0.6183
2026-09-02 11:21:00,60.6941,4.1497,52.2994,69.9187,0.6847,0.1969,54.4394,2.4036,0.2331,0.1338,-0.2701,0.1288,0.6747,0.2423,93.2641,106.4049,0.9415,0.2942,0.9589,0.2212,0.7705,0.3289,0.105,70.1359,82.648,52.1453,47.1843,43.0177,59.6464,76.6431,61.8598,Warning,0,0,0,1,1,1,1,0,Deadline_miss,2,10,0.3866,0.439,-0.7273
2026-09-02 11:22:00,59.3585,4.0172,51.1361,68.3844,0.6446,0.2425,52.6852,2.513,0.2222,0.1376,-0.2444,0.1247,0.614,0.2724,93.7793,103.9309,1.0467,0.3043,0.9319,0.244,0.7411,0.2829,0.1411,68.4475,80.1749,49.2561,45.3502,39.6628,57.1341,74.4026,58.3499,Degraded,0,0,0,1,1,1,1,0,Deadline_miss,3,10,0.4239,0.46,-0.8314
2026-09-02 11:23:00,60.8116,4.0084,52.6007,69.8241,0.6199,0.18,52.7552,2.6398,0.2586,0.1338,-0.1698,0.1319,0.6069,0.2436,93.2237,106.1808,1.1692,0.285,0.8485,0.2195,0.8168,0.3136,0.1189,69.5744,78.8455,51.5283,44.262,37.2717,59.7653,74.4897,59.8641,Degraded,0,0,0,1,1,1,1,0,Deadline_miss,3,9,0.403,0.4797,-0.7906
2026-09-02 11:24:00,59.2563,4.5256,50.373,69.0447,0.6388,0.2223,51.9776,3.1103,0.3038,0.1465,-0.2518,0.0893,0.7175,0.2952,96.8096,108.2654,1.1189,0.3359,1.022,0.2272,0.7344,0.3657,0.123,68.6415,78.8443,49.3001,40.4963,37.9596,56.9064,77.3238,57.4867,Degraded,0,0,0,1,1,1,1,0,Deadline_miss,3,10,0.4118,0.445,-0.6799
2026-09-02 11:25:00,62.1347,4.2429,53.619,71.499,0.6702,0.2103,47.3535,2.4487,0.4346,0.1304,-0.3004,0.1399,0.6549,0.2755,92.3542,102.6124,1.0154,0.3147,0.9403,0.2384,0.6747,0.2908,0.1342,69.9507,81.4981,51.6822,40.382,37.0444,57.5373,76.1764,57.9746,Degraded,0,0,0,1,1,1,1,0,Deadline_miss,3,12,0.4054,0.4466,-0.6818
2026-09-02 11:26:00,57.254,4.6702,48.1828,67.2593,0.6523,0.26,55.0783,3.3416,0.3599,0.1458,-0.2695,0.1209,0.6247,0.2517,91.9917,105.2562,1.1378,0.3826,0.9322,0.2406,0.6222,0.2254,0.1026,67.0497,82.6241,50.0419,40.9785,36.1973,58.0254,74.3075,57.8641,Degraded,0,0,0,1,1,1,1,0,Deadline_miss,3,12,0.4412,0.4626,-0.8018
2026-09-02 11:27:00,59.7148,4.5687,50.7754,69.5679,0.6906,0.2819,50.3289,2.8086,0.403,0.1444,-0.2639,0.1289,0.6465,0.2616,89.3697,98.6768,1.0629,0.3219,0.9885,0.2346,0.715,0.242,0.1296,69.3239,80.6092,48.1436,41.0232,35.89,57.5429,74.7521,57.9504,Degraded,0,0,0,1,1,1,0,0,Deadline_miss,3,12,0.4344,0.4551,-0.8009
2026-09-02 11:28:00,59.9938,4.5748,51.0466,69.856,0.5556,0.263,49.4853,2.5232,0.3246,0.1552,-0.2659,0.1272,0.7334,0.3047,95.6141,104.7913,1.2609,0.2777,1.0183,0.2324,0.7235,0.2635,0.0986,67.538,80.3974,50.3052,43.0908,35.111,60.2905,75.613,58.0126,Degraded,0,0,0,1,1,1,1,0,Deadline_miss,3,12,0.4139,0.4576,-0.8851
2026-09-02 11:29:00,65.9866,4.5183,57.1127,75.7641,0.7241,0.2697,51.2769,2.5398,0.3272,0.1251,-0.164,0.1229,0.6296,0.2979,92.8651,103.7152,1.1167,0.3715,0.88,0.2431,0.752,0.2739,0.1255,66.7838,80.063,49.4796,45.4969,35.147,60.3004,72.3848,57.5228,Degraded,0,0,0,1,1,1,1,0,Deadline_miss,3,11,0.4416,0.4829,-0.7912
2026-09-02 11:30:00,59.3347,4.242,50.82,68.6977,0.6018,0.2503,51.3179,2.54,0.3827,0.1207,-0.2231,0.1335,0.6875,0.2721,95.4078,106.0468,1.2415,0.3122,0.945,0.2409,0.7145,0.2611,0.1285,65.673,81.1214,48.2331,40.6884,37.3624,56.7946,74.5971,56.536,Degraded,0,0,0,1,1,1,1,0,Deadline_miss,3,11,0.4391,0.4404,-0.6442
2026-09-02 11:31:00,64.8544,4.9763,55.3852,75.3188,0.6722,0.291,50.5792,3.373,0.3278,0.1172,-0.2884,0.1204,0.7435,0.2882,99.6689,109.776,1.2584,0.339,1.0904,0.2629,0.7984,0.2796,0.1127,66.2819,79.5047,45.8178,40.0396,32.3937,57.3039,74.006,57.1463,Degraded,0,0,0,1,1,1,1,0,Deadline_miss,3,11,0.433,0.4974,-0.8804
2026-09-02 11:32:00,62.1179,4.3324,53.4858,71.6166,0.7023,0.2633,55.314,2.802,0.3607,0.1315,-0.3083,0.1306,0.6872,0.2764,102.2402,113.5054,1.2766,0.3464,1.0936,0.2778,0.7574,0.3159,0.1636,64.6162,79.708,45.8549,37.3318,29.2652,54.5168,73.2858,53.9511,Degraded,0,0,0,1,1,1,1,0,Deadline_miss,3,13,0.4738,0.4783,-0.9166
2026-09-02 11:33:00,59.156,4.139,50.7752,68.3645,0.6579,0.287,50.4374,3.2176,0.2268,0.1402,-0.2572,0.0972,0.6735,0.2958,90.9737,100.7975,1.0525,0.3172,0.8521,0.2097,0.6351,0.3113,0.1106,69.5857,80.8016,51.2195,42.8769,39.3712,61.0779,75.9501,60.0636,Warning,0,0,0,1,1,1,1,0,Deadline_miss,2,10,0.4418,0.4609,-0.6435
2026-09-02 11:34:00,62.1556,4.3517,53.4984,71.6831,0.7625,0.2797,52.4216,2.761,0.2785,0.1202,-0.4167,0.106,0.6485,0.2861,91.9619,104.304,1.1754,0.3101,0.9645,0.2544,0.6807,0.3599,0.1356,65.664,79.3561,47.2602,40.1076,33.563,57.1741,74.2477,57.3104,Degraded,0,0,0,1,1,1,1,0,Deadline_miss,3,12,0.435,0.4811,-0.7397
2026-09-02 11:35:00,63.1685,4.6047,54.1824,73.0755,0.6263,0.1779,49.8779,2.9188,0.3133,0.1116,-0.268,0.1114,0.7211,0.2825,98.0343,108.3711,1.2529,0.3541,0.9129,0.2744,0.7578,0.2666,0.1242,65.4289,79.2677,47.4091,42.1138,32.0025,56.4989,70.2997,54.7227,Degraded,0,0,0,1,1,1,1,0,Deadline_miss,3,12,0.4484,0.487,-0.7495
2026-09-02 11:36:00,59.6751,4.2092,51.2032,68.9889,0.705,0.2244,52.6671,2.7604,0.3042,0.1621,-0.2638,0.1234,0.7402,0.2896,97.2309,107.7104,1.2205,0.3188,1.0427,0.2548,0.8062,0.3698,0.1461,64.9416,82.2874,47.7102,38.1614,32.5641,56.0544,75.5558,55.918,Degraded,0,0,0,1,1,1,1,0,Deadline_miss,3,10,0.4335,0.4717,-0.8473
2026-09-02 11:37:00,64.8514,4.418,56.1079,74.4785,0.7568,0.2827,50.0816,3.0045,0.3611,0.1414,-0.2594,0.1561,0.7163,0.2989,96.5383,107.1844,1.265,0.329,0.9561,0.2719,0.7871,0.324,0.1344,67.5197,79.2149,41.3769,37.9884,32.5268,54.642,73.8847,57.1213,Degraded,0,0,0,1,1,1,1,0,Deadline_miss,3,13,0.4422,0.4938,-0.8509
2026-09-02 11:38:00,61.6482,4.5705,52.7065,71.504,0.6479,0.2983,51.0221,2.6159,0.359,0.113,-0.2209,0.1454,0.6981,0.2593,92.9408,102.7803,1.2197,0.3161,1.0316,0.2504,0.7945,0.2244,0.1212,69.6467,82.2055,47.5882,40.7281,35.0782,57.8223,74.431,57.3089,Degraded,0,0,0,1,1,1,1,0,Deadline_miss,3,11,0.4021,0.4504,-0.7103
2026-09-02 11:39:00,57.8489,4.3707,49.1669,67.4049,0.6667,0.2949,52.8632,3.1684,0.3061,0.0989,-0.2741,0.1271,0.6819,0.2802,95.2245,105.4997,1.1644,0.3163,0.9263,0.2312,0.7547,0.2975,0.1196,67.206,81.3096,49.6182,43.0923,34.198,58.8692,76.2137,56.4616,Degraded,0,0,0,1,1,1,1,0,Deadline_miss,3,11,0.4341,0.4232,-0.8641
2026-09-02 11:40:00,65.8569,4.4034,57.1325,75.462,0.7925,0.3001,51.7465,2.9311,0.4347,0.1212,-0.2688,0.1708,0.7699,0.2777,96.5431,107.7903,1.2312,0.3358,1.0529,0.2787,0.76,0.3971,0.1251,65.805,80.1592,47.2422,36.3059,30.7267,55.8231,72.0926,55.862,Degraded,0,0,0,1,1,1,1,0,Deadline_miss,3,12,0.4484,0.5048,-0.8997
2026-09-02 11:41:00,61.3936,4.2439,52.8765,70.7595,0.6659,0.2033,53.2308,3.159,0.4324,0.1275,-0.3688,0.1156,0.741,0.2985,97.1237,111.234,1.2388,0.3298,1.0856,0.2658,0.7592,0.2368,0.1127,62.1812,75.9691,42.5295,36.7235,29.1041,52.9823,72.173,53.304,Degraded,0,0,0,1,1,1,1,0,Deadline_miss,3,10,0.4541,0.5461,-0.8835
2026-09-02 11:42:00,65.44,4.2406,56.9272,74.801,0.7565,0.2952,51.7346,2.7059,0.2658,0.1339,-0.3166,0.1352,0.7456,0.3006,104.9063,114.6902,1.2408,0.3175,1.1658,0.3045,0.7707,0.2901,0.1337,68.8931,76.6677,42.7216,34.3992,28.8288,54.0214,73.8891,54.186,Degraded,0,0,0,1,1,1,1,0,Deadline_miss,3,11,0.4642,0.5085,-0.8099
2026-09-02 11:43:00,62.0267,4.7075,52.9069,72.0879,0.6744,0.2453,50.4508,2.7033,0.3908,0.1579,-0.311,0.1397,0.7294,0.2926,94.248,104.8166,1.1786,0.3357,0.9911,0.263,0.7155,0.3085,0.1463,66.9597,79.1429,45.5998,40.7907,33.9243,59.4182,76.4186,57.1952,Degraded,0,0,0,1,1,1,1,0,Deadline_miss,3,10,0.437,0.4755,-0.7664
2026-09-02 11:44:00,64.0334,4.8792,54.6905,74.3522,0.7815,0.2357,49.9162,2.7057,0.3068,0.1552,-0.2434,0.0898,0.7285,0.297,96.7693,107.217,1.2302,0.3286,1.0482,0.2459,0.7248,0.3622,0.1301,66.5566,80.629,45.6094,36.6636,31.5546,55.5688,75.8348,55.5378,Degraded,0,0,0,1,1,1,1,0,Deadline_miss,3,10,0.4741,0.5081,-0.8318
2026-09-02 11:45:00,61.5838,4.4224,52.8346,71.2174,0.6997,0.2532,49.3772,2.6317,0.4627,0.1307,-0.245,0.1329,0.7645,0.2961,98.8572,110.0576,1.2505,0.2908,1.0306,0.2815,0.7583,0.3414,0.1348,63.9162,78.0148,43.8064,38.1714,30.8014,54.5233,73.8475,53.5343,Degraded,0,0,0,1,1,1,1,0,Deadline_miss,3,11,0.4573,0.5403,-0.7742
2026-09-02 11:46:00,64.5447,4.3327,55.9121,74.0438,0.7666,0.2462,52.2976,2.7478,0.372,0.1321,-0.2676,0.0998,0.7592,0.3224,101.5362,112.605,1.2369,0.3491,1.0257,0.3231,0.7416,0.3219,0.1481,61.7095,77.9626,43.1626,33.4456,25.6505,52.566,74.4417,52.1958,Degraded,0,0,0,1,1,1,1,0,Deadline_miss,3,13,0.4764,0.477,-0.7747
2026-09-02 11:47:00,62.9291,4.4478,54.1469,72.6008,0.6862,0.2575,54.0608,2.7182,0.2738,0.1411,-0.2357,0.1446,0.8169,0.3282,99.5547,110.8242,1.22,0.3378,0.9876,0.2658,0.7694,0.2997,0.1261,63.8147,79.9497,45.632,37.3718,30.5057,57.7502,73.1404,54.8026,Degraded,0,0,0,1,1,1,1,0,Deadline_miss,3,12,0.4628,0.5162,-1.0035
2026-09-02 11:48:00,64.5918,4.3988,55.8734,74.19,0.7224,0.2931,51.6442,3.0752,0.3395,0.1577,-0.2777,0.1196,0.8,0.2941,106.0825,120.9624,1.212,0.3287,1.1161,0.3099,0.8246,0.3275,0.1289,67.0941,74.646,42.7617,34.4641,27.8016,51.7643,73.794,52.7318,Degraded,0,0,0,1,1,1,1,0,Deadline_miss,3,12,0.4653,0.5531,-0.8278
2026-09-02 11:49:00,62.5266,4.9199,53.1307,72.9064,0.8166,0.2632,51.6288,2.7029,0.4264,0.1006,-0.3145,0.0923,0.8514,0.3105,100.135,112.0912,1.2271,0.3799,1.008,0.3099,0.8547,0.2807,0.1495,67.4517,78.0133,45.0437,34.2459,25.258,52.4822,71.8536,53.3777,Degraded,0,0,0,1,1,1,1,0,Deadline_miss,3,12,0.4596,0.5474,-0.8898
2026-09-02 11:50:00,64.2974,4.7815,55.0814,74.4697,0.7418,0.2565,52.6773,2.8377,0.3004,0.1395,-0.3132,0.1317,0.7644,0.3071,99.9443,110.0106,1.1974,0.3576,1.1488,0.2785,0.7601,0.3175,0.1279,63.1703,79.1461,41.5668,37.5395,28.7674,55.9102,73.5182,53.4353,Degraded,0,0,0,1,1,1,1,0,Deadline_miss,3,13,0.4567,0.5183,-0.9069
2026-09-02 11:51:00,64.9961,4.5779,56.0448,74.863,0.6321,0.2053,52.2487,2.5367,0.3749,0.1305,-0.27,0.1552,0.7841,0.3161,99.9374,110.0419,1.3096,0.3117,1.1275,0.2877,0.8122,0.2843,0.1273,65.1642,76.9649,45.2828,37.3044,27.8436,53.964,73.9401,53.8122,Degraded,0,0,0,1,1,1,1,0,Deadline_miss,3,11,0.4482,0.4857,-0.8684
2026-09-02 11:52:00,64.8825,4.6501,55.8373,74.8576,0.7019,0.2847,50.5644,2.714,0.3859,0.0898,-0.3164,0.1197,0.7595,0.2836,96.3911,107.6657,1.2835,0.3526,0.9802,0.2532,0.794,0.3039,0.1088,67.3008,81.3815,46.4182,38.1415,33.0588,56.7493,74.1301,55.2521,Degraded,0,0,0,1,1,1,1,0,Deadline_miss,3,12,0.4486,0.4872,-0.9898
2026-09-02 11:53:00,66.978,4.6075,57.9883,76.8893,0.7068,0.2929,55.5142,2.978,0.3964,0.1144,-0.2044,0.0956,0.7625,0.2999,102.0625,113.4129,1.3665,0.3389,1.0343,0.3164,0.8478,0.3449,0.1591,66.1517,78.1118,45.8855,34.8814,29.9355,52.1948,72.8816,52.836,Degraded,0,0,0,1,1,1,1,0,Deadline_miss,3,13,0.4844,0.5307,-0.8443
2026-09-02 11:54:00,64.448,4.9937,54.9561,74.9386,0.7422,0.2305,52.7431,2.8527,0.4656,0.1379,-0.3245,0.1458,0.7539,0.2752,103.8482,114.8276,1.1833,0.3842,1.1977,0.2976,0.8049,0.3126,0.1387,65.3064,82.1913,47.6535,38.4028,27.3144,58.0783,72.1914,54.7973,Degraded,0,0,0,1,1,1,1,0,Deadline_miss,3,13,0.4656,0.5123,-0.7907
2026-09-02 11:55:00,63.2867,4.7644,54.093,73.4332,0.7811,0.2898,53.4297,2.6898,0.4077,0.1452,-0.3105,0.1258,0.7996,0.2959,100.8972,112.1845,1.4174,0.3737,1.0558,0.3151,0.9196,0.3583,0.1314,63.0152,78.0053,40.1826,33.9076,24.3316,53.0312,71.8399,52.5286,Degraded,0,0,0,1,1,1,1,0,Deadline_miss,3,11,0.4844,0.5808,-0.9578
2026-09-02 11:56:00,65.0266,4.6001,56.0464,74.9268,0.7609,0.304,55.1987,3.0486,0.2768,0.1236,-0.3156,0.1236,0.7763,0.2905,99.5272,110.1658,1.3777,0.3627,1.1198,0.2953,0.7623,0.3632,0.1023,64.3855,77.9588,42.4727,35.9172,27.3929,55.0594,69.0464,52.1986,Degraded,0,0,0,1,1,1,1,0,Deadline_miss,3,12,0.4983,0.5266,-0.9119
2026-09-02 11:57:00,60.5828,4.425,51.8304,70.2203,0.6774,0.3011,51.831,2.7741,0.3985,0.1633,-0.3011,0.1386,0.8297,0.3182,99.7355,111.3254,1.2735,0.3727,0.9857,0.2806,0.806,0.3074,0.1327,65.1558,76.2316,43.8407,33.9005,29.7253,54.7401,73.4031,54.0221,Degraded,0,0,0,1,1,1,1,0,Deadline_miss,3,11,0.4782,0.5121,-0.7767
2026-09-02 11:58:00,67.0295,4.5689,58.0899,76.8828,0.7268,0.2863,49.4498,3.0259,0.3248,0.1147,-0.376,0.1072,0.8739,0.3223,101.6651,113.0223,1.3375,0.3799,1.141,0.309,0.8273,0.3164,0.1154,64.6507,80.5981,43.5592,35.1209,25.9345,52.6455,72.6592,51.7887,Degraded,0,0,0,1,1,1,1,0,Deadline_miss,3,11,0.4832,0.5148,-0.9636
2026-09-02 11:59:00,61.7693,5.0518,52.202,72.3469,0.7017,0.3082,52.0361,2.7187,0.399,0.1529,-0.2461,0.1722,0.8053,0.2875,96.6229,107.9799,1.3246,0.4117,1.1288,0.2992,0.8909,0.3377,0.124,63.555,76.8296,43.6335,36.3417,28.2223,56.6824,71.5137,52.0697,Degraded,0,0,0,1,1,1,1,0,Deadline_miss,3,11,0.4686,0.5111,-1.0005
2026-09-02 12:00:00,65.7665,4.9898,56.2798,76.2512,0.7659,0.3027,57.5588,2.762,0.3608,0.1659,-0.3423,0.1064,0.8301,0.3191,106.3933,116.7898,1.3652,0.3988,1.1401,0.3213,0.9031,0.3377,0.1459,63.898,76.8099,40.3037,29.5002,25.1319,52.3394,73.29,50.6338,Degraded,0,0,0,1,1,1,1,0,Deadline_miss,3,14,0.4797,0.5163,-0.9325
2026-09-02 12:01:00,65.1349,4.3984,56.417,74.7324,0.69,0.3289,54.7434,2.7802,0.407,0.1485,-0.2952,0.1183,0.7732,0.3148,102.3646,113.1761,1.3382,0.4077,1.117,0.3347,0.8285,0.3688,0.1444,62.9359,77.6425,41.069,30.5706,23.4278,47.5961,70.7245,49.7139,Degraded,0,0,0,1,1,1,1,0,Deadline_miss,3,11,0.5095,0.6175,-0.9822
2026-09-02 12:02:00,65.1459,4.9082,55.7652,75.5082,0.7566,0.2778,52.6758,2.6172,0.375,0.1595,-0.3314,0.1622,0.8191,0.3505,100.8178,111.7911,1.2868,0.3955,1.0829,0.3467,0.8659,0.3537,0.1229,60.6062,76.8114,41.0362,32.9487,24.4485,49.7406,74.4173,51.5365,Degraded,0,0,0,1,1,1,1,0,Deadline_miss,3,13,0.4481,0.5126,-1.0041
2026-09-02 12:03:00,65.3322,4.7242,56.1907,75.4186,0.7232,0.2598,52.6491,2.8023,0.316,0.1308,-0.2936,0.1414,0.785,0.3295,103.9738,115.3541,1.3332,0.4469,1.0737,0.3254,0.814,0.3468,0.1517,63.7771,76.6461,42.3759,32.408,26.4065,53.2014,72.3262,52.0714,Degraded,0,0,0,1,1,1,1,0,Deadline_miss,3,13,0.4847,0.5699,-0.9781
2026-09-02 12:04:00,66.4942,4.8753,57.1563,76.8072,0.8358,0.3015,57.8719,2.8391,0.4207,0.1713,-0.437,0.132,0.7416,0.3367,102.0194,114.138,1.4875,0.372,1.1781,0.3537,0.8241,0.349,0.1384,64.4667,76.0244,38.6508,29.6058,24.9135,53.4984,67.7326,50.2733,Degraded,0,0,0,1,1,1,1,0,Deadline_miss,3,13,0.5164,0.5694,-0.9445
2026-09-02 12:05:00,62.8194,4.7033,53.7051,72.8744,0.6754,0.2992,52.1265,2.9329,0.3826,0.1434,-0.3344,0.1121,0.7769,0.2777,101.0939,112.627,1.379,0.3387,1.0963,0.2989,0.8388,0.4507,0.1401,65.2042,78.8497,42.9914,36.9036,25.206,53.6515,74.0638,52.7837,Degraded,0,0,0,1,1,1,1,0,Deadline_miss,3,13,0.4744,0.5104,-1.0586
2026-09-02 12:06:00,70.2675,5.0582,60.6918,80.8549,0.851,0.2777,52.8978,2.8357,0.3493,0.2071,-0.3358,0.0804,0.8014,0.3321,105.5158,116.4576,1.3648,0.4414,1.2507,0.3555,0.9011,0.4227,0.1358,61.8403,76.0315,36.2646,30.7115,19.087,50.4977,67.2391,48.1085,Degraded,0,0,0,1,1,1,1,0,Deadline_miss,3,13,0.5209,0.574,-1.0218
2026-09-02 12:07:00,63.1486,4.4733,54.3332,72.8586,0.8156,0.2546,54.1031,3.0436,0.4011,0.144,-0.3368,0.1133,0.7899,0.3213,99.0895,111.8976,1.3831,0.4032,1.0648,0.323,0.8136,0.3688,0.132,61.4413,75.5679,40.2794,31.66,24.493,47.9656,68.0857,48.4959,Degraded,0,0,0,1,1,1,1,0,Deadline_miss,3,13,0.5067,0.5709,-0.9357
2026-09-02 12:08:00,71.336,5.0207,61.8091,81.8671,0.7218,0.2262,51.5152,2.8312,0.4037,0.1194,-0.248,0.1198,0.7921,0.3034,104.9867,115.4234,1.3789,0.3138,1.1846,0.2919,0.8025,0.3422,0.1498,62.8196,78.4501,45.6512,35.3438,29.2538,54.7575,72.2487,52.8229,Degraded,0,0,0,1,1,1,1,0,Deadline_miss,3,13,0.4799,0.5411,-0.8397
2026-09-02 12:09:00,65.0738,4.687,55.9807,75.1042,0.7516,0.3091,52.7875,2.6461,0.3925,0.1398,-0.3296,0.1374,0.8304,0.3291,102.3309,115.7552,1.3434,0.3705,1.176,0.3499,0.861,0.3326,0.1458,62.2148,76.6622,38.5241,31.8326,23.6941,49.6485,71.5597,47.6293,Degraded,0,0,0,1,1,1,1,0,Deadline_miss,3,13,0.5056,0.5641,-0.9946
2026-09-02 12:10:00,63.5548,4.5611,54.6253,73.3964,0.7546,0.3029,52.2585,2.8274,0.3954,0.1548,-0.3705,0.1261,0.8571,0.317,99.1338,111.5123,1.3306,0.3355,1.0666,0.3064,0.7991,0.3275,0.144,63.2761,76.8275,41.3555,35.7404,26.1179,51.7761,72.7246,53.0098,Degraded,0,0,0,1,1,1,1,0,Deadline_miss,3,11,0.4588,0.5828,-0.9463
2026-09-02 12:11:00,67.0822,4.6647,58.0181,77.0792,0.7794,0.2734,55.8422,3.0089,0.4553,0.1842,-0.321,0.1067,0.8315,0.3203,105.2026,115.9213,1.5116,0.3425,1.1742,0.3792,0.8642,0.4135,0.1311,62.8167,79.1492,36.8094,29.9565,21.6823,49.345,69.7427,49.6502,Degraded,0,0,0,1,1,1,1,0,Deadline_miss,3,15,0.5207,0.5502,-0.902
2026-09-02 12:12:00,64.8568,4.6413,55.8232,74.8187,0.7293,0.255,52.2508,2.7615,0.3681,0.1576,-0.271,0.1581,0.7634,0.307,105.4788,118.5902,1.3764,0.3873,1.0162,0.3,0.8194,0.3176,0.1452,62.3218,80.6173,41.9918,33.8693,27.7143,52.8087,72.1763,52.4016,Degraded,0,0,0,1,1,1,1,0,Deadline_miss,3,12,0.4784,0.5196,-0.9254
2026-09-02 12:13:00,67.2023,4.4614,58.4025,76.8945,0.7748,0.2966,53.3012,2.8439,0.3406,0.1272,-0.3899,0.1247,0.7677,0.339,104.8507,117.8066,1.4569,0.4228,1.1801,0.3475,0.9052,0.3765,0.1494,65.7882,78.0536,36.9991,31.4861,20.3418,50.3005,69.883,50.0254,Degraded,0,0,0,1,1,1,1,0,Deadline_miss,3,12,0.507,0.5743,-0.9452
2026-09-02 12:14:00,65.5935,4.7839,56.3744,75.7693,0.7836,0.3383,54.6737,3.2139,0.4414,0.1315,-0.3635,0.1075,0.8177,0.3442,105.0419,116.0315,1.3593,0.4065,1.2644,0.3442,0.941,0.3691,0.141,60.1407,75.6484,40.624,30.3558,22.2577,48.0382,72.2011,50.6435,Degraded,0,0,0,1,1,1,1,0,Deadline_miss,3,12,0.4834,0.5603,-0.9907
2026-09-02 12:15:00,70.5211,4.7379,61.3619,80.628,0.723,0.256,55.1517,2.7696,0.3915,0.1624,-0.4017,0.1379,0.9023,0.296,108.0399,120.8106,1.2482,0.3146,1.1633,0.3174,0.8726,0.3638,0.1264,64.173,76.5322,39.6758,29.2614,23.7213,51.2627,68.7069,48.5395,Degraded,0,0,0,1,1,1,1,0,Deadline_miss,3,13,0.5106,0.5654,-0.9114
2026-09-02 12:16:00,64.2872,5.5384,54.0872,75.5949,0.8011,0.283,50.2835,2.6777,0.3498,0.2039,-0.3284,0.0867,0.8417,0.3353,103.0179,113.8285,1.2478,0.3618,1.2071,0.3758,0.8221,0.3367,0.109,60.3357,79.0665,38.5114,30.9628,22.2112,50.5201,70.357,48.6686,Degraded,0,0,0,1,1,1,1,0,Deadline_miss,3,12,0.5138,0.6223,-0.8861
2026-09-02 12:17:00,71.228,4.7029,62.1142,81.2824,0.792,0.2663,56.3303,2.8035,0.321,0.1645,-0.3029,0.1336,0.9164,0.326,108.2012,120.987,1.4595,0.3667,1.1471,0.3503,0.8041,0.3305,0.1467,59.9454,77.4861,39.7877,29.2357,20.2182,50.4197,71.0735,49.1732,Degraded,0,0,0,1,1,1,1,0,Deadline_miss,3,12,0.5487,0.6297,-0.9265
2026-09-02 12:18:00,62.8195,4.9229,53.4198,73.2039,0.7504,0.278,54.8863,2.8689,0.4324,0.1495,-0.291,0.1673,0.8816,0.3207,105.2219,116.5395,1.4734,0.3883,1.0645,0.3423,0.8665,0.3219,0.1052,61.287,74.9674,35.6137,30.3586,22.5274,48.0989,70.6432,50.0603,Degraded,0,0,0,1,1,1,1,0,Deadline_miss,3,14,0.5189,0.5732,-0.9042
2026-09-02 12:19:00,68.543,5.8459,57.9433,80.3119,0.7886,0.365,56.4075,2.7219,0.2826,0.1679,-0.3293,0.1112,0.8707,0.3467,108.858,122.2464,1.4905,0.437,1.2235,0.4095,0.9393,0.3533,0.1404,60.695,76.0484,34.7467,26.6335,18.0572,49.1966,68.152,47.183,Degraded,0,0,0,1,1,1,1,0,Deadline_miss,3,14,0.5247,0.5845,-1.0759
2026-09-02 12:20:00,66.1908,5.3781,56.1993,77.2579,0.8139,0.2484,54.2426,3.3199,0.3603,0.1519,-0.3405,0.1549,0.9244,0.3649,106.5654,120.0372,1.4876,0.4153,1.1995,0.3937,0.8681,0.389,0.1362,60.0577,74.8336,36.0751,26.2507,17.7625,48.5079,67.1851,46.8533,Degraded,0,0,0,1,1,1,1,0,Deadline_miss,3,13,0.5418,0.6247,-0.9849
2026-09-02 12:21:00,71.2204,4.8238,61.9495,81.4561,0.907,0.3203,54.736,3.0907,0.3739,0.1133,-0.3406,0.1019,0.8742,0.3354,107.0342,118.4855,1.4174,0.3897,1.2277,0.3797,0.9415,0.4202,0.1522,61.5194,75.4854,36.4127,28.8007,20.5996,49.5825,69.7459,48.0187,Degraded,0,0,0,1,1,1,1,0,Deadline_miss,3,14,0.5306,0.6206,-1.0284
2026-09-02 12:22:00,63.8582,4.8038,54.6133,74.0638,0.7083,0.3289,54.0317,2.948,0.4723,0.1646,-0.3621,0.1449,0.7876,0.3628,105.1242,115.9846,1.5454,0.383,1.15,0.3766,0.913,0.3845,0.1417,61.6434,77.3888,37.1602,25.5083,18.8592,49.0945,67.4306,47.7648,Degraded,0,0,0,1,1,1,1,0,Deadline_miss,3,13,0.5218,0.6032,-0.9507
2026-09-02 12:23:00,74.9851,5.0115,65.4702,85.5024,0.8371,0.367,53.647,3.5173,0.4764,0.1741,-0.3939,0.1435,0.8408,0.3326,110.703,124.442,1.4449,0.4127,1.2188,0.4415,0.9629,0.3228,0.1292,57.502,73.6968,33.5231,24.1603,14.4615,45.5893,65.8468,46.4034,Degraded,0,0,0,1,1,1,1,0,Deadline_miss,3,15,0.5127,0.6453,-1.0882
2026-09-02 12:24:00,71.4468,5.0387,61.8964,82.0048,0.7295,0.256,56.0272,3.6481,0.4144,0.1651,-0.3895,0.1421,0.8884,0.3402,109.2478,124.5502,1.5459,0.414,1.2679,0.3922,0.9435,0.3833,0.1747,60.6827,78.1031,33.3897,25.3078,14.3509,47.1674,65.5774,47.3893,Degraded,0,0,0,1,1,1,1,0,Deadline_miss,3,15,0.5571,0.6094,-1.2598
2026-09-02 12:25:00,68.8183,5.4785,58.6962,80.036,0.881,0.2819,54.4176,3.417,0.3329,0.1724,-0.359,0.1452,0.9267,0.3458,105.074,117.0659,1.4743,0.389,1.3114,0.3925,0.9613,0.3995,0.1351,58.2285,76.0319,36.2735,27.3234,18.6166,45.7109,70.7304,47.8605,Degraded,0,0,0,1,1,1,1,0,Deadline_miss,3,13,0.4989,0.6526,-1.047
2026-09-02 12:26:00,68.1116,4.8281,58.8351,78.3537,0.8442,0.3762,55.5124,2.8896,0.3837,0.1749,-0.3704,0.1597,0.7853,0.3572,107.8217,119.488,1.4892,0.4283,1.325,0.4032,0.9868,0.3719,0.1253,58.5145,74.51,32.3126,26.7411,17.8061,43.5565,68.0142,46.2323,Degraded,0,0,0,1,1,1,1,0,Deadline_miss,3,13,0.5076,0.6132,-1.0876
2026-09-02 12:27:00,72.5608,5.178,62.8294,83.3278,0.8777,0.3228,53.2159,3.2,0.4431,0.1854,-0.3187,0.1475,0.874,0.3435,106.7678,121.8894,1.4109,0.4137,1.2761,0.375,0.9102,0.3642,0.1651,59.473,74.4531,34.8064,25.6022,17.7378,48.592,68.7671,46.7429,Degraded,0,0,0,1,1,1,1,0,Deadline_miss,3,15,0.5477,0.5724,-1.0828
2026-09-02 12:28:00,68.4651,4.9858,58.9835,78.9439,0.7517,0.2403,52.2082,2.7297,0.2879,0.1728,-0.3157,0.1276,0.9091,0.3698,107.1245,118.2246,1.5219,0.3751,1.2121,0.3676,0.904,0.3494,0.144,62.0894,75.0393,36.4735,26.102,20.3401,46.1229,69.5408,47.9139,Degraded,0,0,0,1,1,1,1,0,Deadline_miss,3,15,0.544,0.6324,-1.0639
2026-09-02 12:29:00,66.6087,4.9152,57.2189,76.9816,0.9482,0.3711,53.7163,3.0224,0.3783,0.1941,-0.3752,0.1303,0.9053,0.364,105.7261,119.5538,1.5204,0.3711,1.2596,0.3931,0.8979,0.3773,0.167,57.5389,73.7131,33.7222,24.9798,17.1816,45.5751,66.8069,44.9028,Degraded,0,0,0,1,1,1,1,0,Deadline_miss,3,13,0.5583,0.5717,-0.9839
2026-09-02 12:30:00,72.8226,5.192,63.0729,83.6106,0.8662,0.2753,56.5443,2.7754,0.4665,0.1454,-0.3208,0.1365,0.9132,0.362,106.8802,118.7873,1.5825,0.3664,1.2033,0.4153,0.9536,0.3709,0.1432,59.3298,74.5673,32.1524,25.3873,16.1252,46.2109,66.244,44.1471,Degraded,0,0,0,1,1,1,1,0,Deadline_miss,3,13,0.5821,0.646,-1.2371
2026-09-02 12:31:00,67.3682,4.8693,58.0381,77.6722,0.8224,0.2914,58.5705,2.7834,0.3688,0.2131,-0.3449,0.1532,0.8811,0.3541,106.1416,118.6648,1.4338,0.3799,1.0842,0.3563,0.9208,0.3508,0.1335,60.3894,77.3848,35.6358,26.0468,20.3521,47.962,71.0931,48.8316,Degraded,0,0,0,1,1,1,1,0,Deadline_miss,3,13,0.517,0.6089,-1.0323
2026-09-02 12:32:00,70.4975,4.8831,61.1496,80.8221,0.9177,0.344,59.2881,3.1035,0.4918,0.1353,-0.3181,0.1548,0.9174,0.3664,110.349,125.2921,1.6297,0.4678,1.3343,0.4161,0.9924,0.3315,0.1718,57.0287,74.273,29.6652,21.5676,8.4859,44.5419,65.7429,42.3519,Degraded,0,0,0,1,1,1,1,0,Deadline_miss,3,15,0.5577,0.6435,-0.9455
2026-09-02 12:33:00,71.339,5.083,61.731,81.9635,0.8122,0.3064,53.0484,3.0166,0.4761,0.1803,-0.3519,0.1217,0.8363,0.3654,108.95,121.2163,1.5194,0.4319,1.1816,0.4043,0.923,0.4036,0.1471,60.6472,74.8131,33.8722,27.376,17.3943,46.8169,65.8684,45.1925,Degraded,0,0,0,1,1,1,1,0,Deadline_miss,3,13,0.5423,0.609,-1.098
2026-09-02 12:34:00,70.8654,4.8044,61.6197,81.0719,0.7541,0.2897,50.4718,3.0814,0.5419,0.1944,-0.3029,0.1315,0.8775,0.3171,109.0271,121.4824,1.4287,0.4187,1.1892,0.3603,0.9672,0.3274,0.134,57.3189,74.8721,38.9815,29.975,18.6275,47.3333,67.944,46.9381,Degraded,0,0,0,1,1,1,1,0,Deadline_miss,3,13,0.5498,0.6354,-1.0198
2026-09-02 12:35:00,69.0206,4.6161,60.0196,78.9448,0.7782,0.3494,56.6637,2.742,0.4333,0.1471,-0.3768,0.1661,0.8068,0.3391,107.8094,121.909,1.433,0.4001,1.1237,0.3593,0.8786,0.3828,0.136,62.3914,77.3038,39.1904,28.8823,19.9804,51.857,69.664,48.6322,Degraded,0,0,0,1,1,1,1,0,Deadline_miss,3,12,0.5236,0.5722,-1.0225
2026-09-02 12:36:00,69.8133,4.7958,60.5787,80.0071,0.7429,0.3303,55.5656,3.274,0.4302,0.1928,-0.4061,0.1155,0.9452,0.3593,110.0738,121.9148,1.3956,0.4163,1.2097,0.3948,0.9037,0.4069,0.143,62.2527,74.11,32.6412,21.7003,15.4629,46.312,67.643,43.7912,Degraded,0,0,0,1,1,1,1,0,Deadline_miss,3,15,0.5649,0.6479,-1.0553
2026-09-02 12:37:00,71.8582,4.9045,62.4823,82.2149,0.6992,0.3492,57.8501,2.8771,0.4643,0.167,-0.4855,0.1547,0.8714,0.3696,109.9739,121.7749,1.5403,0.4271,1.2672,0.4106,0.941,0.3766,0.1417,55.8555,72.1753,33.0604,24.445,15.9941,46.0266,66.9217,43.6227,Degraded,0,0,0,1,1,1,1,0,Deadline_miss,3,13,0.5751,0.628,-1.1378
2026-09-02 12:38:00,69.0764,4.8953,59.7126,79.4193,0.7141,0.3324,57.4544,2.7881,0.4402,0.1673,-0.3276,0.1324,0.9433,0.3548,111.7506,124.5053,1.5883,0.3971,1.305,0.4149,0.8479,0.3779,0.1642,58.6409,76.4055,32.0553,24.1476,16.3363,44.5346,67.4469,44.8112,Degraded,0,0,0,1,1,1,1,0,Deadline_miss,3,15,0.5391,0.613,-1.0389
2026-09-02 12:39:00,69.4792,5.1127,59.8327,80.1483,0.7703,0.3203,54.8934,2.9074,0.5122,0.154,-0.4462,0.1691,0.8775,0.3735,110.0446,121.4785,1.5664,0.4401,1.2247,0.3974,1.0308,0.4213,0.1361,57.3426,75.3005,33.989,25.4634,14.4814,45.4278,67.9948,45.1632,Degraded,0,0,0,1,1,1,1,0,Deadline_miss,3,13,0.5337,0.6423,-1.1248
2026-09-02 12:40:00,30.8823,2.1427,25.0968,37.0964,0.0404,0.0553,39.4062,1.7373,0.1118,0.033,-0.0775,0.0436,0.1034,0.0313,51.8739,58.1341,0.1455,0.0809,0.1183,0.0094,0.0464,0.054,0.0334,96.6417,97.3255,95.1147,94.4739,93.8331,96.1413,93.6697,94.7892,Excellent,0,0,0,0,0,0,0,0,None,0,0,0.0801,0.0899,-0.175
2026-09-02 12:41:00,32.3152,2.2578,26.38,38.702,0.0108,0.0476,36.4908,1.7822,0.0533,0.0346,-0.0394,0.0264,0.0505,0.0093,47.8917,54.8604,0.1016,0.0332,0.1117,0.008,0.0577,0.1139,0.0053,93.6949,95.996,94.2602,95.0202,94.9027,97.9553,95.2766,95.4384,Excellent,0,0,0,0,0,0,0,0,None,0,0,0.0637,0.019,-0.0591
2026-09-02 12:42:00,34.3464,2.095,28.6228,40.4889,-0.0589,0.0054,33.4064,1.5572,0.0167,0.0552,-0.1086,0.053,0.0857,0.0167,47.0892,50.803,0.101,0.0219,0.0861,0.0397,0.0412,0.01,0.0304,95.8318,96.8666,95.1201,97.4646,93.3061,96.2973,96.202,96.4049,Excellent,0,0,0,0,0,0,0,0,None,0,0,0.031,0.0311,-0.0112
2026-09-02 12:43:00,29.3545,2.2368,23.4466,35.7097,0.0598,0.0313,35.7331,1.6585,0.0353,-0.02,0.0126,-0.0014,0.0561,0.0122,47.1411,50.686,-0.0849,0.0198,0.063,0.0072,0.0664,0.0437,0.0062,98.6724,99.0712,96.4865,97.3934,97.0232,96.9258,97.231,99.1749,Excellent,0,0,0,0,0,0,0,0,None,0,0,0.017,0.0412,-0.0505
2026-09-02 12:44:00,31.7683,2.7715,25.1653,38.9256,0.0938,-0.0118,38.3335,1.5952,0.028,0.0303,-0.0147,0.0029,-0.01,0.0225,48.0306,53.693,0.1096,0.0634,0.0537,0.0048,0.0132,0.0266,0.0436,95.7115,96.2661,96.3479,93.7155,93.027,94.5096,94.067,95.2851,Excellent,0,0,0,0,0,0,0,0,None,0,0,0.0486,0.0403,0
2026-09-02 12:45:00,30.9681,2.015,25.3486,36.9906,0.1068,0.0192,38.4502,1.6016,0.0287,0.039,-0.0689,0.0136,0.0812,0.0494,50.1245,54.5463,0.0166,-0.0024,0.091,0.0234,0.069,0.0697,0.0165,95.114,94.8627,98.1224,95.0975,92.7678,94.2804,94.0469,93.5538,Excellent,0,0,0,0,0,0,0,0,None,0,0,0.0646,0.0724,-0.0231
2026-09-02 12:46:00,34.3676,2.8754,27.6295,41.6807,0.1698,0.0888,40.8429,1.9404,0.072,0.0181,-0.0099,0.0257,0.0966,0.0006,44.855,51.1149,0.1061,0.0431,0.1652,0.0081,0.003,0.0889,0.0206,97.1087,97.7646,94.3303,95.8508,96.8317,94.0311,92.3607,96.7788,Excellent,0,0,0,0,0,0,0,0,None,0,0,0.0002,0.0079,-0.1307
2026-09-02 12:47:00,32.6411,2.3201,26.625,39.1213,0.1138,0.0068,37.0413,2.0055,0.2797,0.0052,0.0264,0.013,0.0449,0.0119,52.0444,56.8834,0.2599,0.0026,0.0178,0.0091,0.03,0.0971,0.0334,93.5216,93.0833,95.2454,96.5054,94.5953,91.5599,95.7451,93.9809,Excellent,0,0,0,0,0,0,0,0,None,0,0,0.0653,0.0514,-0.0886
2026-09-02 12:48:00,30.3709,2.3491,24.3171,36.8945,-0.0459,0.0318,35.6773,1.4285,0.044,-0.0048,-0.0573,0.022,0.046,-0.0104,47.0289,53.8755,0.0148,0.042,-0.0244,0.0208,-0.0008,0.0158,0.0068,94.469,97.578,96.4998,96.8504,98.1787,96.8097,98.9616,96.9385,Excellent,0,0,0,0,0,0,0,0,None,0,0,0.0095,0.076,-0.1613
2026-09-02 12:49:00,32.6387,2.3309,26.6085,39.1351,0.1852,0.0061,38.1658,2.2805,0.0761,-0.0031,-0.1395,-0.0011,0.0547,0.0195,48.7577,55.2645,0.1114,0.0239,0.0709,0.008,0.0697,0.0163,0.0254,95.9992,92.8274,95.7771,96.991,97.1023,94.4566,95.2611,97.0803,Excellent,0,0,0,0,0,0,0,0,None,0,0,0.0258,0.031,-0.0794
2026-09-02 12:50:00,32.8624,2.3395,26.8211,39.3716,-0.0721,0.0563,38.6659,1.8929,0.0468,0.0328,-0.0775,0.0518,0.0798,0.0338,47.2655,50.8169,0.1086,0.0721,0.108,0.0125,-0.0128,0.0984,0.0095,93.0013,94.092,96.0814,94.3279,95.6488,94.5671,96.0856,94.4749,Excellent,0,0,0,0,0,0,0,0,None,0,0,0.0623,0.0926,-0.0679
2026-09-02 12:51:00,31.1951,2.8323,24.5131,38.4435,0.0846,0.0325,42.8126,1.5447,0.1079,0.0209,-0.1154,-0.0024,0.0933,0.0226,54.324,58.0024,0.0566,0.0628,0.0095,0.0131,0.0771,0.029,0.0408,95.6483,95.0914,96.5464,94.8064,94.3145,96.3059,92.1886,96.1741,Excellent,0,0,0,0,0,0,0,0,None,0,0,0.0294,0.0591,0
2026-09-02 12:52:00,30.1059,2.2344,24.2012,36.4574,0.1438,0.0395,34.4791,1.9768,0.1937,0.0213,-0.114,0.0181,0.0925,0.031,50.665,55.2123,-0.0253,0.0348,0.0555,0.0074,0.0511,0.0654,-0.0039,94.9554,95.1832,92.7622,93.0649,93.8624,92.8639,95.6872,93.62,Excellent,0,0,0,0,0,0,0,0,None,0,0,0.0857,0.0507,-0.1474
2026-09-02 12:53:00,29.7768,2.0338,24.1329,35.8276,0.1855,-0.0221,40.6189,1.753,0.0897,0.0455,-0.0525,0.0031,0.0729,0.0068,51.3536,55.0571,0.1061,0.0531,0.1832,0,0.067,0.0483,0.0271,99.7065,94.3977,97.7921,94.0083,94.5884,99.6249,95.0056,95.4658,Excellent,0,0,0,0,0,0,0,0,None,0,0,0.0554,0,-0.0754
2026-09-02 12:54:00,27.6398,1.9985,22.0418,33.6375,0.1709,0.0259,37.3197,1.7689,0.0088,0.0407,0.0932,-0.0073,0.0507,0.0042,44.192,48.8291,0.0804,0.0201,0.145,0.0128,0.0724,0.0851,0.0176,94.2778,96.7299,95.4302,96.6819,97.8305,98.732,98.4926,95.7266,Excellent,0,0,0,0,0,0,0,0,None,0,0,0.0222,0,-0.031
2026-09-02 12:55:00,32.288,2.6329,25.8653,39.2373,0.1983,0.0779,38.8144,2.5227,0.1153,0.0342,-0.0274,0.003,0.0647,0.0369,52.5398,57.832,0.1146,0.0406,0.0923,0.0127,0.0275,0.0203,0.0095,94.4353,93.9779,95.9434,94.9921,93.0665,93.8837,96.2876,94.0621,Excellent,0,0,0,0,0,0,0,0,None,0,0,0.0505,0.0913,-0.0257
2026-09-02 12:56:00,29.6978,1.9871,24.1146,35.6785,0.14,-0.0005,34.8306,1.4517,0.1256,0.0124,-0.0576,0.0197,0.0623,-0.004,45.9411,49.7289,0.1073,0.0398,-0.0084,0.0247,0.0497,-0.0112,0.0109,96.0107,98.2415,97.7262,100,97.9199,98.865,97.9148,98.2261,Excellent,0,0,0,0,0,0,0,0,None,0,0,0.0048,0.0793,-0.0751
2026-09-02 12:57:00,32.3598,2.4049,26.2334,38.9671,0.2117,0.0388,40.229,1.5487,0.1805,0.0651,-0.0305,0.0215,0.1455,0.0344,48.6505,53.3341,0.0908,0.0432,0.1982,0.0075,0.0052,0.0928,0.0357,91.7428,97.3593,94.145,91.5135,94.4003,93.183,95.087,93.9141,Excellent,0,0,0,0,0,0,0,0,None,0,0,0.096,0.0279,-0.0051
2026-09-02 12:58:00,35.481,2.454,29.2908,42.1621,0.1644,0.0255,36.8741,1.6937,0.0843,0.0467,-0.072,0.0615,0.087,0.0225,51.6272,56.2781,0.1921,0.0056,0.1246,0,0.1068,0.0893,0.0327,96.2515,93.3529,95.2823,97.7607,93.9383,95.3661,92.571,94.9785,Excellent,0,0,0,0,0,0,0,0,None,0,0,0.032,0.0925,-0.0629
2026-09-02 12:59:00,33.7449,2.4853,27.514,40.4729,0.0618,0.0582,37.1467,1.5642,0.1727,-0.0003,-0.0353,-0.0125,0.0121,0.0016,45.7811,49.2108,0.0931,0.0154,-0.0057,0.0215,-0.0203,0.0705,0.0275,95.3026,96.9621,94.7152,94.4438,96.6345,95.2026,96.447,94.7686,Excellent,0,0,0,0,0,0,0,0,None,0,0,0.0572,0.0782,-0.0672
2026-09-02 13:00:00,37.4181,2.7362,30.8611,44.5225,0.1631,0.0728,32.9752,1.9333,0.0602,-0.0018,-0.0613,0.0128,0.0021,0.013,52.1828,57.7421,0.1105,0.0433,0.0735,0.0111,0.037,0.1259,0.0365,94.6467,92.7242,94.571,92.3321,92.9467,94.0106,95.4293,92.2753,Excellent,0,0,0,0,0,0,0,0,None,0,0,0.0879,0.0536,-0.1289
2026-09-02 13:01:00,35.8308,2.4994,29.5816,42.58,0.2434,0.0404,40.4895,1.6222,0.056,0.0348,-0.0212,-0.0002,0.0065,0.0196,50.7449,56.5029,0.1381,0.0422,0.0949,0.0248,0.0491,0.1551,-0.0101,92.1951,95.1772,94.6299,96.1313,90.7914,93.3925,94.3629,93.7618,Excellent,0,0,0,0,0,0,0,0,None,0,0,0.031,0.1004,-0.1094
2026-09-02 13:02:00,34.757,2.6321,28.3353,41.7051,0.0712,0.0478,35.6361,1.8655,0.1464,0.0291,0.0287,0.0259,0.0525,0.0058,47.1138,51.2862,0.0637,0.0234,0.035,0,0.0041,0.0394,0.0216,95.8977,96.9362,98.711,96.5032,95.1102,97.9366,94.7304,96.3567,Excellent,0,0,0,0,0,0,0,0,None,0,0,0.0179,0.0937,-0.0792
2026-09-02 13:03:00,37.1904,2.4346,31.0255,43.8422,0.138,0.027,38.8829,1.7262,0.2362,0.0333,-0.0984,0.0202,0.0977,0.0342,51.6804,57.9812,0.2617,0.0605,0.0536,0,0.114,0.0903,0.0235,92.9213,93.7528,94.4122,93.8459,92.0378,93.3173,93.6342,94.2623,Excellent,0,0,0,0,0,0,0,0,None,0,0,0.0522,0.0983,-0.1602
2026-09-02 13:04:00,31.2684,2.4255,25.1152,37.9068,0.0485,0.0125,36.4982,1.7448,0.0848,0.0236,-0.0015,0.0587,0.0784,0.0149,48.3471,53.2256,0.1684,0.0138,0.0356,0.0321,0.0439,0.0962,0.0096,94.2904,95.1107,93.7348,95.3935,92.6344,97.313,91.3024,95.4625,Excellent,0,0,0,0,0,0,0,0,None,0,0,0.0264,0.0755,-0.0681
2026-09-02 13:05:00,32.1372,2.6517,25.6901,39.1148,0.2168,0.0553,39.6176,2.0911,0.1958,0.0217,-0.104,0.025,0.066,0.033,51.5629,59.6165,0.1376,0.0233,0.1297,0.0192,0.0124,0.0923,0.0735,93.3396,95.6814,92.0586,93.4392,90.1452,91.6206,93.4321,91.5068,Excellent,0,0,0,0,0,0,0,0,None,0,0,0.0815,0.0445,-0.0624
2026-09-02 13:06:00,32.2478,2.0682,26.5592,38.3502,0.1557,0.0421,36.9874,1.5478,0.0926,0.027,0.0038,0.0142,0.0881,0.0128,48.9147,54.7937,0.1785,-0.0207,0.15,0,0.0218,0.0646,0.0423,96.0772,92.8271,96.4811,94.6908,96.2297,95.5691,95.4965,94.9875,Excellent,0,0,0,0,0,0,0,0,None,0,0,0.0525,0.0919,0
2026-09-02 13:07:00,35.4093,2.9577,28.5644,42.8459,0.0264,0.0234,37.2018,1.9806,0.1055,0.0639,-0.041,0.0211,0.0654,0.04,46.1115,50.6005,0.1732,0.0007,0.0735,0,0.0445,0.0245,0.0355,94.4614,96.5737,97.038,93.021,92.7094,94.6369,94.2963,94.5357,Excellent,0,0,0,0,0,0,0,0,None,0,0,0.0571,0.0531,0
2026-09-02 13:08:00,33.5501,2.7021,27.0373,40.6032,0.1838,0.0334,36.0537,2.2357,0.1264,0.0155,-0.1741,0.0491,0.0975,0.0399,52.6741,57.8498,0.1431,0.0355,0.1293,0.0141,0.1543,0.0894,0.0157,94.1022,93.799,92.4311,90.4638,92.2914,93.2752,93.212,93.3506,Excellent,0,0,0,0,0,0,0,0,None,0,0,0.0514,0.0897,-0.0799
2026-09-02 13:09:00,32.348,1.9883,26.7633,38.3304,0.0298,0.0499,33.902,2.2345,0.0734,0.0203,-0.0871,0.0398,0.0757,0.0236,45.0678,48.9892,0.0694,0.0198,-0.0732,0.0279,-0.0319,-0.0106,0.0333,100,97.8593,96.7204,98.0839,97.3168,95.7545,95.9083,95.7444,Excellent,0,0,0,0,0,0,0,0,None,0,0,0.0267,0.0221,0
2026-09-02 13:10:00,35.0353,2.2446,29.1172,41.4023,0.1339,0.0353,38.6956,1.6862,0.0493,0.0336,-0.0817,0.0452,0.0784,0.049,54.1862,60.1982,0.0707,0.0287,0.0188,0.006,0.1336,0.0045,0.0292,95.6862,95.0205,93.5163,93.9021,90.7928,92.6306,92.1142,94.9937,Excellent,0,0,0,0,0,0,0,0,None,0,0,0.05,0.0973,-0.1387
2026-09-02 13:11:00,32.9168,2.3275,26.891,39.4081,0.0616,0.0347,39.3273,1.9867,0.0684,0.0364,-0.1197,0.017,0.0576,0.0245,48.3623,53.0871,0.2204,0.0262,0.1219,0.017,0.0646,0.1203,0.0316,91.5096,95.777,97.8113,97.1227,92.8966,96.0347,94.5496,95.8827,Excellent,0,0,0,0,0,0,0,0,None,0,0,0.0651,0.0735,-0.065
2026-09-02 13:12:00,31.968,2.8176,25.3052,39.1944,0.0418,0.016,40.3741,1.5162,0.0653,0.0527,-0.028,0.0289,0.0126,0.0039,50.1425,55.5646,0.1077,0.0141,-0.0359,0.0022,0.0163,0.0937,0.0587,97.0229,97.213,94.5543,97.4186,91.991,94.8317,94.4804,95.1269,Excellent,0,0,0,0,0,0,0,0,None,0,0,0.0705,0.0493,-0.0479
2026-09-02 13:13:00,33.6034,2.6309,27.1832,40.5497,0.0896,0.0326,40.0152,1.648,0.1372,0.0401,-0.026,0.0412,0.1056,0.0523,51.2789,55.8683,0.206,0.0779,0.0716,0.0112,0.111,0.0782,0.0247,94.2622,93.2904,95.8697,97.0685,94.2288,91.71,94.2747,93.6095,Excellent,0,0,0,0,0,0,0,0,None,0,0,0.0569,0.0953,-0.0809
2026-09-02 13:14:00,34.844,2.4073,28.7145,41.4549,0.2228,0.095,41.2029,1.7598,0.1493,0.0301,-0.0828,0.0015,0.1323,0.0349,54.1786,59.7791,0.1706,0.0651,0.1555,0.015,0.1203,0.0843,0.0392,92.6853,94.5665,93.7976,91.9846,90.2644,90.7903,91.6782,92.5938,Excellent,0,0,0,0,0,0,0,0,None,0,0,0.0644,0.084,-0.0674
2026-09-02 13:15:00,29.8015,2.1304,24.032,35.997,0.1063,0.0037,34.926,1.9822,0.1441,-0.004,0.059,0.0001,0.0172,0.0166,51.514,54.8734,0.0835,0.0491,0.0321,0.0204,0.0189,0.1119,0.0071,99.2829,95.8172,94.3461,95.3789,96.0258,95.5859,97.5968,95.8037,Excellent,0,0,0,0,0,0,0,0,None,0,0,0.0642,0.0319,-0.1446
2026-09-02 13:16:00,33.0717,2.157,27.2676,39.3073,0.1411,0.0795,40.1418,2.4046,0.1189,0.0527,-0.0917,0.0334,0.0225,0.0181,52.1859,56.8297,0.1979,0.0605,0.0466,0.0025,0.0395,0.0988,0.0102,93.5503,91.9932,92.7164,92.7055,95.5654,93.0282,94.3029,92.1359,Excellent,0,0,0,0,0,0,0,0,None,0,0,0.0694,0.0751,-0.0741
2026-09-02 13:17:00,38.1868,2.2306,32.287,44.5326,0.1428,0.003,40.1094,2.0821,0.0707,0.073,-0.1233,0.0599,0.1327,0.0094,54.1026,57.9582,0.1279,0.0749,0.088,0.0258,0.0993,0.0244,0.0398,92.1237,92.5808,93.2354,95.2521,89.419,92.3526,91.5792,92.6917,Excellent,0,0,0,0,0,0,0,0,None,0,0,0.0775,0.0364,0
2026-09-02 13:18:00,37.1035,2.3128,31.0969,43.5727,0.1408,0.0035,39.3251,1.6486,0.1532,0.0604,-0.1067,0.0747,0.0881,0.0426,48.0557,53.4467,0.1226,0.0611,0.1191,0.0098,0.0157,0.0963,0.0065,91.2801,93.0533,94.3888,90.397,91.0405,92.3765,91.9831,92.3773,Excellent,0,0,0,0,0,0,0,0,None,0,0,0.0783,0.0312,-0.0688
2026-09-02 13:19:00,31.6223,2.133,25.8494,37.8218,0.1922,0.0211,37.6974,1.4392,-0.0016,0.0475,-0.0104,0.0116,0.128,0.0189,46.9476,50.6907,0.1443,0.0503,-0.0268,0.011,0.0445,0.0289,0.0194,96.4563,96.9623,96.5776,93.6526,96.3107,98.1538,96.3515,95.7587,Excellent,0,0,0,0,0,0,0,0,None,0,0,0.0346,0.0097,-0.2353
2026-09-02 13:20:00,33.5453,2.2782,27.5836,39.9627,0.1523,0.0207,39.1083,1.9601,0.0187,0.0442,-0.0153,0.0376,0.1132,0.0005,47.0921,51.0001,0.0874,0.0253,0.1017,0.0186,0.0339,0.0505,0.0426,93.5915,94.0863,93.9829,93.2973,94.7519,91.5119,95.8772,92.9269,Excellent,0,0,0,0,0,0,0,0,None,0,0,0.0761,0.0537,-0.162
2026-09-02 13:21:00,38.8387,2.9948,31.9454,46.331,0.2084,0.02,40.5628,2.1463,0.1616,0.0434,-0.1053,0.041,0.1091,0.0619,51.2829,55.8355,0.099,0.042,0.1664,0,0.0604,0.0928,0.0446,93.4184,92.4576,91.693,93.5132,90.3564,92.8614,91.8141,92.2957,Excellent,0,0,0,0,0,0,0,0,None,0,0,0.08,0.0454,-0.1594
2026-09-02 13:22:00,33.8395,2.3606,27.7708,40.3804,0.2111,0.0275,39.7663,1.7396,0.158,0.0211,-0.093,0.0526,0.0963,0.0372,53.6746,57.6668,0.0307,0.0517,0.1189,0.0185,0.1611,0.1282,0.0238,91.6106,93.4318,92.1084,95.2204,93.2178,93.5243,94.5954,94.3678,Excellent,0,0,0,0,0,0,0,0,None,0,0,0.0245,0.0547,0
2026-09-02 13:23:00,35.0985,2.7602,28.5102,42.2388,0.1822,0.0566,39.2578,2.1035,0.1481,0.0878,-0.0639,0.0599,0.0839,0.0496,52.1149,56.8969,0.1737,0.105,0.1378,0.0059,0.1428,0.0588,0.0418,89.7348,92.4146,93.4964,92.4525,90.3493,91.3531,92.8742,91.9041,Excellent,0,0,0,0,0,0,0,0,None,0,0,0.0848,0.0708,-0.1524
2026-09-02 13:24:00,34.6702,2.2822,28.7034,41.0935,0.2029,0.0512,39.6053,1.9217,0.1558,0.0175,-0.0093,0.0558,0.1447,0.0379,52.8576,58.1813,0.2339,0.0531,0.1783,0.0237,0.0895,0.0804,0.0311,92.1345,94.1228,92.4805,90.5099,88.9276,91.8065,92.1701,92.6467,Excellent,0,0,0,0,0,0,0,0,None,0,0,0.0636,0.0723,-0.1565
2026-09-02 13:25:00,34.6751,2.7025,28.1618,41.7289,0.2941,0.0534,39.9091,2.5053,0.1902,0.0577,-0.1341,0.0368,0.1726,0.036,57.017,61.4039,0.2928,0.1026,0.1969,0.035,0.098,0.1265,0.0524,87.5869,89.5082,87.8043,88.2195,88.9896,85.2854,88.5239,89.1468,Healthy,0,0,0,0,0,0,0,0,None,0,0,0.1288,0.0635,0
2026-09-02 13:26:00,27.3529,2.4687,21.1435,34.056,0.1306,0.0328,38.1153,1.4676,0.0034,0.0407,-0.0518,0.0323,0.0177,0.0369,50.7716,54.9823,0.0331,0.033,0.0658,0.0119,-0.0453,0.0563,0.0064,94.5187,96.8585,94.6534,96.2732,96.6507,93.6372,91.4465,93.2162,Excellent,0,0,0,0,0,0,0,0,None,0,0,0.0836,0.0622,-0.0453
2026-09-02 13:27:00,37.948,2.9446,31.12,45.3649,0.1952,0.0981,36.6974,2.046,0.1302,0.0577,-0.0531,0.051,0.1026,0.0394,54.2718,60.1395,0.1812,0.0736,0.1475,0.0141,0.0842,0.0377,0.0451,91.3216,92.3741,93.3956,90.2964,92.8351,93.2816,91.7742,91.0002,Excellent,0,0,0,0,0,0,0,0,None,0,0,0.0933,0.0621,-0.1577
2026-09-02 13:28:00,34.2145,2.376,28.1257,40.7785,0.1164,0.0655,39.9309,1.8683,0.1766,0.005,-0.1152,0.0332,0.0115,0.0305,46.5072,51.3032,0.2725,0.0036,0.0178,0.0008,0.0878,0.0877,-0.0063,92.6439,95.8232,95.1163,92.8705,91.6376,95.4988,94.2172,93.2523,Excellent,0,0,0,0,0,0,0,0,None,0,0,0.0631,0.0426,-0.039
2026-09-02 13:29:00,36.2103,2.3601,30.1421,42.7505,0.1558,0.0631,36.031,1.8792,0.0726,0.0362,-0.1254,0.0388,0.029,0.0367,50.2803,54.8308,0.1201,0.0078,0.0184,0,0.1119,0.0604,0.0325,92.8734,91.8311,94.8595,95.3676,93.9231,93.9715,95.3637,95.2898,Excellent,0,0,0,0,0,0,0,0,None,0,0,0.0409,0.034,0
2026-09-02 13:30:00,35.1184,2.6076,28.7285,42.0298,0.2272,0.0486,39.8411,2.0074,0.1577,0.0676,-0.1228,0.0331,0.0855,0.0138,51.3156,56.2419,0.1532,0.0573,0.1803,0.0097,0.0158,0.1149,0.0394,93.3436,91.3366,92.9705,94.5946,92.4897,92.5869,91.9437,92.7092,Excellent,0,0,0,0,0,0,0,0,None,0,0,0.0785,0.0658,-0.1505
2026-09-02 13:31:00,39.0248,2.3823,32.9278,45.5983,0.1684,0.0477,38.8679,1.7093,0.2238,0.0611,-0.0771,0.0137,0.0596,0.0419,53.0573,58.9192,0.1039,0.126,0.162,0.0157,0.0641,0.0697,0.0394,89.183,90.4261,91.5991,92.8303,90.0356,94.2648,92.0432,92.8624,Excellent,0,0,0,0,0,0,0,0,None,0,0,0.0886,0.12,-0.2444
2026-09-02 13:32:00,32.4534,2.636,26.0267,39.4074,0.1214,-0.0106,39.6762,1.752,0.2043,0.0197,-0.0305,0.0572,0.033,0.0046,51.2404,55.134,0.2293,0.0528,0.1474,0.0001,0.0769,0.1468,0.0353,92.9327,93.5361,95.7508,93.338,93.4446,93.4356,90.7987,93.1164,Excellent,0,0,0,0,0,0,0,0,None,0,0,0.0627,0.0692,-0.2668
2026-09-02 13:33:00,37.274,2.8888,30.5186,44.6072,0.12,0.0341,46.103,1.7034,0.1891,0.0477,-0.1396,0.0207,0.0283,0.0387,52.1709,56.9443,0.1505,0.0585,0.1077,0.0015,0.0817,0.1742,0.0371,91.6618,93.5548,91.4476,93.8994,93.7921,91.8721,93.2713,93.3022,Excellent,0,0,0,0,0,0,0,0,None,0,0,0.0535,0.1097,-0.1275
2026-09-02 13:34:00,39.2868,2.6476,32.845,46.2582,0.2135,0.0135,42.8193,1.9474,0.226,0.0632,-0.1516,0.0545,0.1767,0.0516,57.4521,64.0625,0.3926,0.0555,0.085,0.0302,0.1089,0.1535,0.0606,91.1058,90.6848,90.8205,91.5126,88.5467,89.6218,92.3761,90.4649,Excellent,0,0,0,0,0,0,0,0,None,0,0,0.0685,0.1085,-0.3093
2026-09-02 13:35:00,37.3133,2.3228,31.2937,43.7976,0.2378,0.0518,36.8683,2.2972,0.0752,0.0575,-0.0038,0.038,-0.0013,0.0417,48.7336,53.4588,0.2476,0.0925,0.0246,0.0157,0.0627,0.1136,0.0006,93.6754,95.3476,95.1022,92.1418,92.9231,93.9758,93.4745,93.8983,Excellent,0,0,0,0,0,0,0,0,None,0,0,0.0598,0.0937,-0.0446
2026-09-02 13:36:00,34.9312,2.2565,28.9977,41.316,0.141,0.0341,38.492,1.5894,0.0712,0.0327,-0.1127,0.0467,0.1062,0.0394,51.9053,55.7046,0.1717,0.0402,0.1194,0.011,0.1006,0.0624,0.0207,92.9749,93.2272,94.4936,93.4897,89.1206,98.2121,93.659,93.4745,Excellent,0,0,0,0,0,0,0,0,None,0,0,0.0652,0.0809,-0.0354
2026-09-02 13:37:00,37.3648,2.7545,30.784,44.4965,0.151,0.0828,40.9169,2.0779,0.1007,0.0748,-0.1145,0.0679,0.0844,0.0392,56.2884,62.9329,0.27,0.0877,0.2317,0.006,0.0351,0.1883,0.0688,93.1864,89.9204,90.3575,91.1998,88.6101,89.5493,90.6967,90.8675,Excellent,0,0,0,0,0,0,0,0,None,0,0,0.0979,0.1103,-0.0528
2026-09-02 13:38:00,36.7998,2.5124,30.5338,43.5684,0.0937,0.0745,37.5237,2.0125,0.1075,0.0112,-0.1149,0.0522,0.1095,0.0371,55.0346,60.0714,0.189,0.0233,0.0703,0.0073,0.0456,0.0371,0.0391,93.6571,93.3215,96.2057,92.7404,94.1626,91.8945,92.1498,94.9708,Excellent,0,0,0,0,0,0,0,0,None,0,0,0.0529,0.0842,-0.1479
2026-09-02 13:39:00,36.5657,2.6675,30.098,43.5669,0.0932,0.0123,40.3143,1.6443,0.0685,0.0682,-0.1718,0.031,0.0407,0.0527,50.8461,55.7535,0.2031,0.0256,0.1324,0.0094,0.0677,0.0297,0.033,91.4298,93.6589,95.7073,94.0924,91.9553,94.7647,94.6956,93.8843,Excellent,0,0,0,0,0,0,0,0,None,0,0,0.0528,0.1096,-0.1689
2026-09-02 13:40:00,35.9366,2.992,29.0471,43.4246,0.1062,0.064,37.0817,1.6882,0.1016,0.0463,-0.045,0.0318,0.0748,0.048,48.1209,53.9646,0.0029,0.0289,0.126,0.0055,0.0048,0.0971,0.025,93.1416,93.9979,94.7498,96.7732,93.8014,93.1146,93.5186,95.2097,Excellent,0,0,0,0,0,0,0,0,None,0,0,0.0375,0.0829,-0.0411
2026-09-02 13:41:00,35.5164,2.3938,29.4045,42.107,0.1731,0.0484,39.027,1.7678,0.2108,0.0282,-0.0725,0.05,0.124,0.049,50.6543,54.911,0.2982,0.0499,0.0634,0,0.0666,0.0858,0.0241,94.4967,92.6194,92.8569,91.8486,93.2576,92.8398,92.7097,92.0608,Excellent,0,0,0,0,0,0,0,0,None,0,0,0.0849,0.0758,-0.0246
2026-09-02 13:42:00,35.2809,2.4285,29.1238,41.9236,0.1839,0.08,41.7898,1.9681,0.218,0.0884,-0.1602,0.0786,0.0726,0.0598,49.1918,55.2809,0.1881,0.0463,0.083,0.0239,0.1316,0.1213,0.0441,91.8998,91.8475,92.303,90.907,89.0986,88.2325,93.5152,91.1986,Excellent,0,0,0,0,0,0,0,0,None,0,0,0.0481,0.0839,-0.2348
2026-09-02 13:43:00,37.2759,2.7043,30.7603,44.3323,0.1676,0.0736,39.0537,1.6812,0.0494,0.0336,-0.1553,0.0218,0.1431,0.0389,51.3231,57.3217,0.1144,0.0618,0.2021,0.0312,0.1817,0.1153,0.0231,91.8981,94.3402,92.1578,90.2465,90.7892,88.5587,93.5538,91.0426,Excellent,0,0,0,0,0,0,0,0,None,0,0,0.0492,0.0844,-0.157
2026-09-02 13:44:00,33.6708,3.0025,26.7676,41.1746,0.1341,0.0824,41.1715,2.5334,0.1416,0.0686,-0.1216,0.0697,0.0594,0.0535,57.6732,63.3452,0.309,0.0494,0.2103,0.0099,0.066,0.1181,0.0386,93.9819,92.1234,91.652,87.8034,87.1327,87.1438,89.723,89.5953,Healthy,0,0,0,0,0,0,0,0,None,0,0,0.1091,0.117,-0.1947
2026-09-02 13:45:00,36.7173,2.6623,30.2562,43.7108,0.0595,0.1055,37.24,1.9892,0.1779,0.0519,-0.1163,0.0596,0.1257,0.0226,55.1581,62.7699,0.2873,0.0406,0.1422,0.0036,0.1074,0.0924,0.0389,90.7131,88.9558,92.5733,91.4596,91.358,90.847,91.2993,92.0493,Excellent,0,0,0,0,0,0,0,0,None,0,0,0.0632,0.0934,-0.1705
2026-09-02 13:46:00,39.1872,2.3499,33.1324,45.712,0.1325,0.1051,40.6618,2.0891,0.1722,0.0934,-0.0121,0.02,0.0961,0.0443,54.057,58.3444,0.1709,0.0804,0.1972,0.0343,0.0509,0.0991,0.0458,91.654,90.8442,92.1844,92.262,91.4087,89.2666,90.015,91.8202,Excellent,0,0,0,0,0,0,0,0,None,0,0,0.0695,0.0813,-0.164
2026-09-02 13:47:00,37.5332,3.3205,30.2166,45.5139,0.209,0.0728,39.5702,2.1852,0.0562,0.0833,-0.0709,0.0568,0.0972,0.0221,52.6986,59.441,0.2249,0.0622,0.1276,0.0011,0.0651,0.0952,0.0576,92.7815,93.7644,94.1023,91.9695,87.6343,90.734,93.0658,91.1471,Excellent,0,0,0,0,0,0,0,0,None,0,0,0.0741,0.0775,-0.0798
2026-09-02 13:48:00,38.4769,2.8751,31.7392,45.7896,0.2201,0.0624,41.6474,2.3551,0.1348,0.0837,-0.0355,0.0151,0.0981,0.0388,51.0943,57.5809,0.178,0.0555,0.1415,0.0038,0.1803,0.057,0.0486,92.2801,91.3478,92.2466,92.9119,92.1655,93.3156,91.7265,92.9516,Excellent,0,0,0,0,0,0,0,0,None,0,0,0.0767,0.0792,-0.023
2026-09-02 13:49:00,42.7719,2.6864,36.2795,49.8015,0.2224,0.106,45.5346,1.7844,0.1345,0.0769,-0.1235,0.0675,0.1307,0.0469,55.8636,60.0287,0.3061,0.0555,0.05,0.0247,0.065,0.1244,0.033,91.401,88.7304,89.8158,88.3874,89.7802,89.1794,91.582,90.038,Excellent,0,0,0,0,0,0,0,0,None,0,0,0.0996,0.0857,-0.002
2026-09-02 13:50:00,37.0441,2.4933,30.8028,43.7841,0.0868,0.0787,42.872,2.0534,0.108,0.0748,-0.107,0.048,0.0891,0.0457,52.5287,56.6746,0.1539,0.0383,0.0756,0.0092,0.0415,0.0509,0.0233,91.7868,94.69,94.1085,94.6401,92.3066,91.5568,94.9552,94.4681,Excellent,0,0,0,0,0,0,0,0,None,0,0,0.0372,0.0716,-0.0727
2026-09-02 13:51:00,37.7805,2.6642,31.317,44.7768,0.2565,0.0392,39.2263,2.0278,0.2278,0.0538,-0.1426,0.0281,0.1372,0.0418,56.7435,64.107,0.165,0.0505,0.0865,0.0045,0.1048,0.128,0.0769,89.2354,92.1485,92.1768,89.6359,88.9273,91.3701,91.0345,90.7418,Excellent,0,0,0,0,0,0,0,0,None,0,0,0.0847,0.0409,-0.0739
2026-09-02 13:52:00,38.9393,2.6015,32.5574,45.8415,0.1822,0.1195,39.3622,1.9139,0.2146,0.039,-0.0985,0.0692,0.2156,0.036,53.2209,57.3537,0.2284,0.047,0.253,0.0255,0.1864,0.1402,0.0653,89.4376,91.7189,90.5393,91.096,88.6515,90.2715,89.6457,91.3175,Excellent,0,0,0,0,0,0,0,0,None,0,0,0.0742,0.1118,-0.2849
2026-09-02 13:53:00,40.6318,2.579,34.279,47.5003,0.2506,0.0802,42.1895,2.6191,0.1182,0.0681,-0.1862,0.0735,0.1541,0.0457,55.1046,59.9926,0.2848,0.1166,0.158,0.008,0.1059,0.153,0.0535,87.5785,90.3086,92.5185,87.1789,89.1991,88.1977,92.4425,89.8717,Healthy,0,0,0,0,0,0,0,0,None,0,0,0.0957,0.0568,-0.152
2026-09-02 13:54:00,41.604,2.8301,34.9248,48.8492,0.0835,0.1198,40.5819,1.9999,0.2373,0.0497,-0.1459,0.0729,0.1509,0.0497,53.7245,59.1935,0.2403,0.0616,0.1324,0.0096,0.2473,0.1365,0.0483,87.2758,91.6716,88.2815,89.7302,88.3781,89.3061,88.4983,89.2292,Healthy,0,0,0,0,0,0,0,0,None,0,0,0.1408,0.113,-0.2439
2026-09-02 13:55:00,38.1255,2.3272,32.1002,44.6163,0.1342,0.0641,41.9141,2.6095,0.1841,0.0616,-0.0754,0.0628,0.1356,0.0362,55.9,61.2036,0.1524,0.0347,0.1434,0,0.0633,0.1135,0.0437,91.045,91.4738,93.638,91.6394,90.9177,89.2254,91.8085,91.2139,Excellent,0,0,0,0,0,0,0,0,None,0,0,0.0711,0.0758,-0.1162
2026-09-02 13:56:00,38.3007,2.4941,32.0584,45.0418,0.1318,0.084,42.5613,1.8299,0.1948,0.0851,-0.1338,0.0583,0.0607,0.0747,57.3086,63.2069,0.2586,0.0699,0.178,0.0195,0.1487,0.1263,0.0705,91.1381,90.6503,92.0595,89.7554,89.4949,86.1908,90.266,90.6663,Excellent,0,0,0,0,0,0,0,0,None,0,0,0.1116,0.0535,-0.051
2026-09-02 13:57:00,43.4409,2.757,36.8569,50.5764,0.26,0.0453,46.4232,2.1189,0.2597,0.0594,-0.1949,0.0326,0.1797,0.0551,58.3007,63.041,0.318,0.1025,0.0615,0.0032,0.0898,0.1251,0.0347,88.2694,91.0041,93.1243,89.0933,87.3899,89.1918,90.1887,89.525,Healthy,0,0,0,0,0,0,0,0,None,0,0,0.0895,0.1041,-0.1775
2026-09-02 13:58:00,36.1625,2.6857,29.6712,43.191,0.1961,0.0515,41.5814,1.9227,0.121,0.0988,-0.1825,0.0703,0.0758,0.0656,51.9112,56.9962,0.2677,0.0832,0.0478,0.0099,0.1365,0.1144,0.0245,92.2446,89.52,90.8587,89.2933,89.0125,90.1577,91.5735,90.0607,Excellent,0,0,0,0,0,0,0,0,None,0,0,0.0828,0.0669,-0.1539
2026-09-02 13:59:00,37.2693,2.5117,31.0041,44.0369,0.3088,0.1252,43.7912,1.9141,0.0882,0.0715,-0.1354,0.0725,0.0677,0.0645,56.1489,61.013,0.2432,0.1,0.1403,0.0146,0.113,0.1184,0.0614,89.2432,91.4118,91.2963,88.0844,88.8081,91.4366,90.4221,90.9547,Excellent,0,0,0,0,0,0,0,0,None,0,0,0.0875,0.0654,-0.1786
2026-09-02 14:00:00,33.3819,2.4829,27.1541,40.1062,0.1321,0.0036,38.7536,1.848,0.1591,0.0454,-0.1208,0.0127,0.0508,0.0262,47.1684,52.062,0.1753,0.0834,0.1588,0.0004,0.0462,0.1097,0.0272,93.4993,90.1586,93.2234,91.5854,91.2347,93.1126,90.9818,92.5792,Excellent,0,0,0,0,0,0,0,0,None,0,0,0.0902,0.0648,-0.123
2026-09-02 14:01:00,39.1584,2.7364,32.601,46.263,0.1711,0.0795,43.1911,2.1785,0.2268,0.0646,-0.1323,0.047,0.1681,0.0488,55.4827,62.5394,0.385,0.0593,0.126,0.0235,0.189,0.1588,0.0524,85.7444,86.8822,88.308,88.4083,87.3291,87.626,88.0957,87.237,Healthy,0,0,0,0,0,0,0,0,None,0,0,0.1214,0.1192,-0.2254
2026-09-02 14:02:00,41.0398,2.7574,34.4552,48.1758,0.1865,0.0571,42.0902,2.1361,0.1217,0.07,-0.1912,0.0922,0.1088,0.0333,56.5346,61.555,0.2225,0.0592,0.1369,0.0308,0.1142,0.0441,0.0437,88.3859,88.1582,91.6926,89.2296,87.8703,88.3005,87.5919,87.2914,Healthy,0,0,0,0,0,0,0,0,None,0,0,0.108,0.0742,-0.1278
2026-09-02 14:03:00,38.3485,2.7274,31.8029,45.4396,0.1866,0.0901,44.8636,1.9708,0.1276,0.0637,-0.0929,0.0503,0.0548,0.0625,55.411,61.939,0.1961,0.0531,0.0565,0.0175,-0.0139,0.1387,0.0346,87.7779,90.9613,92.5463,91.2338,88.5172,90.4642,92.6476,91.2497,Excellent,0,0,0,0,0,0,0,0,None,0,0,0.0937,0.0723,-0.1375
2026-09-02 14:04:00,38.1482,2.5136,31.8805,44.9187,0.1996,0.0321,41.1619,2.1076,0.1163,0.0652,-0.0588,0.0958,0.0928,0.023,51.6764,55.9481,0.1554,0.0746,0.126,0,0.0281,0.1109,0.0625,88.9972,90.2517,91.7478,90.2521,91.7295,89.7677,90.3335,91.0193,Excellent,0,0,0,0,0,0,0,0,None,0,0,0.0932,0.0926,-0.2324
2026-09-02 14:05:00,35.9756,3.095,28.9521,43.6181,0.2746,0.0893,38.5493,2.1003,0.124,0.0898,-0.1885,0.0564,0.1492,0.042,56.6486,61.9186,0.3539,0.1133,0.249,0.0239,0.1558,0.1066,0.0372,85.9203,88.5972,89.227,90.0156,88.9264,87.8908,88.974,88.4652,Healthy,0,0,0,0,0,0,0,0,None,0,0,0.1145,0.1586,-0.2463
2026-09-02 14:06:00,40.0201,2.5756,33.6719,46.8835,0.2114,0.0929,40.6293,2.0137,0.1817,0.0821,-0.1913,0.0384,0.1249,0.0645,51.4115,57.1031,0.18,0.0467,0.1448,0.013,0.1153,0.1664,0.0614,89.1463,89.5522,89.5661,90.8985,83.3612,87.5204,87.802,88.4672,Healthy,0,0,0,0,0,0,0,0,None,0,0,0.1145,0.1089,-0.1659
2026-09-02 14:07:00,39.2451,2.667,32.778,46.2456,0.2112,0.0734,38.2168,2.2613,0.16,0.022,-0.039,0.0868,0.1728,0.0329,55.0797,59.427,0.2292,0.0656,0.2062,0.0277,0.0814,0.0573,0.0636,88.9632,92.7788,90.6412,91.491,92.7966,92.4589,90.703,92.0891,Excellent,0,0,0,0,0,0,0,0,None,0,0,0.0843,0.1237,-0.1125
2026-09-02 14:08:00,37.7486,2.5619,31.4182,44.5914,0.2149,0.0711,40.6177,2.2554,0.1298,0.069,-0.0886,0.0633,0.0624,0.0356,55.8859,61.819,0.2954,0.0962,0.0999,0.0197,0.142,0.1459,0.0478,91.3166,89.0784,94.0589,89.8676,90.6359,88.2814,90.1991,89.9594,Healthy,0,0,0,0,0,0,0,0,None,0,0,0.1011,0.0881,-0.087
2026-09-02 14:09:00,40.775,3.1587,33.6687,48.513,0.1864,0.105,45.0926,1.928,0.2578,0.0761,-0.1856,0.0319,0.0724,0.0337,51.4973,56.7684,0.3026,0.0881,0.1397,0.0297,0.0591,0.178,0.063,86.8437,92.2343,91.7986,89.6536,87.9002,88.6548,89.147,88.3003,Healthy,0,0,0,0,0,0,0,0,None,0,0,0.1095,0.1098,-0.2037
2026-09-02 14:10:00,39.9369,3.3315,32.606,47.9342,0.2738,0.0951,41.1736,2.066,0.1585,0.0848,-0.0966,0.0845,0.0926,0.039,50.4513,55.6648,0.2737,0.1127,0.2058,0.0018,0.1846,0.1758,0.0486,89.5019,90.5255,88.5234,88.234,88.0976,91.2395,89.5235,90.7034,Excellent,0,0,0,0,0,0,0,0,None,0,0,0.0653,0.1371,-0.0195
2026-09-02 14:11:00,36.5242,2.4727,30.3098,43.2333,0.0994,0.044,41.6741,1.8311,0.1378,0.0415,-0.1315,0.0457,0.1413,0.0769,55.9596,63.0917,0.1963,0.0984,0.1311,0.0219,0.1188,0.1122,0.0312,90.7197,90.6381,92.0972,89.8147,91.5088,92.1574,91.8139,90.905,Excellent,0,0,0,0,0,0,0,0,None,0,0,0.0886,0.1495,-0.1811
2026-09-02 14:12:00,40.916,2.8944,34.1533,48.2576,0.2364,0.079,45.0289,2.5398,0.2127,0.0884,-0.1608,0.1048,0.1726,0.0755,57.7077,62.1631,0.2585,0.0735,0.1703,0.0249,0.182,0.113,0.0579,89.6,86.1468,89.0239,86.8886,87.7961,86.8246,86.3656,87.866,Healthy,0,0,0,0,0,0,0,0,None,0,0,0.1208,0.0856,-0.0431
2026-09-02 14:13:00,40.6937,2.8967,33.9279,48.0388,0.2628,0.0485,42.9297,1.9015,0.1478,0.0616,-0.1334,0.0153,0.0893,0.0474,55.7874,60.9436,0.2389,0.0602,0.1608,0.0223,0.1212,0.1059,0.0435,91.0973,91.791,93.786,91.231,90.0637,91.1725,88.0526,91.9321,Excellent,0,0,0,0,0,0,0,0,None,0,0,0.0929,0.0595,-0.2406
2026-09-02 14:14:00,43.2891,3.1884,36.1442,51.0716,0.1291,0.0852,40.5731,1.9959,0.2036,0.1069,-0.0981,0.0468,0.1121,0.0425,56.5761,61.1052,0.357,0.0584,0.1465,0.0236,0.0806,0.1395,0.0497,92.0863,87.1015,90.8624,89.1186,88.085,89.7395,86.6733,89.9951,Healthy,0,0,0,0,0,0,0,0,None,0,0,0.1,0.1045,-0.1614
2026-09-02 14:15:00,36.9694,2.8153,30.3096,44.1923,0.1367,0.0788,40.4511,1.8599,0.2568,0.068,-0.1654,0.0459,0.0557,0.0664,54.7641,61.556,0.3692,0.095,0.1263,0.0244,0.124,0.1156,0.0402,88.1947,90.5716,93.3005,88.8057,87.5086,91.2224,92.1394,90.0865,Excellent,0,0,0,0,0,0,0,0,None,0,0,0.1353,0.087,-0.181
2026-09-02 14:16:00,40.8979,2.6238,34.4869,47.8337,0.2042,0.0879,40.0102,2.5317,0.1782,0.0579,-0.1455,0.0675,0.0884,0.0849,56.2825,61.3548,0.2492,0.0812,0.1896,0.004,0.0916,0.1403,0.0278,86.5785,90.0897,89.8935,89.0546,87.8456,85.8083,89.8723,87.6344,Healthy,0,0,0,0,0,0,0,0,None,0,0,0.1061,0.1075,-0.2149
2026-09-02 14:17:00,33.8936,2.598,27.5162,40.7906,0.1983,0.0932,44.5879,2.1559,0.1988,0.0851,-0.2327,0.0541,0.1285,0.0517,61.0811,67.5981,0.3034,0.0732,0.2335,0.0155,0.1585,0.0936,0.0551,87.2831,85.2006,87.8197,90.4035,88.7866,91.2719,91.217,89.9867,Healthy,0,0,0,0,0,0,0,0,None,0,0,0.0847,0.1042,-0.1862
2026-09-02 14:18:00,40.7025,2.8926,33.9422,48.0414,0.1403,0.0673,41.3895,2.4396,0.2398,0.0428,-0.0761,0.0695,0.1078,0.0764,57.0099,64.7548,0.3451,0.0904,0.1698,0.0083,0.1306,0.021,0.0481,89.4467,89.0937,89.497,89.9134,85.0116,89.7921,87.2036,88.6854,Healthy,0,0,0,0,0,0,0,0,None,0,0,0.1351,0.1231,-0.0159
2026-09-02 14:19:00,40.6043,2.9481,33.7718,48.0265,0.2413,0.0558,43.608,2.3454,0.2018,0.0918,-0.1706,0.0529,0.1114,0.0146,54.829,61.4542,0.3776,0.0572,0.0941,0.039,0.153,0.1191,0.0564,91.938,91.5266,89.1467,88.1899,88.8687,88.818,90.0609,89.2306,Healthy,0,0,0,0,0,0,0,0,None,0,0,0.1131,0.0905,-0.0892
2026-09-02 14:20:00,38.5033,2.7547,31.9222,45.6354,0.1474,0.0878,46.2004,1.9553,0.0818,0.0457,-0.0185,0.0914,0.1131,0.0289,54.9189,59.3374,0.3254,0.0949,0.1836,0.0084,0.0863,0.1046,0.0606,89.536,87.6467,91.63,89.3653,88.9675,92.3602,91.9814,89.9379,Healthy,0,0,0,0,0,0,0,0,None,0,0,0.1146,0.0884,-0.1464
2026-09-02 14:21:00,39.6461,2.5435,33.3396,46.4613,0.1228,0.0504,39.4889,2.0009,0.1778,0.071,-0.1699,0.0482,0.1196,0.0763,55.0587,59.2658,0.3227,0.095,0.1169,0.0134,0.0764,0.0662,0.0418,87.7461,90.9565,91.1581,91.7643,89.7954,87.7299,91.6148,88.5775,Healthy,0,0,0,0,0,0,0,0,None,0,0,0.1233,0.0802,-0.2204
2026-09-02 14:22:00,37.8547,3.0296,30.9163,45.3991,0.2679,0.0987,43.5776,2.3272,0.1564,0.0843,-0.2118,0.087,0.0463,0.0661,53.6404,60.9178,0.2759,0.0352,0.1046,0.0481,0.1458,0.1245,0.0461,88.8513,88.781,88.0694,86.3651,87.9603,88.5052,89.9173,87.4648,Healthy,0,0,0,0,0,0,0,0,None,0,0,0.1057,0.1012,-0.1415
2026-09-02 14:23:00,40.2063,2.7836,33.5876,47.3817,0.3241,0.0447,41.2986,1.9333,0.2029,0.0584,-0.227,0.082,0.0807,0.0229,57.9116,63.2049,0.3771,0.1313,0.1906,0.0045,0.1103,0.1195,0.0594,87.8113,85.3293,88.4356,87.5765,87.0359,88.2199,87.7171,88.3179,Healthy,0,0,0,0,0,0,0,0,None,0,0,0.1189,0.0921,-0.2086
2026-09-02 14:24:00,39.5209,3.4052,32.0942,47.6287,0.2048,0.0827,44.2931,2.4108,0.143,0.0744,-0.0403,0.0767,0.1407,0.0262,54.7485,61.0599,0.2913,0.0674,0.1753,0.0175,0.1626,0.0865,0.0334,88.7492,87.5236,90.3822,89.5249,86.5252,88.115,89.9136,87.8629,Healthy,0,0,0,0,0,0,0,0,None,0,0,0.1217,0.1701,-0.0387
2026-09-02 14:25:00,41.125,2.8097,34.4723,48.3396,0.2952,0.114,42.3474,2.5784,0.1792,0.0635,-0.1657,0.03,0.2329,0.0566,55.591,62.7507,0.3584,0.0667,0.2008,0.0204,0.1894,0.1711,0.0706,88.379,87.5982,88.0764,85.2265,86.3112,87.6445,88.6671,86.6464,Healthy,0,0,0,0,0,0,0,0,None,0,0,0.1414,0.1201,-0.1543
2026-09-02 14:26:00,42.1925,2.8835,35.4439,49.5178,0.2945,0.0788,41.9678,2.6484,0.2289,0.082,-0.1221,0.0721,0.1876,0.0622,56.6212,61.7401,0.3765,0.0646,0.1881,0,0.1749,0.1387,0.0649,83.9105,87.4033,89.8935,85.7373,82.6816,84.3184,88.0179,85.9503,Healthy,0,0,0,0,0,0,0,0,None,0,0,0.1489,0.1351,-0.2587
2026-09-02 14:27:00,39.7092,3.0875,32.6955,47.3403,0.2684,0.0869,45.3899,2.3074,0.1718,0.0963,-0.1916,0.0507,0.0904,0.0644,55.7134,61.3235,0.272,0.0624,0.1647,0.0296,0.1191,0.0846,0.0392,88.2109,86.2021,91.8671,88.2495,86.2013,87.1432,88.9846,88.9802,Healthy,0,0,0,0,0,0,0,0,None,0,0,0.1216,0.1363,-0.0851
2026-09-02 14:28:00,40.9368,2.6922,34.437,47.9751,0.3006,0.1029,44.3915,2.4283,0.1781,0.106,-0.1146,0.0341,0.1635,0.0726,58.7352,63.2409,0.3701,0.0848,0.1931,0.06,0.1146,0.1192,0.0423,86.0433,89.0061,87.7415,87.3506,88.0826,87.9639,88.6486,87.752,Healthy,0,0,0,0,0,0,0,0,None,0,0,0.1451,0.1289,-0.1641
2026-09-02 14:29:00,41.4303,3.0518,34.463,49.008,0.2945,0.1381,47.3229,2.208,0.2863,0.0737,-0.1569,0.1147,0.1266,0.0371,61.4039,68.1655,0.4436,0.0764,0.1829,0.0407,0.1436,0.15,0.0605,89.5872,86.4161,91.0115,85.5798,86.5412,85.7832,87.3672,88.2185,Healthy,0,0,0,0,0,0,0,0,None,0,0,0.1181,0.1192,-0.0698
2026-09-02 14:30:00,38.9688,2.6111,32.5743,45.8855,0.2449,0.1193,45.0037,2.2478,0.272,0.0827,-0.1705,0.0797,0.1147,0.0688,61.6194,67.1911,0.387,0.0921,0.1723,0.0489,0.1149,0.1388,0.0581,85.5093,88.7484,87.583,87.4253,85.2347,88.357,89.7455,86.7985,Healthy,0,0,0,0,0,0,0,0,None,0,0,0.146,0.1682,-0.221
2026-09-02 14:31:00,45.8594,2.9175,39.0667,53.2356,0.2607,0.1031,44.7204,2.3973,0.104,0.068,-0.2021,0.0808,0.14,0.0768,59.8829,65.757,0.3461,0.1101,0.1624,0.0247,0.1135,0.106,0.0709,87.1957,88.5288,86.8188,88.8015,85.7223,84.6424,87.6181,86.2604,Healthy,0,0,0,0,0,0,0,0,None,0,0,0.1339,0.1318,-0.1583
2026-09-02 14:32:00,43.0585,2.7198,36.5228,50.1382,0.2145,0.1125,42.935,2.5522,0.1893,0.1067,-0.1748,0.0995,0.1311,0.0718,62.9766,69.4442,0.4041,0.1291,0.1998,0.0315,0.1893,0.2209,0.0737,81.7999,86.542,88.7039,84.4441,84.6102,86.2736,86.0377,86.1916,Healthy,0,0,0,0,0,0,0,0,None,0,0,0.1422,0.1471,0
2026-09-02 14:33:00,44.9541,2.7944,38.3213,52.1457,0.2985,0.0842,45.0733,2.6522,0.3387,0.1281,-0.1336,0.0869,0.0816,0.077,65.7858,71.4679,0.4075,0.1177,0.1773,0.0297,0.2244,0.1535,0.0721,84.227,84.2208,86.1932,85.4894,82.1865,87.4499,85.941,86.325,Healthy,0,0,0,0,0,0,0,0,None,0,0,0.1095,0.1077,-0.217
2026-09-02 14:34:00,42.4799,3.2501,35.2547,50.3551,0.3382,0.1238,45.6205,2.5922,0.3115,0.0842,-0.2502,0.0897,0.1242,0.1007,62.7247,67.7776,0.4604,0.1308,0.304,0.0204,0.2787,0.1248,0.0693,83.2601,85.3197,87.2757,83.9967,82.9034,84.5168,81.1146,84.0564,Healthy,0,0,0,0,0,0,0,0,None,0,0,0.159,0.1372,-0.1876
2026-09-02 14:35:00,41.2061,3.6145,33.5073,49.6278,0.2617,0.0968,41.1131,1.9791,0.2248,0.1123,-0.1476,0.0651,0.1863,0.0471,55.605,61.692,0.367,0.0797,0.2201,0.0078,0.1022,0.1348,0.0474,88.6936,87.0512,90.9668,89.9167,88.1188,89.3636,86.5995,90.2572,Excellent,0,0,0,0,0,0,0,0,None,0,0,0.0815,0.1274,-0.1447
2026-09-02 14:36:00,41.0775,2.8282,34.4009,48.3198,0.2977,0.1206,46.8094,2.6128,0.1582,0.0818,-0.1948,0.0659,0.1557,0.0807,57.2409,63.0721,0.3845,0.1509,0.2792,0.0144,0.117,0.2296,0.0201,83.2209,84.9343,87.8955,88.0306,82.8486,85.6581,88.4812,86.2463,Healthy,0,0,0,0,0,0,0,0,None,0,0,0.1326,0.1214,-0.2285
2026-09-02 14:37:00,43.6764,3.0959,36.6517,51.3203,0.3086,0.1255,44.6391,2.2687,0.2269,0.1275,-0.2494,0.0685,0.1568,0.0651,61.903,69.4863,0.4048,0.1037,0.2699,0.0472,0.1822,0.1691,0.0401,86.1878,85.1273,88.4453,87.0038,83.6149,81.2502,84.3664,83.9011,Healthy,0,0,0,0,0,0,0,0,None,0,0,0.1641,0.1281,-0.166
2026-09-02 14:38:00,40.3267,2.7086,33.8055,47.3895,0.2763,0.1081,45.6602,2.2324,0.182,0.1068,-0.2147,0.0998,0.1843,0.0631,62.4156,71.285,0.2404,0.065,0.2223,0.0323,0.1053,0.1647,0.0789,84.3673,87.8189,86.8781,86.4826,82.9394,84.0885,84.8714,83.9036,Healthy,0,0,0,0,0,0,0,0,None,0,0,0.1561,0.1197,-0.0962
2026-09-02 14:39:00,43.4797,3.4846,35.9497,51.7067,0.3158,0.1433,49.7603,2.7231,0.2054,0.0717,-0.1521,0.0868,0.2028,0.068,64.5397,71.1423,0.4003,0.1236,0.2856,0.016,0.1627,0.1056,0.0896,82.8251,84.6503,84.2551,83.8411,84.3149,82.3742,83.7372,85.2756,Healthy,0,0,0,0,0,0,0,0,None,0,0,0.1279,0.1323,-0.1912
2026-09-02 14:40:00,40.0263,3.2165,32.8448,47.8511,0.2128,0.1007,44.8131,2.2749,0.2342,0.113,-0.1313,0.0784,0.168,0.0891,60.7327,67.073,0.3319,0.1025,0.1562,0.0166,0.1455,0.1714,0.0862,86.4197,85.512,87.0788,88.2075,84.9243,85.6955,89.5453,88.2187,Healthy,0,0,0,0,0,0,0,0,None,0,0,0.1269,0.1338,-0.2925
2026-09-02 14:41:00,42.9088,3.253,35.68,50.7883,0.2624,0.1024,41.1196,2.2772,0.2538,0.0899,-0.174,0.0629,0.1563,0.0556,58.5143,64.3853,0.3728,0.1233,0.2178,0.0143,0.1131,0.1422,0.0535,90.5238,86.0735,89.2299,87.0423,87.4284,85.8403,90.4604,87.1345,Healthy,0,0,0,0,0,0,0,0,None,0,0,0.1441,0.1477,-0.1813
2026-09-02 14:42:00,43.7688,2.9231,36.9687,51.1534,0.4862,0.1403,47.7975,2.7582,0.2171,0.0846,-0.1665,0.1064,0.1765,0.0621,61.6272,71.3352,0.3598,0.1312,0.2086,0.0255,0.1719,0.1173,0.0847,82.9195,84.983,85.9805,82.431,83.7944,81.6304,87.4945,85.0705,Healthy,0,0,0,0,0,0,0,0,None,0,0,0.1568,0.1398,-0.0858
2026-09-02 14:43:00,45.8929,3.4985,38.3448,54.1406,0.217,0.1581,45.9905,2.6893,0.1508,0.0731,-0.1967,0.0913,0.1791,0.0352,62.1059,68.4075,0.3677,0.087,0.2728,0.0232,0.1494,0.1061,0.0644,85.8587,86.161,86.8983,87.8647,87.3776,87.1838,85.1007,86.3609,Healthy,0,0,0,0,0,0,0,0,None,0,0,0.1407,0.1221,-0.2072
2026-09-02 14:44:00,40.2199,3.2297,33.0213,48.0644,0.3477,0.112,43.9382,2.2262,0.227,0.0606,-0.1909,0.1001,0.1438,0.0451,58.5634,65.0324,0.3772,0.1007,0.2717,0.0161,0.1133,0.1073,0.063,85.7857,88.7132,87.4534,85.2307,84.0484,86.5711,88.1772,85.5931,Healthy,0,0,0,0,0,0,0,0,None,0,0,0.1557,0.1417,-0.1631
2026-09-02 14:45:00,39.5232,3.1562,32.4201,47.2576,0.2644,0.1433,44.3152,2.5227,0.2543,0.0882,-0.1198,0.045,0.1603,0.0947,58.7201,67.6271,0.3147,0.1448,0.217,0.0238,0.1204,0.1558,0.0902,85.646,85.5386,84.8914,85.935,82.0716,83.139,89.8828,84.5191,Healthy,0,0,0,0,0,0,0,0,None,0,0,0.15,0.1285,-0.3201
2026-09-02 14:46:00,43.1454,3.1231,36.0854,50.8302,0.2259,0.1007,46.8253,2.1146,0.2282,0.1047,-0.0338,0.105,0.1429,0.0614,60.4784,66.0245,0.3767,0.0829,0.1462,0.0123,0.1337,0.1739,0.0682,88.0814,85.778,88.8745,85.2202,86.9967,86.1333,88.5338,86.8959,Healthy,0,0,0,0,0,0,0,0,None,0,0,0.1246,0.1142,-0.2033
2026-09-02 14:47:00,46.5213,3.0108,39.6073,54.0374,0.2586,0.1196,47.6139,2.8946,0.2815,0.1159,-0.185,0.1008,0.0955,0.086,63.079,68.0993,0.3605,0.153,0.303,0.0531,0.2234,0.2264,0.0838,84.4178,86.593,84.6884,83.45,81.1253,81.6885,84.5671,84.5957,Healthy,0,0,0,0,0,0,0,0,None,0,0,0.1547,0.1608,-0.277
2026-09-02 14:48:00,42.2139,3.0064,35.3055,49.7236,0.3219,0.0992,42.3913,2.4457,0.2674,0.0883,-0.1939,0.1005,0.1504,0.0801,60.2322,65.6152,0.4233,0.1178,0.1797,0.0286,0.1088,0.2085,0.0744,84.8598,84.9312,86.7453,83.6628,84.9141,85.2797,87.1723,85.9252,Healthy,0,0,0,0,0,0,0,0,None,0,0,0.1499,0.1216,-0.28
2026-09-02 14:49:00,43.834,3.0247,36.9019,51.371,0.3672,0.1264,42.821,2.2184,0.3302,0.1075,-0.1603,0.0664,0.1468,0.0503,60.6764,65.5429,0.3749,0.0836,0.298,0.0236,0.1145,0.1504,0.0549,81.1781,84.5726,86.5526,87.0803,83.2887,85.1892,82.8284,84.1015,Healthy,0,0,0,0,0,0,0,0,None,0,0,0.1605,0.1653,-0.1508
2026-09-02 14:50:00,43.5189,3.0091,36.6072,51.0325,0.3516,0.1565,48.2513,2.1329,0.2394,0.1017,-0.1804,0.0999,0.1868,0.0573,63.9845,68.9223,0.4337,0.0456,0.1501,0.0161,0.2422,0.1765,0.0651,85.8451,84.9893,86.5398,86.5485,82.0176,82.9579,83.7525,84.2528,Healthy,0,0,0,0,0,0,0,0,None,0,0,0.1568,0.1513,-0.291
2026-09-02 14:51:00,41.6444,2.9553,34.8026,49.0773,0.2349,0.1863,46.5855,2.2192,0.2015,0.1257,-0.1944,0.0732,0.1401,0.0736,63.7114,70.16,0.3872,0.0914,0.2634,0.0261,0.2096,0.1655,0.0493,83.5874,84.4643,88.521,84.5906,86.3642,83.9557,86.0519,83.1777,Healthy,0,0,0,0,0,0,0,0,None,0,0,0.159,0.1403,-0.0715
2026-09-02 14:52:00,45.4267,3.0907,38.4087,53.0627,0.2396,0.1201,47.245,2.4287,0.2157,0.1162,-0.1815,0.1007,0.1458,0.0891,58.4228,65.4144,0.4248,0.1452,0.1539,0.0288,0.2019,0.2408,0.0863,83.4627,83.1884,83.8966,81.822,84.8323,82.0995,85.9465,84.3524,Healthy,0,0,0,0,0,0,0,0,None,0,0,0.1707,0.1595,-0.2377
2026-09-02 14:53:00,45.5998,2.957,38.7556,53.0353,0.2848,0.1251,44.2862,2.5991,0.2172,0.1054,-0.1921,0.085,0.1989,0.0744,61.3552,66.8698,0.4744,0.1251,0.2284,0.0335,0.1169,0.1359,0.0713,84.6726,84.56,88.0602,83.624,83.3639,85.0551,87.1391,84.7437,Healthy,0,0,0,0,0,0,0,0,None,0,0,0.1573,0.1524,-0.236
2026-09-02 14:54:00,50.682,3.5085,43.1209,58.9447,0.2226,0.1582,46.7137,2.2569,0.2798,0.0865,-0.1959,0.0937,0.151,0.0673,60.908,69.9626,0.4329,0.1109,0.1716,0.0201,0.1611,0.1228,0.0745,84.9535,86.7033,86.2999,84.6949,84.7855,84.1514,88.1477,85.7665,Healthy,0,0,0,0,0,0,0,0,None,0,0,0.1467,0.0857,-0.0917
2026-09-02 14:55:00,45.0167,3.3392,37.6757,53.0256,0.3868,0.1281,46.3986,2.1411,0.2589,0.1204,-0.1863,0.0908,0.1737,0.0478,62.9077,69.5191,0.2878,0.1457,0.2042,0.0122,0.1898,0.1861,0.0613,82.0389,85.4438,85.0671,85.3352,83.213,86.6433,85.9812,85.9037,Healthy,0,0,0,0,0,0,0,0,None,0,0,0.1279,0.13,-0.1785
2026-09-02 14:56:00,46.0952,3.0487,39.1319,53.6683,0.2568,0.1044,51.0325,2.3431,0.2899,0.0815,-0.1736,0.11,0.2121,0.0822,61.8304,68.5281,0.4042,0.1322,0.3737,0.0116,0.1929,0.1504,0.0649,83.0643,85.8301,86.8835,82.7363,80.9026,83.1506,83.0034,83.7649,Healthy,0,0,0,0,0,0,0,0,None,0,0,0.1873,0.1321,-0.1106
2026-09-02 14:57:00,44.6435,3.4951,37.0999,52.8862,0.3327,0.0755,49.993,2.6414,0.356,0.0841,-0.1907,0.0997,0.1895,0.0786,63.253,68.138,0.348,0.1514,0.2686,0.019,0.2391,0.1725,0.0799,85.3171,85.3832,86.6155,83.9047,82.887,83.9703,85.1245,86.0284,Healthy,0,0,0,0,0,0,0,0,None,0,0,0.1491,0.1692,-0.1529
2026-09-02 14:58:00,42.5468,3.0878,35.5327,50.1785,0.2826,0.0978,46.6043,2.369,0.1856,0.0948,-0.1397,0.0854,0.2116,0.0697,60.1041,67.2394,0.4045,0.1157,0.2071,0.0109,0.1566,0.2493,0.0753,83.9914,87.7375,92.424,84.0185,83.5398,88.1066,88.4481,87.7981,Healthy,0,0,0,0,0,0,0,0,None,0,0,0.1261,0.1345,-0.2247
2026-09-02 14:59:00,41.3565,3.8564,33.3432,50.1411,0.2615,0.0827,47.7061,2.6338,0.23,0.0886,-0.1534,0.11,0.206,0.0878,61.3113,67.6072,0.4229,0.099,0.1394,0.0062,0.1176,0.2118,0.0713,85.1581,85.9366,86.7008,84.8137,85.3252,85.1754,84.9065,86.3225,Healthy,0,0,0,0,0,0,0,0,None,0,0,0.1422,0.1542,-0.145
2026-09-02 15:00:00,45.6692,3.2498,38.4444,53.5439,0.318,0.1346,48.1644,2.2873,0.2943,0.0937,-0.0901,0.0828,0.1428,0.0716,63.7053,70.6195,0.473,0.1755,0.3076,0.036,0.1954,0.2645,0.0899,84.8348,81.2127,83.66,84.2273,81.9572,82.5635,82.1076,82.8908,Healthy,0,0,0,0,0,0,0,0,None,0,0,0.1779,0.1755,-0.3723
2026-09-02 15:01:00,44.3817,2.9633,37.5294,51.8266,0.2782,0.1092,47.2304,2.4633,0.2354,0.1005,-0.2202,0.0754,0.2045,0.1031,63.0168,73.1054,0.4442,0.1136,0.2711,0.0447,0.1367,0.2191,0.087,85.4944,88.1172,85.3294,85.8271,79.1585,84.1379,85.4645,84.2818,Healthy,0,0,0,0,0,0,0,0,None,0,0,0.1865,0.1685,-0.2162
2026-09-02 15:02:00,50.4293,3.2946,43.1463,58.3712,0.4466,0.1711,50.2681,2.5872,0.3118,0.1072,-0.2703,0.0928,0.2319,0.1015,70.9874,77.9974,0.52,0.1657,0.3261,0.0323,0.1918,0.2331,0.1117,83.499,80.4206,82.5976,83.9057,77.9675,80.7465,80.7898,80.4494,Healthy,0,0,0,0,0,0,0,0,None,0,0,0.1871,0.194,-0.1524
2026-09-02 15:03:00,47.8317,3.8283,39.855,56.5742,0.5325,0.1401,47.1374,2.3512,0.3214,0.1128,-0.1979,0.1738,0.196,0.1062,62.4399,70.6617,0.6177,0.1531,0.3819,0.0416,0.2998,0.2472,0.0544,78.9822,80.8957,82.0263,82.1449,78.9814,77.9916,82.3805,81.7877,Healthy,0,0,0,0,0,0,0,0,None,0,0,0.2017,0.1753,-0.4086
2026-09-02 15:04:00,42.3862,3.1487,35.2928,50.1093,0.326,0.1174,48.388,2.501,0.2742,0.1122,-0.2095,0.1013,0.2524,0.0582,60.7329,66.7459,0.518,0.1179,0.2494,0.0225,0.2027,0.2203,0.0545,84.5817,82.9034,82.7607,83.2949,82.9356,81.1677,82.0895,81.7061,Healthy,0,0,0,0,0,0,0,0,None,0,0,0.1879,0.153,-0.3226
2026-09-02 15:05:00,44.3129,3.3531,36.9539,52.3425,0.3828,0.1357,48.876,2.1986,0.1304,0.1027,-0.1617,0.1214,0.1973,0.0661,62.6351,72.1977,0.4368,0.1504,0.3166,0.0326,0.1643,0.2466,0.0761,86.0676,82.8453,83.239,84.2679,80.8306,81.855,84.8839,82.4039,Healthy,0,0,0,0,0,0,0,0,None,0,0,0.1848,0.1701,-0.144
2026-09-02 15:06:00,42.687,3.5048,35.1308,50.9442,0.3257,0.1126,47.1639,2.6985,0.3406,0.1045,-0.2523,0.0689,0.1139,0.0879,59.2788,66.3921,0.3168,0.0932,0.2275,0.0317,0.1464,0.1973,0.0906,83.1241,84.2469,83.5475,84.3267,84.0768,85.2837,83.9984,86.208,Healthy,0,0,0,0,0,0,0,0,None,0,0,0.1318,0.1889,-0.1514
2026-09-02 15:07:00,47.2076,3.385,39.8071,55.2852,0.2845,0.0996,46.6593,2.2855,0.2435,0.0965,-0.2205,0.0681,0.1708,0.0919,63.0951,68.793,0.2268,0.1044,0.2633,0.0254,0.1985,0.1118,0.0531,84.2922,80.6906,84.3925,85.6901,83.479,81.4627,85.6877,84.1875,Healthy,0,0,0,0,0,0,0,0,None,0,0,0.1722,0.1117,-0.2652
2026-09-02 15:08:00,43.5884,3.0327,36.6459,51.1374,0.3307,0.1347,45.6872,2.2803,0.1576,0.0937,-0.1543,0.1326,0.1322,0.0992,59.4024,65.7105,0.364,0.1379,0.2981,0.0195,0.1354,0.1411,0.1017,86.8441,83.8601,90.0051,83.319,83.4878,81.2398,84.8196,84.6552,Healthy,0,0,0,0,0,0,0,0,None,0,0,0.1272,0.1389,-0.2827
2026-09-02 15:09:00,47.5189,3.0429,40.5631,55.0833,0.3498,0.1246,50.5365,2.7486,0.3739,0.1154,-0.1998,0.1259,0.2628,0.1094,65.1238,74.118,0.4437,0.1478,0.2817,0.0523,0.1619,0.159,0.1021,81.9484,82.0281,86.3952,84.6259,78.3894,83.2353,82.641,82.2793,Healthy,0,0,0,0,0,0,0,0,None,0,0,0.1633,0.1575,-0.176
2026-09-02 15:10:00,44.6313,2.9365,37.8138,52.0361,0.2768,0.0906,50.3661,2.7244,0.2304,0.0763,-0.2145,0.0688,0.2698,0.081,63.4651,69.5747,0.4752,0.1292,0.2199,0.0131,0.1338,0.1698,0.093,83.1654,85.7292,85.7239,85.0151,83.8363,83.1641,87.0592,84.5284,Healthy,0,0,0,0,0,0,0,0,None,0,0,0.1458,0.1511,-0.1972
2026-09-02 15:11:00,46.0738,3.1929,38.923,53.8632,0.2616,0.1081,44.1104,2.7862,0.2502,0.115,-0.1755,0.0719,0.2323,0.0764,61.4625,67.4025,0.4827,0.131,0.1756,0.0319,0.2008,0.1437,0.1016,84.2508,83.64,86.742,86.9359,85.6832,83.1681,84.7228,85.1678,Healthy,0,0,0,0,0,0,0,0,None,0,0,0.1421,0.1679,-0.3037
2026-09-02 15:12:00,41.9356,2.9323,35.1237,49.334,0.3875,0.1282,49.579,2.4797,0.2477,0.0923,-0.2378,0.0483,0.2478,0.0541,62.105,68.8891,0.4434,0.0795,0.2453,0.0233,0.1541,0.094,0.074,84.7064,84.6094,86.0221,82.243,81.2584,82.3553,84.159,83.8457,Healthy,0,0,0,0,0,0,0,0,None,0,0,0.1447,0.1446,-0.2379
2026-09-02 15:13:00,41.1292,3.1092,34.0873,48.793,0.3458,0.1281,48.7611,2.2742,0.2235,0.1215,-0.2072,0.0777,0.1806,0.0774,62.9806,68.8101,0.5021,0.1464,0.2216,0.0125,0.1571,0.1979,0.1014,79.5638,83.7448,85.2438,83.4815,84.3282,82.2573,86.9492,83.2086,Healthy,0,0,0,0,0,0,0,0,None,0,0,0.1473,0.1641,-0.2132
2026-09-02 15:14:00,49.0012,3.1382,41.9216,56.7085,0.4611,0.1212,47.6353,2.5508,0.2549,0.1273,-0.272,0.1051,0.1025,0.0595,62.3465,67.7845,0.4755,0.1221,0.259,0.0528,0.1595,0.2755,0.0736,81.9032,83.0555,86.4907,83.9042,79.9867,80.3376,84.143,82.1724,Healthy,0,0,0,0,0,0,0,0,None,0,0,0.1811,0.1415,-0.2375
2026-09-02 15:15:00,43.8923,3.6108,36.1982,52.3085,0.3123,0.1176,49.9952,2.3575,0.2695,0.0752,-0.129,0.0989,0.1951,0.1025,61.9439,68.7385,0.3216,0.1287,0.2257,0.0248,0.1827,0.1324,0.0934,83.2235,86.5001,86.9357,85.329,83.3034,82.5161,84.9284,84.4363,Healthy,0,0,0,0,0,0,0,0,None,0,0,0.1525,0.1385,-0.2543
2026-09-02 15:16:00,48.3552,3.0905,41.3376,55.991,0.4474,0.1019,48.7808,2.4018,0.2604,0.1182,-0.2044,0.0671,0.2265,0.0957,63.0246,69.9674,0.5473,0.1534,0.3176,0.0318,0.1961,0.2178,0.0807,83.7261,80.7233,85.4469,83.1525,79.6899,80.4936,83.4269,81.4229,Healthy,0,0,0,0,0,0,0,0,None,0,0,0.1813,0.1422,-0.3178
2026-09-02 15:17:00,42.2689,3.1511,35.1725,49.9956,0.3039,0.1504,47.3339,3.1866,0.277,0.1128,-0.1099,0.0707,0.2313,0.0814,64.013,71.4871,0.4935,0.1141,0.3665,0.0253,0.2418,0.1565,0.0578,82.5379,81.5817,85.6538,83.7987,83.1449,80.544,82.8233,82.6273,Healthy,0,0,0,0,0,0,0,0,None,0,0,0.2008,0.1164,-0.4233
2026-09-02 15:18:00,48.7502,3.7175,40.9174,57.3265,0.4512,0.1541,49.8302,2.4502,0.2684,0.0903,-0.2906,0.1005,0.19,0.0877,64.6828,70.8555,0.4276,0.1779,0.2313,0.022,0.1553,0.2181,0.0838,84.6322,82.1232,83.5293,81.6021,80.4058,80.4378,82.2949,82.7674,Healthy,0,0,0,0,0,0,0,0,None,0,0,0.1682,0.1616,-0.4067
2026-09-02 15:19:00,49.8527,3.4779,42.3314,58.0696,0.3922,0.1164,46.1376,2.4433,0.3254,0.1198,-0.2463,0.1032,0.1965,0.0779,64.9154,71.6149,0.4405,0.1932,0.3069,0.0117,0.2444,0.2397,0.1126,84.1695,82.6031,83.4594,81.1075,78.6455,80.7744,82.1213,80.9187,Healthy,0,0,0,0,0,0,0,0,None,0,0,0.1849,0.1507,-0.3963
2026-09-02 15:20:00,47.7103,3.9332,39.5972,56.6102,0.3707,0.1667,46.6588,2.5003,0.3171,0.1227,-0.126,0.0902,0.1906,0.0607,62.4153,67.4174,0.3478,0.1609,0.2238,0.0226,0.2591,0.1703,0.092,82.3804,84.3737,84.1584,83.6104,84.6012,81.5391,86.4271,83.5545,Healthy,0,0,0,0,0,0,0,0,None,0,0,0.1867,0.1704,-0.3045
2026-09-02 15:21:00,46.5447,3.0785,39.5427,54.1624,0.4089,0.1708,53.5215,2.5455,0.3787,0.0797,-0.2049,0.0798,0.2772,0.0846,65.8402,76.0932,0.4638,0.1491,0.3215,0.0348,0.2472,0.1555,0.0912,82.7669,80.5968,81.3053,80.8385,79.4314,81.4284,81.8577,80.8725,Healthy,0,0,0,0,0,0,0,0,None,0,0,0.1783,0.1864,-0.2382
2026-09-02 15:22:00,50.5575,4.0814,42.2517,59.6795,0.4441,0.169,49.4971,3.0161,0.3567,0.1234,-0.3398,0.1256,0.1985,0.0959,65.608,71.9921,0.4906,0.1502,0.2134,0.0465,0.2319,0.2208,0.0644,79.0109,85.6231,82.2643,80.7463,78.6617,81.8716,81.3886,80.4279,Healthy,0,0,0,0,0,0,0,0,None,0,0,0.1972,0.1513,-0.3543
2026-09-02 15:23:00,51.37,3.4568,43.8761,59.5551,0.4291,0.1496,50.5614,2.8217,0.3108,0.142,-0.2862,0.1175,0.2593,0.0823,70.9288,76.5995,0.4039,0.1761,0.355,0.0194,0.2471,0.2436,0.0563,80.0576,82.2335,83.8193,79.3494,74.7113,78.1786,79.3442,77.9881,Healthy,0,0,0,0,0,0,0,0,None,0,0,0.2413,0.1447,-0.3208
2026-09-02 15:24:00,49.9583,3.4181,42.5148,58.0855,0.4551,0.1698,52.426,3.0427,0.3777,0.1233,-0.3043,0.1076,0.2307,0.08,64.0988,73.1805,0.3483,0.1343,0.3046,0.0219,0.2305,0.2295,0.0805,81.1873,82.622,81.3876,78.0485,78.8306,81.251,82.2269,80.4017,Healthy,0,0,0,0,0,0,0,0,None,0,0,0.2129,0.1977,-0.2188
2026-09-02 15:25:00,47.0851,3.843,39.0893,55.8496,0.409,0.132,46.4314,2.753,0.2848,0.1305,-0.2321,0.0936,0.2349,0.0563,65.4098,74.9277,0.4809,0.1638,0.242,0.0454,0.2216,0.1811,0.0907,77.3187,80.7474,82.9842,81.0489,80.4268,83.2336,81.8051,81.5848,Healthy,0,0,0,0,0,0,0,0,None,0,0,0.1762,0.1855,-0.2515
2026-09-02 15:26:00,48.6182,3.531,41.028,56.9147,0.5015,0.1248,49.6424,2.8512,0.3399,0.1139,-0.2876,0.1131,0.2386,0.1114,70.3481,78.3609,0.5107,0.2138,0.3627,0.0288,0.2453,0.2498,0.1027,80.0805,80.4644,84.2878,79.7106,78.8804,77.1048,79.286,79.7492,Healthy,0,0,0,0,0,0,0,0,None,0,0,0.2105,0.1652,-0.2234
2026-09-02 15:27:00,47.0816,3.256,39.8487,54.9657,0.38,0.1129,48.5587,3.0912,0.3435,0.1228,-0.2684,0.1134,0.1589,0.0885,66.1524,72.9945,0.5677,0.1646,0.2972,0.041,0.2882,0.1802,0.0584,78.0304,81.3453,83.1595,78.1646,76.7973,79.2938,81.6738,80.1557,Healthy,0,0,0,0,0,0,0,0,None,0,0,0.2093,0.209,-0.2465
2026-09-02 15:28:00,45.94,3.1354,38.864,53.6431,0.3746,0.1591,44.5808,2.2772,0.3044,0.0691,-0.2541,0.1152,0.1837,0.0821,65.1152,70.6042,0.4799,0.1141,0.2457,0.0304,0.2844,0.2057,0.1087,81.1071,87.0384,84.8864,84.366,82.1097,82.6194,85.1563,83.2643,Healthy,0,0,0,0,0,0,0,0,None,0,0,0.1618,0.141,-0.2497
2026-09-02 15:29:00,47.6829,3.2498,40.4582,55.5576,0.4422,0.1548,46.6483,2.8408,0.282,0.1014,-0.2449,0.114,0.1913,0.0877,65.0114,70.6324,0.6029,0.1306,0.263,0.0178,0.2063,0.1234,0.0846,81.1493,80.9164,82.7343,80.606,79.6957,78.4861,87.4985,82.8039,Healthy,0,0,0,0,0,0,0,0,None,0,0,0.1705,0.1612,-0.243
2026-09-02 15:30:00,49.9302,3.6261,42.2163,58.3694,0.4494,0.1212,51.1699,2.6867,0.3561,0.1386,-0.2065,0.1172,0.2523,0.1087,70.8595,77.3218,0.4949,0.2127,0.3956,0.0251,0.235,0.2637,0.1016,77.8969,82.2121,82.4956,79.8472,76.3431,76.1632,80.4504,80.4413,Healthy,0,0,0,0,0,0,0,0,None,0,0,0.1858,0.1815,-0.2245
2026-09-02 15:31:00,50.4619,3.8305,42.4822,59.2076,0.3665,0.1443,52.4317,3.0755,0.3842,0.1263,-0.3307,0.1197,0.2773,0.0951,71.5832,78.151,0.6706,0.141,0.3211,0.0394,0.2154,0.2155,0.1067,80.2631,81.4009,81.6196,82.0169,77.3448,78.343,81.6179,79.0914,Healthy,0,0,0,0,0,0,0,0,None,0,0,0.1974,0.1932,-0.2461
2026-09-02 15:32:00,51.6229,4.1256,43.2596,60.8114,0.4114,0.1718,48.1947,2.5553,0.3372,0.1287,-0.2686,0.1441,0.2109,0.1084,68.7729,76.7037,0.6917,0.1866,0.3622,0.0478,0.3032,0.2624,0.1159,76.3703,80.9741,81.2541,77.1758,75.4842,72.7541,79.095,77.8974,Healthy,0,0,0,0,0,0,0,0,None,0,0,0.2469,0.2317,-0.2949
2026-09-02 15:33:00,51.2337,3.6337,43.5098,59.6842,0.4728,0.2286,50.6256,2.613,0.3581,0.1079,-0.2761,0.1055,0.276,0.1292,70.9755,77.5703,0.4783,0.1861,0.3184,0.033,0.2449,0.2141,0.0898,79.3812,79.5608,81.8183,79.7771,76.2184,77.4185,80.135,78.9738,Healthy,0,0,0,0,0,0,0,0,None,0,0,0.2148,0.1776,-0.3176
2026-09-02 15:34:00,47.3936,3.6298,39.6749,55.8383,0.3253,0.0965,50.8197,3.4602,0.3614,0.1394,-0.1659,0.114,0.1751,0.075,64.993,73.133,0.4516,0.1283,0.2499,0.0346,0.2481,0.1566,0.1336,81.9956,78.7823,79.6696,83.4099,79.5607,83.4033,80.0631,81.0575,Healthy,0,0,0,0,0,0,0,0,None,0,0,0.1773,0.1944,-0.1842
2026-09-02 15:35:00,47.7432,3.9158,39.6526,56.6169,0.3792,0.1793,50.5709,2.4705,0.3785,0.1364,-0.3127,0.1228,0.2936,0.0889,70.7523,77.2907,0.6475,0.1613,0.324,0.0512,0.2105,0.1452,0.0764,77.6937,76.9115,82.3341,77.0188,76.1038,78.6631,79.4884,79.0562,Healthy,0,0,0,0,0,0,0,0,None,0,0,0.2317,0.2184,-0.1633
2026-09-02 15:36:00,52.461,3.5911,44.7926,60.8476,0.4908,0.1712,51.5234,2.8296,0.2507,0.1376,-0.3078,0.0998,0.1826,0.088,70.9999,78.0607,0.61,0.1393,0.3612,0.051,0.2364,0.2505,0.0685,77.6562,79.6093,81.0748,80.3766,77.3727,79.2704,81.2292,78.006,Healthy,0,0,0,0,0,0,0,0,None,0,0,0.2146,0.176,-0.3528
2026-09-02 15:37:00,49.4031,3.6817,41.6169,57.9257,0.5053,0.1588,51.0149,2.4839,0.3869,0.1133,-0.3075,0.1245,0.241,0.09,67.4097,73.9749,0.5051,0.1212,0.4149,0.0512,0.276,0.1848,0.0952,78.0847,79.88,81.2749,78.6018,76.7118,77.7939,81.3005,79.242,Healthy,0,0,0,0,0,0,0,0,None,0,0,0.1955,0.213,-0.407
2026-09-02 15:38:00,53.7294,4.3518,45.072,63.257,0.623,0.1532,53.5279,3.0231,0.3506,0.1362,-0.2762,0.1309,0.3084,0.1391,72.9974,82.6067,0.6234,0.1852,0.4579,0.0518,0.2504,0.279,0.0936,73.9705,76.652,78.7676,74.3757,72.7656,73.8283,75.261,73.6576,Warning,0,0,0,0,0,0,0,0,None,0,0,0.245,0.1977,-0.4763
2026-09-02 15:39:00,46.1499,3.3487,38.7967,54.1729,0.415,0.1336,51.1201,2.4418,0.2724,0.1432,-0.2474,0.1019,0.1819,0.0943,66.9845,73.7533,0.5573,0.2071,0.2351,0.0294,0.2608,0.2298,0.0909,79.7015,84.1785,82.6677,81.6883,81.7064,80.5254,81.1551,82.0034,Healthy,0,0,0,0,0,0,0,0,None,0,0,0.173,0.2104,-0.206
2026-09-02 15:40:00,44.626,3.6027,36.9424,53.03,0.4097,0.2224,51.4082,3.0177,0.4235,0.1123,-0.2163,0.1274,0.2467,0.1216,66.0283,73.336,0.5746,0.1452,0.3277,0.0506,0.2202,0.2604,0.0913,80.0085,80.5474,83.3369,78.711,76.2018,74.2267,78.1285,78.4419,Healthy,0,0,0,0,0,0,0,0,None,0,0,0.2007,0.1822,-0.2314
2026-09-02 15:41:00,50.3547,3.3494,43.0005,58.3788,0.3451,0.1934,51.3583,2.6324,0.3651,0.1462,-0.2812,0.1357,0.2908,0.1102,71.4809,78.5439,0.5942,0.1456,0.3381,0.0592,0.2964,0.2643,0.1103,76.9121,77.0605,78.2407,79.5694,73.6196,77.3621,77.0178,76.1482,Healthy,0,0,0,0,0,0,0,0,None,0,0,0.2287,0.1919,-0.4162
2026-09-02 15:42:00,53.3953,3.4216,45.9473,61.5277,0.4429,0.1511,54.0852,2.895,0.4312,0.1137,-0.321,0.0984,0.2538,0.1083,68.7687,75.5716,0.7578,0.1919,0.3267,0.0386,0.2787,0.2325,0.0802,77.3189,79.1616,79.3483,76.0338,75.9099,75.2365,77.2146,75.583,Healthy,0,0,0,0,0,0,0,0,None,0,0,0.2285,0.1988,-0.2987
2026-09-02 15:43:00,50.8105,3.4269,43.3556,58.9508,0.3907,0.2249,53.2307,2.6891,0.3783,0.1056,-0.3659,0.1357,0.2259,0.0981,70.421,76.6213,0.5823,0.1632,0.3258,0.0227,0.1852,0.2346,0.1176,77.7178,78.5686,81.2526,74.7523,74.1399,77.1926,78.071,77.7774,Healthy,0,0,0,0,0,0,0,0,None,0,0,0.235,0.1643,-0.2928
2026-09-02 15:44:00,52.1294,3.5906,44.4616,60.5152,0.512,0.2138,53.9223,2.855,0.2665,0.1583,-0.3914,0.1037,0.2857,0.0976,72.1314,78.3381,0.6209,0.1568,0.3501,0.0815,0.2326,0.2535,0.0934,76.2917,75.01,80.214,79.2721,73.2431,73.2195,76.699,75.7685,Healthy,0,0,0,0,1,0,0,0,Resource_contention,1,7,0.2528,0.1949,-0.3809
2026-09-02 15:45:00,52.6527,3.7457,44.7833,61.2713,0.4381,0.166,51.2765,2.963,0.4373,0.1437,-0.3067,0.0998,0.2689,0.146,70.1278,76.6544,0.7218,0.1817,0.392,0.0698,0.2552,0.2988,0.1103,79.26,78.7589,79.6932,79.4098,75.4514,76.3862,77.0265,79.0495,Healthy,0,0,0,0,0,0,0,0,None,0,0,0.1853,0.157,-0.2387
2026-09-02 15:46:00,47.33,3.711,39.5057,55.8965,0.4528,0.1656,54.4525,2.5139,0.4078,0.1363,-0.396,0.1305,0.2275,0.1247,66.8528,74.1,0.4981,0.2017,0.3106,0.0455,0.295,0.2711,0.1025,79.9577,78.6233,81.0929,80.7911,76.236,77.9122,82.7828,79.111,Healthy,0,0,0,0,0,0,0,0,None,0,0,0.2282,0.1629,-0.3499
2026-09-02 15:47:00,53.3029,3.6302,45.5837,61.7481,0.3867,0.2073,57.4214,3.2647,0.3653,0.1323,-0.4291,0.128,0.3175,0.0928,73.5198,81.5476,0.6605,0.1743,0.4041,0.0737,0.2637,0.3263,0.0992,78.2884,76.7473,79.3259,75.0987,73.3178,75.2998,74.4469,75.3009,Healthy,0,0,0,0,0,0,0,0,None,0,0,0.2278,0.2455,-0.3413
2026-09-02 15:48:00,53.3362,3.468,45.8277,61.5382,0.5724,0.1927,55.9436,2.6358,0.3781,0.1526,-0.3902,0.1376,0.3145,0.1134,70.6529,76.8126,0.6133,0.1765,0.3305,0.0657,0.2746,0.2739,0.1438,75.5432,78.8154,77.9343,77.881,77.2664,80.0206,77.9377,77.771,Healthy,0,0,0,0,0,0,0,0,None,0,0,0.2174,0.1792,-0.4195
2026-09-02 15:49:00,48.9366,3.8709,40.9044,57.743,0.4975,0.1702,50.9678,2.6339,0.3902,0.1462,-0.3171,0.1488,0.2615,0.1015,69.05,76.0484,0.6005,0.118,0.3279,0.0475,0.3036,0.1479,0.1024,79.2958,80.1997,82.3337,77.873,74.5864,77.5153,78.0476,78.378,Healthy,0,0,0,0,0,0,0,0,None,0,0,0.2175,0.1894,-0.2523
2026-09-02 15:50:00,48.7753,3.3787,41.3829,56.8433,0.4466,0.2066,51.8583,3.0713,0.4348,0.1283,-0.212,0.1172,0.2649,0.1258,70.5793,76.9319,0.6431,0.1985,0.3875,0.0646,0.2507,0.2457,0.1099,76.4604,77.3445,80.8435,75.5724,75.1883,76.2408,79.2383,77.4398,Healthy,0,0,0,0,0,0,0,0,None,0,0,0.2043,0.2115,-0.196
2026-09-02 15:51:00,53.7863,4.2125,45.3101,63.105,0.4652,0.2178,52.6667,2.7184,0.3806,0.1644,-0.2592,0.149,0.2327,0.0914,74.3697,83.0049,0.5369,0.1916,0.3482,0.0491,0.2689,0.2674,0.1288,78.1022,77.6065,76.858,78.1716,75.5694,75.4409,76.8699,77.4735,Healthy,0,0,0,0,0,0,0,0,None,0,0,0.2358,0.2019,-0.3334
2026-09-02 15:52:00,51.2543,4.3291,42.6265,60.7479,0.4639,0.2076,50.8118,3.1438,0.34,0.1487,-0.3007,0.1266,0.3042,0.1296,70.0968,76.4119,0.6153,0.1497,0.3456,0.0476,0.2488,0.2632,0.098,75.852,76.0214,80.3303,78.814,73.423,76.82,77.8589,76.5503,Healthy,0,0,0,0,0,0,0,0,None,0,0,0.2476,0.2079,-0.4116
2026-09-02 15:53:00,51.1876,3.6987,43.3793,59.7357,0.5512,0.1953,56.3005,2.9745,0.4668,0.1563,-0.3021,0.1009,0.28,0.1298,75.1913,81.514,0.6241,0.2274,0.4615,0.0737,0.3008,0.3511,0.1082,76.4095,75.3817,78.1905,75.0302,72.391,70.2119,74.9756,72.1871,Warning,0,0,0,0,0,0,0,0,None,0,0,0.2758,0.2525,-0.5008
2026-09-02 15:54:00,47.6326,3.541,40.0293,55.944,0.4292,0.1529,48.2908,2.637,0.2818,0.128,-0.2657,0.1354,0.245,0.1236,70.7207,76.826,0.482,0.164,0.4061,0.0591,0.2883,0.2355,0.0883,77.7818,81.4897,79.6802,79.158,77.5749,77.6935,79.025,79.7823,Healthy,0,0,0,0,0,0,0,0,None,0,0,0.1948,0.1779,-0.3308
2026-09-02 15:55:00,57.5086,4.1741,49.0823,66.7697,0.4724,0.2302,51.9935,3.1711,0.35,0.1172,-0.3074,0.1417,0.2395,0.1239,71.5631,78.9365,0.6107,0.28,0.3914,0.0682,0.289,0.2642,0.1005,74.4236,75.1924,79.5644,76.5389,74.593,75.1998,76.9936,75.9179,Healthy,0,0,0,0,0,0,0,0,None,0,0,0.2361,0.2089,-0.3162
2026-09-02 15:56:00,50.5963,3.6766,42.8168,59.1111,0.4816,0.2115,55.1179,2.8736,0.3981,0.1343,-0.2742,0.1143,0.2428,0.0947,69.8838,75.8282,0.6597,0.166,0.3391,0.085,0.3007,0.2436,0.1292,75.4005,75.807,81.3657,75.4095,74.0757,72.8918,78.62,74.5678,Warning,0,0,0,0,1,0,0,0,Resource_contention,2,4,0.2452,0.2246,-0.3546
2026-09-02 15:57:00,56.0829,4.0981,47.7553,65.23,0.4567,0.2159,56.2229,2.8118,0.4934,0.1273,-0.4437,0.1229,0.3222,0.1171,73.3463,79.6954,0.6545,0.1899,0.3576,0.0611,0.3257,0.2768,0.1505,72.6667,77.2488,75.6281,73.5264,72.3633,73.4634,73.6378,73.42,Warning,0,0,0,0,0,0,0,0,None,0,0,0.2853,0.2987,-0.3566
2026-09-02 15:58:00,52.0125,4.3172,43.4001,61.4884,0.5405,0.1823,55.5008,2.8169,0.4622,0.1808,-0.4132,0.1522,0.3069,0.1236,73.5805,81.6897,0.6252,0.2049,0.4506,0.0838,0.3796,0.2339,0.1064,72.0336,75.0845,77.2204,74.0166,72.3676,71.1645,75.9001,72.3633,Warning,0,0,0,0,1,0,0,0,Resource_contention,2,6,0.2886,0.2254,-0.3961
2026-09-02 15:59:00,52.378,4.2708,43.8259,61.7842,0.4164,0.1712,55.0103,2.9167,0.4504,0.1666,-0.3505,0.1596,0.3184,0.1085,75.1887,81.4838,0.6207,0.2098,0.4926,0.0719,0.3826,0.2679,0.1281,74.737,76.9186,78.099,73.0744,72.9034,74.1173,75.0392,75.5435,Healthy,0,0,0,0,0,0,0,0,None,0,0,0.2648,0.2378,-0.4143
2026-09-02 16:00:00,55.9894,3.9081,47.9088,64.8516,0.5123,0.1865,51.2723,3.0501,0.3424,0.1788,-0.3756,0.1569,0.3,0.1109,75.5729,83.4881,0.724,0.2273,0.4351,0.066,0.2664,0.2683,0.125,74.6587,74.7102,79.3131,73.3253,73.0603,72.0453,75.2222,75.1073,Healthy,0,0,0,0,0,0,0,0,None,0,0,0.2643,0.2174,-0.4118
2026-09-02 16:01:00,55.9772,4.0982,47.6496,65.1245,0.53,0.2307,58.0576,2.7311,0.4083,0.1864,-0.3327,0.1746,0.2183,0.1402,78.5792,88.1446,0.8248,0.1875,0.3268,0.0638,0.3354,0.3005,0.1188,72.3781,76.1138,80.795,75.8718,69.6583,74.1021,76.6707,75.1026,Healthy,0,0,0,0,0,0,0,0,None,0,0,0.2283,0.2641,-0.4384
2026-09-02 16:02:00,53.6421,4.0363,45.3949,62.6965,0.5982,0.1998,53.5974,3.1292,0.4694,0.172,-0.4123,0.1712,0.3071,0.1525,73.8739,81.5742,0.6709,0.2118,0.4085,0.0775,0.2487,0.3049,0.1298,72.895,76.5404,76.2287,74.4352,68.0422,71.822,75.7456,73.2389,Warning,0,0,0,0,0,0,0,0,None,0,0,0.2528,0.2451,-0.3944
2026-09-02 16:03:00,50.8809,3.6382,43.1512,59.3381,0.5903,0.1653,54.322,2.6083,0.4455,0.157,-0.2798,0.1579,0.2809,0.0783,70.8581,78.6184,0.6195,0.1648,0.4309,0.048,0.2496,0.2851,0.1244,71.4675,76.3279,79.3355,76.3534,77.2661,74.8464,77.8659,75.824,Healthy,0,0,0,0,0,0,0,0,None,0,0,0.2178,0.2267,-0.3144
2026-09-02 16:04:00,53.4809,3.6608,45.7218,61.972,0.5172,0.1954,60.3332,2.7922,0.3682,0.1847,-0.3282,0.1045,0.2848,0.113,75.9269,83.0066,0.6975,0.1625,0.3685,0.0537,0.3631,0.2828,0.1208,72.3192,74.3117,76.8831,73.8061,72.4122,71.7487,74.9623,73.9485,Warning,0,0,0,0,0,0,0,0,None,0,0,0.2483,0.2545,-0.4663
2026-09-02 16:05:00,55.929,4.1434,47.5425,65.1441,0.5411,0.1907,55.3285,2.8048,0.3556,0.1556,-0.3818,0.1554,0.2748,0.1257,76.7854,83.0707,0.6291,0.1874,0.3896,0.0574,0.3076,0.2829,0.0856,73.2427,74.1856,78.3004,73.4158,73.5386,72.4903,75.412,74.0575,Warning,0,0,0,0,0,0,0,0,None,0,0,0.2866,0.2318,-0.4155
2026-09-02 16:06:00,54.8794,4.3547,46.2184,64.4115,0.5772,0.1752,49.7819,3.2332,0.4272,0.1418,-0.3353,0.1442,0.2773,0.1251,69.2162,76.7922,0.6313,0.1902,0.3887,0.054,0.29,0.3028,0.0987,74.8887,79.467,76.5917,74.6515,71.5227,73.9312,79.2649,75.4854,Healthy,0,0,0,0,0,0,0,0,None,0,0,0.2505,0.2088,-0.358
2026-09-02 16:07:00,50.1549,3.7143,42.3262,58.7264,0.5679,0.2198,51.7293,2.7874,0.4128,0.1855,-0.3288,0.0999,0.2721,0.104,77.1638,85.4219,0.7167,0.1728,0.3482,0.0724,0.3164,0.2644,0.1209,75.2235,76.243,77.1549,73.6093,74.7113,72.7343,73.9382,73.6859,Warning,0,0,0,0,0,0,0,0,None,0,0,0.2693,0.2344,-0.4332
2026-09-02 16:08:00,52.4278,3.6509,44.6816,60.9042,0.5709,0.2109,54.8181,3.0441,0.4242,0.1331,-0.3109,0.1401,0.3063,0.1081,73.6971,85.5245,0.5776,0.1772,0.3798,0.0484,0.2876,0.231,0.1057,72.3676,76.8161,77.9038,74.9961,74.5697,74.7651,76.8371,74.8435,Warning,0,0,0,0,0,0,0,0,None,0,0,0.2654,0.3036,-0.4691
2026-09-02 16:09:00,56.5003,4.0384,48.2504,65.5578,0.5603,0.2279,57.7053,3.5002,0.4006,0.1853,-0.3575,0.1374,0.3378,0.1178,75.1761,82.5226,0.7911,0.2289,0.3834,0.0702,0.3413,0.3538,0.126,70.1795,73.4281,75.2802,74.3003,71.7599,69.1222,76.0513,72.0135,Warning,0,0,0,0,0,0,0,0,None,0,0,0.3024,0.2716,-0.4774
2026-09-02 16:10:00,57.2583,3.8394,49.2671,66.0174,0.5956,0.2053,56.3308,3.4905,0.4045,0.1531,-0.3875,0.1483,0.3451,0.1657,73.0054,80.6889,0.7084,0.1952,0.4924,0.0631,0.3287,0.3044,0.1191,74.1348,71.299,75.1533,71.7193,70.181,70.9156,73.6228,71.9047,Warning,0,0,0,0,0,0,0,0,None,0,0,0.281,0.2113,-0.3444
2026-09-02 16:11:00,54.0074,3.7749,46.1,62.6698,0.4546,0.1946,58.4681,2.7679,0.395,0.1697,-0.2694,0.1348,0.1914,0.1382,73.1213,79.656,0.6473,0.1766,0.4268,0.0645,0.2384,0.2759,0.1104,72.5264,76.1378,79.7616,76.9591,72.7586,74.2979,76.4122,76.0336,Healthy,0,0,0,0,0,0,0,0,None,0,0,0.247,0.2146,-0.493
2026-09-02 16:12:00,54.7735,3.9604,46.6249,63.7141,0.6055,0.1762,56.1706,2.7461,0.4062,0.17,-0.2178,0.1428,0.1927,0.096,78.0356,86.3833,0.6811,0.2048,0.3532,0.0585,0.3016,0.3401,0.1226,72.4886,75.1992,75.6924,74.2816,68.7989,72.2366,75.9075,72.7382,Warning,0,0,0,0,0,0,0,0,None,0,0,0.2589,0.2342,-0.5429
2026-09-02 16:13:00,53.8582,3.973,45.6933,62.8178,0.5556,0.1634,54.782,3.5892,0.427,0.1913,-0.3944,0.164,0.3577,0.1171,75.2278,82.0689,0.6857,0.2583,0.5008,0.0682,0.2958,0.2561,0.1275,71.3213,74.6552,78.9547,73.9653,71.4741,73.764,76.7628,73.9425,Warning,0,0,0,0,0,0,0,0,None,0,0,0.2627,0.1953,-0.4223
2026-09-02 16:14:00,54.2492,5.1916,44.5001,65.0365,0.6074,0.1501,51.152,2.7261,0.3458,0.1569,-0.384,0.1378,0.2419,0.1191,72.7929,78.9203,0.6051,0.1619,0.398,0.0573,0.4032,0.2769,0.0992,74.8963,73.5344,80.0888,74.4636,75.2816,72.8323,76.2387,74.5652,Warning,0,0,0,0,0,0,0,0,None,0,0,0.2562,0.1851,-0.233
2026-09-02 16:15:00,57.1243,4.6213,48.1167,67.0562,0.5899,0.2085,56.6127,3.2291,0.4917,0.1709,-0.4046,0.1509,0.3506,0.0954,72.8755,80.3008,0.7418,0.2151,0.3698,0.0503,0.3098,0.3405,0.1307,73.2115,70.4279,76.1219,72.2398,69.9808,72.6544,74.3079,72.2921,Warning,0,0,0,0,0,0,0,0,None,0,0,0.2853,0.2261,-0.4906
2026-09-02 16:16:00,59.9048,4.3499,51.2499,69.4296,0.6527,0.2423,61.2985,3.2753,0.3954,0.1848,-0.4083,0.1967,0.303,0.1175,80.4764,87.9861,0.7789,0.1989,0.4606,0.0643,0.3555,0.3817,0.1243,71.7352,73.2422,72.3241,73.2229,67.8585,69.6267,72.4006,71.8129,Warning,0,0,0,0,0,0,0,0,None,0,0,0.2903,0.2549,-0.4165
2026-09-02 16:17:00,53.1784,4.119,44.8237,62.357,0.4899,0.2076,50.824,2.6686,0.3496,0.1564,-0.4116,0.1628,0.2204,0.1266,72.8819,80.0253,0.7184,0.2145,0.3793,0.0453,0.2748,0.2695,0.1248,74.0638,74.9932,77.9048,78.3813,71.4019,73.6309,76.1221,74.8226,Warning,0,0,0,0,0,0,0,0,None,0,0,0.2468,0.1952,-0.4145
2026-09-02 16:18:00,53.9189,3.8831,45.8709,62.7435,0.4578,0.1776,56.7369,3.1749,0.4245,0.1255,-0.371,0.1453,0.3125,0.1248,75.5186,82.6328,0.7522,0.2106,0.4219,0.0294,0.3634,0.3308,0.1378,73.4903,74.0028,77.8239,76.5644,69.479,71.3088,72.1221,72.8236,Warning,0,0,0,0,0,0,0,0,None,0,0,0.2847,0.2585,-0.4469
2026-09-02 16:19:00,57.8136,4.6622,48.7527,67.8069,0.6559,0.2364,58.9782,3.2534,0.5234,0.2018,-0.3351,0.1595,0.3527,0.1224,79.3596,87.1496,0.8363,0.224,0.4158,0.0668,0.2932,0.2546,0.1169,70.7812,72.5949,74.4081,71.7133,68.2517,69.8294,73.6363,71.036,Warning,0,0,0,0,0,0,0,0,None,0,0,0.2644,0.2962,-0.4779
2026-09-02 16:20:00,57.9224,4.3107,49.3185,67.3884,0.4887,0.2307,54.6501,3.2915,0.5374,0.1999,-0.4229,0.1442,0.3166,0.1247,75.9779,83.902,0.8677,0.2543,0.4282,0.0613,0.4256,0.3024,0.1589,70.3678,75.1254,72.9255,69.5136,69.8348,71.1303,74.9379,71.3211,Warning,0,0,0,0,0,0,0,0,None,0,0,0.2748,0.2672,-0.4294
2026-09-02 16:21:00,54.9724,3.7086,47.1513,63.5352,0.5768,0.2421,63.3357,3.0566,0.4631,0.1803,-0.2738,0.1689,0.3265,0.1014,75.7342,83.3622,0.757,0.151,0.3711,0.0445,0.2633,0.2934,0.1184,74.23,74.0301,76.6667,74.1453,71.0651,70.7979,77.2858,73.8511,Warning,0,0,0,0,0,0,0,0,None,0,0,0.282,0.2884,-0.2712
2026-09-02 16:22:00,59.8757,4.0846,51.5656,69.0026,0.5746,0.2209,56.4496,3.4926,0.3885,0.2107,-0.2952,0.175,0.352,0.1414,76.8789,84.6788,0.7181,0.2472,0.4728,0.0834,0.3586,0.3008,0.1858,67.9717,74.1825,76.5363,71.978,68.7027,69.1936,71.1437,71.3579,Warning,0,0,0,0,1,0,0,0,Resource_contention,2,6,0.279,0.2745,-0.481
2026-09-02 16:23:00,57.5158,3.7383,49.656,66.1234,0.5416,0.2384,55.3184,3.0213,0.4089,0.1532,-0.3723,0.1486,0.3612,0.1678,76.0085,82.7826,0.8627,0.2388,0.5538,0.0649,0.4129,0.2993,0.0878,72.2566,73.5505,77.6452,70.2734,69.4031,72.8657,73.3239,71.8834,Warning,0,0,0,0,0,0,0,0,None,0,0,0.2845,0.2547,-0.3835
2026-09-02 16:24:00,60.9787,4.5032,52.1246,70.7336,0.5753,0.2604,60.1039,3.3316,0.4278,0.1817,-0.393,0.1973,0.3718,0.1512,77.1415,86.2496,0.7975,0.2183,0.5567,0.0804,0.3215,0.3217,0.1335,68.5484,70.1207,74.0865,71.5178,66.939,67.8839,71.1933,69.486,Warning,0,0,0,0,1,0,0,0,Resource_contention,2,7,0.3312,0.2965,-0.2919
2026-09-02 16:25:00,57.5969,3.8379,49.6077,66.3537,0.673,0.2018,57.8104,2.8982,0.522,0.1904,-0.3977,0.1792,0.3085,0.1476,75.9326,84.779,0.7694,0.2113,0.4479,0.0722,0.2992,0.3098,0.1353,71.039,74.3676,75.1959,72.2421,69.7857,71.5265,75.3506,72.2471,Warning,0,0,0,0,0,0,0,0,None,0,0,0.2706,0.1938,-0.39
2026-09-02 16:26:00,64.831,4.7631,55.6389,74.9756,0.7091,0.2376,60.8899,3.5948,0.4957,0.1997,-0.3929,0.1554,0.2878,0.1656,76.4227,84.9283,0.6393,0.2538,0.48,0.0747,0.3761,0.3424,0.1461,74.1352,70.7381,73.9824,71.2057,69.2223,69.2279,72.0891,70.4648,Warning,0,0,0,0,0,0,0,0,None,0,0,0.3183,0.2818,-0.7747
2026-09-02 16:27:00,59.0995,3.8231,51.1295,67.8341,0.5291,0.2083,56.6206,2.9914,0.4404,0.1792,-0.4192,0.1547,0.3073,0.1504,77.3875,85.3835,0.8513,0.2088,0.3552,0.0833,0.3777,0.2892,0.1412,71.7483,71.7267,74.3744,69.7059,68.3631,68.9079,71.5042,71.2753,Warning,0,0,0,0,1,0,0,0,Resource_contention,2,6,0.2992,0.2833,-0.3663
2026-09-02 16:28:00,56.5918,4.07,48.3008,65.6967,0.6119,0.2336,60.3804,3.2122,0.3633,0.1611,-0.3774,0.1441,0.3959,0.1679,78.4995,85.9565,0.6941,0.2181,0.4797,0.0993,0.3297,0.2554,0.1444,72.7697,73.1124,75.507,71.1019,67.7928,67.979,74.0635,71.1373,Warning,0,0,0,0,1,0,0,0,Resource_contention,2,6,0.2776,0.2121,-0.5295
2026-09-02 16:29:00,56.7238,3.9056,48.6465,65.5821,0.5701,0.1821,58.4582,3.6012,0.577,0.187,-0.3211,0.1554,0.3269,0.1556,78.4318,87.4653,0.7408,0.2566,0.4425,0.0795,0.2842,0.3871,0.1233,69.424,70.5822,74.7031,70.3646,71.5272,68.2656,71.1744,71.3224,Warning,0,0,0,0,0,0,0,0,None,0,0,0.2795,0.2197,-0.55
2026-09-02 16:30:00,61.9968,4.1742,53.5704,71.258,0.7074,0.2374,56.4874,3.3236,0.4772,0.193,-0.3528,0.1673,0.2966,0.1514,75.1878,84.3892,0.7902,0.2547,0.4265,0.0657,0.3302,0.3873,0.1312,67.3941,73.0822,74.8509,71.3781,69.6283,72.1405,72.4608,72.4695,Warning,0,0,0,0,0,0,0,0,None,0,0,0.2849,0.2332,-0.3297
2026-09-02 16:31:00,62.3891,4.2515,53.8621,71.7664,0.7557,0.2504,61.4512,3.3444,0.4523,0.1871,-0.4248,0.2014,0.4232,0.151,81.7665,91.4626,0.891,0.2497,0.5461,0.0527,0.3686,0.3719,0.1266,67.103,69.439,73.0278,70.5005,65.2238,66.558,69.2756,70.0511,Warning,0,0,0,0,0,0,0,0,None,0,0,0.2951,0.3201,-0.4278
2026-09-02 16:32:00,64.5098,4.588,55.5454,74.3918,0.7919,0.2535,60.5381,3.9291,0.5217,0.2375,-0.374,0.1251,0.4216,0.1565,86.7356,95.6386,0.8781,0.2484,0.5155,0.1037,0.4725,0.3729,0.1401,66.7833,66.787,71.4243,66.891,62.7325,66.4062,67.3529,65.6002,Warning,0,0,0,0,1,0,0,0,Resource_contention,2,7,0.3295,0.3042,-0.498
2026-09-02 16:33:00,60.3755,3.79,52.4485,69.0606,0.6286,0.1961,57.5231,3.0699,0.4391,0.1766,-0.4846,0.1457,0.3764,0.1331,74.606,84.8649,0.5717,0.1798,0.365,0.0659,0.3001,0.2766,0.146,71.6507,72.2164,73.9675,70.0927,69.3819,69.8425,72.3391,70.7164,Warning,0,0,0,0,0,0,0,0,None,0,0,0.3103,0.2947,-0.345
2026-09-02 16:34:00,59.0868,4.0917,50.7675,68.2243,0.6462,0.2353,57.9444,3.0325,0.5244,0.1729,-0.3854,0.1948,0.4456,0.1439,83.6561,91.9207,0.7783,0.2852,0.5323,0.087,0.4059,0.2971,0.1094,68.4984,70.4186,73.7491,67.9196,67.6951,68.7787,69.4434,68.5842,Warning,0,0,0,0,1,0,0,0,Resource_contention,2,6,0.328,0.2538,-0.4518
2026-09-02 16:35:00,59.9863,4.1996,51.5268,69.2856,0.666,0.2388,59.9976,3.4072,0.5255,0.1773,-0.4906,0.1624,0.3828,0.1634,81.8286,90.208,0.8141,0.2579,0.5104,0.0977,0.3922,0.4314,0.1474,68.474,70.4389,72.9799,67.0088,63.4085,67.3096,69.557,68.6165,Warning,0,0,0,0,1,0,0,0,Resource_contention,2,7,0.3149,0.3024,-0.5734
2026-09-02 16:36:00,63.5114,4.2868,54.9385,72.9417,0.7505,0.2583,60.253,3.5013,0.4501,0.2125,-0.4956,0.2297,0.3459,0.1588,83.3391,93.1792,0.9025,0.2351,0.6181,0.1045,0.4042,0.4207,0.1564,66.3525,68.4016,70.4869,66.5988,64.2949,65.3151,69.6264,65.9596,Warning,0,0,0,0,1,0,0,0,Resource_contention,2,6,0.3305,0.2558,-0.4059
2026-09-02 16:37:00,60.6819,3.8798,52.6382,69.5015,0.5879,0.2016,60.3922,3.3439,0.4766,0.1712,-0.3549,0.1792,0.345,0.0993,80.0212,87.498,0.6704,0.2543,0.4584,0.0758,0.2888,0.3258,0.1119,71.9638,71.9761,78.9763,68.8661,69.2953,70.1367,73.4199,71.6061,Warning,0,0,0,0,0,0,0,0,None,0,0,0.2911,0.2753,-0.3737
2026-09-02 16:38:00,56.8278,4.1636,48.4151,66.0733,0.5757,0.1956,59.1258,2.8818,0.4389,0.1844,-0.4256,0.156,0.2938,0.1112,75.3059,85.8982,0.7821,0.2673,0.4333,0.0647,0.4167,0.2798,0.117,72.0523,73.0472,75.412,72.9563,68.8208,67.1767,72.7073,71.3349,Warning,0,0,0,0,0,0,0,0,None,0,0,0.2907,0.2129,-0.3291
2026-09-02 16:39:00,56.0872,3.9287,47.9799,64.9803,0.5191,0.2598,53.7291,3.3148,0.5484,0.1326,-0.3196,0.1485,0.2967,0.1325,76.8859,83.8016,0.7172,0.2486,0.5786,0.0905,0.3018,0.3393,0.0812,71.8459,71.8073,75.4461,72.2832,68.5761,70.7504,70.8703,71.5296,Warning,0,0,0,0,1,0,0,0,Resource_contention,2,6,0.2871,0.2614,-0.493
2026-09-02 16:40:00,58.1029,3.7916,50.1737,66.7903,0.612,0.2001,55.7916,3.0333,0.4591,0.1886,-0.43,0.1889,0.3345,0.1522,75.8724,86.3142,0.7013,0.2478,0.4226,0.0931,0.3367,0.3052,0.1398,70.2054,73.2973,75.5323,71.036,68.2944,69.7209,74.2418,71.1874,Warning,0,0,0,0,1,0,0,0,Resource_contention,2,7,0.2834,0.2957,-0.384
2026-09-02 16:41:00,60.611,4.2406,52.0982,69.9719,0.7521,0.2502,61.5906,3.2276,0.5216,0.1912,-0.4148,0.1721,0.3647,0.1753,81.0864,89.3471,0.9819,0.2864,0.5718,0.0833,0.4208,0.3208,0.1323,67.5384,68.6525,71.3048,66.6704,66.286,67.412,68.7168,68.9578,Warning,0,0,0,0,1,0,0,0,Resource_contention,2,6,0.3288,0.3078,-0.4806
2026-09-02 16:42:00,66.1844,4.5886,57.2192,76.0673,0.6665,0.2599,58.6016,3.5004,0.4566,0.1808,-0.5032,0.165,0.3242,0.1537,80.3776,87.8147,0.8256,0.2936,0.5356,0.0942,0.3729,0.343,0.1564,68.1795,69.2819,70.7359,66.6163,67.6701,65.4666,75.0533,69.2599,Warning,0,0,0,0,1,0,0,0,Resource_contention,2,7,0.3012,0.2536,-0.3181
2026-09-02 16:43:00,62.3909,4.3712,53.7083,71.9477,0.7532,0.2233,55.9558,3.4549,0.5124,0.1679,-0.3915,0.1591,0.3673,0.1323,78.8227,86.483,0.9309,0.2594,0.504,0.0942,0.5407,0.3854,0.152,66.5257,68.092,69.2498,63.3532,65.7415,66.7606,71.5661,66.3152,Warning,0,0,0,0,1,0,0,0,Resource_contention,2,6,0.318,0.3025,-0.5441
2026-09-02 16:44:00,65.3338,4.0746,57.0369,74.4457,0.6467,0.2725,59.6841,3.4027,0.4755,0.1841,-0.4139,0.1797,0.4118,0.152,81.5173,89.0416,0.9014,0.205,0.5489,0.0923,0.3537,0.358,0.1648,69.4231,66.5541,71.4384,69.1514,63.7287,65.7891,69.1657,65.813,Warning,0,0,0,0,1,0,0,0,Resource_contention,2,6,0.3411,0.3251,-0.4593
2026-09-02 16:45:00,57.1669,4.2057,48.6996,66.4754,0.6392,0.2059,60.5284,3.1112,0.5479,0.2101,-0.3548,0.2133,0.3861,0.1632,84.6759,93.2937,0.8076,0.2219,0.4891,0.0736,0.3698,0.3389,0.145,66.5176,66.2151,70.0768,69.2037,66.0224,69.2127,70.6089,67.4037,Warning,0,0,0,0,0,0,0,0,None,0,0,0.3293,0.3157,-0.5182
2026-09-02 16:46:00,59.4131,4.6228,50.4035,69.3473,0.7882,0.268,59.8186,3.636,0.6032,0.2092,-0.4418,0.209,0.3537,0.1693,84.0764,93.3788,1.0616,0.2489,0.5721,0.0975,0.3859,0.3472,0.1288,64.8128,69.9269,70.0937,67.9442,62.6496,64.895,67.1467,66.2869,Warning,0,0,0,0,1,0,0,0,Resource_contention,2,9,0.3382,0.3286,-0.5164
2026-09-02 16:47:00,64.6982,4.3717,56.0149,74.2558,0.671,0.2644,65.2861,3.5801,0.4709,0.2132,-0.5035,0.1701,0.3915,0.1365,78.4682,86.4471,0.9028,0.2479,0.5781,0.098,0.4206,0.4548,0.1475,68.1008,71.7872,73.023,65.7737,64.3975,66.4412,67.535,67.9975,Warning,0,0,0,0,1,0,0,0,Resource_contention,2,7,0.3188,0.3149,-0.4561
2026-09-02 16:48:00,61.0268,3.9431,52.9007,69.9415,0.6402,0.2405,61.5516,3.2637,0.4788,0.1713,-0.3861,0.1723,0.358,0.1532,79.7367,86.8021,0.7523,0.2577,0.4631,0.0883,0.366,0.416,0.1337,67.5367,69.8598,72.7703,70.2072,66.6315,70.755,67.9418,70.3091,Warning,0,0,0,0,1,0,0,0,Resource_contention,2,8,0.3022,0.3232,-0.5792
2026-09-02 16:49:00,61.4261,4.2364,52.9188,70.7807,0.6246,0.2536,63.6501,3.5103,0.5316,0.2202,-0.3488,0.1619,0.3797,0.1466,86.3733,94.7092,0.8525,0.2755,0.4491,0.0988,0.3678,0.3877,0.1233,68.2649,65.9462,72.8151,67.0672,65.3218,64.5697,71.0372,68.0149,Warning,0,0,0,0,1,0,0,0,Resource_contention,2,8,0.3026,0.3062,-0.4193
2026-09-02 16:50:00,59.7906,4.3926,51.0803,69.3795,0.6629,0.267,61.0015,3.2201,0.4452,0.1918,-0.3685,0.1895,0.3313,0.1529,80.8491,90.1006,0.9311,0.2881,0.4452,0.0995,0.4242,0.4623,0.1339,67.3365,67.8137,72.7134,73.2149,64.6321,66.077,68.0809,67.5122,Warning,0,0,0,0,1,0,0,0,Resource_contention,2,6,0.329,0.2599,-0.5586
2026-09-02 16:51:00,61.4986,4.3496,52.8441,71.023,0.7954,0.2845,64.4178,3.1848,0.635,0.227,-0.3693,0.1864,0.3806,0.1671,78.0381,85.631,0.8426,0.2922,0.4705,0.0832,0.401,0.4092,0.145,68.9628,69.6431,73.0657,64.6849,65.9883,64.213,68.718,67.8681,Warning,0,0,0,0,1,0,0,0,Resource_contention,2,8,0.3121,0.2789,-0.4727
2026-09-02 16:52:00,65.2495,4.4784,56.4276,74.9671,0.6952,0.2418,63.0818,3.4242,0.5392,0.2218,-0.4492,0.2175,0.3878,0.1663,82.8528,91.2491,0.9864,0.2416,0.5188,0.106,0.4823,0.3826,0.1599,66.4987,67.5418,69.0406,63.2328,66.5846,62.9675,67.562,65.3424,Warning,0,0,0,0,1,0,0,0,Resource_contention,2,9,0.3551,0.3085,-0.4698
2026-09-02 16:53:00,64.8817,4.2667,56.335,74.2817,0.7142,0.2506,62.408,3.2145,0.5917,0.2339,-0.5148,0.1718,0.3534,0.1685,83.3683,91.5917,0.8396,0.2462,0.5408,0.1039,0.2927,0.3932,0.15,65.7084,66.6051,70.9165,68.879,65.2563,64.1682,66.8613,66.9464,Warning,0,0,0,0,1,0,0,0,Resource_contention,2,7,0.3448,0.3458,-0.5891
2026-09-02 16:54:00,65.4793,4.5973,56.5027,75.3753,0.8,0.2699,63.0951,3.3229,0.5214,0.2219,-0.5455,0.1818,0.3982,0.1648,86.4872,94.0956,0.8737,0.2784,0.5604,0.1038,0.3994,0.3858,0.1588,65.5914,67.5742,68.6584,66.3354,61.1484,63.7978,63.7055,63.5098,Warning,0,0,0,0,1,0,0,0,Resource_contention,2,10,0.346,0.2961,-0.7592
2026-09-02 16:55:00,63.9755,4.3567,55.3118,73.5106,0.7095,0.2755,63.1697,3.2387,0.5279,0.2086,-0.4902,0.1955,0.4804,0.1816,85.1314,92.6582,0.9648,0.24,0.5558,0.1325,0.3585,0.38,0.1692,66.7356,67.7271,69.593,66.9557,63.4328,63.5192,69.7558,66.4603,Warning,0,0,0,0,1,0,0,0,Resource_contention,2,8,0.3293,0.2633,-0.5208
2026-09-02 16:56:00,62.776,4.5144,53.9072,72.5476,0.7417,0.2982,62.2365,3.3576,0.5142,0.2272,-0.3405,0.1806,0.3608,0.1801,83.5611,91.3478,0.9633,0.3052,0.5297,0.0999,0.4313,0.3947,0.1474,67.6638,69.9362,70.1731,68.2397,61.9492,63.6332,67.7838,67.2935,Warning,0,0,0,0,1,0,0,0,Resource_contention,2,7,0.324,0.3078,-0.435
2026-09-02 16:57:00,62.3096,4.3369,53.6717,71.8149,0.7568,0.2804,60.1364,3.4329,0.6371,0.1856,-0.4872,0.1807,0.3671,0.1861,83.4692,91.9062,0.7942,0.2303,0.5475,0.0762,0.3873,0.322,0.1714,68.1106,67.7985,68.2437,67.0314,67.6717,64.3644,67.9295,67.3434,Warning,0,0,0,0,0,0,0,0,None,0,0,0.3181,0.2837,-0.4816
2026-09-02 16:58:00,62.0948,4.5407,53.192,71.9058,0.7285,0.2771,64.9094,3.4831,0.5328,0.2047,-0.4722,0.1605,0.3819,0.1723,82.6635,91.678,0.8887,0.2568,0.5748,0.1301,0.4662,0.3554,0.1808,63.7474,66.0162,69.7914,64.9662,65.454,62.7013,65.9527,65.3798,Warning,0,0,0,0,1,0,0,0,Resource_contention,2,7,0.3379,0.3159,-0.5157
2026-09-02 16:59:00,67.5466,4.8038,58.3017,77.7522,0.8624,0.2998,63.722,3.4807,0.5577,0.2132,-0.5075,0.2387,0.5289,0.2,90.8633,102.7969,1.1168,0.3392,0.5822,0.1302,0.5134,0.5003,0.1734,65.0799,62.9581,65.2019,61.3503,59.2131,58.0577,64.4715,63.1996,Warning,0,0,0,0,1,0,1,0,Resource_contention,2,8,0.3868,0.3476,-0.624
2026-09-02 17:00:00,60.004,4.106,51.6662,69.163,0.6935,0.2212,58.9086,3.2364,0.4523,0.1955,-0.4098,0.1652,0.4115,0.1688,84.1169,91.5499,0.8028,0.2535,0.5273,0.0895,0.4072,0.3543,0.1428,66.6882,67.733,72.9003,69.2287,66.5303,65.6628,72.1178,65.8006,Warning,0,0,0,0,1,0,0,0,Resource_contention,2,9,0.3244,0.259,-0.3476
2026-09-02 17:01:00,62.0835,4.448,53.301,71.7555,0.7398,0.2544,65.0929,3.6573,0.587,0.2568,-0.4128,0.2017,0.3818,0.1723,88.2173,96.2241,0.9536,0.3167,0.4902,0.0935,0.4095,0.4387,0.1804,63.577,64.392,67.6233,61.8397,59.9029,62.4555,66.6287,62.7565,Warning,0,0,0,0,1,0,0,0,Resource_contention,2,8,0.36,0.3403,-0.398
2026-09-02 17:02:00,66.6408,4.2206,58.1539,75.9717,0.7343,0.2619,66.7639,3.345,0.4861,0.2336,-0.5292,0.2015,0.4498,0.1755,86.6678,95.2894,0.9256,0.2753,0.539,0.0919,0.4292,0.3912,0.164,62.7087,65.3875,73.9972,64.6586,63.8107,64.0513,66.4738,65.1733,Warning,0,0,0,0,1,0,0,0,Resource_contention,2,9,0.3521,0.2422,-0.662
2026-09-02 17:03:00,65.5594,5.1077,55.9194,76.2209,0.9087,0.2875,66.8216,4.226,0.6105,0.2387,-0.593,0.1947,0.4979,0.173,88.0642,96.8477,1.108,0.315,0.6766,0.1302,0.4757,0.4609,0.1797,60.822,60.3893,66.0354,58.997,57.3164,56.772,60.455,60.7275,Warning,0,0,0,0,1,1,0,0,Resource_contention,2,8,0.404,0.3514,-0.6049
2026-09-02 17:04:00,64.7093,4.6891,55.6135,74.743,0.7289,0.289,65.395,3.8754,0.6628,0.2229,-0.4889,0.2226,0.365,0.1829,90.0506,98.2066,0.9067,0.2613,0.5936,0.1098,0.4195,0.4869,0.1563,66.7257,69.6217,67.3059,64.3412,61.945,63.82,68.968,66.4735,Warning,0,0,0,0,1,0,1,0,Resource_contention,2,9,0.3409,0.3352,-0.5778
2026-09-02 17:05:00,70.0506,4.9546,60.6096,80.4825,0.7721,0.2652,65.4461,3.7587,0.5751,0.2281,-0.4245,0.1915,0.4003,0.1499,84.252,96.2057,0.9893,0.2662,0.638,0.1025,0.4391,0.513,0.2,64.7848,65.3192,69.4274,64.3016,58.3531,61.2641,64.7487,63.8876,Warning,0,0,0,0,1,0,0,0,Resource_contention,2,8,0.3689,0.3388,-0.6069
2026-09-02 17:06:00,69.6975,5.1883,59.9527,80.4799,0.756,0.2783,66.026,3.6807,0.6274,0.2497,-0.4917,0.239,0.4917,0.191,88.2801,97.5644,0.9936,0.2873,0.7072,0.1251,0.4883,0.3404,0.1753,62.0336,61.4236,66.6105,64.4868,61.3959,55.4795,68.4035,62.5606,Warning,0,0,0,0,1,1,0,0,Resource_contention,2,9,0.3578,0.3681,-0.4704
2026-09-02 17:07:00,64.179,4.5838,55.2201,74.0548,0.7019,0.281,65.3515,3.3603,0.6051,0.2105,-0.5052,0.2084,0.408,0.1748,88.6902,98.7057,0.9681,0.2914,0.4974,0.1057,0.44,0.4096,0.1535,65.9697,65.5406,69.5488,63.9106,58.8577,63.0092,71.1067,66.2454,Warning,0,0,0,0,1,0,0,0,Resource_contention,2,8,0.313,0.3085,-0.5221
2026-09-02 17:08:00,66.1477,4.9685,56.6887,76.6003,0.7536,0.2829,67.2579,3.5495,0.6095,0.2532,-0.4528,0.2175,0.4196,0.1836,86.4575,95.7055,0.8861,0.2957,0.5337,0.1374,0.4485,0.4598,0.1816,62.326,65.46,68.1575,65.1605,61.4276,62.035,65.364,65.0674,Warning,0,0,0,0,1,0,0,0,Resource_contention,2,10,0.3776,0.3204,-0.6102
2026-09-02 17:09:00,64.0075,4.4428,55.2319,73.6717,0.6592,0.2864,61.437,3.432,0.5668,0.2074,-0.4353,0.1684,0.3953,0.1453,84.9783,94.231,0.9023,0.2685,0.5773,0.0929,0.4764,0.3721,0.1507,65.3885,64.2397,70.2304,64.6693,59.3812,64.3764,67.0946,64.3541,Warning,0,0,0,0,1,0,0,0,Resource_contention,2,8,0.341,0.326,-0.6374
2026-09-02 17:10:00,66.1245,4.7367,56.9668,76.2296,0.8055,0.3233,62.5879,3.9054,0.6929,0.2213,-0.5008,0.1862,0.3907,0.1947,88.5493,97.1757,1.0438,0.2915,0.6456,0.1156,0.5226,0.356,0.1266,62.7521,64.3295,66.105,63.2504,59.3507,63.3358,67.0639,61.928,Warning,0,0,0,0,1,0,0,0,Resource_contention,2,9,0.3699,0.3473,-0.5477
2026-09-02 17:11:00,67.3063,4.5376,58.4074,77.1128,0.8002,0.3466,64.2196,4.0505,0.6487,0.2608,-0.602,0.1679,0.4601,0.149,91.0444,101.4935,0.9229,0.3084,0.6666,0.1064,0.5113,0.4407,0.1748,62.3625,64.4887,68.1794,63.7606,57.8646,61.3921,62.5999,62.2367,Warning,0,0,0,0,1,1,1,0,Resource_contention,2,7,0.3716,0.3374,-0.547
2026-09-02 17:12:00,68.8123,4.9417,59.3882,79.2248,0.8179,0.3157,65.5387,3.5661,0.5773,0.2383,-0.4807,0.2212,0.454,0.1893,88.96,97.3926,1.0782,0.3185,0.6055,0.1264,0.419,0.4042,0.153,61.0248,62.8048,70.3543,63.3512,62.4079,60.3245,64.4643,63.8647,Warning,0,0,0,0,1,0,0,0,Resource_contention,2,7,0.3745,0.3416,-0.4576
2026-09-02 17:13:00,65.439,4.6836,56.3503,75.4645,0.7758,0.2838,62.33,3.9468,0.543,0.231,-0.5873,0.2102,0.403,0.1456,85.774,93.3823,0.8765,0.2691,0.5703,0.103,0.4006,0.3722,0.1499,66.2612,66.8202,70.95,66.3335,61.7054,63.3082,68.2922,65.4756,Warning,0,0,0,0,1,0,0,0,Resource_contention,2,7,0.3659,0.3372,-0.5603
2026-09-02 17:14:00,68.5498,5.0449,58.9914,79.1171,0.8216,0.3162,65.9838,3.6483,0.5597,0.2578,-0.5175,0.218,0.4851,0.1821,89.1692,100.293,1.0857,0.2915,0.5733,0.1118,0.4807,0.4294,0.1903,60.7507,63.4934,65.5385,64.4693,58.1959,56.9862,62.8745,63.521,Warning,0,0,0,0,1,0,0,0,Resource_contention,2,10,0.3621,0.3983,-0.5017
2026-09-02 17:15:00,70.0473,4.8174,60.7847,80.2733,0.7394,0.2819,66.6408,3.9231,0.6636,0.2651,-0.4925,0.2283,0.4795,0.1707,88.0999,99.2576,0.9824,0.2924,0.5705,0.1395,0.4878,0.391,0.1782,61.3376,62.774,67.8086,62.6106,58.8925,57.8411,62.0391,59.8081,Degraded,0,0,0,0,1,0,0,0,Resource_contention,3,10,0.4299,0.3444,-0.6184
2026-09-02 17:16:00,67.8029,4.6353,58.777,77.7559,0.9326,0.2975,68.51,3.873,0.6424,0.2551,-0.5155,0.2261,0.4317,0.1855,93.7085,103.8736,1.0608,0.3032,0.6192,0.1551,0.4443,0.4914,0.1674,59.0243,62.2718,67.5885,60.5206,55.6108,58.6468,62.0447,60.1922,Warning,0,0,0,0,1,0,1,0,Resource_contention,2,9,0.4034,0.3587,-0.5397
2026-09-02 17:17:00,72.5097,5.37,62.5288,83.5647,0.8052,0.2766,66.5718,3.5037,0.6595,0.2441,-0.5469,0.2212,0.51,0.1862,88.904,97.1151,1.1138,0.3554,0.5542,0.1203,0.5095,0.4567,0.1946,60.6929,60.8125,64.7706,64.496,58.4626,60.8028,63.5337,63.2413,Warning,0,0,0,0,1,0,0,0,Resource_contention,2,10,0.371,0.3621,-0.7258
2026-09-02 17:18:00,67.786,5.332,57.8544,78.784,0.8641,0.3065,68.78,4.0982,0.6016,0.2721,-0.5357,0.2157,0.4746,0.1791,91.9306,102.2985,1.1038,0.3641,0.676,0.156,0.5096,0.4811,0.1687,59.1052,61.2929,67.8298,59.4678,57.281,56.3638,64.695,59.6279,Degraded,0,0,0,0,1,1,1,0,Resource_contention,3,10,0.3945,0.3494,-0.7032
2026-09-02 17:19:00,68.0948,4.761,58.9056,78.2362,0.7184,0.2767,64.2994,3.7378,0.5678,0.2403,-0.5394,0.2396,0.5038,0.1707,94.5074,103.4181,1.0397,0.2774,0.6757,0.1262,0.4928,0.3908,0.1674,60.8803,63.2425,66.7063,61.8281,57.9978,60.0597,62.7221,62.4124,Warning,0,0,0,0,1,1,1,0,Resource_contention,2,8,0.3689,0.429,-0.6223
2026-09-02 17:20:00,63.9326,4.7125,54.8064,74.0013,0.7306,0.3032,67.0036,3.404,0.449,0.228,-0.466,0.2308,0.4347,0.1709,86.5106,96.4417,1.0897,0.3387,0.6795,0.1094,0.4008,0.404,0.1751,63.7118,64.3435,69.431,63.4725,60.4908,61.6625,67.8064,64.8061,Warning,0,0,0,0,1,1,0,0,Resource_contention,2,8,0.3601,0.3121,-0.7011
2026-09-02 17:21:00,69.3457,4.8787,60.0034,79.6638,0.752,0.2966,64.4527,3.9009,0.5639,0.2454,-0.5218,0.2552,0.4466,0.1741,90.1166,98.5045,1.0783,0.2841,0.6556,0.1241,0.4726,0.4172,0.1647,60.3804,60.56,63.5539,62.7745,55.705,56.5617,62.2893,59.2633,Degraded,0,0,0,0,1,1,1,0,Resource_contention,3,8,0.3755,0.3901,-0.5799
2026-09-02 17:22:00,67.3099,5.0347,57.7648,77.8619,0.8239,0.3001,65.0864,3.7303,0.6232,0.2533,-0.5197,0.2193,0.4256,0.1626,88.4325,97.8579,0.9744,0.3269,0.5392,0.1189,0.4536,0.3644,0.1624,62.1539,63.8393,67.9144,64.1664,61.2207,59.6136,63.5176,62.7659,Warning,0,0,0,0,1,0,0,0,Resource_contention,2,10,0.3728,0.3715,-0.748
2026-09-02 17:23:00,66.211,4.6248,57.1988,76.1483,0.7743,0.3095,64.0349,3.9808,0.5337,0.2429,-0.5334,0.2143,0.3716,0.196,87.845,98.0974,0.9158,0.3323,0.6309,0.1604,0.4761,0.4294,0.1894,62.9022,61.6679,66.8125,59.6138,58.9798,57.8334,63.9047,60.4497,Warning,0,0,0,0,1,0,0,0,Resource_contention,2,8,0.3831,0.3874,-0.6932
2026-09-02 17:24:00,65.2693,5.2877,55.3953,76.2008,0.7846,0.32,67.545,3.9846,0.6518,0.2402,-0.5546,0.2324,0.4098,0.1627,88.3983,96.5733,1.1637,0.3351,0.5629,0.1261,0.4852,0.4597,0.1688,61.7456,61.5153,64.782,62.742,57.0669,59.8443,64.9681,62.2036,Warning,0,0,0,0,1,0,0,0,Resource_contention,2,9,0.3778,0.3479,-0.5034
2026-09-02 17:25:00,72.5696,4.9115,63.1847,82.9369,0.8807,0.2988,64.589,3.5936,0.61,0.2761,-0.5047,0.1822,0.3662,0.1572,90.2992,99.4073,1.0962,0.3214,0.5951,0.1213,0.4814,0.4308,0.1669,61.3398,61.0766,63.3021,64.6705,56.0977,57.3065,61.814,59.0078,Degraded,0,0,0,0,1,0,1,0,Resource_contention,3,8,0.4137,0.393,-0.7484
2026-09-02 17:26:00,73.0611,5.2109,63.287,83.8774,0.9616,0.3345,71.9043,4.209,0.6743,0.2736,-0.5878,0.2179,0.461,0.2126,98.6388,112.7734,1.1052,0.3535,0.6257,0.1601,0.509,0.4729,0.1879,57.538,60.6706,61.7092,58.1021,54.3251,54.1413,60.3051,57.4808,Degraded,0,0,0,0,1,0,1,0,Resource_contention,3,8,0.4158,0.3674,-0.6283
2026-09-02 17:27:00,64.8822,4.5386,55.982,74.69,0.8112,0.3381,62.1408,4.0164,0.6012,0.2569,-0.5281,0.2341,0.4911,0.1693,86.2442,96.6168,1.0897,0.2801,0.6405,0.1274,0.4217,0.4438,0.1444,62.162,64.9929,66.8956,65.1385,57.5688,58.0022,63.799,61.6254,Warning,0,0,0,0,1,0,0,0,Resource_contention,2,9,0.3572,0.3966,-0.6525
2026-09-02 17:28:00,66.6374,4.53,57.7484,76.4324,0.7654,0.2813,68.1057,3.7905,0.6956,0.229,-0.4681,0.2112,0.3917,0.1643,89.5634,97.426,1.0076,0.3097,0.5995,0.1077,0.4685,0.3597,0.1608,61.2826,67.9296,66.4239,63.9305,61.5039,61.2574,65.8568,63.6347,Warning,0,0,0,0,1,0,0,0,Resource_contention,2,8,0.3683,0.3526,-0.6258
2026-09-02 17:29:00,68.2467,5.0029,58.7429,78.751,0.936,0.3232,67.5965,4.026,0.6508,0.2382,-0.6092,0.1986,0.3994,0.2042,91.6213,102.3915,1.1295,0.3642,0.6191,0.1488,0.5019,0.3768,0.1949,61.6836,61.9539,64.4696,63.2243,56.684,58.3722,65.5314,61.1769,Warning,0,0,0,0,1,0,1,0,Resource_contention,2,10,0.3559,0.4148,-0.5207
2026-09-02 17:30:00,68.074,4.8032,58.8299,78.2788,0.788,0.3257,66.6827,3.5737,0.657,0.2695,-0.6119,0.2171,0.4558,0.1761,88.9784,97.7354,1.0579,0.3152,0.6362,0.1254,0.5005,0.4448,0.1624,61.1054,60.6577,66.3138,60.221,56.1118,58.5735,62.1958,60.3537,Warning,0,0,0,0,1,0,0,0,Resource_contention,2,10,0.4181,0.3461,-0.7546
2026-09-02 17:31:00,71.3006,5.044,61.7434,81.8667,0.7846,0.3087,71.0833,3.8776,0.6891,0.2283,-0.613,0.204,0.4524,0.1935,94.487,103.1894,1.1472,0.3148,0.6564,0.1446,0.5117,0.4479,0.2093,57.6778,59.0409,64.8765,61.6461,56.5093,55.9607,60.5492,58.902,Degraded,0,0,0,0,1,1,1,0,Resource_contention,3,10,0.4088,0.3616,-0.6005
2026-09-02 17:32:00,73.9575,4.8111,64.703,84.1742,0.8317,0.2903,69.9994,3.9102,0.5607,0.2764,-0.4228,0.1959,0.4634,0.1917,93.107,102.6201,1.0373,0.3225,0.6168,0.1281,0.4715,0.4268,0.2089,60.2461,60.7361,65.2656,61.3219,56.7409,56.4141,61.6244,58.0283,Degraded,0,0,0,0,1,0,1,0,Resource_contention,3,8,0.4113,0.3889,-0.4862
2026-09-02 17:33:00,67.231,5.1193,57.576,77.9099,0.6922,0.3231,67.2775,3.5222,0.6702,0.2377,-0.4731,0.2047,0.4285,0.1948,88.4967,99.7524,1.1174,0.2859,0.6116,0.1197,0.4046,0.4385,0.1483,61.7293,61.5424,67.229,65.2383,59.0159,58.0478,63.4386,61.7296,Warning,0,0,0,0,1,0,0,0,Resource_contention,2,9,0.3743,0.3747,-0.5554
2026-09-02 17:34:00,70.597,4.9486,61.1638,81.02,0.8434,0.3355,66.9346,3.7202,0.6668,0.2818,-0.578,0.2448,0.4917,0.2079,92.7351,101.1703,1.1613,0.3506,0.7197,0.1315,0.4217,0.437,0.1742,59.8953,58.7157,61.6097,59.1938,56.057,52.9644,60.3477,57.4473,Degraded,0,1,0,0,1,1,1,0,Resource_contention,3,10,0.4404,0.3989,-0.6381
2026-09-02 17:35:00,67.8018,5.0304,58.2623,78.3475,0.8757,0.301,67.9346,3.7684,0.6864,0.2421,-0.5031,0.224,0.4372,0.1867,89.9826,100.0845,0.9775,0.3045,0.5978,0.1155,0.5109,0.45,0.2188,58.8364,67.4872,63.5643,62.2419,58.2945,58.3755,62.3936,61.424,Warning,0,0,0,0,1,0,0,0,Resource_contention,2,9,0.3786,0.33,-0.5759
2026-09-02 17:36:00,74.0272,4.9356,64.6109,84.4307,0.9581,0.3536,68.2382,4.1154,0.7507,0.2671,-0.6126,0.2535,0.4887,0.1896,96.5105,106.9876,1.2053,0.354,0.6971,0.161,0.5654,0.5144,0.1991,56.4387,58.2698,62.0821,55.2426,51.3596,53.3861,59.748,56.2075,Degraded,0,0,0,0,1,1,1,0,Resource_contention,3,10,0.4549,0.3804,-0.7466
2026-09-02 17:37:00,70.7085,5.1681,60.99,81.4606,0.871,0.3175,65.563,4.4723,0.8032,0.2458,-0.6593,0.2365,0.5042,0.1934,92.0214,102.234,1.148,0.4043,0.6591,0.1443,0.4389,0.4735,0.1762,57.208,57.8406,65.4361,59.8875,55.9634,57.6791,61.8013,58.8381,Degraded,0,0,0,0,1,1,1,0,Resource_contention,3,11,0.3972,0.3862,-0.6838
2026-09-02 17:38:00,75.1244,5.2515,65.2974,86.0017,0.8547,0.3069,70.021,3.9444,0.6459,0.2565,-0.7209,0.2178,0.5232,0.1668,96.4507,106.8522,1.2323,0.3782,0.5395,0.168,0.5706,0.4919,0.1804,57.6706,59.1354,63.5768,58.5427,52.3879,52.5969,58.3976,56.4585,Degraded,0,0,0,0,1,0,1,0,Resource_contention,3,9,0.452,0.4095,-0.7488
2026-09-02 17:39:00,65.8426,4.9988,56.3442,76.3407,0.7252,0.315,64.3455,3.5485,0.6176,0.2245,-0.4918,0.2234,0.4524,0.223,91.028,102.1616,0.9941,0.3283,0.6405,0.1128,0.4116,0.39,0.1866,61.4751,65.792,69.105,60.6853,58.8077,57.8447,62.6931,60.9795,Warning,0,0,0,1,1,0,1,0,Resource_contention,2,8,0.3679,0.3584,-0.6297
2026-09-02 17:40:00,71.3549,5.3255,61.4318,82.3431,0.7165,0.2949,66.1801,4.0123,0.5931,0.2544,-0.5859,0.2377,0.4994,0.1857,94.5978,103.0727,1.0072,0.3442,0.7762,0.1436,0.4888,0.4902,0.203,61.5262,58.7736,65.7746,59.2735,58.6429,57.401,57.6029,59.2508,Degraded,0,0,0,0,1,1,1,0,Resource_contention,3,10,0.3717,0.3459,-0.6752
2026-09-02 17:41:00,70.6384,4.8068,61.3896,80.8485,0.7464,0.3304,69.8154,4.1244,0.7051,0.2619,-0.5841,0.26,0.3892,0.2089,94.5465,104.2777,1.0311,0.3267,0.7055,0.156,0.4593,0.4241,0.1845,59.6285,61.3015,62.7666,60.8945,54.7104,57.9301,60.5531,58.5069,Degraded,0,0,0,0,1,1,1,0,Resource_contention,3,9,0.4157,0.3697,-0.6068
2026-09-02 17:42:00,70.9991,5.0957,61.3748,81.6427,0.8693,0.3609,72.7539,4.0249,0.6288,0.2845,-0.5676,0.2467,0.5289,0.199,93.8994,105.5403,1.1349,0.3463,0.6688,0.1433,0.466,0.5156,0.2128,60.2442,58.8338,60.6087,59.7142,52.7053,53.5064,60.4696,57.9943,Degraded,0,1,0,0,1,1,1,0,Resource_contention,3,9,0.415,0.3639,-0.5778
2026-09-02 17:43:00,71.4858,4.7297,62.3372,81.5803,0.9406,0.3353,67.1978,4.197,0.7147,0.254,-0.578,0.1866,0.4513,0.201,90.5851,100.7807,1.2271,0.3185,0.6241,0.1234,0.5071,0.5238,0.1634,57.8671,56.402,65.127,60.1237,56.2347,54.5242,61.0248,58.919,Degraded,0,0,0,0,1,0,1,0,Resource_contention,3,9,0.4117,0.3789,-0.6534
2026-09-02 17:44:00,72.7215,5.6631,62.3595,84.2161,0.884,0.3857,70.5286,3.7809,0.7196,0.2862,-0.5119,0.2387,0.4228,0.1868,97.1716,106.1875,1.0985,0.3394,0.684,0.152,0.5235,0.4958,0.1963,57.3756,59.1414,64.2705,56.9236,52.641,58.367,60.4945,58.4924,Degraded,0,1,0,0,1,1,1,0,Resource_contention,3,11,0.437,0.4317,-0.7808
2026-09-02 17:45:00,74.3944,4.9759,64.9257,84.8583,0.8365,0.372,69.003,3.9361,0.7245,0.2406,-0.6041,0.2472,0.5394,0.2216,96.8597,106.2692,1.2236,0.3197,0.6986,0.1639,0.5184,0.5156,0.1964,55.9572,58.8426,60.8896,57.4608,49.926,49.6251,59.118,53.7671,Degraded,0,0,0,1,1,1,1,0,Resource_contention,3,11,0.4728,0.4288,-0.7053
2026-09-02 17:46:00,73.0285,5.4249,62.9761,84.1658,0.9796,0.353,70.1484,3.8942,0.7104,0.3038,-0.6228,0.2436,0.4782,0.1957,94.9816,104.9589,1.2064,0.3993,0.6104,0.1627,0.4294,0.5268,0.1787,52.197,61.3335,63.3961,55.7492,53.2469,51.4566,59.2777,56.4073,Degraded,1,1,0,0,1,0,1,0,Resource_contention,3,9,0.4345,0.4494,-0.6329
2026-09-02 17:47:00,71.3934,4.8618,62.0731,81.6861,0.8023,0.3293,69.0429,4.0225,0.7754,0.2644,-0.5918,0.2082,0.5359,0.1934,97.4812,110.2192,1.1797,0.3267,0.708,0.1448,0.5355,0.4518,0.2108,58.4264,58.2491,66.6993,59.8639,51.6081,53.8976,59.1378,58.4722,Degraded,0,0,0,0,1,1,1,0,Resource_contention,3,10,0.4075,0.3732,-0.6368
2026-09-02 17:48:00,70.9787,5.0729,61.3839,81.588,0.7936,0.3637,68.2979,3.8114,0.6444,0.2852,-0.5549,0.2354,0.5083,0.2002,94.5076,105.7869,1.1347,0.3634,0.619,0.1593,0.5292,0.5211,0.1946,55.7685,58.3091,63.0479,58.6882,53.6205,53.0399,59.1972,56.0956,Degraded,0,1,0,0,1,0,1,0,Resource_contention,3,9,0.4185,0.4434,-0.8791
2026-09-02 17:49:00,77.6172,5.7617,67.127,89.2598,0.7858,0.4221,71.0988,3.9609,0.6991,0.2734,-0.6122,0.2447,0.5558,0.1981,97.5494,112.6748,1.2356,0.3422,0.8069,0.1989,0.5735,0.5222,0.2046,54.8386,56.9485,59.7557,55.3403,49.563,52.2205,58.0008,55.5055,Degraded,1,0,0,0,1,1,1,0,Resource_contention,3,10,0.4234,0.4368,-0.8889
2026-09-02 17:50:00,74.618,5.0359,65.0714,85.1718,0.936,0.3609,70.6993,3.9328,0.822,0.2928,-0.5672,0.2703,0.4971,0.1973,95.6046,106.9445,1.0782,0.3555,0.7162,0.1746,0.5327,0.3886,0.2011,52.3966,54.9697,63.8115,56.4379,53.353,51.201,57.0443,55.2807,Degraded,1,1,0,0,1,1,1,0,Resource_contention,3,10,0.4608,0.4253,-0.6098
2026-09-02 17:51:00,71.2257,5.4153,61.1859,82.3486,0.9679,0.3541,71.8816,5.1007,0.7547,0.2831,-0.5952,0.264,0.5059,0.2048,95.775,104.8412,1.1872,0.3955,0.6621,0.1546,0.5351,0.4908,0.1991,52.9937,55.38,59.612,53.9042,51.3773,49.4561,57.7342,53.3562,Degraded,1,1,0,0,1,1,1,0,Resource_contention,3,12,0.4829,0.4361,-0.7991
2026-09-02 17:52:00,74.1775,5.5075,64.0177,85.4387,0.8919,0.3568,69.1398,4.0279,0.7089,0.2938,-0.5797,0.2367,0.5304,0.2164,97.4353,108.0317,1.1403,0.36,0.6709,0.1674,0.6285,0.4849,0.2035,55.6068,56.4461,61.5705,58.0953,54.5507,55.6963,57.1887,56.4197,Degraded,0,1,0,0,1,1,1,0,Resource_contention,3,10,0.4393,0.3432,-0.7049
2026-09-02 17:53:00,78.8441,5.2518,69.0168,89.7218,1.0394,0.4103,69.8506,4.5718,0.8076,0.3041,-0.6033,0.2753,0.5718,0.2504,99.7044,111.8434,1.2789,0.3152,0.7504,0.1787,0.6085,0.5748,0.217,51.1989,53.77,58.0367,54.4041,46.5312,48.7078,57.0594,51.4017,Degraded,1,1,0,1,1,1,1,1,Resource_contention,3,12,0.4865,0.4312,-0.815
2026-09-02 17:54:00,75.006,5.045,65.4474,85.5735,0.9134,0.3134,75.1555,4.511,0.719,0.2928,-0.5513,0.2647,0.5358,0.2015,95.3355,106.1991,1.2752,0.3539,0.7544,0.1848,0.5274,0.482,0.1972,55.5601,58.4646,62.0811,58.5941,51.7607,52.3335,57.9277,56.5821,Degraded,0,1,0,0,1,1,1,0,Resource_contention,3,11,0.4468,0.4295,-0.695
2026-09-02 17:55:00,76.9445,5.2338,67.1407,87.7952,1.0165,0.3926,72.3248,4.0083,0.7738,0.298,-0.6261,0.2695,0.5134,0.2193,99.0818,108.5687,1.1012,0.319,0.7741,0.1784,0.5689,0.524,0.2012,52.6289,54.7705,59.3172,52.4532,50.7887,53.4457,56.6707,54.5271,Degraded,1,1,0,0,1,1,1,0,Resource_contention,3,10,0.4461,0.441,-0.882
2026-09-02 17:56:00,70.4098,5.7534,59.9303,82.0399,0.8696,0.3975,72.8764,4.2433,0.6722,0.2863,-0.628,0.2309,0.4955,0.2128,100.0132,108.8791,1.1826,0.3516,0.725,0.1695,0.5569,0.545,0.1886,58.4034,53.817,62.4565,55.6397,51.399,51.4874,56.5469,56.2223,Degraded,0,1,0,0,1,1,1,0,Resource_contention,3,10,0.4694,0.4651,-0.7084
2026-09-02 17:57:00,76.6354,5.4222,66.5865,87.7688,0.9169,0.3734,73.7061,3.9747,0.723,0.32,-0.6801,0.2245,0.5539,0.208,97.7144,107.3106,1.1421,0.3743,0.8027,0.177,0.5924,0.5981,0.2176,54.58,55.8647,58.6669,54.6091,50.9951,49.2551,54.5316,54.1926,Degraded,1,1,0,0,1,1,1,1,Resource_contention,3,10,0.4628,0.4447,-0.7955
2026-09-02 17:58:00,75.9082,5.1104,66.2647,86.5737,0.9531,0.3327,70.3732,4.2041,0.73,0.2687,-0.5661,0.2398,0.564,0.2362,100.3452,110.8348,1.1387,0.3756,0.7013,0.1706,0.5871,0.5358,0.1998,53.662,56.2833,62.6272,54.6028,51.8542,54.1092,57.6934,55.0362,Degraded,1,0,0,1,1,1,1,0,Resource_contention,3,11,0.4513,0.4212,-0.6281
2026-09-02 17:59:00,74.2892,5.1664,64.573,85.0388,0.9687,0.3953,71.0776,3.9437,0.7208,0.2698,-0.5305,0.2323,0.5922,0.1984,94.8221,104.4171,1.2648,0.378,0.6146,0.1725,0.5411,0.5034,0.207,53.3686,55.2304,61.7364,56.9357,52.8814,49.7565,59.6794,55.7555,Degraded,1,0,0,0,1,0,1,0,Resource_contention,3,9,0.4562,0.4468,-0.6862
2026-09-02 18:00:00,73.3228,5.5683,63.084,84.6754,0.921,0.39,71.2379,4.2169,0.7329,0.2901,-0.6429,0.2724,0.4613,0.2294,95.6013,108.9841,1.295,0.3564,0.7732,0.1907,0.5609,0.5595,0.1958,54.2653,55.0593,61.6763,56.6921,49.8521,46.7016,57.3511,53.6811,Degraded,1,1,0,1,1,1,1,1,Resource_contention,3,11,0.4526,0.4425,-0.8038
2026-09-02 18:01:00,71.6998,5.8037,61.155,83.4054,0.9901,0.3585,67.6897,4.1546,0.6868,0.2774,-0.6494,0.2564,0.4831,0.2249,94.8969,105.2878,1.1825,0.3547,0.6632,0.1738,0.525,0.5174,0.2179,57.8066,59.208,61.8598,55.3199,51.8277,55.2216,57.2721,56.3721,Degraded,0,0,0,1,1,1,1,0,Resource_contention,3,9,0.4396,0.435,-0.715
2026-09-02 18:02:00,75.5702,6.2032,64.506,87.8751,0.9803,0.3817,73.8617,4.212,0.7868,0.291,-0.6051,0.2353,0.4892,0.1891,100.3812,111.8357,1.2529,0.3629,0.7058,0.1825,0.7111,0.5353,0.2294,50.2374,55.4705,56.4789,55.1473,47.6529,47.0862,57.6939,51.3953,Degraded,1,1,0,0,1,1,1,1,Resource_contention,3,11,0.5005,0.4015,-0.7298
2026-09-02 18:03:00,76.7973,5.1225,67.138,87.4811,0.8728,0.3429,73.7669,4.2866,0.7334,0.3054,-0.6265,0.2583,0.5696,0.2532,96.5775,105.5118,1.2409,0.3936,0.7077,0.1987,0.5389,0.4151,0.2148,54.047,57.8793,61.4762,56.778,52.2978,52.091,58.7264,56.6147,Degraded,1,1,0,1,1,1,1,0,Resource_contention,3,10,0.4421,0.3743,-0.723
2026-09-02 18:04:00,78.6225,5.3135,68.7149,89.5928,0.956,0.3681,72.1188,4.3141,0.7491,0.2717,-0.665,0.3058,0.5246,0.2163,96.4275,105.5529,1.2468,0.3554,0.719,0.1798,0.4934,0.5921,0.2224,54.5956,55.4345,61.0721,55.6205,49.3046,48.6264,57.1209,54.1062,Degraded,1,0,0,0,1,1,1,1,Resource_contention,3,12,0.4541,0.4577,-0.8341
2026-09-02 18:05:00,79.5786,5.6403,69.2463,91.039,0.9982,0.3977,72.3439,4.2941,0.7969,0.2738,-0.652,0.2845,0.6183,0.2277,108.7148,119.6005,1.3234,0.4505,0.8501,0.2207,0.6344,0.5263,0.2297,51.4514,55.0449,57.9429,50.1754,45.0195,45.7434,55.2087,48.8391,Degraded,1,0,0,1,1,1,1,1,Resource_contention,3,10,0.5294,0.4814,-0.8385
2026-09-02 18:06:00,75.0262,5.3622,65.0553,86.0695,1.0061,0.3255,71.5029,4.2029,0.6447,0.246,-0.5803,0.303,0.5286,0.2313,98.8671,108.2175,1.1436,0.3935,0.7079,0.1735,0.548,0.4823,0.1871,53.3834,55.7253,61.6029,54.7008,48.2016,50.0503,56.87,54.7553,Degraded,1,0,0,1,1,1,1,0,Resource_contention,3,10,0.4533,0.4396,-0.7427
2026-09-02 18:07:00,77.8238,5.4954,67.6798,89.0669,1.0088,0.4415,76.9941,5.1795,0.9338,0.335,-0.7579,0.2902,0.6122,0.2422,104.5856,115.2872,1.3743,0.4187,0.8253,0.2026,0.5489,0.5578,0.2162,49.7068,51.3243,56.2856,51.4929,46.3687,46.0253,52.1242,49.3425,Degraded,1,1,0,1,1,1,1,1,Resource_contention,3,12,0.4925,0.456,-0.713
2026-09-02 18:08:00,81.9777,6.16,70.9698,94.2177,1.0611,0.3833,72.9418,4.0564,0.7927,0.3037,-0.6292,0.2777,0.5227,0.2182,101.2225,111.9586,1.2006,0.4095,0.8139,0.1917,0.5925,0.5715,0.222,49.3744,57.0642,59.0514,53.2141,46.4071,51.4307,52.4527,50.6632,Degraded,1,1,0,0,1,1,1,1,Resource_contention,3,12,0.4749,0.4238,-0.758
2026-09-02 18:09:00,75.3681,5.9277,64.6621,87.2596,0.9642,0.3155,74.0158,4.226,0.7829,0.3206,-0.6238,0.2547,0.4686,0.2206,98.8531,108.7789,1.2495,0.3585,0.7524,0.1836,0.5448,0.5042,0.2216,50.547,52.9802,58.9977,54.388,48.2315,50.8068,58.1348,52.1498,Degraded,1,1,0,1,1,1,1,1,Resource_contention,3,12,0.4402,0.4932,-0.7352
2026-09-02 18:10:00,74.3913,5.3179,64.478,85.3681,0.9551,0.4146,70.7701,4.0645,0.8117,0.3138,-0.6987,0.225,0.6393,0.2439,99.245,108.4789,1.2181,0.3476,0.7567,0.1698,0.5709,0.5461,0.2081,52.5534,54.1363,60.0978,55.3825,49.5276,51.9699,56.7492,54.2614,Degraded,1,1,0,1,1,1,1,0,Resource_contention,3,11,0.4543,0.4381,-0.8541
2026-09-02 18:11:00,79.8293,5.5443,69.6218,91.1457,1.0784,0.3767,75.2929,4.6734,0.7538,0.3226,-0.6747,0.2755,0.5474,0.2288,101.8877,112.1703,1.3024,0.4105,0.769,0.1959,0.6202,0.627,0.2152,51.6713,55.7037,55.899,55.0553,47.2426,47.4108,55.058,51.5862,Degraded,1,1,0,1,1,1,1,1,Resource_contention,3,10,0.4993,0.4635,-0.8583
2026-09-02 18:12:00,79.3554,5.3609,69.3861,90.3968,1.1513,0.3809,76.7014,4.9322,0.8465,0.3108,-0.6179,0.2676,0.5481,0.2123,102.4993,113.2176,1.2052,0.3996,0.7571,0.2083,0.6603,0.5873,0.2034,52.1095,53.0245,59.6974,52.2683,47.293,46.7723,53.4403,51.8596,Degraded,1,1,0,0,1,1,1,1,Resource_contention,3,12,0.4862,0.4822,-0.7704
2026-09-02 18:13:00,76.6032,5.423,66.5532,87.7377,0.9868,0.4322,75.6739,4.368,0.8076,0.3289,-0.76,0.2762,0.638,0.2128,103.4143,113.0047,1.3776,0.4077,0.8652,0.226,0.6464,0.5617,0.2567,47.9928,56.1862,59.8376,50.91,44.8527,46.5882,52.8225,49.5437,Degraded,1,1,0,0,1,1,1,1,Resource_contention,3,10,0.4921,0.494,-0.8699
2026-09-02 18:14:00,76.0946,5.4033,66.0703,87.1995,1.0939,0.3841,73.0964,4.1565,0.749,0.2991,-0.6799,0.2672,0.5596,0.2204,103.6353,114.1801,1.2928,0.4131,0.7383,0.1985,0.6299,0.5123,0.216,46.1552,54.6512,55.8557,51.852,47.6315,48.2485,52.9317,51.6826,Degraded,1,1,0,1,1,1,1,0,Resource_contention,3,11,0.4839,0.4961,-0.8265
2026-09-02 18:15:00,79.5765,5.5433,69.3702,90.8914,1.0197,0.4278,73.1561,4.293,0.8175,0.3179,-0.7501,0.2642,0.5686,0.2282,104.7007,115.4913,1.2922,0.3894,0.8487,0.217,0.6159,0.5743,0.2341,47.9046,54.3609,57.8075,50.2386,45.3335,44.7937,50.1368,49.9822,Degraded,1,1,0,1,1,1,1,1,Resource_contention,3,11,0.4985,0.4798,-0.8883
2026-09-02 18:16:00,78.1316,5.5299,67.9427,89.4264,0.9643,0.3399,76.1307,4.7888,0.7078,0.2977,-0.7072,0.2345,0.5673,0.217,100.4721,109.7692,1.2032,0.3941,0.6761,0.2084,0.6114,0.5481,0.2045,52.3118,53.407,56.1376,53.6971,47.834,49.3989,58.1067,52.8512,Degraded,1,1,0,0,1,1,1,0,Resource_contention,3,11,0.4615,0.488,-0.7751
2026-09-02 18:17:00,83.9898,5.579,73.7371,95.3583,1.0001,0.4144,79.193,4.768,0.7894,0.2874,-0.7193,0.2887,0.5579,0.2572,104.4466,115.1428,1.2809,0.356,0.8046,0.2166,0.6773,0.5568,0.2196,50.0818,53.6414,54.4878,52.0684,47.6474,47.6412,50.4737,50.1874,Degraded,1,1,0,1,1,1,1,1,Resource_contention,3,12,0.4835,0.456,-0.8713
2026-09-02 18:18:00,82.1176,5.5305,71.9279,93.4133,0.9315,0.4164,78.44,4.4418,0.8091,0.3428,-0.6717,0.2641,0.626,0.2532,108.7281,118.7262,1.4558,0.4125,0.8436,0.2316,0.6341,0.6343,0.2339,49.2883,52.5658,57.4356,50.352,45.6306,44.3685,55.2809,50.7329,Degraded,1,1,0,1,1,1,1,1,Resource_contention,3,12,0.4936,0.4913,-0.7193
2026-09-02 18:19:00,81.4047,6.5664,69.8684,94.2544,1.0977,0.389,78.707,4.7524,0.8497,0.3339,-0.6927,0.3002,0.5333,0.2267,105.0909,116.5449,1.3315,0.4573,0.8035,0.2467,0.7211,0.5583,0.2192,48.5434,50.9192,55.7474,49.0008,43.2819,45.3843,49.5792,48.0293,Degraded,1,1,0,1,1,1,1,1,Resource_contention,3,13,0.5315,0.552,-0.8452
2026-09-02 18:20:00,82.8983,5.6682,72.5297,94.4005,1.0549,0.4371,80.4396,4.7007,0.9152,0.3462,-0.7655,0.3195,0.5761,0.2479,108.7978,119.3137,1.3688,0.4377,0.8973,0.2336,0.7223,0.6337,0.2553,46.8954,50.0191,54.931,48.1515,41.8321,45.1447,52.6617,47.5216,Degraded,1,1,0,1,1,1,1,1,Resource_contention,3,13,0.5073,0.5107,-0.9358
2026-09-02 18:21:00,80.3898,6.0208,69.5627,92.421,1.0451,0.3792,77.1909,4.6731,0.7268,0.2806,-0.7599,0.2816,0.61,0.2466,104.9625,114.8852,1.2268,0.398,0.8411,0.1994,0.5341,0.5483,0.2263,51.8986,53.2759,57.0819,51.5476,46.8252,46.3532,52.1922,50.7855,Degraded,1,1,0,1,1,1,1,1,Resource_contention,3,10,0.5019,0.4938,-0.8421
2026-09-02 18:22:00,80.3172,5.5726,70.0729,91.6761,1.0517,0.4217,74.0547,4.5166,0.7488,0.3176,-0.7678,0.2585,0.4933,0.2132,102.6381,112.6031,1.4857,0.41,0.8728,0.1936,0.609,0.5708,0.2516,52.3758,53.5685,55.1914,50.5857,46.9925,45.121,50.7059,49.8535,Degraded,1,1,0,0,1,1,1,1,Resource_contention,3,12,0.4892,0.4875,-0.8435
2026-09-02 18:23:00,82.2956,5.5631,72.0636,93.6402,1.0518,0.4236,74.9667,4.5222,0.8827,0.2867,-0.7122,0.2883,0.5521,0.2442,102.9006,112.8374,1.3309,0.406,0.8442,0.2056,0.5403,0.4967,0.2474,48.0817,52.4764,56.3356,51.2102,46.0994,44.8742,51.0161,49.6938,Degraded,1,1,0,1,1,1,1,1,Resource_contention,3,11,0.5238,0.5022,-0.9512
2026-09-02 18:24:00,81.2457,5.4562,71.1526,92.4301,1.0761,0.4806,78.5649,4.4934,0.8371,0.3195,-0.6966,0.2869,0.6083,0.2572,102.7486,114.2088,1.3206,0.4155,0.7633,0.2346,0.5805,0.5761,0.2348,49.5387,51.8318,56.0848,46.0401,45.7296,45.453,54.1283,48.0031,Degraded,1,1,0,1,1,1,1,1,Resource_contention,3,11,0.5142,0.4995,-0.9088
2026-09-02 18:25:00,81.1861,5.5556,70.9637,92.5196,0.9775,0.4013,76.7821,4.8,0.8412,0.3169,-0.7796,0.3095,0.5919,0.235,104.9295,115.2859,1.3541,0.3856,0.843,0.2181,0.6131,0.6629,0.2077,47.997,53.7808,55.8407,48.8055,47.2477,45.6527,50.2376,48.2581,Degraded,1,1,0,1,1,1,1,1,Resource_contention,3,12,0.5162,0.5211,-0.8619
2026-09-02 18:26:00,79.4114,5.708,68.991,90.9735,1.0046,0.4353,77.8582,4.5022,0.7898,0.3287,-0.7356,0.2868,0.5786,0.2618,106.3366,119.033,1.3124,0.414,0.8676,0.2074,0.6832,0.5695,0.2311,46.2236,51.7199,53.8819,51.7594,46.3238,43.1696,53.1014,47.9067,Degraded,1,1,0,1,1,1,1,1,Resource_contention,3,12,0.5373,0.5335,-0.8852
2026-09-02 18:27:00,83.8284,6.0925,72.9081,95.9671,1.0191,0.4098,74.189,4.9289,0.8718,0.3084,-0.8024,0.2945,0.6044,0.2461,101.2507,113.1176,1.5047,0.3902,0.9698,0.253,0.6606,0.6107,0.2483,52.3953,51.9311,54.8119,51.2685,45.5926,47.5524,53.1331,51.1571,Degraded,1,1,0,1,1,1,1,1,Resource_contention,3,11,0.5061,0.5149,-0.7781
2026-09-02 18:28:00,80.0262,5.5259,69.8426,91.315,1.1324,0.4263,77.3036,4.6832,0.9537,0.3271,-0.7478,0.2748,0.565,0.2345,106.8214,118.2216,1.3727,0.3863,0.7917,0.2144,0.6117,0.5952,0.2266,44.6577,51.6531,56.2559,50.0668,43.038,45.8039,51.502,48.635,Degraded,1,1,0,1,1,1,1,1,Resource_contention,3,11,0.5146,0.5006,-0.949
2026-09-02 18:29:00,82.0756,5.4443,71.9979,93.2421,1.0581,0.4076,73.8541,4.3412,0.7782,0.3504,-0.7016,0.2721,0.6092,0.2212,104.2571,115.0859,1.1589,0.39,0.7573,0.2429,0.6176,0.5658,0.2197,50.3227,51.6669,58.912,51.5336,48.5467,48.0339,51.5641,51.9642,Degraded,1,1,0,1,1,1,1,1,Resource_contention,3,12,0.4663,0.5032,-0.8745
2026-09-02 18:30:00,84.8176,5.9824,74.0404,96.7912,1.1811,0.4284,81.0752,4.4364,0.8845,0.3124,-0.7827,0.3087,0.6179,0.2291,108.6001,119.7909,1.414,0.4246,0.882,0.2362,0.5537,0.5587,0.2479,45.6038,48.9661,53.7908,46.5034,40.2613,41.8782,49.9905,47.0175,Degraded,1,1,0,1,1,1,1,1,Resource_contention,3,11,0.5298,0.5398,-0.9202
2026-09-02 18:31:00,83.0378,5.8109,72.4836,94.7542,1.0751,0.43,78.2054,4.513,0.8814,0.3358,-0.8412,0.2518,0.6758,0.2327,109.8264,121.797,1.409,0.4448,0.7899,0.2535,0.6252,0.5581,0.2429,45.9383,49.0188,54.1364,43.9515,40.2918,39.2739,48.6755,44.8676,Degraded,1,1,0,1,1,1,1,1,Resource_contention,3,11,0.5354,0.5259,-0.8353
2026-09-02 18:32:00,83.3543,5.9142,72.6658,95.2255,1.1412,0.3755,77.5903,4.856,0.8742,0.3477,-0.6845,0.3371,0.6515,0.2544,110.1877,123.1194,1.4919,0.4114,0.8576,0.2592,0.7029,0.669,0.2471,45.3795,49.1059,54.1986,45.7,42.5774,41.6942,49.7566,46.5884,Degraded,1,1,1,1,1,1,1,1,Resource_contention,3,13,0.5391,0.6026,-0.7342
2026-09-02 18:33:00,82.0453,5.7596,71.5579,93.6847,0.9886,0.4383,76.6246,4.3549,0.7749,0.3183,-0.7013,0.3021,0.5898,0.2443,102.5063,114.175,1.4505,0.3935,0.7867,0.2233,0.627,0.5448,0.2619,49.7951,51.606,55.5919,51.3914,47.2141,49.3903,53.0244,50.3982,Degraded,1,1,0,1,1,1,1,1,Resource_contention,3,11,0.4868,0.5149,-0.7768
2026-09-02 18:34:00,87.1541,6.0086,76.3429,99.167,1.1696,0.4364,82.5226,4.5862,0.8515,0.3439,-0.8563,0.3235,0.6329,0.2401,106.9733,118.5887,1.5099,0.3996,0.859,0.2578,0.6043,0.6808,0.2475,47.1061,48.5018,54.178,47.8515,40.9645,41.4882,49.1986,45.7946,Degraded,1,1,1,1,1,1,1,1,Resource_contention,3,13,0.5475,0.5222,-1.031
2026-09-02 18:35:00,79.1616,5.559,68.9349,90.5,1.1404,0.4395,76.2307,4.3425,0.8755,0.3572,-0.8297,0.3041,0.6018,0.2354,104.6691,115.086,1.5111,0.4166,0.7409,0.236,0.5745,0.5837,0.2615,47.6407,49.9944,54.1192,47.6156,42.489,44.1319,47.0062,47.2008,Degraded,1,1,0,1,1,1,1,1,Resource_contention,3,13,0.5376,0.5184,-0.9959
2026-09-02 18:36:00,82.4281,5.6026,72.1447,93.832,1.1044,0.4268,75.9348,4.9776,0.8623,0.3088,-0.6285,0.2801,0.5217,0.2261,102.9046,112.9393,1.3579,0.4593,0.7682,0.2237,0.6403,0.613,0.2103,47.5726,51.1178,57.6137,50.9412,43.5388,44.7211,51.3625,48.3904,Degraded,1,1,0,1,1,1,1,1,Resource_contention,3,12,0.5187,0.5398,-0.9465
2026-09-02 18:37:00,77.8713,6.4286,66.514,90.5142,1.0828,0.3783,74.7655,4.6325,0.8166,0.3281,-0.7637,0.2825,0.622,0.2543,105.2079,115.0011,1.378,0.4104,0.7871,0.228,0.6823,0.5772,0.2313,47.6047,51.3765,56.4286,50.7011,46.9319,45.317,50.4697,48.6863,Degraded,1,1,0,1,1,1,1,1,Resource_contention,3,11,0.5143,0.5026,-0.8609
2026-09-02 18:38:00,82.7433,5.8207,72.1764,94.4743,1.174,0.4095,80.5157,4.6235,0.8941,0.3555,-0.6789,0.3107,0.5918,0.2789,107.7008,121.4788,1.4938,0.4672,0.9732,0.2601,0.6136,0.6518,0.2613,43.7691,49.3526,51.1382,49.6924,38.7815,38.8943,47.1679,45.149,Degraded,1,1,0,1,1,1,1,1,Resource_contention,3,13,0.5579,0.5385,-0.9415
2026-09-02 18:39:00,84.9072,5.8399,74.3153,96.6671,1.1033,0.429,80.6364,5.1544,0.9442,0.3508,-0.7733,0.3376,0.6565,0.2358,107.427,119.9277,1.4789,0.4709,0.91,0.2757,0.7456,0.5898,0.2686,43.4569,48.8534,49.4166,44.9963,39.1533,38.4824,45.9285,42.0819,Degraded,1,1,1,1,1,1,1,1,Resource_contention,3,13,0.581,0.5859,-0.9671
2026-09-02 18:40:00,82.3362,5.7908,71.8081,94.0224,1.1383,0.4184,79.1427,4.7487,0.8058,0.3338,-0.7409,0.2861,0.6385,0.3028,110.0886,120.3921,1.4644,0.4114,0.8971,0.2537,0.6711,0.6584,0.2322,45.3673,47.8757,54.9927,47.0057,40.104,43.4603,47.4185,46.2936,Degraded,1,1,0,1,1,1,1,1,Resource_contention,3,12,0.5143,0.5369,-0.9661
2026-09-02 18:41:00,86.0153,6.3395,74.774,98.5245,1.1578,0.4612,83.583,5.1368,0.8603,0.3774,-0.8363,0.341,0.5745,0.275,110.6796,121.6083,1.6225,0.4425,1.05,0.2635,0.6193,0.642,0.2338,43.1717,47.2301,51.1592,44.5729,40.0501,40.1433,45.1735,44.9943,Degraded,1,1,1,1,1,1,1,1,Resource_contention,3,12,0.5426,0.5916,-1.0915
2026-09-02 18:42:00,81.3355,5.9016,70.6635,93.188,1.15,0.4403,79.5372,4.5905,0.7421,0.328,-0.749,0.2958,0.5968,0.251,108.7536,118.7728,1.4094,0.4201,0.8013,0.2235,0.6548,0.6407,0.2306,44.164,48.1359,56.366,48.7357,41.0433,43.7185,49.4384,46.3241,Degraded,1,1,0,1,1,1,1,1,Resource_contention,3,13,0.5435,0.5633,-0.7614
2026-09-02 18:43:00,87.3619,6.6132,75.7647,100,1.1293,0.433,84.3054,4.6802,0.9356,0.3526,-0.769,0.3106,0.6653,0.2602,112.1234,122.953,1.4464,0.4581,0.9563,0.2629,0.7029,0.6666,0.2778,41.8902,44.4841,55.0866,43.8387,38.9094,38.1563,48.5178,42.6103,Degraded,1,1,0,1,1,1,1,1,Resource_contention,3,13,0.5627,0.5915,-0.8256
2026-09-02 18:44:00,87.0328,6.019,76.2082,99.0613,1.1648,0.4481,81.6158,4.6492,0.9972,0.3274,-0.7707,0.3024,0.6612,0.2696,109.0868,124.8113,1.6492,0.4525,0.944,0.2601,0.6846,0.6436,0.2625,40.8533,46.8151,50.82,45.9479,39.2022,39.4697,44.8747,43.5795,Degraded,1,1,0,1,1,1,1,1,Resource_contention,3,13,0.5646,0.6055,-0.9821
2026-09-02 18:45:00,86.0947,6.1016,75.1627,98.247,1.2105,0.4191,81.4872,4.8996,0.8883,0.353,-0.7763,0.3129,0.6058,0.2487,109.3026,123.4041,1.5078,0.4543,0.8654,0.2611,0.7027,0.6044,0.2704,42.5417,46.7008,51.2245,44.5307,40.3065,39.468,46.696,46.4355,Degraded,1,1,0,1,1,1,1,1,Resource_contention,3,14,0.5262,0.4968,-0.9964
2026-09-02 18:46:00,85.1132,6.8945,73.1503,98.4549,1.171,0.4293,83.3426,4.6205,0.8968,0.3596,-0.7511,0.3205,0.6491,0.2556,106.2599,118.6447,1.5406,0.4453,0.8768,0.2579,0.6307,0.6545,0.2378,42.6499,49.3905,55.6063,45.6999,44.0239,43.6332,49.6069,47.4771,Degraded,1,1,1,1,1,1,1,1,Resource_contention,3,13,0.5295,0.529,-1.0064
2026-09-02 18:47:00,88.2526,5.9172,77.5602,100,1.165,0.44,79.5637,4.6651,0.8528,0.3494,-0.8524,0.3227,0.6793,0.2536,109.8872,120.4686,1.4875,0.4643,0.8964,0.2851,0.7585,0.6778,0.2456,42.9168,44.5646,51.1655,45.7482,40.7179,38.621,45.6444,42.976,Degraded,1,1,1,1,1,1,1,1,Resource_contention,3,13,0.5837,0.5193,-1.0364
2026-09-02 18:48:00,85.5864,6.0303,74.7471,97.6318,1.1139,0.4321,76.9355,4.7506,0.8953,0.3654,-0.7742,0.3012,0.5837,0.2455,111.1702,122.7758,1.511,0.5016,0.7964,0.2514,0.6429,0.5011,0.2576,43.5839,48.3793,54.7242,43.8162,40.8045,41.3266,49.9768,44.9249,Degraded,1,1,0,1,1,1,1,1,Resource_contention,3,12,0.5533,0.5393,-0.9442
2026-09-02 18:49:00,83.8771,6.4356,72.5108,96.5305,1.2183,0.4463,81.7548,5.0487,0.8516,0.3819,-0.7809,0.3315,0.6276,0.2552,107.8047,118.3189,1.4389,0.4525,0.9186,0.2545,0.7442,0.5767,0.2562,46.0268,48.5091,51.444,46.1643,40.1772,44.7088,52.3962,46.9308,Degraded,1,1,1,1,1,1,1,1,Resource_contention,3,13,0.5281,0.5451,-1.0468
2026-09-02 18:50:00,85.2518,6.9562,73.2088,98.6861,1.1961,0.4516,85.8524,5.6122,0.9302,0.3664,-0.8049,0.3155,0.7183,0.2754,116.0426,127.5612,1.6025,0.4177,0.9533,0.2854,0.7373,0.661,0.3047,43.0454,44.731,51.1816,42.3265,36.72,37.6844,45.8831,43.7165,Degraded,1,1,0,1,1,1,1,1,Resource_contention,3,12,0.5537,0.6036,-1.1803
2026-09-02 18:51:00,85.9297,6.0677,75.0418,98.0312,1.3534,0.3958,80.9823,5.0595,0.8882,0.3593,-0.8019,0.3915,0.6852,0.2722,113.7565,126.8184,1.5686,0.4932,0.9104,0.2876,0.7579,0.7156,0.2726,40.2767,45.5813,51.6294,45.0866,36.3177,41.4269,44.1265,43.3387,Degraded,1,1,1,1,1,1,1,1,Resource_contention,3,14,0.5484,0.5849,-1.0056
2026-09-02 18:52:00,87.1843,6.4657,75.7789,99.8828,1.1914,0.4511,80.7773,4.7102,0.9059,0.3612,-0.7409,0.2906,0.6599,0.2726,108.408,118.9914,1.4901,0.4765,0.7666,0.2693,0.6562,0.6238,0.2717,43.4764,49.559,51.1083,45.6343,38.3317,39.6033,48.7277,45.1269,Degraded,1,1,0,1,1,1,1,1,Resource_contention,3,12,0.5337,0.5381,-0.8157
2026-09-02 18:53:00,84.8371,5.9126,74.1507,96.706,1.2114,0.4754,80.8499,5.2641,0.872,0.3263,-0.8033,0.3199,0.7062,0.2515,107.6332,119.9353,1.4794,0.4576,0.8724,0.2513,0.6963,0.5663,0.2704,43.8483,47.9746,52.1131,45.4348,41.5899,40.8515,48.9566,45.6098,Degraded,1,1,0,1,1,1,1,1,Resource_contention,3,13,0.5443,0.5585,-0.8402
2026-09-02 18:54:00,88.1656,6.1664,77.1492,100,1.2533,0.4221,81.1171,4.9463,0.9957,0.3719,-0.7797,0.2987,0.6491,0.2543,109.883,120.6199,1.5746,0.4319,0.9996,0.2963,0.721,0.61,0.2355,40.1377,48.2149,53.0847,43.7399,41.3054,40.7426,46.9027,45.0929,Degraded,1,1,0,1,1,1,1,1,Resource_contention,3,14,0.5293,0.6037,-1.0377
2026-09-02 18:55:00,90.4345,6.5288,78.947,100,1.2606,0.4845,80.9602,4.6616,0.9684,0.3851,-0.753,0.3364,0.6151,0.2655,111.5354,122.1961,1.6556,0.4306,0.8983,0.2777,0.6683,0.6933,0.2605,41.1944,41.8251,50.851,41.3457,41.6064,40.357,46.8912,44.3759,Degraded,1,1,1,1,1,1,1,1,Resource_contention,3,14,0.5588,0.6027,-1.0386
2026-09-02 18:56:00,88.2681,6.6778,76.5871,100,1.1463,0.4341,86.5387,4.8311,0.9256,0.375,-0.8552,0.3343,0.6658,0.2743,114.7888,127.5207,1.6218,0.495,0.9451,0.2845,0.7794,0.6416,0.2777,37.8495,45.5749,46.5212,39.5274,35.8722,34.4406,45.4009,39.8148,Critical,1,1,1,1,1,1,1,1,Resource_contention,4,14,0.626,0.5863,-1.0419
2026-09-02 18:57:00,89.8093,6.009,78.9976,100,1.3102,0.4671,79.7927,4.851,1.0366,0.3976,-0.7471,0.344,0.6696,0.2699,110.8409,123.913,1.5488,0.452,0.9256,0.2983,0.6658,0.6678,0.2381,42.2448,45.61,49.0346,43.3271,39.6998,37.7676,42.2513,42.4419,Degraded,1,1,1,1,1,1,1,1,Resource_contention,3,14,0.5704,0.5871,-1.0632
2026-09-02 18:58:00,87.4957,6.3117,76.2904,99.9633,1.2407,0.4262,75.7134,4.7915,0.8956,0.3475,-0.8106,0.3429,0.6337,0.2504,119.0472,131.5912,1.5692,0.4199,0.9637,0.2595,0.7571,0.6774,0.2702,42.5106,44.5734,49.0597,43.2596,36.9825,38.318,44.0731,41.852,Degraded,1,1,1,1,1,1,1,1,Resource_contention,3,13,0.5938,0.5741,-1.0498
2026-09-02 18:59:00,88.0822,6.3365,76.8448,100,1.1298,0.4406,79.6514,4.8312,0.9107,0.3504,-0.777,0.3042,0.6511,0.272,115.0956,125.5143,1.6352,0.4627,0.8845,0.2651,0.6355,0.5705,0.2324,42.9208,46.7407,52.2404,46.4465,41.1291,40.5949,47.1506,44.2653,Degraded,1,1,0,1,1,1,1,1,Resource_contention,3,12,0.5586,0.5561,-0.8586
2026-09-02 19:00:00,90.6527,6.7655,78.8575,100,1.175,0.4809,85.3717,4.7684,0.9632,0.3914,-0.8222,0.3486,0.7154,0.2981,115.2453,126.5418,1.5391,0.4467,0.9603,0.324,0.7639,0.6078,0.2966,37.8603,41.4902,48.2488,40.1528,36.8724,33.5535,45.1801,38.4317,Critical,1,1,1,1,1,1,1,1,Resource_contention,4,14,0.6202,0.6003,-0.9769
2026-09-02 19:01:00,90.9699,6.328,79.7436,100,1.1769,0.453,82.9332,5.0062,0.9502,0.3341,-0.8468,0.2986,0.6727,0.274,113.0232,124.6791,1.5379,0.4371,1.046,0.3033,0.6966,0.6743,0.2634,41.4616,42.6505,46.9809,44.8293,34.3103,38.2223,48.0386,41.8737,Degraded,1,1,0,1,1,1,1,1,Resource_contention,3,14,0.5879,0.615,-0.9674
2026-09-02 19:02:00,88.9648,6.1142,78.0164,100,1.3142,0.4755,82.0728,5.1442,0.9557,0.3502,-0.8039,0.3136,0.6872,0.2678,112.5097,127.3617,1.6347,0.5243,0.9398,0.3135,0.7396,0.6285,0.3181,42.6881,44.815,53.1814,40.7462,36.1993,38.705,46.8624,43.4169,Degraded,1,1,0,1,1,1,1,1,Resource_contention,3,13,0.574,0.6224,-0.9078
2026-09-02 19:03:00,90.3858,6.9622,78.3349,100,1.3137,0.4207,82.6404,4.7926,0.8832,0.3877,-0.7883,0.3099,0.6998,0.2854,114.7497,129.0008,1.5434,0.5063,0.8711,0.2961,0.7047,0.6803,0.2787,40.2881,45.0673,48.6527,41.4105,35.6257,37.0045,47.0031,42.356,Degraded,1,1,0,1,1,1,1,1,Resource_contention,3,13,0.6137,0.6265,-0.9777
2026-09-02 19:04:00,89.7877,6.0398,78.936,100,1.2778,0.4353,79.498,5.4222,0.9,0.3715,-0.8788,0.3448,0.7314,0.2561,115.0988,127.5016,1.5754,0.4581,0.8965,0.2945,0.6999,0.717,0.2804,39.5172,44.9844,47.5795,39.5477,38.3071,38.8744,45.3574,40.8139,Degraded,1,1,1,1,1,1,1,1,Resource_contention,3,14,0.6005,0.567,-0.9364
2026-09-02 19:05:00,92.6828,6.2926,81.5024,100,1.2057,0.4489,84.5152,4.969,0.909,0.3613,-0.7779,0.3262,0.7101,0.2832,113.5203,125.0494,1.5906,0.4928,0.9512,0.2722,0.6637,0.6174,0.2653,40.5972,47.0564,50.7602,40.7869,36.0812,36.235,42.4841,40.8471,Degraded,1,1,1,1,1,1,1,1,Resource_contention,3,14,0.5753,0.552,-1.1118
2026-09-02 19:06:00,92.6542,6.7141,80.9258,100,1.2547,0.4375,83.6782,4.819,0.906,0.3612,-0.81,0.3526,0.6744,0.2821,114.5086,127.9994,1.6688,0.4561,1.0525,0.3081,0.7202,0.6101,0.2545,41.0028,44.5308,47.3576,40.7851,35.2521,35.9444,43.9924,40.1344,Degraded,1,1,1,1,1,1,1,1,Resource_contention,3,13,0.5937,0.6551,-0.9985
2026-09-02 19:07:00,89.259,6.2455,78.1399,100,1.2898,0.4714,82.9648,4.8037,0.9027,0.3654,-0.8557,0.3259,0.7114,0.2914,119.1335,130.9788,1.58,0.4787,0.9409,0.309,0.7098,0.672,0.2925,37.4102,44.4632,47.3513,40.7271,35.6884,36.1783,41.8569,40.2478,Degraded,1,1,1,1,1,1,1,1,Resource_contention,3,12,0.5831,0.6246,-1.1566
2026-09-02 19:08:00,88.8629,6.3703,77.5815,100,1.1842,0.4948,84.8266,4.7871,1.0225,0.383,-0.8062,0.3215,0.6359,0.27,115.2521,126.1875,1.4922,0.4815,0.9707,0.2849,0.6989,0.6507,0.2743,40.9821,42.8031,46.3339,42.5039,35.2342,39.7808,46.0482,41.3929,Degraded,1,1,1,1,1,1,1,1,Resource_contention,3,14,0.6167,0.5989,-1.1253
2026-09-02 19:09:00,93.1688,6.372,81.8852,100,1.3273,0.5097,86.4613,5.2372,1.0157,0.4217,-0.8453,0.3318,0.7626,0.2672,118.9472,131.9515,1.5715,0.4726,0.9816,0.3333,0.7277,0.6517,0.277,39.7981,41.0103,47.3474,41.439,33.769,35.774,40.0568,37.7914,Critical,1,1,1,1,1,1,1,1,Resource_contention,4,15,0.6141,0.6215,-1.1217
2026-09-02 19:10:00,90.7839,6.6928,79.0834,100,1.1935,0.4247,84.6696,5.0672,0.9358,0.3622,-0.7583,0.3674,0.705,0.2715,114.6741,127.097,1.5849,0.4592,1.005,0.2993,0.7009,0.7562,0.3082,42.7573,44.4449,52.6665,43.9517,36.207,36.492,46.2593,41.8243,Degraded,1,1,1,1,1,1,1,1,Resource_contention,3,12,0.5806,0.6291,-1.049
2026-09-02 19:11:00,87.8063,6.6958,76.1018,100,1.3196,0.5272,84.2525,5.4476,1.0332,0.3853,-0.9678,0.3549,0.7019,0.3108,118.739,131.7934,1.6365,0.4857,1.0336,0.3552,0.8197,0.67,0.2842,35.7699,39.8161,45.2414,36.3378,32.9935,33.014,39.0563,36.712,Critical,1,1,1,1,1,1,1,1,Resource_contention,4,14,0.6457,0.6674,-1.1649
2026-09-02 19:12:00,93.5561,6.2266,82.4615,100,1.2211,0.5006,87.5427,5.3678,0.9807,0.3278,-0.7929,0.3859,0.6753,0.271,116.3995,128.8079,1.6492,0.4726,0.9768,0.3277,0.8092,0.6862,0.2836,38.4354,41.3383,48.4432,41.2987,34.053,34.936,40.6721,37.7892,Critical,1,1,1,1,1,1,1,1,Resource_contention,4,15,0.6136,0.6438,-1.0787
2026-09-02 19:13:00,94.5613,6.5093,83.0992,100,1.27,0.5181,84.0441,4.9435,1.0047,0.3789,-0.8257,0.357,0.7618,0.2837,116.4791,128.5818,1.6023,0.4739,1.0309,0.3264,0.7134,0.6728,0.2692,38.252,39.9949,49.001,40.1666,34.7049,32.8201,42.1473,39.0857,Critical,1,1,1,1,1,1,1,1,Resource_contention,4,13,0.6078,0.6336,-1.0181
2026-09-02 19:14:00,94.0447,6.5001,82.5946,100,1.1925,0.4596,87.1518,4.8045,0.9652,0.4093,-0.742,0.3722,0.7836,0.2567,115.5785,126.9137,1.6613,0.4851,0.9081,0.3125,0.7315,0.6746,0.2723,38.5299,43.0889,49.313,39.4702,36.1856,36.7699,40.0713,39.3413,Critical,1,1,1,1,1,1,1,1,Resource_contention,4,13,0.6113,0.6403,-1.1376
2026-09-02 19:15:00,94.0235,6.7159,82.2927,100,1.232,0.506,88.9688,4.964,1.0367,0.4063,-0.9866,0.3305,0.7225,0.3038,118.2098,130.229,1.6506,0.4896,1.0445,0.3496,0.8009,0.7781,0.2842,38.3684,37.5488,45.5805,37.6145,31.5794,31.3108,40.2467,36.6814,Critical,1,1,1,1,1,1,1,1,Resource_contention,4,14,0.6364,0.6587,-1.2441
2026-09-02 19:16:00,89.9725,6.6071,78.3833,100,1.2804,0.4334,83.1794,5.0144,0.9906,0.3799,-0.7665,0.3652,0.6844,0.2726,120.0897,131.1785,1.6098,0.4924,0.9878,0.3299,0.7455,0.7687,0.2617,42.1765,42.8268,46.355,38.3498,32.222,31.2761,41.9668,37.7228,Critical,1,1,1,1,1,1,1,1,Resource_contention,4,13,0.6129,0.5984,-1.0673
2026-09-02 19:17:00,98.928,6.5595,87.4006,100,1.3502,0.4545,82.6021,4.9746,0.9952,0.3862,-0.7793,0.3822,0.7186,0.2795,117.1823,128.6485,1.5917,0.4826,1.0164,0.3315,0.75,0.7112,0.2779,34.9852,38.8248,48.8337,40.3923,34.2891,32.99,40.9721,37.3166,Critical,1,1,1,1,1,1,1,1,Resource_contention,4,14,0.6356,0.6202,-1.1094
2026-09-02 19:18:00,93.1166,6.6429,81.4809,100,1.1439,0.5092,84.9545,5.3541,0.9719,0.413,-0.8777,0.3873,0.6617,0.3268,114.7039,127.8243,1.6489,0.4741,0.9904,0.3448,0.7585,0.776,0.2662,36.4851,38.8901,46.596,39.3294,30.1178,33.1727,39.8501,36.2421,Critical,1,1,1,1,1,1,1,1,Resource_contention,4,15,0.6265,0.6158,-1.0629
2026-09-02 19:19:00,93.1673,6.8807,81.2224,100,1.3185,0.4654,84.3733,4.8607,1.0193,0.365,-0.9057,0.3649,0.6706,0.2922,119.8222,132.2956,1.6525,0.488,1.0735,0.3428,0.8303,0.7238,0.2717,35.9959,42.5308,48.8089,40.1506,36.2457,34.2602,40.9336,40.4645,Degraded,1,1,1,1,1,1,1,1,Resource_contention,3,13,0.5999,0.5951,-1.0417
